0 0 1 1034 1566 2857 3607 4331 4923 5279 5680 6316 6409 6479 6873 7499 7788 8160 8938 8994 9773 11291 11998 12326 12571 12937 12942 12983 0 0 0
1 1 0 2 61 209 302 310 343 380 384 0 0 405 485 526 0 622 0 717 801 868 932 986 1011 1031 0 0 483 0 1 a
2 0 3 0 0 0 0 0 0 0 8 0 0 13 0 15 21 0 0 29 33 0 53 0 0 0 0 0 0 0 0
3 0 0 0 0 0 0 0 0 0 0 0 0 0 0 4 0 0 0 0 0 0 0 0 0 0 0 0 0 0 0
4 0 0 0 0 5 0 0 0 0 0 0 0 0 0 0 0 0 0 0 0 0 0 0 0 0 0 0 0 0 0
5 0 0 0 0 0 0 0 0 0 0 0 0 0 0 0 6 0 0 0 0 0 0 0 0 0 0 0 0 0 0
6 0 0 0 0 0 0 0 0 0 0 0 0 0 0 7 0 0 0 0 0 0 0 0 0 0 0 0 0 0 0
7 0 0 0 0 0 0 0 0 0 0 0 0 0 0 0 0 0 0 0 0 0 0 0 0 0 0 0 0 0 1 abandon
8 0 0 0 0 0 0 0 0 0 0 0 0 9 0 0 0 0 0 0 0 0 0 0 0 0 0 0 0 0 0
9 0 0 0 0 0 0 0 0 0 10 0 0 0 0 0 0 0 0 0 0 0 0 0 0 0 0 0 0 0 0
10 0 0 0 0 0 0 0 0 0 0 0 0 0 0 0 0 0 0 0 0 11 0 0 0 0 0 0 0 0 0
11 0 0 0 0 0 0 0 0 0 0 0 0 0 0 0 0 0 0 0 0 0 0 0 0 0 12 0 0 0 0
12 0 0 0 0 0 0 0 0 0 0 0 0 0 0 0 0 0 0 0 0 0 0 0 0 0 0 0 0 0 1 ability
13 0 0 0 0 0 14 0 0 0 0 0 0 0 0 0 0 0 0 0 0 0 0 0 0 0 0 0 0 0 0
14 0 0 0 0 0 0 0 0 0 0 0 0 0 0 0 0 0 0 0 0 0 0 0 0 0 0 0 0 0 1 able
15 0 0 0 0 0 0 0 0 0 0 0 0 0 0 0 16 0 0 0 0 0 0 0 0 0 0 0 0 0 0
16 0 0 0 0 0 0 0 0 0 0 0 0 0 0 0 0 0 0 17 0 0 0 0 0 0 0 0 0 0 0
17 0 0 0 0 0 0 0 0 0 0 0 0 0 18 0 0 0 0 0 0 0 0 0 0 0 0 0 0 0 0
18 0 19 0 0 0 0 0 0 0 0 0 0 0 0 0 0 0 0 0 0 0 0 0 0 0 0 0 0 0 0
19 0 0 0 0 0 0 0 0 0 0 0 0 20 0 0 0 0 0 0 0 0 0 0 0 0 0 0 0 0 0
20 0 0 0 0 0 0 0 0 0 0 0 0 0 0 0 0 0 0 0 0 0 0 0 0 0 0 0 0 0 1 abnormal
21 0 22 0 0 0 0 0 0 0 0 0 0 0 0 0 0 0 0 0 0 0 25 27 0 0 0 0 0 0 0
22 0 0 0 0 0 0 0 0 0 0 0 0 0 0 0 0 0 0 23 0 0 0 0 0 0 0 0 0 0 0
23 0 0 0 0 24 0 0 0 0 0 0 0 0 0 0 0 0 0 0 0 0 0 0 0 0 0 0 0 0 0
24 0 0 0 0 0 0 0 0 0 0 0 0 0 0 0 0 0 0 0 0 0 0 0 0 0 0 0 0 0 1 aboard
25 0 0 0 0 0 0 0 0 0 0 0 0 0 0 0 0 0 0 0 0 26 0 0 0 0 0 0 0 0 0
26 0 0 0 0 0 0 0 0 0 0 0 0 0 0 0 0 0 0 0 0 0 0 0 0 0 0 0 0 0 1 about
27 0 0 0 0 0 28 0 0 0 0 0 0 0 0 0 0 0 0 0 0 0 0 0 0 0 0 0 0 0 0
28 0 0 0 0 0 0 0 0 0 0 0 0 0 0 0 0 0 0 0 0 0 0 0 0 0 0 0 0 0 1 above
29 0 0 0 0 0 0 0 0 0 0 0 0 0 0 0 30 0 0 0 0 0 0 0 0 0 0 0 0 0 0
30 0 31 0 0 0 0 0 0 0 0 0 0 0 0 0 0 0 0 0 0 0 0 0 0 0 0 0 0 0 0
31 0 0 0 0 32 0 0 0 0 0 0 0 0 0 0 0 0 0 0 0 0 0 0 0 0 0 0 0 0 0
32 0 0 0 0 0 0 0 0 0 0 0 0 0 0 0 0 0 0 0 0 0 0 0 0 0 0 0 0 0 1 abroad
33 0 0 0 0 0 34 0 0 0 0 0 0 0 0 0 39 0 0 0 0 48 0 0 0 0 0 0 0 0 0
34 0 0 0 0 0 0 0 0 0 0 0 0 0 0 35 0 0 0 0 0 0 0 0 0 0 0 0 0 0 0
35 0 0 0 36 0 0 0 0 0 0 0 0 0 0 0 0 0 0 0 0 38 0 0 0 0 0 0 0 0 0
36 0 0 0 0 0 37 0 0 0 0 0 0 0 0 0 0 0 0 0 0 0 0 0 0 0 0 0 0 0 0
37 0 0 0 0 0 0 0 0 0 0 0 0 0 0 0 0 0 0 0 0 0 0 0 0 0 0 0 0 0 1 absence
38 0 0 0 0 0 0 0 0 0 0 0 0 0 0 0 0 0 0 0 0 0 0 0 0 0 0 0 0 0 1 absent
39 0 0 0 0 0 0 0 0 0 0 0 0 40 0 0 0 0 0 46 0 0 0 0 0 0 0 0 0 0 0
40 0 0 0 0 0 0 0 0 0 0 0 0 0 0 0 0 0 0 0 0 0 41 0 0 0 0 0 0 0 0
41 0 0 0 0 0 0 0 0 0 0 0 0 0 0 0 0 0 0 0 0 42 0 0 0 0 0 0 0 0 0
42 0 0 0 0 0 43 0 0 0 0 0 0 0 0 0 0 0 0 0 0 0 0 0 0 0 0 0 0 0 0
43 0 0 0 0 0 0 0 0 0 0 0 0 44 0 0 0 0 0 0 0 0 0 0 0 0 0 0 0 0 1 absolute
44 0 0 0 0 0 0 0 0 0 0 0 0 0 0 0 0 0 0 0 0 0 0 0 0 0 45 0 0 0 0
45 0 0 0 0 0 0 0 0 0 0 0 0 0 0 0 0 0 0 0 0 0 0 0 0 0 0 0 0 0 1 absolutely
46 0 0 47 0 0 0 0 0 0 0 0 0 0 0 0 0 0 0 0 0 0 0 0 0 0 0 0 0 0 0
47 0 0 0 0 0 0 0 0 0 0 0 0 0 0 0 0 0 0 0 0 0 0 0 0 0 0 0 0 0 1 absorb
48 0 0 0 0 0 0 0 0 0 0 0 0 0 0 0 0 0 0 49 0 0 0 0 0 0 0 0 0 0 0
49 0 50 0 0 0 0 0 0 0 0 0 0 0 0 0 0 0 0 0 0 0 0 0 0 0 0 0 0 0 0
50 0 0 0 51 0 0 0 0 0 0 0 0 0 0 0 0 0 0 0 0 0 0 0 0 0 0 0 0 0 0
51 0 0 0 0 0 0 0 0 0 0 0 0 0 0 0 0 0 0 0 0 52 0 0 0 0 0 0 0 0 0
52 0 0 0 0 0 0 0 0 0 0 0 0 0 0 0 0 0 0 0 0 0 0 0 0 0 0 0 0 0 1 abstract
53 0 0 0 0 0 0 0 0 0 0 0 0 0 0 54 0 0 0 0 59 0 0 0 0 0 0 0 0 0 0
54 0 0 0 0 55 0 0 0 0 0 0 0 0 0 0 0 0 0 0 0 0 0 0 0 0 0 0 0 0 0
55 0 56 0 0 0 0 0 0 0 0 0 0 0 0 0 0 0 0 0 0 0 0 0 0 0 0 0 0 0 0
56 0 0 0 0 0 0 0 0 0 0 0 0 0 0 57 0 0 0 0 0 0 0 0 0 0 0 0 0 0 0
57 0 0 0 0 0 0 0 0 0 0 0 0 0 0 0 0 0 0 0 0 58 0 0 0 0 0 0 0 0 0
58 0 0 0 0 0 0 0 0 0 0 0 0 0 0 0 0 0 0 0 0 0 0 0 0 0 0 0 0 0 1 abundant
59 0 0 0 0 0 60 0 0 0 0 0 0 0 0 0 0 0 0 0 0 0 0 0 0 0 0 0 0 0 0
60 0 0 0 0 0 0 0 0 0 0 0 0 0 0 0 0 0 0 0 0 0 0 0 0 0 0 0 0 0 1 abuse
61 0 62 0 69 0 0 0 0 156 166 0 0 0 0 0 0 0 168 181 0 186 206 0 0 0 0 0 0 0 0
62 0 0 0 0 63 0 0 0 0 0 0 0 0 0 0 0 0 0 0 0 0 0 0 0 0 0 0 0 0 0
63 0 0 0 0 0 64 0 0 0 0 0 0 0 0 0 0 0 0 0 0 0 0 0 0 0 0 0 0 0 0
64 0 0 0 0 0 0 0 0 0 0 0 0 0 65 0 0 0 0 0 0 0 0 0 0 0 0 0 0 0 0
65 0 0 0 0 0 0 0 0 0 66 0 0 0 0 0 0 0 0 0 0 0 0 0 0 0 68 0 0 0 0
66 0 0 0 67 0 0 0 0 0 0 0 0 0 0 0 0 0 0 0 0 0 0 0 0 0 0 0 0 0 0
67 0 0 0 0 0 0 0 0 0 0 0 0 0 0 0 0 0 0 0 0 0 0 0 0 0 0 0 0 0 1 academic
68 0 0 0 0 0 0 0 0 0 0 0 0 0 0 0 0 0 0 0 0 0 0 0 0 0 0 0 0 0 1 academy
69 0 0 0 0 0 70 0 0 0 96 0 0 0 0 0 103 0 0 0 0 0 136 0 0 0 0 0 0 0 0
70 0 0 0 0 0 0 0 0 0 0 0 0 71 0 80 0 82 0 0 91 0 0 0 0 0 0 0 0 0 0
71 0 0 0 0 0 72 0 0 0 0 0 0 0 0 0 0 0 0 0 0 0 0 0 0 0 0 0 0 0 0
72 0 0 0 0 0 0 0 0 0 0 0 0 0 0 0 0 0 0 73 0 0 0 0 0 0 0 0 0 0 0
73 0 74 0 0 0 0 0 0 0 0 0 0 0 0 0 0 0 0 0 0 0 0 0 0 0 0 0 0 0 0
74 0 0 0 0 0 0 0 0 0 0 0 0 0 0 0 0 0 0 0 0 75 0 0 0 0 0 0 0 0 0
75 0 0 0 0 0 76 0 0 0 77 0 0 0 0 0 0 0 0 0 0 0 0 0 0 0 0 0 0 0 0
76 0 0 0 0 0 0 0 0 0 0 0 0 0 0 0 0 0 0 0 0 0 0 0 0 0 0 0 0 0 1 accelerate
77 0 0 0 0 0 0 0 0 0 0 0 0 0 0 0 78 0 0 0 0 0 0 0 0 0 0 0 0 0 0
78 0 0 0 0 0 0 0 0 0 0 0 0 0 0 79 0 0 0 0 0 0 0 0 0 0 0 0 0 0 0
79 0 0 0 0 0 0 0 0 0 0 0 0 0 0 0 0 0 0 0 0 0 0 0 0 0 0 0 0 0 1 acceleration
80 0 0 0 0 0 0 0 0 0 0 0 0 0 0 0 0 0 0 0 0 81 0 0 0 0 0 0 0 0 0
81 0 0 0 0 0 0 0 0 0 0 0 0 0 0 0 0 0 0 0 0 0 0 0 0 0 0 0 0 0 1 accent
82 0 0 0 0 0 0 0 0 0 0 0 0 0 0 0 0 0 0 0 0 83 0 0 0 0 0 0 0 0 0
83 0 84 0 0 0 0 0 0 0 0 0 0 0 0 0 0 0 0 0 0 0 0 0 0 0 0 0 0 0 1 accept
84 0 0 85 0 0 0 0 0 0 0 0 0 0 0 88 0 0 0 0 0 0 0 0 0 0 0 0 0 0 0
85 0 0 0 0 0 0 0 0 0 0 0 0 86 0 0 0 0 0 0 0 0 0 0 0 0 0 0 0 0 0
86 0 0 0 0 0 87 0 0 0 0 0 0 0 0 0 0 0 0 0 0 0 0 0 0 0 0 0 0 0 0
87 0 0 0 0 0 0 0 0 0 0 0 0 0 0 0 0 0 0 0 0 0 0 0 0 0 0 0 0 0 1 acceptable
88 0 0 0 89 0 0 0 0 0 0 0 0 0 0 0 0 0 0 0 0 0 0 0 0 0 0 0 0 0 0
89 0 0 0 0 0 90 0 0 0 0 0 0 0 0 0 0 0 0 0 0 0 0 0 0 0 0 0 0 0 0
90 0 0 0 0 0 0 0 0 0 0 0 0 0 0 0 0 0 0 0 0 0 0 0 0 0 0 0 0 0 1 acceptance
91 0 0 0 0 0 0 0 0 0 0 0 0 0 0 0 0 0 0 0 92 0 0 0 0 0 0 0 0 0 0
92 0 0 0 0 0 0 0 0 0 0 0 0 0 0 0 93 0 0 0 0 0 0 0 0 0 0 0 0 0 1 access
93 0 0 0 0 0 0 0 0 0 0 0 0 0 0 0 0 0 0 94 0 0 0 0 0 0 0 0 0 0 0
94 0 0 0 0 0 0 0 0 0 0 0 0 0 0 0 0 0 0 0 0 0 0 0 0 0 95 0 0 0 0
95 0 0 0 0 0 0 0 0 0 0 0 0 0 0 0 0 0 0 0 0 0 0 0 0 0 0 0 0 0 1 accessory
96 0 0 0 0 97 0 0 0 0 0 0 0 0 0 0 0 0 0 0 0 0 0 0 0 0 0 0 0 0 0
97 0 0 0 0 0 98 0 0 0 0 0 0 0 0 0 0 0 0 0 0 0 0 0 0 0 0 0 0 0 0
98 0 0 0 0 0 0 0 0 0 0 0 0 0 0 99 0 0 0 0 0 0 0 0 0 0 0 0 0 0 0
99 0 0 0 0 0 0 0 0 0 0 0 0 0 0 0 0 0 0 0 0 100 0 0 0 0 0 0 0 0 0
100 0 101 0 0 0 0 0 0 0 0 0 0 0 0 0 0 0 0 0 0 0 0 0 0 0 0 0 0 0 1 accident
101 0 0 0 0 0 0 0 0 0 0 0 0 102 0 0 0 0 0 0 0 0 0 0 0 0 0 0 0 0 0
102 0 0 0 0 0 0 0 0 0 0 0 0 0 0 0 0 0 0 0 0 0 0 0 0 0 0 0 0 0 1 accidental
103 0 0 0 0 0 0 0 0 0 0 0 0 0 104 0 0 0 0 122 0 0 133 0 0 0 0 0 0 0 0
104 0 0 0 0 0 0 0 0 0 0 0 0 0 105 0 0 114 0 0 0 0 0 0 0 0 0 0 0 0 0
105 0 0 0 0 0 0 0 0 0 0 0 0 0 0 0 106 0 0 0 0 0 0 0 0 0 0 0 0 0 0
106 0 0 0 0 107 0 0 0 0 0 0 0 0 0 0 0 0 0 0 0 0 0 0 0 0 0 0 0 0 0
107 0 108 0 0 0 0 0 0 0 0 0 0 0 0 0 0 0 0 0 0 0 0 0 0 0 0 0 0 0 0
108 0 0 0 0 0 0 0 0 0 0 0 0 0 0 0 0 0 0 0 0 109 0 0 0 0 0 0 0 0 0
109 0 0 0 0 0 110 0 0 0 111 0 0 0 0 0 0 0 0 0 0 0 0 0 0 0 0 0 0 0 0
110 0 0 0 0 0 0 0 0 0 0 0 0 0 0 0 0 0 0 0 0 0 0 0 0 0 0 0 0 0 1 accommodate
111 0 0 0 0 0 0 0 0 0 0 0 0 0 0 0 112 0 0 0 0 0 0 0 0 0 0 0 0 0 0
112 0 0 0 0 0 0 0 0 0 0 0 0 0 0 113 0 0 0 0 0 0 0 0 0 0 0 0 0 0 0
113 0 0 0 0 0 0 0 0 0 0 0 0 0 0 0 0 0 0 0 0 0 0 0 0 0 0 0 0 0 1 accommodation
114 0 115 0 0 0 0 0 0 0 0 0 0 118 0 0 0 0 0 0 0 0 0 0 0 0 0 0 0 0 0
115 0 0 0 0 0 0 0 0 0 0 0 0 0 0 116 0 0 0 0 0 0 0 0 0 0 0 0 0 0 0
116 0 0 0 0 0 0 0 0 0 0 0 0 0 0 0 0 0 0 0 0 0 0 0 0 0 117 0 0 0 0
117 0 0 0 0 0 0 0 0 0 0 0 0 0 0 0 0 0 0 0 0 0 0 0 0 0 0 0 0 0 1 accompany
118 0 0 0 0 0 0 0 0 0 119 0 0 0 0 0 0 0 0 0 0 0 0 0 0 0 0 0 0 0 0
119 0 0 0 0 0 0 0 0 0 0 0 0 0 0 0 0 0 0 0 120 0 0 0 0 0 0 0 0 0 0
120 0 0 0 0 0 0 0 0 121 0 0 0 0 0 0 0 0 0 0 0 0 0 0 0 0 0 0 0 0 0
121 0 0 0 0 0 0 0 0 0 0 0 0 0 0 0 0 0 0 0 0 0 0 0 0 0 0 0 0 0 1 accomplish
122 0 0 0 0 123 0 0 0 0 0 0 0 0 0 0 0 0 0 0 0 0 0 0 0 0 0 0 0 0 0
123 0 124 0 0 0 0 0 0 0 128 0 0 0 0 0 0 0 0 0 0 0 0 0 0 0 0 0 0 0 1 accord
124 0 0 0 0 0 0 0 0 0 0 0 0 0 0 125 0 0 0 0 0 0 0 0 0 0 0 0 0 0 0
125 0 0 0 126 0 0 0 0 0 0 0 0 0 0 0 0 0 0 0 0 0 0 0 0 0 0 0 0 0 0
126 0 0 0 0 0 127 0 0 0 0 0 0 0 0 0 0 0 0 0 0 0 0 0 0 0 0 0 0 0 0
127 0 0 0 0 0 0 0 0 0 0 0 0 0 0 0 0 0 0 0 0 0 0 0 0 0 0 0 0 0 1 accordance
128 0 0 0 0 0 0 0 0 0 0 0 0 0 0 129 0 0 0 0 0 0 0 0 0 0 0 0 0 0 0
129 0 0 0 0 0 0 0 130 0 0 0 0 0 0 0 0 0 0 0 0 0 0 0 0 0 0 0 0 0 0
130 0 0 0 0 0 0 0 0 0 0 0 0 131 0 0 0 0 0 0 0 0 0 0 0 0 0 0 0 0 0
131 0 0 0 0 0 0 0 0 0 0 0 0 0 0 0 0 0 0 0 0 0 0 0 0 0 132 0 0 0 0
132 0 0 0 0 0 0 0 0 0 0 0 0 0 0 0 0 0 0 0 0 0 0 0 0 0 0 0 0 0 1 accordingly
133 0 0 0 0 0 0 0 0 0 0 0 0 0 0 134 0 0 0 0 0 0 0 0 0 0 0 0 0 0 0
134 0 0 0 0 0 0 0 0 0 0 0 0 0 0 0 0 0 0 0 0 135 0 0 0 0 0 0 0 0 0
135 0 0 0 0 0 0 0 0 0 0 0 0 0 0 0 0 0 0 0 0 0 0 0 0 0 0 0 0 0 1 account
136 0 0 0 0 0 0 0 0 0 0 0 0 0 137 0 0 0 0 143 149 0 0 0 0 0 0 0 0 0 0
137 0 0 0 0 0 0 0 0 0 0 0 0 0 0 0 0 0 0 0 0 0 138 0 0 0 0 0 0 0 0
138 0 0 0 0 0 0 0 0 0 0 0 0 139 0 0 0 0 0 0 0 0 0 0 0 0 0 0 0 0 0
139 0 140 0 0 0 0 0 0 0 0 0 0 0 0 0 0 0 0 0 0 0 0 0 0 0 0 0 0 0 0
140 0 0 0 0 0 0 0 0 0 0 0 0 0 0 0 0 0 0 0 0 141 0 0 0 0 0 0 0 0 0
141 0 0 0 0 0 142 0 0 0 0 0 0 0 0 0 0 0 0 0 0 0 0 0 0 0 0 0 0 0 0
142 0 0 0 0 0 0 0 0 0 0 0 0 0 0 0 0 0 0 0 0 0 0 0 0 0 0 0 0 0 1 accumulate
143 0 144 0 0 0 0 0 0 0 0 0 0 0 0 0 0 0 0 0 0 0 0 0 0 0 0 0 0 0 0
144 0 0 0 145 0 0 0 0 0 0 0 0 0 0 0 0 0 0 0 0 147 0 0 0 0 0 0 0 0 0
145 0 0 0 0 0 0 0 0 0 0 0 0 0 0 0 0 0 0 0 0 0 0 0 0 0 146 0 0 0 0
146 0 0 0 0 0 0 0 0 0 0 0 0 0 0 0 0 0 0 0 0 0 0 0 0 0 0 0 0 0 1 accuracy
147 0 0 0 0 0 148 0 0 0 0 0 0 0 0 0 0 0 0 0 0 0 0 0 0 0 0 0 0 0 0
148 0 0 0 0 0 0 0 0 0 0 0 0 0 0 0 0 0 0 0 0 0 0 0 0 0 0 0 0 0 1 accurate
149 0 0 0 0 0 150 0 0 0 0 0 0 0 0 0 0 0 0 0 0 151 0 0 0 0 0 0 0 0 0
150 0 0 0 0 0 0 0 0 0 0 0 0 0 0 0 0 0 0 0 0 0 0 0 0 0 0 0 0 0 1 accuse
151 0 0 0 0 0 0 0 0 0 0 0 0 0 0 0 152 0 0 0 0 0 0 0 0 0 0 0 0 0 0
152 0 0 0 0 0 0 0 0 0 0 0 0 0 153 0 0 0 0 0 0 0 0 0 0 0 0 0 0 0 0
153 0 0 0 0 0 154 0 0 0 0 0 0 0 0 0 0 0 0 0 0 0 0 0 0 0 0 0 0 0 1 accustom
154 0 0 0 0 155 0 0 0 0 0 0 0 0 0 0 0 0 0 0 0 0 0 0 0 0 0 0 0 0 0
155 0 0 0 0 0 0 0 0 0 0 0 0 0 0 0 0 0 0 0 0 0 0 0 0 0 0 0 0 0 1 accustomed
156 0 0 0 0 0 157 0 0 0 158 0 0 0 0 0 0 0 0 0 0 0 0 0 0 0 0 0 0 0 0
157 0 0 0 0 0 0 0 0 0 0 0 0 0 0 0 0 0 0 0 0 0 0 0 0 0 0 0 0 0 1 ache
158 0 0 0 0 0 159 0 0 0 0 0 0 0 0 0 0 0 0 0 0 0 0 0 0 0 0 0 0 0 0
159 0 0 0 0 0 0 0 0 0 0 0 0 0 0 0 0 0 0 0 0 0 0 160 0 0 0 0 0 0 0
160 0 0 0 0 0 161 0 0 0 0 0 0 0 0 0 0 0 0 0 0 0 0 0 0 0 0 0 0 0 0
161 0 0 0 0 0 0 0 0 0 0 0 0 0 162 0 0 0 0 0 0 0 0 0 0 0 0 0 0 0 1 achieve
162 0 0 0 0 0 163 0 0 0 0 0 0 0 0 0 0 0 0 0 0 0 0 0 0 0 0 0 0 0 0
163 0 0 0 0 0 0 0 0 0 0 0 0 0 0 164 0 0 0 0 0 0 0 0 0 0 0 0 0 0 0
164 0 0 0 0 0 0 0 0 0 0 0 0 0 0 0 0 0 0 0 0 165 0 0 0 0 0 0 0 0 0
165 0 0 0 0 0 0 0 0 0 0 0 0 0 0 0 0 0 0 0 0 0 0 0 0 0 0 0 0 0 1 achievement
166 0 0 0 0 167 0 0 0 0 0 0 0 0 0 0 0 0 0 0 0 0 0 0 0 0 0 0 0 0 0
167 0 0 0 0 0 0 0 0 0 0 0 0 0 0 0 0 0 0 0 0 0 0 0 0 0 0 0 0 0 1 acid
168 0 0 0 0 0 0 0 0 0 0 0 0 0 0 0 0 0 0 0 0 0 169 0 0 0 0 0 0 0 0
169 0 170 0 0 0 0 0 0 0 178 0 0 0 0 0 0 0 0 0 0 0 0 0 0 0 0 0 0 0 0
170 0 0 0 0 0 0 0 0 0 171 0 0 0 0 0 0 0 0 0 0 0 0 0 0 0 0 0 0 0 0
171 0 0 0 0 0 0 0 0 0 0 0 0 0 0 172 0 0 0 0 0 0 0 0 0 0 0 0 0 0 0
172 0 0 0 0 0 0 0 0 0 0 0 0 0 0 0 0 0 0 0 0 173 0 0 0 0 0 0 0 0 0
173 0 174 0 0 0 0 0 0 0 0 0 0 0 0 0 0 0 0 0 0 0 0 0 0 0 0 0 0 0 0
174 0 0 0 0 0 0 0 0 0 0 0 0 0 0 175 0 0 0 0 0 0 0 0 0 0 0 0 0 0 0
175 0 0 0 176 0 0 0 0 0 0 0 0 0 0 0 0 0 0 0 0 0 0 0 0 0 0 0 0 0 0
176 0 0 0 0 0 177 0 0 0 0 0 0 0 0 0 0 0 0 0 0 0 0 0 0 0 0 0 0 0 0
177 0 0 0 0 0 0 0 0 0 0 0 0 0 0 0 0 0 0 0 0 0 0 0 0 0 0 0 0 0 1 acquaintance
178 0 0 0 0 0 0 0 0 0 0 0 0 0 0 0 0 0 0 179 0 0 0 0 0 0 0 0 0 0 0
179 0 0 0 0 0 180 0 0 0 0 0 0 0 0 0 0 0 0 0 0 0 0 0 0 0 0 0 0 0 0
180 0 0 0 0 0 0 0 0 0 0 0 0 0 0 0 0 0 0 0 0 0 0 0 0 0 0 0 0 0 1 acquire
181 0 0 0 0 0 182 0 0 0 0 0 0 0 0 0 183 0 0 0 0 0 0 0 0 0 0 0 0 0 0
182 0 0 0 0 0 0 0 0 0 0 0 0 0 0 0 0 0 0 0 0 0 0 0 0 0 0 0 0 0 1 acre
183 0 0 0 0 0 0 0 0 0 0 0 0 0 0 0 0 0 0 0 184 0 0 0 0 0 0 0 0 0 0
184 0 0 0 0 0 0 0 0 0 0 0 0 0 0 0 0 0 0 0 185 0 0 0 0 0 0 0 0 0 0
185 0 0 0 0 0 0 0 0 0 0 0 0 0 0 0 0 0 0 0 0 0 0 0 0 0 0 0 0 0 1 across
186 0 0 0 0 0 0 0 0 0 187 0 0 0 0 0 195 0 0 197 0 0 201 0 0 0 0 0 0 0 1 act
187 0 0 0 0 0 0 0 0 0 0 0 0 0 0 0 188 0 0 0 0 0 0 190 0 0 0 0 0 0 0
188 0 0 0 0 0 0 0 0 0 0 0 0 0 0 189 0 0 0 0 0 0 0 0 0 0 0 0 0 0 0
189 0 0 0 0 0 0 0 0 0 0 0 0 0 0 0 0 0 0 0 0 0 0 0 0 0 0 0 0 0 1 action
190 0 0 0 0 0 191 0 0 0 192 0 0 0 0 0 0 0 0 0 0 0 0 0 0 0 0 0 0 0 0
191 0 0 0 0 0 0 0 0 0 0 0 0 0 0 0 0 0 0 0 0 0 0 0 0 0 0 0 0 0 1 active
192 0 0 0 0 0 0 0 0 0 0 0 0 0 0 0 0 0 0 0 0 193 0 0 0 0 0 0 0 0 0
193 0 0 0 0 0 0 0 0 0 0 0 0 0 0 0 0 0 0 0 0 0 0 0 0 0 194 0 0 0 0
194 0 0 0 0 0 0 0 0 0 0 0 0 0 0 0 0 0 0 0 0 0 0 0 0 0 0 0 0 0 1 activity
195 0 0 0 0 0 0 0 0 0 0 0 0 0 0 0 0 0 0 196 0 0 0 0 0 0 0 0 0 0 0
196 0 0 0 0 0 0 0 0 0 0 0 0 0 0 0 0 0 0 0 0 0 0 0 0 0 0 0 0 0 1 actor
197 0 0 0 0 0 198 0 0 0 0 0 0 0 0 0 0 0 0 0 0 0 0 0 0 0 0 0 0 0 0
198 0 0 0 0 0 0 0 0 0 0 0 0 0 0 0 0 0 0 0 199 0 0 0 0 0 0 0 0 0 0
199 0 0 0 0 0 0 0 0 0 0 0 0 0 0 0 0 0 0 0 200 0 0 0 0 0 0 0 0 0 0
200 0 0 0 0 0 0 0 0 0 0 0 0 0 0 0 0 0 0 0 0 0 0 0 0 0 0 0 0 0 1 actress
201 0 202 0 0 0 0 0 0 0 0 0 0 0 0 0 0 0 0 0 0 0 0 0 0 0 0 0 0 0 0
202 0 0 0 0 0 0 0 0 0 0 0 0 203 0 0 0 0 0 0 0 0 0 0 0 0 0 0 0 0 0
203 0 0 0 0 0 0 0 0 0 0 0 0 204 0 0 0 0 0 0 0 0 0 0 0 0 0 0 0 0 1 actual
204 0 0 0 0 0 0 0 0 0 0 0 0 0 0 0 0 0 0 0 0 0 0 0 0 0 205 0 0 0 0
205 0 0 0 0 0 0 0 0 0 0 0 0 0 0 0 0 0 0 0 0 0 0 0 0 0 0 0 0 0 1 actually
206 0 0 0 0 0 0 0 0 0 0 0 0 0 0 0 0 0 0 0 0 207 0 0 0 0 0 0 0 0 0
207 0 0 0 0 0 208 0 0 0 0 0 0 0 0 0 0 0 0 0 0 0 0 0 0 0 0 0 0 0 0
208 0 0 0 0 0 0 0 0 0 0 0 0 0 0 0 0 0 0 0 0 0 0 0 0 0 0 0 0 0 1 acute
209 1 210 0 0 213 225 0 0 0 0 231 0 0 241 0 261 0 0 0 12999 0 264 267 0 0 0 0 0 0 1 ad
210 0 0 0 0 0 0 0 0 0 0 0 0 0 0 0 0 211 0 0 0 0 0 0 0 0 0 0 0 0 0
211 0 0 0 0 0 0 0 0 0 0 0 0 0 0 0 0 0 0 0 0 212 0 0 0 0 0 0 0 0 0
212 0 0 0 0 0 0 0 0 0 0 0 0 0 0 0 0 0 0 0 0 0 0 0 0 0 0 0 0 0 1 adapt
213 0 0 0 0 0 0 0 0 0 214 0 0 0 0 0 0 0 0 221 0 0 0 0 0 0 0 0 0 0 1 add
214 0 0 0 0 0 0 0 0 0 0 0 0 0 0 0 0 0 0 0 0 215 0 0 0 0 0 0 0 0 0
215 0 0 0 0 0 0 0 0 0 216 0 0 0 0 0 0 0 0 0 0 0 0 0 0 0 0 0 0 0 0
216 0 0 0 0 0 0 0 0 0 0 0 0 0 0 0 217 0 0 0 0 0 0 0 0 0 0 0 0 0 0
217 0 0 0 0 0 0 0 0 0 0 0 0 0 0 218 0 0 0 0 0 0 0 0 0 0 0 0 0 0 0
218 0 219 0 0 0 0 0 0 0 0 0 0 0 0 0 0 0 0 0 0 0 0 0 0 0 0 0 0 0 1 addition
219 0 0 0 0 0 0 0 0 0 0 0 0 220 0 0 0 0 0 0 0 0 0 0 0 0 0 0 0 0 0
220 0 0 0 0 0 0 0 0 0 0 0 0 0 0 0 0 0 0 0 0 0 0 0 0 0 0 0 0 0 1 additional
221 0 0 0 0 0 222 0 0 0 0 0 0 0 0 0 0 0 0 0 0 0 0 0 0 0 0 0 0 0 0
222 0 0 0 0 0 0 0 0 0 0 0 0 0 0 0 0 0 0 0 223 0 0 0 0 0 0 0 0 0 0
223 0 0 0 0 0 0 0 0 0 0 0 0 0 0 0 0 0 0 0 224 0 0 0 0 0 0 0 0 0 0
224 0 0 0 0 0 0 0 0 0 0 0 0 0 0 0 0 0 0 0 0 0 0 0 0 0 0 0 0 0 1 address
225 0 0 0 0 0 0 0 0 0 0 0 0 0 0 0 0 0 226 0 0 0 0 0 0 0 0 0 0 0 0
226 0 0 0 0 0 0 0 0 0 0 0 0 0 0 0 0 0 0 0 0 0 227 0 0 0 0 0 0 0 0
227 0 228 0 0 0 0 0 0 0 0 0 0 0 0 0 0 0 0 0 0 0 0 0 0 0 0 0 0 0 0
228 0 0 0 0 0 0 0 0 0 0 0 0 0 0 0 0 0 0 0 0 229 0 0 0 0 0 0 0 0 0
229 0 0 0 0 0 230 0 0 0 0 0 0 0 0 0 0 0 0 0 0 0 0 0 0 0 0 0 0 0 0
230 0 0 0 0 0 0 0 0 0 0 0 0 0 0 0 0 0 0 0 0 0 0 0 0 0 0 0 0 0 1 adequate
231 0 0 0 0 0 232 0 0 0 0 0 0 0 0 0 0 0 0 0 0 0 238 0 0 0 0 0 0 0 0
232 0 0 0 233 0 0 0 0 0 0 0 0 0 0 0 0 0 0 0 0 0 0 0 0 0 0 0 0 0 0
233 0 0 0 0 0 0 0 0 0 0 0 0 0 0 0 0 0 0 0 0 234 0 0 0 0 0 0 0 0 0
234 0 0 0 0 0 0 0 0 0 235 0 0 0 0 0 0 0 0 0 0 0 0 0 0 0 0 0 0 0 0
235 0 0 0 0 0 0 0 0 0 0 0 0 0 0 0 0 0 0 0 0 0 0 236 0 0 0 0 0 0 0
236 0 0 0 0 0 237 0 0 0 0 0 0 0 0 0 0 0 0 0 0 0 0 0 0 0 0 0 0 0 0
237 0 0 0 0 0 0 0 0 0 0 0 0 0 0 0 0 0 0 0 0 0 0 0 0 0 0 0 0 0 1 adjective
238 0 0 0 0 0 0 0 0 0 0 0 0 0 0 0 0 0 0 0 239 0 0 0 0 0 0 0 0 0 0
239 0 0 0 0 0 0 0 0 0 0 0 0 0 0 0 0 0 0 0 0 240 0 0 0 0 0 0 0 0 0
240 0 0 0 0 0 0 0 0 0 0 0 0 0 0 0 0 0 0 0 0 0 0 0 0 0 0 0 0 0 1 adjust
241 0 0 0 0 0 0 0 0 0 242 0 0 0 0 0 0 0 0 0 0 0 0 0 0 0 0 0 0 0 0
242 0 0 0 0 0 0 0 0 0 0 0 0 0 0 243 0 0 0 253 255 260 0 0 0 0 0 0 0 0 0
243 0 0 0 0 0 0 0 0 0 244 0 0 0 0 0 0 0 0 0 0 0 0 0 0 0 0 0 0 0 0
244 0 0 0 0 0 0 0 0 0 0 0 0 0 0 0 0 0 0 0 245 0 0 0 0 0 0 0 0 0 0
245 0 0 0 0 0 0 0 0 0 0 0 0 0 0 0 0 0 0 0 0 246 0 0 0 0 0 0 0 0 0
246 0 0 0 0 0 0 0 0 0 0 0 0 0 0 0 0 0 0 247 0 0 0 0 0 0 0 0 0 0 0
247 0 248 0 0 0 0 0 0 0 0 0 0 0 0 0 0 0 0 0 0 0 0 0 0 0 0 0 0 0 0
248 0 0 0 0 0 0 0 0 0 0 0 0 0 0 0 0 0 0 0 0 249 0 0 0 0 0 0 0 0 0
249 0 0 0 0 0 0 0 0 0 250 0 0 0 0 0 0 0 0 0 0 0 0 0 0 0 0 0 0 0 0
250 0 0 0 0 0 0 0 0 0 0 0 0 0 0 0 251 0 0 0 0 0 0 0 0 0 0 0 0 0 0
251 0 0 0 0 0 0 0 0 0 0 0 0 0 0 252 0 0 0 0 0 0 0 0 0 0 0 0 0 0 0
252 0 0 0 0 0 0 0 0 0 0 0 0 0 0 0 0 0 0 0 0 0 0 0 0 0 0 0 0 0 1 administration
253 0 0 0 0 0 254 0 0 0 0 0 0 0 0 0 0 0 0 0 0 0 0 0 0 0 0 0 0 0 0
254 0 0 0 0 0 0 0 0 0 0 0 0 0 0 0 0 0 0 0 0 0 0 0 0 0 0 0 0 0 1 admire
255 0 0 0 0 0 0 0 0 0 0 0 0 0 0 0 0 0 0 0 256 0 0 0 0 0 0 0 0 0 0
256 0 0 0 0 0 0 0 0 0 257 0 0 0 0 0 0 0 0 0 0 0 0 0 0 0 0 0 0 0 0
257 0 0 0 0 0 0 0 0 0 0 0 0 0 0 0 258 0 0 0 0 0 0 0 0 0 0 0 0 0 0
258 0 0 0 0 0 0 0 0 0 0 0 0 0 0 259 0 0 0 0 0 0 0 0 0 0 0 0 0 0 0
259 0 0 0 0 0 0 0 0 0 0 0 0 0 0 0 0 0 0 0 0 0 0 0 0 0 0 0 0 0 1 admission
260 0 0 0 0 0 0 0 0 0 0 0 0 0 0 0 0 0 0 0 0 0 0 0 0 0 0 0 0 0 1 admit
261 0 0 0 0 0 0 0 0 0 0 0 0 0 0 0 0 262 0 0 0 0 0 0 0 0 0 0 0 0 0
262 0 0 0 0 0 0 0 0 0 0 0 0 0 0 0 0 0 0 0 0 263 0 0 0 0 0 0 0 0 0
263 0 0 0 0 0 0 0 0 0 0 0 0 0 0 0 0 0 0 0 0 0 0 0 0 0 0 0 0 0 1 adopt
264 0 0 0 0 0 0 0 0 0 0 0 0 265 0 0 0 0 0 0 0 0 0 0 0 0 0 0 0 0 0
265 0 0 0 0 0 0 0 0 0 0 0 0 0 0 0 0 0 0 0 0 266 0 0 0 0 0 0 0 0 0
266 0 0 0 0 0 0 0 0 0 0 0 0 0 0 0 0 0 0 0 0 0 0 0 0 0 0 0 0 0 1 adult
267 0 268 0 0 0 277 0 0 0 293 0 0 0 0 0 0 0 0 0 0 0 0 0 0 0 0 0 0 0 0
268 0 0 0 0 0 0 0 0 0 0 0 0 0 0 269 0 0 0 0 0 0 0 0 0 0 0 0 0 0 0
269 0 0 0 270 0 0 0 0 0 0 0 0 0 0 0 0 0 0 0 0 273 0 0 0 0 0 0 0 0 0
270 0 0 0 0 0 271 0 0 0 0 0 0 0 0 0 0 0 0 0 0 0 0 0 0 0 0 0 0 0 0
271 0 0 0 0 272 0 0 0 0 0 0 0 0 0 0 0 0 0 0 0 0 0 0 0 0 0 0 0 0 1 advance
272 0 0 0 0 0 0 0 0 0 0 0 0 0 0 0 0 0 0 0 0 0 0 0 0 0 0 0 0 0 1 advanced
273 0 274 0 0 0 0 0 0 0 0 0 0 0 0 0 0 0 0 0 0 0 0 0 0 0 0 0 0 0 0
274 0 0 0 0 0 0 0 275 0 0 0 0 0 0 0 0 0 0 0 0 0 0 0 0 0 0 0 0 0 0
275 0 0 0 0 0 276 0 0 0 0 0 0 0 0 0 0 0 0 0 0 0 0 0 0 0 0 0 0 0 0
276 0 0 0 0 0 0 0 0 0 0 0 0 0 0 0 0 0 0 0 0 0 0 0 0 0 0 0 0 0 1 advantage
277 0 0 0 0 0 0 0 0 0 0 0 0 0 0 278 0 0 0 283 0 0 0 0 0 0 0 0 0 0 0
278 0 0 0 0 0 0 0 0 0 0 0 0 0 0 0 0 0 0 0 0 279 0 0 0 0 0 0 0 0 0
279 0 0 0 0 0 0 0 0 0 0 0 0 0 0 0 0 0 0 0 0 0 280 0 0 0 0 0 0 0 0
280 0 0 0 0 0 0 0 0 0 0 0 0 0 0 0 0 0 0 281 0 0 0 0 0 0 0 0 0 0 0
281 0 0 0 0 0 282 0 0 0 0 0 0 0 0 0 0 0 0 0 0 0 0 0 0 0 0 0 0 0 0
282 0 0 0 0 0 0 0 0 0 0 0 0 0 0 0 0 0 0 0 0 0 0 0 0 0 0 0 0 0 1 adventure
283 0 0 284 0 0 0 0 0 0 0 0 0 0 0 0 0 0 0 0 0 285 0 0 0 0 0 0 0 0 0
284 0 0 0 0 0 0 0 0 0 0 0 0 0 0 0 0 0 0 0 0 0 0 0 0 0 0 0 0 0 1 adverb
285 0 0 0 0 0 0 0 0 0 286 0 0 0 0 0 0 0 0 0 0 0 0 0 0 0 0 0 0 0 0
286 0 0 0 0 0 0 0 0 0 0 0 0 0 0 0 0 0 0 0 287 0 0 0 0 0 0 0 0 0 0
287 0 0 0 0 0 288 0 0 0 0 0 0 0 0 0 0 0 0 0 0 0 0 0 0 0 0 0 0 0 0
288 0 0 0 0 0 0 0 0 0 0 0 0 0 289 0 0 0 0 0 0 0 0 0 0 0 0 0 0 0 0
289 0 0 0 0 0 290 0 0 0 0 0 0 0 0 0 0 0 0 0 0 0 0 0 0 0 0 0 0 0 0
290 0 0 0 0 0 0 0 0 0 0 0 0 0 0 291 0 0 0 0 0 0 0 0 0 0 0 0 0 0 0
291 0 0 0 0 0 0 0 0 0 0 0 0 0 0 0 0 0 0 0 0 292 0 0 0 0 0 0 0 0 0
292 0 0 0 0 0 0 0 0 0 0 0 0 0 0 0 0 0 0 0 0 0 0 0 0 0 0 0 0 0 1 advertisement
293 0 0 0 294 0 0 0 0 0 0 0 0 0 0 0 0 0 0 0 296 0 0 0 0 0 0 0 0 0 0
294 0 0 0 0 0 295 0 0 0 0 0 0 0 0 0 0 0 0 0 0 0 0 0 0 0 0 0 0 0 0
295 0 0 0 0 0 0 0 0 0 0 0 0 0 0 0 0 0 0 0 0 0 0 0 0 0 0 0 0 0 1 advice
296 0 297 0 0 0 301 0 0 0 0 0 0 0 0 0 0 0 0 0 0 0 0 0 0 0 0 0 0 0 0
297 0 0 298 0 0 0 0 0 0 0 0 0 0 0 0 0 0 0 0 0 0 0 0 0 0 0 0 0 0 0
298 0 0 0 0 0 0 0 0 0 0 0 0 299 0 0 0 0 0 0 0 0 0 0 0 0 0 0 0 0 0
299 0 0 0 0 0 300 0 0 0 0 0 0 0 0 0 0 0 0 0 0 0 0 0 0 0 0 0 0 0 0
300 0 0 0 0 0 0 0 0 0 0 0 0 0 0 0 0 0 0 0 0 0 0 0 0 0 0 0 0 0 1 advisable
301 0 0 0 0 0 0 0 0 0 0 0 0 0 0 0 0 0 0 0 0 0 0 0 0 0 0 0 0 0 1 advise
302 0 0 0 0 0 0 0 0 0 0 0 0 0 0 0 0 0 0 303 0 0 0 0 0 0 0 0 0 0 0
303 0 0 0 0 0 0 0 0 0 0 0 0 0 0 0 304 0 0 0 0 0 0 0 0 0 0 0 0 0 0
304 0 0 0 0 0 0 0 0 0 0 0 0 0 0 0 0 305 0 0 0 0 0 0 0 0 0 0 0 0 0
305 0 0 0 0 0 0 0 0 0 0 0 0 306 0 0 0 0 0 0 0 0 0 0 0 0 0 0 0 0 0
306 0 307 0 0 0 0 0 0 0 0 0 0 0 0 0 0 0 0 0 0 0 0 0 0 0 0 0 0 0 0
307 0 0 0 0 0 0 0 0 0 0 0 0 0 0 308 0 0 0 0 0 0 0 0 0 0 0 0 0 0 0
308 0 0 0 0 0 309 0 0 0 0 0 0 0 0 0 0 0 0 0 0 0 0 0 0 0 0 0 0 0 0
309 0 0 0 0 0 0 0 0 0 0 0 0 0 0 0 0 0 0 0 0 0 0 0 0 0 0 0 0 0 1 aeroplane
310 0 0 0 0 0 0 311 0 0 0 0 0 0 0 0 0 0 0 324 0 332 0 0 0 0 0 0 0 0 0
311 0 312 0 0 0 315 0 0 0 0 0 0 0 0 0 321 0 0 0 0 0 0 0 0 0 0 0 0 0 0
312 0 0 0 0 0 0 0 0 0 313 0 0 0 0 0 0 0 0 0 0 0 0 0 0 0 0 0 0 0 0
313 0 0 0 0 0 0 0 0 0 0 0 0 0 0 0 0 0 0 314 0 0 0 0 0 0 0 0 0 0 0
314 0 0 0 0 0 0 0 0 0 0 0 0 0 0 0 0 0 0 0 0 0 0 0 0 0 0 0 0 0 1 affair
315 0 0 0 316 0 0 0 0 0 0 0 0 0 0 0 0 0 0 0 0 0 0 0 0 0 0 0 0 0 0
316 0 0 0 0 0 0 0 0 0 0 0 0 0 0 0 0 0 0 0 0 317 0 0 0 0 0 0 0 0 0
317 0 0 0 0 0 0 0 0 0 318 0 0 0 0 0 0 0 0 0 0 0 0 0 0 0 0 0 0 0 1 affect
318 0 0 0 0 0 0 0 0 0 0 0 0 0 0 0 319 0 0 0 0 0 0 0 0 0 0 0 0 0 0
319 0 0 0 0 0 0 0 0 0 0 0 0 0 0 320 0 0 0 0 0 0 0 0 0 0 0 0 0 0 0
320 0 0 0 0 0 0 0 0 0 0 0 0 0 0 0 0 0 0 0 0 0 0 0 0 0 0 0 0 0 1 affection
321 0 0 0 0 0 0 0 0 0 0 0 0 0 0 0 0 0 0 322 0 0 0 0 0 0 0 0 0 0 0
322 0 0 0 0 323 0 0 0 0 0 0 0 0 0 0 0 0 0 0 0 0 0 0 0 0 0 0 0 0 0
323 0 0 0 0 0 0 0 0 0 0 0 0 0 0 0 0 0 0 0 0 0 0 0 0 0 0 0 0 0 1 afford
324 0 325 0 0 0 0 0 0 0 328 0 0 0 0 0 0 0 0 0 0 0 0 0 0 0 0 0 0 0 0
325 0 0 0 0 0 0 0 0 0 326 0 0 0 0 0 0 0 0 0 0 0 0 0 0 0 0 0 0 0 0
326 0 0 0 0 327 0 0 0 0 0 0 0 0 0 0 0 0 0 0 0 0 0 0 0 0 0 0 0 0 0
327 0 0 0 0 0 0 0 0 0 0 0 0 0 0 0 0 0 0 0 0 0 0 0 0 0 0 0 0 0 1 afraid
328 0 0 0 329 0 0 0 0 0 0 0 0 0 0 0 0 0 0 0 0 0 0 0 0 0 0 0 0 0 0
329 0 330 0 0 0 0 0 0 0 0 0 0 0 0 0 0 0 0 0 0 0 0 0 0 0 0 0 0 0 0
330 0 0 0 0 0 0 0 0 0 0 0 0 0 0 331 0 0 0 0 0 0 0 0 0 0 0 0 0 0 1 Africa
331 0 0 0 0 0 0 0 0 0 0 0 0 0 0 0 0 0 0 0 0 0 0 0 0 0 0 0 0 0 1 African
332 0 0 0 0 0 333 0 0 0 0 0 0 0 0 0 0 0 0 0 0 0 0 0 0 0 0 0 0 0 0
333 0 0 0 0 0 0 0 0 0 0 0 0 0 0 0 0 0 0 334 0 0 0 0 0 0 0 0 0 0 0
334 0 0 0 0 0 0 0 0 0 0 0 0 0 0 335 0 0 0 0 0 0 0 0 339 0 0 0 0 0 1 after
335 0 0 0 0 0 0 0 0 0 0 0 0 0 0 0 336 0 0 0 0 0 0 0 0 0 0 0 0 0 0
336 0 0 0 0 0 0 0 0 0 0 0 0 0 0 0 337 0 0 0 0 0 0 0 0 0 0 0 0 0 0
337 0 0 0 0 0 0 0 0 0 0 0 0 0 0 338 0 0 0 0 0 0 0 0 0 0 0 0 0 0 0
338 0 0 0 0 0 0 0 0 0 0 0 0 0 0 0 0 0 0 0 0 0 0 0 0 0 0 0 0 0 1 afternoon
339 0 340 0 0 0 0 0 0 0 0 0 0 0 0 0 0 0 0 0 0 0 0 0 0 0 0 0 0 0 0
340 0 0 0 0 0 0 0 0 0 0 0 0 0 0 0 0 0 0 341 0 0 0 0 0 0 0 0 0 0 0
341 0 0 0 0 342 0 0 0 0 0 0 0 0 0 0 0 0 0 0 0 0 0 0 0 0 0 0 0 0 0
342 0 0 0 0 0 0 0 0 0 0 0 0 0 0 0 0 0 0 0 0 0 0 0 0 0 0 0 0 0 1 afterward
343 0 344 0 0 0 349 0 354 0 0 0 0 0 0 0 362 0 0 365 0 0 0 0 0 0 0 0 0 0 0
344 0 0 0 0 0 0 0 0 0 345 0 0 0 0 0 0 0 0 0 0 0 0 0 0 0 0 0 0 0 0
345 0 0 0 0 0 0 0 0 0 0 0 0 0 0 346 0 0 0 0 0 0 0 0 0 0 0 0 0 0 0
346 0 0 0 0 0 0 0 0 0 0 0 0 0 0 0 0 0 0 0 347 0 0 0 0 0 0 0 0 0 1 again
347 0 0 0 0 0 0 0 0 0 0 0 0 0 0 0 0 0 0 0 0 348 0 0 0 0 0 0 0 0 0
348 0 0 0 0 0 0 0 0 0 0 0 0 0 0 0 0 0 0 0 0 0 0 0 0 0 0 0 0 0 1 against
349 0 0 0 0 0 0 0 0 0 0 0 0 0 0 350 0 0 0 0 0 0 0 0 0 0 0 0 0 0 1 age
350 0 0 0 351 0 0 0 0 0 0 0 0 0 0 0 0 0 0 0 0 353 0 0 0 0 0 0 0 0 0
351 0 0 0 0 0 0 0 0 0 0 0 0 0 0 0 0 0 0 0 0 0 0 0 0 0 352 0 0 0 0
352 0 0 0 0 0 0 0 0 0 0 0 0 0 0 0 0 0 0 0 0 0 0 0 0 0 0 0 0 0 1 agency
353 0 0 0 0 0 0 0 0 0 0 0 0 0 0 0 0 0 0 0 0 0 0 0 0 0 0 0 0 0 1 agent
354 0 0 0 0 0 0 0 0 0 0 0 0 0 0 0 0 0 0 355 0 0 0 0 0 0 0 0 0 0 0
355 0 0 0 0 0 356 0 0 0 0 0 0 0 0 0 0 0 0 0 0 0 0 0 0 0 0 0 0 0 0
356 0 0 0 0 0 0 0 0 0 0 0 0 0 0 0 0 0 0 0 357 0 0 0 0 0 0 0 0 0 0
357 0 0 0 0 0 0 0 0 0 0 0 0 0 0 0 0 0 0 0 358 0 0 0 0 0 0 0 0 0 0
358 0 0 0 0 0 0 0 0 0 359 0 0 0 0 0 0 0 0 0 0 0 0 0 0 0 0 0 0 0 0
359 0 0 0 0 0 0 0 0 0 0 0 0 0 0 0 0 0 0 0 0 0 0 360 0 0 0 0 0 0 0
360 0 0 0 0 0 361 0 0 0 0 0 0 0 0 0 0 0 0 0 0 0 0 0 0 0 0 0 0 0 0
361 0 0 0 0 0 0 0 0 0 0 0 0 0 0 0 0 0 0 0 0 0 0 0 0 0 0 0 0 0 1 aggressive
362 0 0 0 0 0 0 0 0 0 0 0 0 0 0 363 0 0 0 0 0 0 0 0 0 0 0 0 0 0 1 ago
363 0 0 0 0 0 0 0 0 0 0 0 0 0 0 0 0 0 0 0 0 0 0 0 0 0 364 0 0 0 0
364 0 0 0 0 0 0 0 0 0 0 0 0 0 0 0 0 0 0 0 0 0 0 0 0 0 0 0 0 0 1 agony
365 0 0 0 0 0 366 0 0 0 372 0 0 0 0 0 0 0 0 0 0 0 0 0 0 0 0 0 0 0 0
366 0 0 0 0 0 367 0 0 0 0 0 0 0 0 0 0 0 0 0 0 0 0 0 0 0 0 0 0 0 0
367 0 0 0 0 0 0 0 0 0 0 0 0 0 368 0 0 0 0 0 0 0 0 0 0 0 0 0 0 0 1 agree
368 0 0 0 0 0 369 0 0 0 0 0 0 0 0 0 0 0 0 0 0 0 0 0 0 0 0 0 0 0 0
369 0 0 0 0 0 0 0 0 0 0 0 0 0 0 370 0 0 0 0 0 0 0 0 0 0 0 0 0 0 0
370 0 0 0 0 0 0 0 0 0 0 0 0 0 0 0 0 0 0 0 0 371 0 0 0 0 0 0 0 0 0
371 0 0 0 0 0 0 0 0 0 0 0 0 0 0 0 0 0 0 0 0 0 0 0 0 0 0 0 0 0 1 agreement
372 0 0 0 373 0 0 0 0 0 0 0 0 0 0 0 0 0 0 0 0 0 0 0 0 0 0 0 0 0 0
373 0 0 0 0 0 0 0 0 0 0 0 0 0 0 0 0 0 0 0 0 0 374 0 0 0 0 0 0 0 0
374 0 0 0 0 0 0 0 0 0 0 0 0 375 0 0 0 0 0 0 0 0 0 0 0 0 0 0 0 0 0
375 0 0 0 0 0 0 0 0 0 0 0 0 0 0 0 0 0 0 0 0 376 0 0 0 0 0 0 0 0 0
376 0 0 0 0 0 0 0 0 0 0 0 0 0 0 0 0 0 0 0 0 0 377 0 0 0 0 0 0 0 0
377 0 0 0 0 0 0 0 0 0 0 0 0 0 0 0 0 0 0 378 0 0 0 0 0 0 0 0 0 0 0
378 0 0 0 0 0 379 0 0 0 0 0 0 0 0 0 0 0 0 0 0 0 0 0 0 0 0 0 0 0 0
379 0 0 0 0 0 0 0 0 0 0 0 0 0 0 0 0 0 0 0 0 0 0 0 0 0 0 0 0 0 1 agriculture
380 0 0 0 0 0 381 0 0 0 0 0 0 0 0 0 0 0 0 0 0 0 0 0 0 0 0 0 0 0 0
381 0 382 0 0 0 0 0 0 0 0 0 0 0 0 0 0 0 0 0 0 0 0 0 0 0 0 0 0 0 0
382 0 0 0 0 383 0 0 0 0 0 0 0 0 0 0 0 0 0 0 0 0 0 0 0 0 0 0 0 0 0
383 0 0 0 0 0 0 0 0 0 0 0 0 0 0 0 0 0 0 0 0 0 0 0 0 0 0 0 0 0 1 ahead
384 0 0 0 0 385 0 0 0 0 0 0 0 0 386 0 0 0 0 387 0 0 0 0 0 0 0 0 0 0 0
385 0 0 0 0 0 0 0 0 0 0 0 0 0 0 0 0 0 0 0 0 0 0 0 0 0 0 0 0 0 1 aid
386 0 0 0 0 0 0 0 0 0 0 0 0 0 0 0 0 0 0 0 0 0 0 0 0 0 0 0 0 0 1 aim
387 0 0 0 388 0 0 0 0 0 0 0 0 393 0 0 0 397 0 0 0 0 0 0 0 0 0 0 0 0 1 air
388 0 0 0 0 0 0 0 0 0 0 0 0 0 0 0 0 0 0 389 0 0 0 0 0 0 0 0 0 0 0
389 0 390 0 0 0 0 0 0 0 0 0 0 0 0 0 0 0 0 0 0 0 0 0 0 0 0 0 0 0 0
390 0 0 0 0 0 0 391 0 0 0 0 0 0 0 0 0 0 0 0 0 0 0 0 0 0 0 0 0 0 0
391 0 0 0 0 0 0 0 0 0 0 0 0 0 0 0 0 0 0 0 0 392 0 0 0 0 0 0 0 0 0
392 0 0 0 0 0 0 0 0 0 0 0 0 0 0 0 0 0 0 0 0 0 0 0 0 0 0 0 0 0 1 aircraft
393 0 0 0 0 0 0 0 0 0 394 0 0 0 0 0 0 0 0 0 0 0 0 0 0 0 0 0 0 0 0
394 0 0 0 0 0 0 0 0 0 0 0 0 0 0 395 0 0 0 0 0 0 0 0 0 0 0 0 0 0 0
395 0 0 0 0 0 396 0 0 0 0 0 0 0 0 0 0 0 0 0 0 0 0 0 0 0 0 0 0 0 0
396 0 0 0 0 0 0 0 0 0 0 0 0 0 0 0 0 0 0 0 0 0 0 0 0 0 0 0 0 0 1 airline
397 0 0 0 0 0 0 0 0 0 0 0 0 398 0 0 402 0 0 0 0 0 0 0 0 0 0 0 0 0 0
398 0 399 0 0 0 0 0 0 0 0 0 0 0 0 0 0 0 0 0 0 0 0 0 0 0 0 0 0 0 0
399 0 0 0 0 0 0 0 0 0 0 0 0 0 0 400 0 0 0 0 0 0 0 0 0 0 0 0 0 0 0
400 0 0 0 0 0 401 0 0 0 0 0 0 0 0 0 0 0 0 0 0 0 0 0 0 0 0 0 0 0 0
401 0 0 0 0 0 0 0 0 0 0 0 0 0 0 0 0 0 0 0 0 0 0 0 0 0 0 0 0 0 1 airplane
402 0 0 0 0 0 0 0 0 0 0 0 0 0 0 0 0 0 0 403 0 0 0 0 0 0 0 0 0 0 0
403 0 0 0 0 0 0 0 0 0 0 0 0 0 0 0 0 0 0 0 0 404 0 0 0 0 0 0 0 0 0
404 0 0 0 0 0 0 0 0 0 0 0 0 0 0 0 0 0 0 0 0 0 0 0 0 0 0 0 0 0 1 airport
405 0 406 0 409 0 0 0 0 0 414 0 0 419 423 0 427 433 0 439 444 446 472 0 479 0 0 0 0 0 0
406 0 0 0 0 0 0 0 0 0 0 0 0 0 0 0 0 0 0 407 0 0 0 0 0 0 0 0 0 0 0
407 0 0 0 0 0 0 0 0 0 0 0 0 0 408 0 0 0 0 0 0 0 0 0 0 0 0 0 0 0 0
408 0 0 0 0 0 0 0 0 0 0 0 0 0 0 0 0 0 0 0 0 0 0 0 0 0 0 0 0 0 1 alarm
409 0 0 0 0 0 0 0 0 0 0 0 0 0 0 0 410 0 0 0 0 0 0 0 0 0 0 0 0 0 0
410 0 0 0 0 0 0 0 0 411 0 0 0 0 0 0 0 0 0 0 0 0 0 0 0 0 0 0 0 0 0
411 0 0 0 0 0 0 0 0 0 0 0 0 0 0 0 412 0 0 0 0 0 0 0 0 0 0 0 0 0 0
412 0 0 0 0 0 0 0 0 0 0 0 0 413 0 0 0 0 0 0 0 0 0 0 0 0 0 0 0 0 0
413 0 0 0 0 0 0 0 0 0 0 0 0 0 0 0 0 0 0 0 0 0 0 0 0 0 0 0 0 0 1 alcohol
414 0 0 0 0 0 0 0 0 0 0 0 415 0 0 0 0 0 0 0 0 0 0 417 0 0 0 0 0 0 0
415 0 0 0 0 0 416 0 0 0 0 0 0 0 0 0 0 0 0 0 0 0 0 0 0 0 0 0 0 0 0
416 0 0 0 0 0 0 0 0 0 0 0 0 0 0 0 0 0 0 0 0 0 0 0 0 0 0 0 0 0 1 alike
417 0 0 0 0 0 418 0 0 0 0 0 0 0 0 0 0 0 0 0 0 0 0 0 0 0 0 0 0 0 0
418 0 0 0 0 0 0 0 0 0 0 0 0 0 0 0 0 0 0 0 0 0 0 0 0 0 0 0 0 0 1 alive
419 0 0 0 0 0 0 0 0 0 0 0 0 0 0 0 420 0 0 0 0 0 0 0 0 0 0 0 0 0 1 all
420 0 0 0 0 0 0 0 0 0 0 0 0 0 0 0 0 0 0 0 0 0 0 0 421 0 422 0 0 0 0
421 0 0 0 0 0 0 0 0 0 0 0 0 0 0 0 0 0 0 0 0 0 0 0 0 0 0 0 0 0 1 allow
422 0 0 0 0 0 0 0 0 0 0 0 0 0 0 0 0 0 0 0 0 0 0 0 0 0 0 0 0 0 1 alloy
423 0 0 0 0 0 0 0 0 0 0 0 0 0 0 0 424 0 0 0 0 0 0 0 0 0 0 0 0 0 0
424 0 0 0 0 0 0 0 0 0 0 0 0 0 0 0 0 0 0 0 425 0 0 0 0 0 0 0 0 0 0
425 0 0 0 0 0 0 0 0 0 0 0 0 0 0 0 0 0 0 0 0 426 0 0 0 0 0 0 0 0 0
426 0 0 0 0 0 0 0 0 0 0 0 0 0 0 0 0 0 0 0 0 0 0 0 0 0 0 0 0 0 1 almost
427 0 0 0 0 0 0 0 0 0 0 0 0 0 0 428 0 0 0 0 0 0 431 0 0 0 0 0 0 0 0
428 0 0 0 0 0 429 0 430 0 0 0 0 0 0 0 0 0 0 0 0 0 0 0 0 0 0 0 0 0 0
429 0 0 0 0 0 0 0 0 0 0 0 0 0 0 0 0 0 0 0 0 0 0 0 0 0 0 0 0 0 1 alone
430 0 0 0 0 0 0 0 0 0 0 0 0 0 0 0 0 0 0 0 0 0 0 0 0 0 0 0 0 0 1 along
431 0 0 0 0 432 0 0 0 0 0 0 0 0 0 0 0 0 0 0 0 0 0 0 0 0 0 0 0 0 0
432 0 0 0 0 0 0 0 0 0 0 0 0 0 0 0 0 0 0 0 0 0 0 0 0 0 0 0 0 0 1 aloud
433 0 0 0 0 0 0 0 0 434 0 0 0 0 0 0 0 0 0 0 0 0 0 0 0 0 0 0 0 0 0
434 0 435 0 0 0 0 0 0 0 0 0 0 0 0 0 0 0 0 0 0 0 0 0 0 0 0 0 0 0 0
435 0 0 436 0 0 0 0 0 0 0 0 0 0 0 0 0 0 0 0 0 0 0 0 0 0 0 0 0 0 0
436 0 0 0 0 0 437 0 0 0 0 0 0 0 0 0 0 0 0 0 0 0 0 0 0 0 0 0 0 0 0
437 0 0 0 0 0 0 0 0 0 0 0 0 0 0 0 0 0 0 0 0 438 0 0 0 0 0 0 0 0 0
438 0 0 0 0 0 0 0 0 0 0 0 0 0 0 0 0 0 0 0 0 0 0 0 0 0 0 0 0 0 1 alphabet
439 0 0 0 0 0 440 0 0 0 0 0 0 0 0 0 0 0 0 0 0 0 0 0 0 0 0 0 0 0 0
440 0 441 0 0 0 0 0 0 0 0 0 0 0 0 0 0 0 0 0 0 0 0 0 0 0 0 0 0 0 0
441 0 0 0 0 442 0 0 0 0 0 0 0 0 0 0 0 0 0 0 0 0 0 0 0 0 0 0 0 0 0
442 0 0 0 0 0 0 0 0 0 0 0 0 0 0 0 0 0 0 0 0 0 0 0 0 0 443 0 0 0 0
443 0 0 0 0 0 0 0 0 0 0 0 0 0 0 0 0 0 0 0 0 0 0 0 0 0 0 0 0 0 1 already
444 0 0 0 0 0 0 0 0 0 0 0 0 0 0 0 445 0 0 0 0 0 0 0 0 0 0 0 0 0 0
445 0 0 0 0 0 0 0 0 0 0 0 0 0 0 0 0 0 0 0 0 0 0 0 0 0 0 0 0 0 1 also
446 0 0 0 0 0 447 0 0 455 460 0 0 0 0 0 465 0 0 0 0 0 0 0 0 0 0 0 0 0 0
447 0 0 0 0 0 0 0 0 0 0 0 0 0 0 0 0 0 0 448 0 0 0 0 0 0 0 0 0 0 0
448 0 0 0 0 0 0 0 0 0 0 0 0 0 0 449 0 0 0 0 0 0 0 0 0 0 0 0 0 0 1 alter
449 0 450 0 0 0 0 0 0 0 0 0 0 0 0 0 0 0 0 0 0 0 0 0 0 0 0 0 0 0 0
450 0 0 0 0 0 0 0 0 0 0 0 0 0 0 0 0 0 0 0 0 451 0 0 0 0 0 0 0 0 0
451 0 0 0 0 0 0 0 0 0 452 0 0 0 0 0 0 0 0 0 0 0 0 0 0 0 0 0 0 0 0
452 0 0 0 0 0 0 0 0 0 0 0 0 0 0 0 0 0 0 0 0 0 0 453 0 0 0 0 0 0 0
453 0 0 0 0 0 454 0 0 0 0 0 0 0 0 0 0 0 0 0 0 0 0 0 0 0 0 0 0 0 0
454 0 0 0 0 0 0 0 0 0 0 0 0 0 0 0 0 0 0 0 0 0 0 0 0 0 0 0 0 0 1 alternative
455 0 0 0 0 0 0 0 0 0 0 0 0 0 0 0 456 0 0 0 0 0 0 0 0 0 0 0 0 0 0
456 0 0 0 0 0 0 0 0 0 0 0 0 0 0 0 0 0 0 0 0 0 457 0 0 0 0 0 0 0 0
457 0 0 0 0 0 0 0 458 0 0 0 0 0 0 0 0 0 0 0 0 0 0 0 0 0 0 0 0 0 0
458 0 0 0 0 0 0 0 0 459 0 0 0 0 0 0 0 0 0 0 0 0 0 0 0 0 0 0 0 0 0
459 0 0 0 0 0 0 0 0 0 0 0 0 0 0 0 0 0 0 0 0 0 0 0 0 0 0 0 0 0 1 although
460 0 0 0 0 0 0 0 0 0 0 0 0 0 0 0 0 0 0 0 0 461 0 0 0 0 0 0 0 0 0
461 0 0 0 0 0 0 0 0 0 0 0 0 0 0 0 0 0 0 0 0 0 462 0 0 0 0 0 0 0 0
462 0 0 0 0 463 0 0 0 0 0 0 0 0 0 0 0 0 0 0 0 0 0 0 0 0 0 0 0 0 0
463 0 0 0 0 0 464 0 0 0 0 0 0 0 0 0 0 0 0 0 0 0 0 0 0 0 0 0 0 0 0
464 0 0 0 0 0 0 0 0 0 0 0 0 0 0 0 0 0 0 0 0 0 0 0 0 0 0 0 0 0 1 altitude
465 0 0 0 0 0 0 0 466 0 0 0 0 0 0 0 0 0 0 0 0 0 0 0 0 0 0 0 0 0 0
466 0 0 0 0 0 467 0 0 0 0 0 0 0 0 0 0 0 0 0 0 0 0 0 0 0 0 0 0 0 0
467 0 0 0 0 0 0 0 0 0 0 0 0 0 0 0 0 0 0 0 0 468 0 0 0 0 0 0 0 0 0
468 0 0 0 0 0 0 0 0 469 0 0 0 0 0 0 0 0 0 0 0 0 0 0 0 0 0 0 0 0 0
469 0 0 0 0 0 470 0 0 0 0 0 0 0 0 0 0 0 0 0 0 0 0 0 0 0 0 0 0 0 0
470 0 0 0 0 0 0 0 0 0 0 0 0 0 0 0 0 0 0 471 0 0 0 0 0 0 0 0 0 0 0
471 0 0 0 0 0 0 0 0 0 0 0 0 0 0 0 0 0 0 0 0 0 0 0 0 0 0 0 0 0 1 altogether
472 0 0 0 0 0 0 0 0 0 0 0 0 0 473 0 0 0 0 0 0 0 0 0 0 0 0 0 0 0 0
473 0 0 0 0 0 0 0 0 0 474 0 0 0 0 0 0 0 0 0 0 0 0 0 0 0 0 0 0 0 0
474 0 0 0 0 0 0 0 0 0 0 0 0 0 0 475 0 0 0 0 0 0 0 0 0 0 0 0 0 0 0
475 0 0 0 0 0 0 0 0 0 476 0 0 0 0 0 0 0 0 0 0 0 0 0 0 0 0 0 0 0 0
476 0 0 0 0 0 0 0 0 0 0 0 0 0 0 0 0 0 0 0 0 0 477 0 0 0 0 0 0 0 0
477 0 0 0 0 0 0 0 0 0 0 0 0 0 478 0 0 0 0 0 0 0 0 0 0 0 0 0 0 0 0
478 0 0 0 0 0 0 0 0 0 0 0 0 0 0 0 0 0 0 0 0 0 0 0 0 0 0 0 0 0 1 aluminium
479 0 480 0 0 0 0 0 0 0 0 0 0 0 0 0 0 0 0 0 0 0 0 0 0 0 0 0 0 0 0
480 0 0 0 0 0 0 0 0 0 0 0 0 0 0 0 0 0 0 0 0 0 0 0 0 0 481 0 0 0 0
481 0 0 0 0 0 0 0 0 0 0 0 0 0 0 0 0 0 0 0 482 0 0 0 0 0 0 0 0 0 0
482 0 0 0 0 0 0 0 0 0 0 0 0 0 0 0 0 0 0 0 0 0 0 0 0 0 0 0 0 0 1 always
483 0 0 0 0 0 0 0 0 0 0 0 0 0 484 0 0 0 0 0 0 0 0 0 0 0 0 0 0 0 0
484 0 0 0 0 0 0 0 0 0 0 0 0 0 0 0 0 0 0 0 0 0 0 0 0 0 0 0 0 0 1 a.m
485 0 486 489 0 0 501 0 0 0 0 0 0 0 0 0 507 515 0 0 0 0 523 0 0 0 0 0 0 0 0
486 0 0 0 0 0 0 0 0 0 0 0 0 0 0 0 0 0 0 0 0 0 0 0 0 0 0 487 0 0 0
487 0 0 0 0 0 488 0 0 0 0 0 0 0 0 0 0 0 0 0 0 0 0 0 0 0 0 0 0 0 0
488 0 0 0 0 0 0 0 0 0 0 0 0 0 0 0 0 0 0 0 0 0 0 0 0 0 0 0 0 0 1 amaze
489 0 0 0 0 0 0 0 0 0 490 0 0 0 0 0 0 0 0 0 0 0 495 0 0 0 0 0 0 0 0
490 0 0 0 0 0 0 0 0 0 0 0 0 0 0 0 0 0 0 0 0 491 0 0 0 0 0 0 0 0 0
491 0 0 0 0 0 0 0 0 0 492 0 0 0 0 0 0 0 0 0 0 0 0 0 0 0 0 0 0 0 0
492 0 0 0 0 0 0 0 0 0 0 0 0 0 0 0 493 0 0 0 0 0 0 0 0 0 0 0 0 0 0
493 0 0 0 0 0 0 0 0 0 0 0 0 0 0 494 0 0 0 0 0 0 0 0 0 0 0 0 0 0 0
494 0 0 0 0 0 0 0 0 0 0 0 0 0 0 0 0 0 0 0 0 0 0 0 0 0 0 0 0 0 1 ambition
495 0 0 0 0 0 0 0 0 0 0 0 0 496 0 0 0 0 0 0 0 0 0 0 0 0 0 0 0 0 0
496 0 497 0 0 0 0 0 0 0 0 0 0 0 0 0 0 0 0 0 0 0 0 0 0 0 0 0 0 0 0
497 0 0 0 0 0 0 0 0 0 0 0 0 0 0 498 0 0 0 0 0 0 0 0 0 0 0 0 0 0 0
498 0 0 0 499 0 0 0 0 0 0 0 0 0 0 0 0 0 0 0 0 0 0 0 0 0 0 0 0 0 0
499 0 0 0 0 0 500 0 0 0 0 0 0 0 0 0 0 0 0 0 0 0 0 0 0 0 0 0 0 0 0
500 0 0 0 0 0 0 0 0 0 0 0 0 0 0 0 0 0 0 0 0 0 0 0 0 0 0 0 0 0 1 ambulance
501 0 0 0 0 0 0 0 0 0 0 0 0 0 0 0 0 0 0 502 0 0 0 0 0 0 0 0 0 0 0
502 0 0 0 0 0 0 0 0 0 503 0 0 0 0 0 0 0 0 0 0 0 0 0 0 0 0 0 0 0 0
503 0 0 0 504 0 0 0 0 0 0 0 0 0 0 0 0 0 0 0 0 0 0 0 0 0 0 0 0 0 0
504 0 505 0 0 0 0 0 0 0 0 0 0 0 0 0 0 0 0 0 0 0 0 0 0 0 0 0 0 0 0
505 0 0 0 0 0 0 0 0 0 0 0 0 0 0 506 0 0 0 0 0 0 0 0 0 0 0 0 0 0 1 America
506 0 0 0 0 0 0 0 0 0 0 0 0 0 0 0 0 0 0 0 0 0 0 0 0 0 0 0 0 0 1 American
507 0 0 0 0 0 0 0 0 0 0 0 0 0 0 508 0 0 0 0 0 0 512 0 0 0 0 0 0 0 0
508 0 0 0 0 0 0 0 509 0 0 0 0 0 0 0 0 0 0 0 0 0 0 0 0 0 0 0 0 0 0
509 0 0 0 0 0 0 0 0 0 0 0 0 0 0 0 0 0 0 0 510 0 0 0 0 0 0 0 0 0 1 among
510 0 0 0 0 0 0 0 0 0 0 0 0 0 0 0 0 0 0 0 0 511 0 0 0 0 0 0 0 0 0
511 0 0 0 0 0 0 0 0 0 0 0 0 0 0 0 0 0 0 0 0 0 0 0 0 0 0 0 0 0 1 amongst
512 0 0 0 0 0 0 0 0 0 0 0 0 0 0 513 0 0 0 0 0 0 0 0 0 0 0 0 0 0 0
513 0 0 0 0 0 0 0 0 0 0 0 0 0 0 0 0 0 0 0 0 514 0 0 0 0 0 0 0 0 0
514 0 0 0 0 0 0 0 0 0 0 0 0 0 0 0 0 0 0 0 0 0 0 0 0 0 0 0 0 0 1 amount
515 0 0 0 0 0 516 0 0 0 0 0 0 519 0 0 0 0 0 0 0 0 0 0 0 0 0 0 0 0 0
516 0 0 0 0 0 0 0 0 0 0 0 0 0 0 0 0 0 0 517 0 0 0 0 0 0 0 0 0 0 0
517 0 0 0 0 0 518 0 0 0 0 0 0 0 0 0 0 0 0 0 0 0 0 0 0 0 0 0 0 0 0
518 0 0 0 0 0 0 0 0 0 0 0 0 0 0 0 0 0 0 0 0 0 0 0 0 0 0 0 0 0 1 ampere
519 0 0 0 0 0 0 0 0 0 520 0 0 0 0 0 0 0 0 0 0 0 0 0 0 0 0 0 0 0 0
520 0 0 0 0 0 0 521 0 0 0 0 0 0 0 0 0 0 0 0 0 0 0 0 0 0 0 0 0 0 0
521 0 0 0 0 0 0 0 0 0 0 0 0 0 0 0 0 0 0 0 0 0 0 0 0 0 522 0 0 0 0
522 0 0 0 0 0 0 0 0 0 0 0 0 0 0 0 0 0 0 0 0 0 0 0 0 0 0 0 0 0 1 amplify
523 0 0 0 0 0 0 0 0 0 0 0 0 0 0 0 0 0 0 0 524 0 0 0 0 0 0 0 0 0 0
524 0 0 0 0 0 525 0 0 0 0 0 0 0 0 0 0 0 0 0 0 0 0 0 0 0 0 0 0 0 0
525 0 0 0 0 0 0 0 0 0 0 0 0 0 0 0 0 0 0 0 0 0 0 0 0 0 0 0 0 0 1 amuse
526 0 527 0 534 547 0 0 548 0 556 0 560 0 0 563 574 0 0 0 579 583 0 0 0 591 599 0 0 0 0
527 0 0 0 0 0 0 0 0 0 0 0 0 528 0 0 0 0 0 0 0 0 0 0 0 0 0 0 0 0 0
528 0 0 0 0 0 0 0 0 0 0 0 0 0 0 0 0 0 0 0 0 0 0 0 0 0 529 0 0 0 0
529 0 0 0 0 0 0 0 0 0 0 0 0 0 0 0 0 0 0 0 530 0 0 0 0 0 0 0 0 0 0
530 0 0 0 0 0 531 0 0 0 532 0 0 0 0 0 0 0 0 0 0 0 0 0 0 0 0 0 0 0 0
531 0 0 0 0 0 0 0 0 0 0 0 0 0 0 0 0 0 0 0 0 0 0 0 0 0 0 0 0 0 1 analyse
532 0 0 0 0 0 0 0 0 0 0 0 0 0 0 0 0 0 0 0 533 0 0 0 0 0 0 0 0 0 0
533 0 0 0 0 0 0 0 0 0 0 0 0 0 0 0 0 0 0 0 0 0 0 0 0 0 0 0 0 0 1 analysis
534 0 0 0 0 0 535 0 0 540 543 0 0 0 0 0 0 0 0 0 0 0 0 0 0 0 0 0 0 0 0
535 0 0 0 0 0 0 0 0 0 0 0 0 0 0 0 0 0 0 0 536 0 0 0 0 0 0 0 0 0 0
536 0 0 0 0 0 0 0 0 0 0 0 0 0 0 0 0 0 0 0 0 537 0 0 0 0 0 0 0 0 0
537 0 0 0 0 0 0 0 0 0 0 0 0 0 0 0 538 0 0 0 0 0 0 0 0 0 0 0 0 0 0
538 0 0 0 0 0 0 0 0 0 0 0 0 0 0 0 0 0 0 539 0 0 0 0 0 0 0 0 0 0 0
539 0 0 0 0 0 0 0 0 0 0 0 0 0 0 0 0 0 0 0 0 0 0 0 0 0 0 0 0 0 1 ancestor
540 0 0 0 0 0 0 0 0 0 0 0 0 0 0 0 541 0 0 0 0 0 0 0 0 0 0 0 0 0 0
541 0 0 0 0 0 0 0 0 0 0 0 0 0 0 0 0 0 0 542 0 0 0 0 0 0 0 0 0 0 0
542 0 0 0 0 0 0 0 0 0 0 0 0 0 0 0 0 0 0 0 0 0 0 0 0 0 0 0 0 0 1 anchor
543 0 0 0 0 0 544 0 0 0 0 0 0 0 0 0 0 0 0 0 0 0 0 0 0 0 0 0 0 0 0
544 0 0 0 0 0 0 0 0 0 0 0 0 0 0 545 0 0 0 0 0 0 0 0 0 0 0 0 0 0 0
545 0 0 0 0 0 0 0 0 0 0 0 0 0 0 0 0 0 0 0 0 546 0 0 0 0 0 0 0 0 0
546 0 0 0 0 0 0 0 0 0 0 0 0 0 0 0 0 0 0 0 0 0 0 0 0 0 0 0 0 0 1 ancient
547 0 0 0 0 0 0 0 0 0 0 0 0 0 0 0 0 0 0 0 0 0 0 0 0 0 0 0 0 0 1 and
548 0 0 0 0 0 549 0 0 0 0 0 0 552 0 0 0 0 0 554 0 0 0 0 0 0 0 0 0 0 0
549 0 0 0 0 0 0 0 0 0 0 0 0 550 0 0 0 0 0 551 0 0 0 0 0 0 0 0 0 0 0
550 0 0 0 0 0 0 0 0 0 0 0 0 0 0 0 0 0 0 0 0 0 0 0 0 0 0 0 0 0 1 angel
551 0 0 0 0 0 0 0 0 0 0 0 0 0 0 0 0 0 0 0 0 0 0 0 0 0 0 0 0 0 1 anger
552 0 0 0 0 0 553 0 0 0 0 0 0 0 0 0 0 0 0 0 0 0 0 0 0 0 0 0 0 0 0
553 0 0 0 0 0 0 0 0 0 0 0 0 0 0 0 0 0 0 0 0 0 0 0 0 0 0 0 0 0 1 angle
554 0 0 0 0 0 0 0 0 0 0 0 0 0 0 0 0 0 0 0 0 0 0 0 0 0 555 0 0 0 0
555 0 0 0 0 0 0 0 0 0 0 0 0 0 0 0 0 0 0 0 0 0 0 0 0 0 0 0 0 0 1 angry
556 0 0 0 0 0 0 0 0 0 0 0 0 0 557 0 0 0 0 0 0 0 0 0 0 0 0 0 0 0 0
557 0 558 0 0 0 0 0 0 0 0 0 0 0 0 0 0 0 0 0 0 0 0 0 0 0 0 0 0 0 0
558 0 0 0 0 0 0 0 0 0 0 0 0 559 0 0 0 0 0 0 0 0 0 0 0 0 0 0 0 0 0
559 0 0 0 0 0 0 0 0 0 0 0 0 0 0 0 0 0 0 0 0 0 0 0 0 0 0 0 0 0 1 animal
560 0 0 0 0 0 0 0 0 0 0 0 0 561 0 0 0 0 0 0 0 0 0 0 0 0 0 0 0 0 0
561 0 0 0 0 0 562 0 0 0 0 0 0 0 0 0 0 0 0 0 0 0 0 0 0 0 0 0 0 0 0
562 0 0 0 0 0 0 0 0 0 0 0 0 0 0 0 0 0 0 0 0 0 0 0 0 0 0 0 0 0 1 ankle
563 0 0 0 0 0 0 0 0 0 0 0 0 0 0 0 564 0 0 0 0 0 571 0 0 0 0 0 0 0 0
564 0 0 0 0 0 0 0 0 0 0 0 0 0 0 0 0 0 0 0 0 0 565 0 0 0 570 0 0 0 0
565 0 0 0 0 0 0 0 0 0 0 0 0 0 0 566 0 0 0 0 0 0 0 0 0 0 0 0 0 0 0
566 0 0 0 567 0 0 0 0 0 0 0 0 0 0 0 0 0 0 0 0 0 0 0 0 0 0 0 0 0 0
567 0 0 0 0 0 568 0 0 0 0 0 0 0 0 0 0 0 0 0 0 0 0 0 0 0 0 0 0 0 0
568 0 0 0 0 0 0 0 0 0 0 0 0 0 0 0 0 0 0 569 0 0 0 0 0 0 0 0 0 0 1 announce
569 0 0 0 0 0 0 0 0 0 0 0 0 0 0 0 0 0 0 0 0 0 0 0 0 0 0 0 0 0 1 announcer
570 0 0 0 0 0 0 0 0 0 0 0 0 0 0 0 0 0 0 0 0 0 0 0 0 0 0 0 0 0 1 annoy
571 0 572 0 0 0 0 0 0 0 0 0 0 0 0 0 0 0 0 0 0 0 0 0 0 0 0 0 0 0 0
572 0 0 0 0 0 0 0 0 0 0 0 0 573 0 0 0 0 0 0 0 0 0 0 0 0 0 0 0 0 0
573 0 0 0 0 0 0 0 0 0 0 0 0 0 0 0 0 0 0 0 0 0 0 0 0 0 0 0 0 0 1 annual
574 0 0 0 0 0 0 0 0 0 0 0 0 0 0 0 0 0 0 0 0 575 0 0 0 0 0 0 0 0 0
575 0 0 0 0 0 0 0 0 576 0 0 0 0 0 0 0 0 0 0 0 0 0 0 0 0 0 0 0 0 0
576 0 0 0 0 0 577 0 0 0 0 0 0 0 0 0 0 0 0 0 0 0 0 0 0 0 0 0 0 0 0
577 0 0 0 0 0 0 0 0 0 0 0 0 0 0 0 0 0 0 578 0 0 0 0 0 0 0 0 0 0 0
578 0 0 0 0 0 0 0 0 0 0 0 0 0 0 0 0 0 0 0 0 0 0 0 0 0 0 0 0 0 1 another
579 0 0 0 0 0 0 0 0 0 0 0 0 0 0 0 0 0 0 0 0 0 0 0 580 0 0 0 0 0 0
580 0 0 0 0 0 581 0 0 0 0 0 0 0 0 0 0 0 0 0 0 0 0 0 0 0 0 0 0 0 0
581 0 0 0 0 0 0 0 0 0 0 0 0 0 0 0 0 0 0 582 0 0 0 0 0 0 0 0 0 0 0
582 0 0 0 0 0 0 0 0 0 0 0 0 0 0 0 0 0 0 0 0 0 0 0 0 0 0 0 0 0 1 answer
583 0 0 0 0 0 0 0 0 0 584 0 0 0 0 0 0 0 0 0 0 0 0 0 0 0 0 0 0 0 1 ant
584 0 0 0 585 0 0 0 0 0 0 0 0 0 0 0 0 0 0 0 0 0 0 0 0 0 0 0 0 0 0
585 0 0 0 0 0 0 0 0 0 586 0 0 0 0 0 0 0 0 0 0 0 0 0 0 0 0 0 0 0 0
586 0 0 0 0 0 0 0 0 0 0 0 0 0 0 0 0 587 0 0 0 0 0 0 0 0 0 0 0 0 0
587 0 588 0 0 0 0 0 0 0 0 0 0 0 0 0 0 0 0 0 0 0 0 0 0 0 0 0 0 0 0
588 0 0 0 0 0 0 0 0 0 0 0 0 0 0 0 0 0 0 0 0 589 0 0 0 0 0 0 0 0 0
589 0 0 0 0 0 590 0 0 0 0 0 0 0 0 0 0 0 0 0 0 0 0 0 0 0 0 0 0 0 0
590 0 0 0 0 0 0 0 0 0 0 0 0 0 0 0 0 0 0 0 0 0 0 0 0 0 0 0 0 0 1 anticipate
591 0 0 0 0 0 0 0 0 0 592 0 0 0 0 0 0 0 0 0 0 0 0 0 0 0 0 0 0 0 0
592 0 0 0 0 0 593 0 0 0 0 0 0 0 0 0 596 0 0 0 0 0 0 0 0 0 0 0 0 0 0
593 0 0 0 0 0 0 0 0 0 0 0 0 0 0 0 0 0 0 0 0 594 0 0 0 0 0 0 0 0 0
594 0 0 0 0 0 0 0 0 0 0 0 0 0 0 0 0 0 0 0 0 0 0 0 0 0 595 0 0 0 0
595 0 0 0 0 0 0 0 0 0 0 0 0 0 0 0 0 0 0 0 0 0 0 0 0 0 0 0 0 0 1 anxiety
596 0 0 0 0 0 0 0 0 0 0 0 0 0 0 0 0 0 0 0 0 0 597 0 0 0 0 0 0 0 0
597 0 0 0 0 0 0 0 0 0 0 0 0 0 0 0 0 0 0 0 598 0 0 0 0 0 0 0 0 0 0
598 0 0 0 0 0 0 0 0 0 0 0 0 0 0 0 0 0 0 0 0 0 0 0 0 0 0 0 0 0 1 anxious
599 0 0 600 0 0 0 0 0 604 0 0 0 0 0 0 607 0 0 0 0 610 0 0 615 0 0 0 0 0 1 any
600 0 0 0 0 0 0 0 0 0 0 0 0 0 0 0 601 0 0 0 0 0 0 0 0 0 0 0 0 0 0
601 0 0 0 0 602 0 0 0 0 0 0 0 0 0 0 0 0 0 0 0 0 0 0 0 0 0 0 0 0 0
602 0 0 0 0 0 0 0 0 0 0 0 0 0 0 0 0 0 0 0 0 0 0 0 0 0 603 0 0 0 0
603 0 0 0 0 0 0 0 0 0 0 0 0 0 0 0 0 0 0 0 0 0 0 0 0 0 0 0 0 0 1 anybody
604 0 0 0 0 0 0 0 0 0 0 0 0 0 0 0 605 0 0 0 0 0 0 0 0 0 0 0 0 0 0
605 0 0 0 0 0 0 0 0 0 0 0 0 0 0 0 0 0 0 0 0 0 0 0 606 0 0 0 0 0 0
606 0 0 0 0 0 0 0 0 0 0 0 0 0 0 0 0 0 0 0 0 0 0 0 0 0 0 0 0 0 1 anyhow
607 0 0 0 0 0 0 0 0 0 0 0 0 0 0 608 0 0 0 0 0 0 0 0 0 0 0 0 0 0 0
608 0 0 0 0 0 609 0 0 0 0 0 0 0 0 0 0 0 0 0 0 0 0 0 0 0 0 0 0 0 0
609 0 0 0 0 0 0 0 0 0 0 0 0 0 0 0 0 0 0 0 0 0 0 0 0 0 0 0 0 0 1 anyone
610 0 0 0 0 0 0 0 0 611 0 0 0 0 0 0 0 0 0 0 0 0 0 0 0 0 0 0 0 0 0
611 0 0 0 0 0 0 0 0 0 612 0 0 0 0 0 0 0 0 0 0 0 0 0 0 0 0 0 0 0 0
612 0 0 0 0 0 0 0 0 0 0 0 0 0 0 613 0 0 0 0 0 0 0 0 0 0 0 0 0 0 0
613 0 0 0 0 0 0 0 614 0 0 0 0 0 0 0 0 0 0 0 0 0 0 0 0 0 0 0 0 0 0
614 0 0 0 0 0 0 0 0 0 0 0 0 0 0 0 0 0 0 0 0 0 0 0 0 0 0 0 0 0 1 anything
615 0 616 0 0 0 0 0 0 618 0 0 0 0 0 0 0 0 0 0 0 0 0 0 0 0 0 0 0 0 0
616 0 0 0 0 0 0 0 0 0 0 0 0 0 0 0 0 0 0 0 0 0 0 0 0 0 617 0 0 0 0
617 0 0 0 0 0 0 0 0 0 0 0 0 0 0 0 0 0 0 0 0 0 0 0 0 0 0 0 0 0 1 anyway
618 0 0 0 0 0 619 0 0 0 0 0 0 0 0 0 0 0 0 0 0 0 0 0 0 0 0 0 0 0 0
619 0 0 0 0 0 0 0 0 0 0 0 0 0 0 0 0 0 0 620 0 0 0 0 0 0 0 0 0 0 0
620 0 0 0 0 0 621 0 0 0 0 0 0 0 0 0 0 0 0 0 0 0 0 0 0 0 0 0 0 0 0
621 0 0 0 0 0 0 0 0 0 0 0 0 0 0 0 0 0 0 0 0 0 0 0 0 0 0 0 0 0 1 anywhere
622 0 623 0 0 0 0 0 0 0 0 0 0 0 0 0 630 638 0 714 0 0 0 0 0 0 0 0 0 0 0
623 0 0 0 0 0 0 0 0 0 0 0 0 0 0 0 0 0 0 624 0 0 0 0 0 0 0 0 0 0 0
624 0 0 0 0 0 0 0 0 0 0 0 0 0 0 0 0 0 0 0 0 625 0 0 0 0 0 0 0 0 0
625 0 0 0 0 0 0 0 0 0 0 0 0 0 626 0 0 0 0 0 0 0 0 0 0 0 0 0 0 0 1 apart
626 0 0 0 0 0 627 0 0 0 0 0 0 0 0 0 0 0 0 0 0 0 0 0 0 0 0 0 0 0 0
627 0 0 0 0 0 0 0 0 0 0 0 0 0 0 628 0 0 0 0 0 0 0 0 0 0 0 0 0 0 0
628 0 0 0 0 0 0 0 0 0 0 0 0 0 0 0 0 0 0 0 0 629 0 0 0 0 0 0 0 0 0
629 0 0 0 0 0 0 0 0 0 0 0 0 0 0 0 0 0 0 0 0 0 0 0 0 0 0 0 0 0 1 apartment
630 0 0 0 0 0 0 0 0 0 0 0 0 631 0 0 0 0 0 0 0 0 0 0 0 0 0 0 0 0 0
631 0 0 0 0 0 0 0 0 0 0 0 0 0 0 0 632 0 0 0 0 0 0 0 0 0 0 0 0 0 0
632 0 0 0 0 0 0 0 633 0 0 0 0 0 0 0 0 0 0 0 0 0 0 0 0 0 0 0 0 0 0
633 0 0 0 0 0 0 0 0 0 634 0 0 0 0 0 0 0 0 0 0 0 0 0 0 0 637 0 0 0 0
634 0 0 0 0 0 0 0 0 0 0 0 0 0 0 0 0 0 0 0 0 0 0 0 0 0 0 635 0 0 0
635 0 0 0 0 0 636 0 0 0 0 0 0 0 0 0 0 0 0 0 0 0 0 0 0 0 0 0 0 0 0
636 0 0 0 0 0 0 0 0 0 0 0 0 0 0 0 0 0 0 0 0 0 0 0 0 0 0 0 0 0 1 apologize
637 0 0 0 0 0 0 0 0 0 0 0 0 0 0 0 0 0 0 0 0 0 0 0 0 0 0 0 0 0 1 apology
638 0 639 0 0 0 648 0 0 0 0 0 0 660 0 0 677 0 0 685 0 0 0 0 0 0 0 0 0 0 0
639 0 0 0 0 0 0 0 0 0 0 0 0 0 0 0 0 0 0 640 0 0 0 0 0 0 0 0 0 0 0
640 0 641 0 0 0 645 0 0 0 0 0 0 0 0 0 0 0 0 0 0 0 0 0 0 0 0 0 0 0 0
641 0 0 0 0 0 0 0 0 0 0 0 0 0 0 0 0 0 0 0 0 642 0 0 0 0 0 0 0 0 0
642 0 0 0 0 0 0 0 0 0 0 0 0 0 0 0 0 0 0 0 0 0 643 0 0 0 0 0 0 0 0
643 0 0 0 0 0 0 0 0 0 0 0 0 0 0 0 0 0 0 0 644 0 0 0 0 0 0 0 0 0 0
644 0 0 0 0 0 0 0 0 0 0 0 0 0 0 0 0 0 0 0 0 0 0 0 0 0 0 0 0 0 1 apparatus
645 0 0 0 0 0 0 0 0 0 0 0 0 0 0 646 0 0 0 0 0 0 0 0 0 0 0 0 0 0 0
646 0 0 0 0 0 0 0 0 0 0 0 0 0 0 0 0 0 0 0 0 647 0 0 0 0 0 0 0 0 0
647 0 0 0 0 0 0 0 0 0 0 0 0 0 0 0 0 0 0 0 0 0 0 0 0 0 0 0 0 0 1 apparent
648 0 649 0 0 0 0 0 0 0 0 0 0 0 0 0 0 0 0 0 0 656 0 0 0 0 0 0 0 0 0
649 0 0 0 0 0 0 0 0 0 0 0 0 650 0 0 0 0 0 651 0 0 0 0 0 0 0 0 0 0 0
650 0 0 0 0 0 0 0 0 0 0 0 0 0 0 0 0 0 0 0 0 0 0 0 0 0 0 0 0 0 1 appeal
651 0 652 0 0 0 0 0 0 0 0 0 0 0 0 0 0 0 0 0 0 0 0 0 0 0 0 0 0 0 1 appear
652 0 0 0 0 0 0 0 0 0 0 0 0 0 0 653 0 0 0 0 0 0 0 0 0 0 0 0 0 0 0
653 0 0 0 654 0 0 0 0 0 0 0 0 0 0 0 0 0 0 0 0 0 0 0 0 0 0 0 0 0 0
654 0 0 0 0 0 655 0 0 0 0 0 0 0 0 0 0 0 0 0 0 0 0 0 0 0 0 0 0 0 0
655 0 0 0 0 0 0 0 0 0 0 0 0 0 0 0 0 0 0 0 0 0 0 0 0 0 0 0 0 0 1 appearance
656 0 0 0 0 0 0 0 0 0 657 0 0 0 0 0 0 0 0 0 0 0 0 0 0 0 0 0 0 0 0
657 0 0 0 0 0 0 0 0 0 0 0 0 0 0 0 0 0 0 0 0 658 0 0 0 0 0 0 0 0 0
658 0 0 0 0 0 659 0 0 0 0 0 0 0 0 0 0 0 0 0 0 0 0 0 0 0 0 0 0 0 0
659 0 0 0 0 0 0 0 0 0 0 0 0 0 0 0 0 0 0 0 0 0 0 0 0 0 0 0 0 0 1 appetite
660 0 0 0 0 0 661 0 0 0 662 0 0 0 0 0 0 0 0 0 0 0 0 0 0 0 676 0 0 0 0
661 0 0 0 0 0 0 0 0 0 0 0 0 0 0 0 0 0 0 0 0 0 0 0 0 0 0 0 0 0 1 apple
662 0 663 0 667 0 0 0 0 0 0 0 0 0 0 0 0 0 0 0 0 0 0 0 0 0 0 0 0 0 0
663 0 0 0 0 0 0 0 0 0 0 0 0 0 0 664 0 0 0 0 0 0 0 0 0 0 0 0 0 0 0
664 0 0 0 665 0 0 0 0 0 0 0 0 0 0 0 0 0 0 0 0 0 0 0 0 0 0 0 0 0 0
665 0 0 0 0 0 666 0 0 0 0 0 0 0 0 0 0 0 0 0 0 0 0 0 0 0 0 0 0 0 0
666 0 0 0 0 0 0 0 0 0 0 0 0 0 0 0 0 0 0 0 0 0 0 0 0 0 0 0 0 0 1 appliance
667 0 668 0 0 0 0 0 0 0 0 0 0 0 0 0 0 0 0 0 0 0 0 0 0 0 0 0 0 0 0
668 0 0 669 0 0 0 0 0 0 0 0 0 0 0 0 0 0 0 0 0 672 0 0 0 0 0 0 0 0 0
669 0 0 0 0 0 0 0 0 0 0 0 0 670 0 0 0 0 0 0 0 0 0 0 0 0 0 0 0 0 0
670 0 0 0 0 0 671 0 0 0 0 0 0 0 0 0 0 0 0 0 0 0 0 0 0 0 0 0 0 0 0
671 0 0 0 0 0 0 0 0 0 0 0 0 0 0 0 0 0 0 0 0 0 0 0 0 0 0 0 0 0 1 applicable
672 0 0 0 0 0 0 0 0 0 673 0 0 0 0 0 0 0 0 0 0 0 0 0 0 0 0 0 0 0 0
673 0 0 0 0 0 0 0 0 0 0 0 0 0 0 0 674 0 0 0 0 0 0 0 0 0 0 0 0 0 0
674 0 0 0 0 0 0 0 0 0 0 0 0 0 0 675 0 0 0 0 0 0 0 0 0 0 0 0 0 0 0
675 0 0 0 0 0 0 0 0 0 0 0 0 0 0 0 0 0 0 0 0 0 0 0 0 0 0 0 0 0 1 application
676 0 0 0 0 0 0 0 0 0 0 0 0 0 0 0 0 0 0 0 0 0 0 0 0 0 0 0 0 0 1 apply
677 0 0 0 0 0 0 0 0 0 678 0 0 0 0 0 0 0 0 0 0 0 0 0 0 0 0 0 0 0 0
678 0 0 0 0 0 0 0 0 0 0 0 0 0 0 679 0 0 0 0 0 0 0 0 0 0 0 0 0 0 0
679 0 0 0 0 0 0 0 0 0 0 0 0 0 0 0 0 0 0 0 0 680 0 0 0 0 0 0 0 0 0
680 0 0 0 0 0 0 0 0 0 0 0 0 0 681 0 0 0 0 0 0 0 0 0 0 0 0 0 0 0 1 appoint
681 0 0 0 0 0 682 0 0 0 0 0 0 0 0 0 0 0 0 0 0 0 0 0 0 0 0 0 0 0 0
682 0 0 0 0 0 0 0 0 0 0 0 0 0 0 683 0 0 0 0 0 0 0 0 0 0 0 0 0 0 0
683 0 0 0 0 0 0 0 0 0 0 0 0 0 0 0 0 0 0 0 0 684 0 0 0 0 0 0 0 0 0
684 0 0 0 0 0 0 0 0 0 0 0 0 0 0 0 0 0 0 0 0 0 0 0 0 0 0 0 0 0 1 appointment
685 0 0 0 0 0 686 0 0 0 0 0 0 0 0 0 692 0 0 0 0 0 0 0 0 0 0 0 0 0 0
686 0 0 0 687 0 0 0 0 0 0 0 0 0 0 0 0 0 0 0 0 0 0 0 0 0 0 0 0 0 0
687 0 0 0 0 0 0 0 0 0 688 0 0 0 0 0 0 0 0 0 0 0 0 0 0 0 0 0 0 0 0
688 0 689 0 0 0 0 0 0 0 0 0 0 0 0 0 0 0 0 0 0 0 0 0 0 0 0 0 0 0 0
689 0 0 0 0 0 0 0 0 0 0 0 0 0 0 0 0 0 0 0 0 690 0 0 0 0 0 0 0 0 0
690 0 0 0 0 0 691 0 0 0 0 0 0 0 0 0 0 0 0 0 0 0 0 0 0 0 0 0 0 0 0
691 0 0 0 0 0 0 0 0 0 0 0 0 0 0 0 0 0 0 0 0 0 0 0 0 0 0 0 0 0 1 appreciate
692 0 693 0 0 0 0 0 0 0 0 0 0 0 0 0 0 696 0 0 0 0 0 702 0 706 0 0 0 0 0
693 0 0 0 694 0 0 0 0 0 0 0 0 0 0 0 0 0 0 0 0 0 0 0 0 0 0 0 0 0 0
694 0 0 0 0 0 0 0 0 695 0 0 0 0 0 0 0 0 0 0 0 0 0 0 0 0 0 0 0 0 0
695 0 0 0 0 0 0 0 0 0 0 0 0 0 0 0 0 0 0 0 0 0 0 0 0 0 0 0 0 0 1 approach
696 0 0 0 0 0 0 0 0 0 0 0 0 0 0 0 0 0 0 697 0 0 0 0 0 0 0 0 0 0 0
697 0 0 0 0 0 0 0 0 0 698 0 0 0 0 0 0 0 0 0 0 0 0 0 0 0 0 0 0 0 0
698 0 699 0 0 0 0 0 0 0 0 0 0 0 0 0 0 0 0 0 0 0 0 0 0 0 0 0 0 0 0
699 0 0 0 0 0 0 0 0 0 0 0 0 0 0 0 0 0 0 0 0 700 0 0 0 0 0 0 0 0 0
700 0 0 0 0 0 701 0 0 0 0 0 0 0 0 0 0 0 0 0 0 0 0 0 0 0 0 0 0 0 0
701 0 0 0 0 0 0 0 0 0 0 0 0 0 0 0 0 0 0 0 0 0 0 0 0 0 0 0 0 0 1 appropriate
702 0 703 0 0 0 705 0 0 0 0 0 0 0 0 0 0 0 0 0 0 0 0 0 0 0 0 0 0 0 0
703 0 0 0 0 0 0 0 0 0 0 0 0 704 0 0 0 0 0 0 0 0 0 0 0 0 0 0 0 0 0
704 0 0 0 0 0 0 0 0 0 0 0 0 0 0 0 0 0 0 0 0 0 0 0 0 0 0 0 0 0 1 approval
705 0 0 0 0 0 0 0 0 0 0 0 0 0 0 0 0 0 0 0 0 0 0 0 0 0 0 0 0 0 1 approve
706 0 0 0 0 0 0 0 0 0 707 0 0 0 0 0 0 0 0 0 0 0 0 0 0 0 0 0 0 0 0
707 0 0 0 0 0 0 0 0 0 0 0 0 0 708 0 0 0 0 0 0 0 0 0 0 0 0 0 0 0 0
708 0 709 0 0 0 0 0 0 0 0 0 0 0 0 0 0 0 0 0 0 0 0 0 0 0 0 0 0 0 0
709 0 0 0 0 0 0 0 0 0 0 0 0 0 0 0 0 0 0 0 0 710 0 0 0 0 0 0 0 0 0
710 0 0 0 0 0 711 0 0 0 0 0 0 0 0 0 0 0 0 0 0 0 0 0 0 0 0 0 0 0 0
711 0 0 0 0 0 0 0 0 0 0 0 0 712 0 0 0 0 0 0 0 0 0 0 0 0 0 0 0 0 1 approximate
712 0 0 0 0 0 0 0 0 0 0 0 0 0 0 0 0 0 0 0 0 0 0 0 0 0 713 0 0 0 0
713 0 0 0 0 0 0 0 0 0 0 0 0 0 0 0 0 0 0 0 0 0 0 0 0 0 0 0 0 0 1 approximately
714 0 0 0 0 0 0 0 0 0 715 0 0 0 0 0 0 0 0 0 0 0 0 0 0 0 0 0 0 0 0
715 0 0 0 0 0 0 0 0 0 0 0 0 716 0 0 0 0 0 0 0 0 0 0 0 0 0 0 0 0 0
716 0 0 0 0 0 0 0 0 0 0 0 0 0 0 0 0 0 0 0 0 0 0 0 0 0 0 0 0 0 1 April
717 0 718 723 730 0 740 0 742 0 749 0 0 0 759 0 761 0 0 767 0 786 0 0 0 0 0 0 0 0 0
718 0 0 719 0 0 0 0 0 0 0 0 0 0 0 0 0 0 0 0 0 0 0 0 0 0 0 0 0 0 0
719 0 0 0 0 0 0 0 0 0 720 0 0 0 0 0 0 0 0 0 0 0 0 0 0 0 0 0 0 0 0
720 0 721 0 0 0 0 0 0 0 0 0 0 0 0 0 0 0 0 0 0 0 0 0 0 0 0 0 0 0 0
721 0 0 0 0 0 0 0 0 0 0 0 0 0 0 722 0 0 0 0 0 0 0 0 0 0 0 0 0 0 0
722 0 0 0 0 0 0 0 0 0 0 0 0 0 0 0 0 0 0 0 0 0 0 0 0 0 0 0 0 0 1 Arabian
723 0 0 0 0 0 0 0 0 0 724 0 0 0 0 0 0 0 0 0 0 0 0 0 0 0 0 0 0 0 0
724 0 0 0 0 0 0 0 0 0 0 0 0 0 0 0 0 0 0 0 0 725 0 0 0 0 0 0 0 0 0
725 0 0 0 0 0 0 0 0 0 0 0 0 0 0 0 0 0 0 726 0 0 0 0 0 0 0 0 0 0 0
726 0 727 0 0 0 0 0 0 0 0 0 0 0 0 0 0 0 0 0 0 0 0 0 0 0 0 0 0 0 0
727 0 0 0 0 0 0 0 0 0 0 0 0 0 0 0 0 0 0 728 0 0 0 0 0 0 0 0 0 0 0
728 0 0 0 0 0 0 0 0 0 0 0 0 0 0 0 0 0 0 0 0 0 0 0 0 0 729 0 0 0 0
729 0 0 0 0 0 0 0 0 0 0 0 0 0 0 0 0 0 0 0 0 0 0 0 0 0 0 0 0 0 1 arbitrary
730 0 0 0 0 0 0 0 0 731 0 0 0 0 0 0 0 0 0 0 0 0 0 0 0 0 0 0 0 0 0
731 0 0 0 0 0 0 0 0 0 732 0 0 0 0 0 0 0 0 0 0 0 0 0 0 0 0 0 0 0 0
732 0 0 0 0 0 0 0 0 0 0 0 0 0 0 0 0 0 0 0 0 733 0 0 0 0 0 0 0 0 0
733 0 0 0 0 0 734 0 0 0 0 0 0 0 0 0 0 0 0 0 0 0 0 0 0 0 0 0 0 0 0
734 0 0 0 735 0 0 0 0 0 0 0 0 0 0 0 0 0 0 0 0 0 0 0 0 0 0 0 0 0 0
735 0 0 0 0 0 0 0 0 0 0 0 0 0 0 0 0 0 0 0 0 736 0 0 0 0 0 0 0 0 0
736 0 0 0 0 0 0 0 0 0 0 0 0 0 0 0 0 0 0 0 0 0 737 0 0 0 0 0 0 0 0
737 0 0 0 0 0 0 0 0 0 0 0 0 0 0 0 0 0 0 738 0 0 0 0 0 0 0 0 0 0 0
738 0 0 0 0 0 739 0 0 0 0 0 0 0 0 0 0 0 0 0 0 0 0 0 0 0 0 0 0 0 0
739 0 0 0 0 0 0 0 0 0 0 0 0 0 0 0 0 0 0 0 0 0 0 0 0 0 0 0 0 0 1 architecture
740 0 741 0 0 0 0 0 0 0 0 0 0 0 0 0 0 0 0 0 0 0 0 0 0 0 0 0 0 0 0
741 0 0 0 0 0 0 0 0 0 0 0 0 0 0 0 0 0 0 0 0 0 0 0 0 0 0 0 0 0 1 area
742 0 0 0 0 0 0 0 0 0 0 0 0 0 0 0 0 0 0 0 0 0 743 0 0 0 0 0 0 0 0
743 0 0 0 0 0 744 0 0 0 0 0 0 0 745 0 0 0 0 0 0 0 0 0 0 0 0 0 0 0 0
744 0 0 0 0 0 0 0 0 0 0 0 0 0 0 0 0 0 0 0 0 0 0 0 0 0 0 0 0 0 1 argue
745 0 0 0 0 0 746 0 0 0 0 0 0 0 0 0 0 0 0 0 0 0 0 0 0 0 0 0 0 0 0
746 0 0 0 0 0 0 0 0 0 0 0 0 0 0 747 0 0 0 0 0 0 0 0 0 0 0 0 0 0 0
747 0 0 0 0 0 0 0 0 0 0 0 0 0 0 0 0 0 0 0 0 748 0 0 0 0 0 0 0 0 0
748 0 0 0 0 0 0 0 0 0 0 0 0 0 0 0 0 0 0 0 0 0 0 0 0 0 0 0 0 0 1 argument
749 0 0 0 0 0 0 0 0 0 0 0 0 0 0 0 0 0 0 0 750 752 0 0 0 0 0 0 0 0 0
750 0 0 0 0 0 751 0 0 0 0 0 0 0 0 0 0 0 0 0 0 0 0 0 0 0 0 0 0 0 0
751 0 0 0 0 0 0 0 0 0 0 0 0 0 0 0 0 0 0 0 0 0 0 0 0 0 0 0 0 0 1 arise
752 0 0 0 0 0 0 0 0 753 0 0 0 0 0 0 0 0 0 0 0 0 0 0 0 0 0 0 0 0 0
753 0 0 0 0 0 0 0 0 0 0 0 0 0 754 0 0 0 0 0 0 0 0 0 0 0 0 0 0 0 0
754 0 0 0 0 0 755 0 0 0 0 0 0 0 0 0 0 0 0 0 0 0 0 0 0 0 0 0 0 0 0
755 0 0 0 0 0 0 0 0 0 0 0 0 0 0 0 0 0 0 0 0 756 0 0 0 0 0 0 0 0 0
756 0 0 0 0 0 0 0 0 0 757 0 0 0 0 0 0 0 0 0 0 0 0 0 0 0 0 0 0 0 0
757 0 0 0 758 0 0 0 0 0 0 0 0 0 0 0 0 0 0 0 0 0 0 0 0 0 0 0 0 0 0
758 0 0 0 0 0 0 0 0 0 0 0 0 0 0 0 0 0 0 0 0 0 0 0 0 0 0 0 0 0 1 arithmetic
759 0 0 0 0 0 0 0 0 0 0 0 0 0 0 0 0 0 0 0 0 0 0 0 0 0 760 0 0 0 1 arm
760 0 0 0 0 0 0 0 0 0 0 0 0 0 0 0 0 0 0 0 0 0 0 0 0 0 0 0 0 0 1 army
761 0 0 0 0 0 0 0 0 0 0 0 0 0 0 0 0 0 0 0 0 0 762 0 0 0 0 0 0 0 0
762 0 0 0 0 0 0 0 0 0 0 0 0 0 0 763 0 0 0 0 765 0 0 0 0 0 0 0 0 0 0
763 0 0 0 0 764 0 0 0 0 0 0 0 0 0 0 0 0 0 0 0 0 0 0 0 0 0 0 0 0 0
764 0 0 0 0 0 0 0 0 0 0 0 0 0 0 0 0 0 0 0 0 0 0 0 0 0 0 0 0 0 1 around
765 0 0 0 0 0 766 0 0 0 0 0 0 0 0 0 0 0 0 0 0 0 0 0 0 0 0 0 0 0 0
766 0 0 0 0 0 0 0 0 0 0 0 0 0 0 0 0 0 0 0 0 0 0 0 0 0 0 0 0 0 1 arouse
767 0 768 0 0 0 776 0 0 0 779 0 0 0 0 0 784 0 0 0 0 0 0 0 0 0 0 0 0 0 0
768 0 0 0 0 0 0 0 0 0 0 0 0 0 0 769 0 0 0 0 0 0 0 0 0 0 0 0 0 0 0
769 0 0 0 0 0 0 0 770 0 0 0 0 0 0 0 0 0 0 0 0 0 0 0 0 0 0 0 0 0 0
770 0 0 0 0 0 771 0 0 0 0 0 0 0 0 0 0 0 0 0 0 0 0 0 0 0 0 0 0 0 0
771 0 0 0 0 0 0 0 0 0 0 0 0 0 772 0 0 0 0 0 0 0 0 0 0 0 0 0 0 0 1 arrange
772 0 0 0 0 0 773 0 0 0 0 0 0 0 0 0 0 0 0 0 0 0 0 0 0 0 0 0 0 0 0
773 0 0 0 0 0 0 0 0 0 0 0 0 0 0 774 0 0 0 0 0 0 0 0 0 0 0 0 0 0 0
774 0 0 0 0 0 0 0 0 0 0 0 0 0 0 0 0 0 0 0 0 775 0 0 0 0 0 0 0 0 0
775 0 0 0 0 0 0 0 0 0 0 0 0 0 0 0 0 0 0 0 0 0 0 0 0 0 0 0 0 0 1 arrangement
776 0 0 0 0 0 0 0 0 0 0 0 0 0 0 0 0 0 0 0 777 0 0 0 0 0 0 0 0 0 0
777 0 0 0 0 0 0 0 0 0 0 0 0 0 0 0 0 0 0 0 0 778 0 0 0 0 0 0 0 0 0
778 0 0 0 0 0 0 0 0 0 0 0 0 0 0 0 0 0 0 0 0 0 0 0 0 0 0 0 0 0 1 arrest
779 0 0 0 0 0 0 0 0 0 0 0 0 0 0 0 0 0 0 0 0 0 0 780 0 0 0 0 0 0 0
780 0 781 0 0 0 783 0 0 0 0 0 0 0 0 0 0 0 0 0 0 0 0 0 0 0 0 0 0 0 0
781 0 0 0 0 0 0 0 0 0 0 0 0 782 0 0 0 0 0 0 0 0 0 0 0 0 0 0 0 0 0
782 0 0 0 0 0 0 0 0 0 0 0 0 0 0 0 0 0 0 0 0 0 0 0 0 0 0 0 0 0 1 arrival
783 0 0 0 0 0 0 0 0 0 0 0 0 0 0 0 0 0 0 0 0 0 0 0 0 0 0 0 0 0 1 arrive
784 0 0 0 0 0 0 0 0 0 0 0 0 0 0 0 0 0 0 0 0 0 0 0 785 0 0 0 0 0 0
785 0 0 0 0 0 0 0 0 0 0 0 0 0 0 0 0 0 0 0 0 0 0 0 0 0 0 0 0 0 1 arrow
786 0 0 0 0 0 0 0 0 0 787 0 0 0 0 0 0 0 0 0 0 0 0 0 0 0 0 0 0 0 1 art
787 0 0 0 788 0 0 791 0 0 0 0 0 0 0 0 0 0 0 0 797 0 0 0 0 0 0 0 0 0 0
788 0 0 0 0 0 0 0 0 0 0 0 0 789 0 0 0 0 0 0 0 0 0 0 0 0 0 0 0 0 0
789 0 0 0 0 0 790 0 0 0 0 0 0 0 0 0 0 0 0 0 0 0 0 0 0 0 0 0 0 0 0
790 0 0 0 0 0 0 0 0 0 0 0 0 0 0 0 0 0 0 0 0 0 0 0 0 0 0 0 0 0 1 article
791 0 0 0 0 0 0 0 0 0 792 0 0 0 0 0 0 0 0 0 0 0 0 0 0 0 0 0 0 0 0
792 0 0 0 793 0 0 0 0 0 0 0 0 0 0 0 0 0 0 0 0 0 0 0 0 0 0 0 0 0 0
793 0 0 0 0 0 0 0 0 0 794 0 0 0 0 0 0 0 0 0 0 0 0 0 0 0 0 0 0 0 0
794 0 795 0 0 0 0 0 0 0 0 0 0 0 0 0 0 0 0 0 0 0 0 0 0 0 0 0 0 0 0
795 0 0 0 0 0 0 0 0 0 0 0 0 796 0 0 0 0 0 0 0 0 0 0 0 0 0 0 0 0 0
796 0 0 0 0 0 0 0 0 0 0 0 0 0 0 0 0 0 0 0 0 0 0 0 0 0 0 0 0 0 1 artificial
797 0 0 0 0 0 0 0 0 0 0 0 0 0 0 0 0 0 0 0 0 798 0 0 0 0 0 0 0 0 0
798 0 0 0 0 0 0 0 0 0 799 0 0 0 0 0 0 0 0 0 0 0 0 0 0 0 0 0 0 0 1 artist
799 0 0 0 800 0 0 0 0 0 0 0 0 0 0 0 0 0 0 0 0 0 0 0 0 0 0 0 0 0 0
800 0 0 0 0 0 0 0 0 0 0 0 0 0 0 0 0 0 0 0 0 0 0 0 0 0 0 0 0 0 1 artistic
801 0 0 0 0 0 0 0 0 802 807 0 812 813 0 0 0 817 0 0 821 856 0 0 0 0 0 0 0 0 1 as
802 0 803 0 0 0 0 0 0 0 0 0 0 0 0 0 0 0 0 0 0 0 0 0 0 0 0 0 0 0 1 ash
803 0 0 0 0 0 0 0 0 0 0 0 0 0 804 0 0 0 0 0 0 0 0 0 0 0 0 0 0 0 0
804 0 0 0 0 0 805 0 0 0 0 0 0 0 0 0 0 0 0 0 0 0 0 0 0 0 0 0 0 0 0
805 0 0 0 0 806 0 0 0 0 0 0 0 0 0 0 0 0 0 0 0 0 0 0 0 0 0 0 0 0 0
806 0 0 0 0 0 0 0 0 0 0 0 0 0 0 0 0 0 0 0 0 0 0 0 0 0 0 0 0 0 1 ashamed
807 0 808 0 0 810 0 0 0 0 0 0 0 0 0 0 0 0 0 0 0 0 0 0 0 0 0 0 0 0 0
808 0 0 0 0 0 0 0 0 0 0 0 0 0 0 809 0 0 0 0 0 0 0 0 0 0 0 0 0 0 1 Asia
809 0 0 0 0 0 0 0 0 0 0 0 0 0 0 0 0 0 0 0 0 0 0 0 0 0 0 0 0 0 1 Asian
810 0 0 0 0 0 811 0 0 0 0 0 0 0 0 0 0 0 0 0 0 0 0 0 0 0 0 0 0 0 0
811 0 0 0 0 0 0 0 0 0 0 0 0 0 0 0 0 0 0 0 0 0 0 0 0 0 0 0 0 0 1 aside
812 0 0 0 0 0 0 0 0 0 0 0 0 0 0 0 0 0 0 0 0 0 0 0 0 0 0 0 0 0 1 ask
813 0 0 0 0 0 814 0 0 0 0 0 0 0 0 0 0 0 0 0 0 0 0 0 0 0 0 0 0 0 0
814 0 0 0 0 0 815 0 0 0 0 0 0 0 0 0 0 0 0 0 0 0 0 0 0 0 0 0 0 0 0
815 0 0 0 0 0 0 0 0 0 0 0 0 0 0 0 0 816 0 0 0 0 0 0 0 0 0 0 0 0 0
816 0 0 0 0 0 0 0 0 0 0 0 0 0 0 0 0 0 0 0 0 0 0 0 0 0 0 0 0 0 1 asleep
817 0 0 0 0 0 818 0 0 0 0 0 0 0 0 0 0 0 0 0 0 0 0 0 0 0 0 0 0 0 0
818 0 0 0 819 0 0 0 0 0 0 0 0 0 0 0 0 0 0 0 0 0 0 0 0 0 0 0 0 0 0
819 0 0 0 0 0 0 0 0 0 0 0 0 0 0 0 0 0 0 0 0 820 0 0 0 0 0 0 0 0 0
820 0 0 0 0 0 0 0 0 0 0 0 0 0 0 0 0 0 0 0 0 0 0 0 0 0 0 0 0 0 1 aspect
821 0 0 0 0 0 822 0 0 0 830 0 0 0 0 0 842 0 0 0 0 0 851 0 0 0 0 0 0 0 0
822 0 0 0 0 0 0 0 0 0 0 0 0 0 823 0 0 0 0 0 828 0 0 0 0 0 0 0 0 0 0
823 0 0 824 0 0 0 0 0 0 0 0 0 0 0 0 0 0 0 0 0 0 0 0 0 0 0 0 0 0 0
824 0 0 0 0 0 0 0 0 0 0 0 0 825 0 0 0 0 0 0 0 0 0 0 0 0 0 0 0 0 0
825 0 0 0 0 0 826 0 0 0 0 0 0 0 0 0 0 0 0 0 0 0 0 0 0 0 827 0 0 0 0
826 0 0 0 0 0 0 0 0 0 0 0 0 0 0 0 0 0 0 0 0 0 0 0 0 0 0 0 0 0 1 assemble
827 0 0 0 0 0 0 0 0 0 0 0 0 0 0 0 0 0 0 0 0 0 0 0 0 0 0 0 0 0 1 assembly
828 0 0 0 0 0 0 0 0 0 0 0 0 0 0 0 0 0 0 0 829 0 0 0 0 0 0 0 0 0 0
829 0 0 0 0 0 0 0 0 0 0 0 0 0 0 0 0 0 0 0 0 0 0 0 0 0 0 0 0 0 1 assess
830 0 0 0 0 0 0 0 831 0 0 0 0 0 0 0 0 0 0 0 837 0 0 0 0 0 0 0 0 0 0
831 0 0 0 0 0 0 0 0 0 0 0 0 0 0 832 0 0 0 0 0 0 0 0 0 0 0 0 0 0 0
832 0 0 0 0 0 0 0 0 0 0 0 0 0 833 0 0 0 0 0 0 0 0 0 0 0 0 0 0 0 1 assign
833 0 0 0 0 0 834 0 0 0 0 0 0 0 0 0 0 0 0 0 0 0 0 0 0 0 0 0 0 0 0
834 0 0 0 0 0 0 0 0 0 0 0 0 0 0 835 0 0 0 0 0 0 0 0 0 0 0 0 0 0 0
835 0 0 0 0 0 0 0 0 0 0 0 0 0 0 0 0 0 0 0 0 836 0 0 0 0 0 0 0 0 0
836 0 0 0 0 0 0 0 0 0 0 0 0 0 0 0 0 0 0 0 0 0 0 0 0 0 0 0 0 0 1 assignment
837 0 0 0 0 0 0 0 0 0 0 0 0 0 0 0 0 0 0 0 0 838 0 0 0 0 0 0 0 0 0
838 0 839 0 0 0 0 0 0 0 0 0 0 0 0 0 0 0 0 0 0 0 0 0 0 0 0 0 0 0 1 assist
839 0 0 0 0 0 0 0 0 0 0 0 0 0 0 840 0 0 0 0 0 0 0 0 0 0 0 0 0 0 0
840 0 0 0 0 0 0 0 0 0 0 0 0 0 0 0 0 0 0 0 0 841 0 0 0 0 0 0 0 0 0
841 0 0 0 0 0 0 0 0 0 0 0 0 0 0 0 0 0 0 0 0 0 0 0 0 0 0 0 0 0 1 assistant
842 0 0 0 843 0 0 0 0 0 0 0 0 0 0 0 0 0 0 0 0 0 0 0 0 0 0 0 0 0 0
843 0 0 0 0 0 0 0 0 0 844 0 0 0 0 0 0 0 0 0 0 0 0 0 0 0 0 0 0 0 0
844 0 845 0 0 0 0 0 0 0 0 0 0 0 0 0 0 0 0 0 0 0 0 0 0 0 0 0 0 0 0
845 0 0 0 0 0 0 0 0 0 0 0 0 0 0 0 0 0 0 0 0 846 0 0 0 0 0 0 0 0 0
846 0 0 0 0 0 847 0 0 0 848 0 0 0 0 0 0 0 0 0 0 0 0 0 0 0 0 0 0 0 0
847 0 0 0 0 0 0 0 0 0 0 0 0 0 0 0 0 0 0 0 0 0 0 0 0 0 0 0 0 0 1 associate
848 0 0 0 0 0 0 0 0 0 0 0 0 0 0 0 849 0 0 0 0 0 0 0 0 0 0 0 0 0 0
849 0 0 0 0 0 0 0 0 0 0 0 0 0 0 850 0 0 0 0 0 0 0 0 0 0 0 0 0 0 0
850 0 0 0 0 0 0 0 0 0 0 0 0 0 0 0 0 0 0 0 0 0 0 0 0 0 0 0 0 0 1 association
851 0 0 0 0 0 0 0 0 0 0 0 0 0 852 0 0 0 0 854 0 0 0 0 0 0 0 0 0 0 0
852 0 0 0 0 0 853 0 0 0 0 0 0 0 0 0 0 0 0 0 0 0 0 0 0 0 0 0 0 0 0
853 0 0 0 0 0 0 0 0 0 0 0 0 0 0 0 0 0 0 0 0 0 0 0 0 0 0 0 0 0 1 assume
854 0 0 0 0 0 855 0 0 0 0 0 0 0 0 0 0 0 0 0 0 0 0 0 0 0 0 0 0 0 0
855 0 0 0 0 0 0 0 0 0 0 0 0 0 0 0 0 0 0 0 0 0 0 0 0 0 0 0 0 0 1 assure
856 0 0 0 0 0 0 0 0 0 0 0 0 0 0 0 857 0 0 862 0 0 0 0 0 0 0 0 0 0 0
857 0 0 0 0 0 0 0 0 0 0 0 0 0 0 858 0 0 0 0 0 0 0 0 0 0 0 0 0 0 0
858 0 0 0 0 0 0 0 0 0 859 0 0 0 0 0 0 0 0 0 0 0 0 0 0 0 0 0 0 0 0
859 0 0 0 0 0 0 0 0 0 0 0 0 0 0 0 0 0 0 0 860 0 0 0 0 0 0 0 0 0 0
860 0 0 0 0 0 0 0 0 861 0 0 0 0 0 0 0 0 0 0 0 0 0 0 0 0 0 0 0 0 0
861 0 0 0 0 0 0 0 0 0 0 0 0 0 0 0 0 0 0 0 0 0 0 0 0 0 0 0 0 0 1 astonish
862 0 0 0 0 0 0 0 0 0 0 0 0 0 0 0 863 0 0 0 0 0 0 0 0 0 0 0 0 0 0
863 0 0 0 0 0 0 0 0 0 0 0 0 0 0 864 0 0 0 0 0 0 0 0 0 0 0 0 0 0 0
864 0 865 0 0 0 0 0 0 0 0 0 0 0 0 0 0 0 0 0 0 0 0 0 0 0 0 0 0 0 0
865 0 0 0 0 0 0 0 0 0 0 0 0 0 0 0 0 0 0 0 0 0 866 0 0 0 0 0 0 0 0
866 0 0 0 0 0 0 0 0 0 0 0 0 0 0 0 0 0 0 0 0 867 0 0 0 0 0 0 0 0 0
867 0 0 0 0 0 0 0 0 0 0 0 0 0 0 0 0 0 0 0 0 0 0 0 0 0 0 0 0 0 1 astronaut
868 0 0 0 0 0 0 0 0 869 0 0 0 874 880 0 890 0 0 0 0 894 0 0 0 0 0 0 0 0 1 at
869 0 0 0 0 0 0 0 0 0 0 0 0 870 0 0 0 0 0 0 0 0 0 0 0 0 0 0 0 0 0
870 0 0 0 0 0 871 0 0 0 0 0 0 0 0 0 0 0 0 0 0 0 0 0 0 0 0 0 0 0 0
871 0 0 0 0 0 0 0 0 0 0 0 0 0 0 0 0 0 0 0 0 872 0 0 0 0 0 0 0 0 0
872 0 0 0 0 0 873 0 0 0 0 0 0 0 0 0 0 0 0 0 0 0 0 0 0 0 0 0 0 0 0
873 0 0 0 0 0 0 0 0 0 0 0 0 0 0 0 0 0 0 0 0 0 0 0 0 0 0 0 0 0 1 athlete
874 0 875 0 0 0 0 0 0 0 0 0 0 0 0 0 0 0 0 0 0 0 0 0 0 0 0 0 0 0 0
875 0 0 0 0 0 0 0 0 0 0 0 0 0 0 876 0 0 0 0 0 0 0 0 0 0 0 0 0 0 0
876 0 0 0 0 0 0 0 0 0 0 0 0 0 0 0 0 0 0 0 0 877 0 0 0 0 0 0 0 0 0
877 0 0 0 0 0 0 0 0 0 878 0 0 0 0 0 0 0 0 0 0 0 0 0 0 0 0 0 0 0 0
878 0 0 0 879 0 0 0 0 0 0 0 0 0 0 0 0 0 0 0 0 0 0 0 0 0 0 0 0 0 0
879 0 0 0 0 0 0 0 0 0 0 0 0 0 0 0 0 0 0 0 0 0 0 0 0 0 0 0 0 0 1 Atlantic
880 0 0 0 0 0 0 0 0 0 0 0 0 0 0 0 881 0 0 0 0 0 0 0 0 0 0 0 0 0 0
881 0 0 0 0 0 0 0 0 0 0 0 0 0 0 0 0 0 0 0 882 0 0 0 0 0 0 0 0 0 0
882 0 0 0 0 0 0 0 0 0 0 0 0 0 0 0 0 883 0 0 0 0 0 0 0 0 0 0 0 0 0
883 0 0 0 0 0 0 0 0 884 0 0 0 0 0 0 0 0 0 0 0 0 0 0 0 0 0 0 0 0 0
884 0 0 0 0 0 885 0 0 0 0 0 0 0 0 0 0 0 0 0 0 0 0 0 0 0 0 0 0 0 0
885 0 0 0 0 0 0 0 0 0 0 0 0 0 0 0 0 0 0 886 0 0 0 0 0 0 0 0 0 0 0
886 0 0 0 0 0 887 0 0 0 888 0 0 0 0 0 0 0 0 0 0 0 0 0 0 0 0 0 0 0 0
887 0 0 0 0 0 0 0 0 0 0 0 0 0 0 0 0 0 0 0 0 0 0 0 0 0 0 0 0 0 1 atmosphere
888 0 0 0 889 0 0 0 0 0 0 0 0 0 0 0 0 0 0 0 0 0 0 0 0 0 0 0 0 0 0
889 0 0 0 0 0 0 0 0 0 0 0 0 0 0 0 0 0 0 0 0 0 0 0 0 0 0 0 0 0 1 atmospheric
890 0 0 0 0 0 0 0 0 0 0 0 0 0 891 0 0 0 0 0 0 0 0 0 0 0 0 0 0 0 0
891 0 0 0 0 0 0 0 0 0 892 0 0 0 0 0 0 0 0 0 0 0 0 0 0 0 0 0 0 0 1 atom
892 0 0 0 893 0 0 0 0 0 0 0 0 0 0 0 0 0 0 0 0 0 0 0 0 0 0 0 0 0 0
893 0 0 0 0 0 0 0 0 0 0 0 0 0 0 0 0 0 0 0 0 0 0 0 0 0 0 0 0 0 1 atomic
894 0 895 0 0 0 901 0 0 0 913 0 0 0 0 0 0 0 0 918 0 0 0 0 0 0 0 0 0 0 0
895 0 0 0 896 0 0 0 0 0 899 0 0 0 0 0 0 0 0 0 0 0 0 0 0 0 0 0 0 0 0
896 0 0 0 0 0 0 0 0 897 0 0 898 0 0 0 0 0 0 0 0 0 0 0 0 0 0 0 0 0 0
897 0 0 0 0 0 0 0 0 0 0 0 0 0 0 0 0 0 0 0 0 0 0 0 0 0 0 0 0 0 1 attach
898 0 0 0 0 0 0 0 0 0 0 0 0 0 0 0 0 0 0 0 0 0 0 0 0 0 0 0 0 0 1 attack
899 0 0 0 0 0 0 0 0 0 0 0 0 0 0 900 0 0 0 0 0 0 0 0 0 0 0 0 0 0 0
900 0 0 0 0 0 0 0 0 0 0 0 0 0 0 0 0 0 0 0 0 0 0 0 0 0 0 0 0 0 1 attain
901 0 0 0 0 0 0 0 0 0 0 0 0 0 902 905 0 0 0 0 0 0 0 0 0 0 0 0 0 0 0
902 0 0 0 0 0 0 0 0 0 0 0 0 0 0 0 0 903 0 0 0 0 0 0 0 0 0 0 0 0 0
903 0 0 0 0 0 0 0 0 0 0 0 0 0 0 0 0 0 0 0 0 904 0 0 0 0 0 0 0 0 0
904 0 0 0 0 0 0 0 0 0 0 0 0 0 0 0 0 0 0 0 0 0 0 0 0 0 0 0 0 0 1 attempt
905 0 0 0 0 906 0 0 0 0 0 0 0 0 0 0 0 0 0 0 0 907 0 0 0 0 0 0 0 0 0
906 0 0 0 0 0 0 0 0 0 0 0 0 0 0 0 0 0 0 0 0 0 0 0 0 0 0 0 0 0 1 attend
907 0 0 0 0 0 0 0 0 0 908 0 0 0 0 0 0 0 0 0 0 0 0 0 0 0 0 0 0 0 0
908 0 0 0 0 0 0 0 0 0 0 0 0 0 0 0 909 0 0 0 0 0 0 911 0 0 0 0 0 0 0
909 0 0 0 0 0 0 0 0 0 0 0 0 0 0 910 0 0 0 0 0 0 0 0 0 0 0 0 0 0 0
910 0 0 0 0 0 0 0 0 0 0 0 0 0 0 0 0 0 0 0 0 0 0 0 0 0 0 0 0 0 1 attention
911 0 0 0 0 0 912 0 0 0 0 0 0 0 0 0 0 0 0 0 0 0 0 0 0 0 0 0 0 0 0
912 0 0 0 0 0 0 0 0 0 0 0 0 0 0 0 0 0 0 0 0 0 0 0 0 0 0 0 0 0 1 attentive
913 0 0 0 0 0 0 0 0 0 0 0 0 0 0 0 0 0 0 0 0 914 0 0 0 0 0 0 0 0 0
914 0 0 0 0 0 0 0 0 0 0 0 0 0 0 0 0 0 0 0 0 0 915 0 0 0 0 0 0 0 0
915 0 0 0 0 916 0 0 0 0 0 0 0 0 0 0 0 0 0 0 0 0 0 0 0 0 0 0 0 0 0
916 0 0 0 0 0 917 0 0 0 0 0 0 0 0 0 0 0 0 0 0 0 0 0 0 0 0 0 0 0 0
917 0 0 0 0 0 0 0 0 0 0 0 0 0 0 0 0 0 0 0 0 0 0 0 0 0 0 0 0 0 1 attitude
918 0 919 0 0 0 0 0 0 0 927 0 0 0 0 0 0 0 0 0 0 0 0 0 0 0 0 0 0 0 0
919 0 0 0 920 0 0 0 0 0 0 0 0 0 0 0 0 0 0 0 0 0 0 0 0 0 0 0 0 0 0
920 0 0 0 0 0 0 0 0 0 0 0 0 0 0 0 0 0 0 0 0 921 0 0 0 0 0 0 0 0 0
921 0 0 0 0 0 0 0 0 0 922 0 0 0 0 0 0 0 0 0 0 0 0 0 0 0 0 0 0 0 1 attract
922 0 0 0 0 0 0 0 0 0 0 0 0 0 0 0 923 0 0 0 0 0 0 925 0 0 0 0 0 0 0
923 0 0 0 0 0 0 0 0 0 0 0 0 0 0 924 0 0 0 0 0 0 0 0 0 0 0 0 0 0 0
924 0 0 0 0 0 0 0 0 0 0 0 0 0 0 0 0 0 0 0 0 0 0 0 0 0 0 0 0 0 1 attraction
925 0 0 0 0 0 926 0 0 0 0 0 0 0 0 0 0 0 0 0 0 0 0 0 0 0 0 0 0 0 0
926 0 0 0 0 0 0 0 0 0 0 0 0 0 0 0 0 0 0 0 0 0 0 0 0 0 0 0 0 0 1 attractive
927 0 0 928 0 0 0 0 0 0 0 0 0 0 0 0 0 0 0 0 0 0 0 0 0 0 0 0 0 0 0
928 0 0 0 0 0 0 0 0 0 0 0 0 0 0 0 0 0 0 0 0 0 929 0 0 0 0 0 0 0 0
929 0 0 0 0 0 0 0 0 0 0 0 0 0 0 0 0 0 0 0 0 930 0 0 0 0 0 0 0 0 0
930 0 0 0 0 0 931 0 0 0 0 0 0 0 0 0 0 0 0 0 0 0 0 0 0 0 0 0 0 0 0
931 0 0 0 0 0 0 0 0 0 0 0 0 0 0 0 0 0 0 0 0 0 0 0 0 0 0 0 0 0 1 attribute
932 0 0 0 0 933 0 0 939 0 0 0 0 0 0 943 0 0 0 945 948 956 0 0 0 979 0 0 0 0 0
933 0 0 0 0 0 0 0 0 0 934 0 0 0 0 0 0 0 0 0 0 0 0 0 0 0 0 0 0 0 0
934 0 0 0 0 0 935 0 0 0 0 0 0 0 0 0 0 0 0 0 0 0 0 0 0 0 0 0 0 0 0
935 0 0 0 0 0 0 0 0 0 0 0 0 0 0 936 0 0 0 0 0 0 0 0 0 0 0 0 0 0 0
936 0 0 0 937 0 0 0 0 0 0 0 0 0 0 0 0 0 0 0 0 0 0 0 0 0 0 0 0 0 0
937 0 0 0 0 0 938 0 0 0 0 0 0 0 0 0 0 0 0 0 0 0 0 0 0 0 0 0 0 0 0
938 0 0 0 0 0 0 0 0 0 0 0 0 0 0 0 0 0 0 0 0 0 0 0 0 0 0 0 0 0 1 audience
939 0 0 0 0 0 0 0 0 0 0 0 0 0 0 0 0 0 0 0 0 0 940 0 0 0 0 0 0 0 0
940 0 0 0 0 0 0 0 0 0 0 0 0 0 0 0 0 0 0 0 941 0 0 0 0 0 0 0 0 0 0
941 0 0 0 0 0 0 0 0 0 0 0 0 0 0 0 0 0 0 0 0 942 0 0 0 0 0 0 0 0 0
942 0 0 0 0 0 0 0 0 0 0 0 0 0 0 0 0 0 0 0 0 0 0 0 0 0 0 0 0 0 1 August
943 0 0 0 0 0 0 0 0 0 0 0 0 0 0 0 0 0 0 0 0 944 0 0 0 0 0 0 0 0 0
944 0 0 0 0 0 0 0 0 0 0 0 0 0 0 0 0 0 0 0 0 0 0 0 0 0 0 0 0 0 1 aunt
945 0 946 0 0 0 0 0 0 0 0 0 0 0 0 0 0 0 0 0 0 0 0 0 0 0 0 0 0 0 0
946 0 0 0 0 0 0 0 0 0 0 0 0 947 0 0 0 0 0 0 0 0 0 0 0 0 0 0 0 0 0
947 0 0 0 0 0 0 0 0 0 0 0 0 0 0 0 0 0 0 0 0 0 0 0 0 0 0 0 0 0 1 aural
948 0 0 0 0 0 0 0 0 0 0 0 0 0 0 0 0 0 0 0 0 949 0 0 0 0 0 0 0 0 0
949 0 0 0 0 0 0 0 0 0 0 0 0 0 0 0 0 0 0 950 0 0 0 0 0 0 0 0 0 0 0
950 0 951 0 0 0 0 0 0 0 0 0 0 0 0 0 0 0 0 0 0 0 0 0 0 0 0 0 0 0 0
951 0 0 0 0 0 0 0 0 0 0 0 0 952 0 0 0 0 0 0 0 0 0 0 0 0 0 0 0 0 0
952 0 0 0 0 0 0 0 0 0 953 0 0 0 0 0 0 0 0 0 0 0 0 0 0 0 0 0 0 0 0
953 0 954 0 0 0 0 0 0 0 0 0 0 0 0 0 0 0 0 0 0 0 0 0 0 0 0 0 0 0 0
954 0 0 0 0 0 0 0 0 0 0 0 0 0 0 955 0 0 0 0 0 0 0 0 0 0 0 0 0 0 1 Australia
955 0 0 0 0 0 0 0 0 0 0 0 0 0 0 0 0 0 0 0 0 0 0 0 0 0 0 0 0 0 1 Australian
956 0 0 0 0 0 0 0 0 957 0 0 0 0 0 0 963 0 0 0 0 0 976 0 0 0 0 0 0 0 0
957 0 0 0 0 0 0 0 0 0 0 0 0 0 0 0 958 0 0 0 0 0 0 0 0 0 0 0 0 0 0
958 0 0 0 0 0 0 0 0 0 0 0 0 0 0 0 0 0 0 959 0 0 0 0 0 0 0 0 0 0 0
959 0 0 0 0 0 0 0 0 0 960 0 0 0 0 0 0 0 0 0 0 0 0 0 0 0 0 0 0 0 1 author
960 0 0 0 0 0 0 0 0 0 0 0 0 0 0 0 0 0 0 0 0 961 0 0 0 0 0 0 0 0 0
961 0 0 0 0 0 0 0 0 0 0 0 0 0 0 0 0 0 0 0 0 0 0 0 0 0 962 0 0 0 0
962 0 0 0 0 0 0 0 0 0 0 0 0 0 0 0 0 0 0 0 0 0 0 0 0 0 0 0 0 0 1 authority
963 0 0 0 0 0 0 0 0 0 0 0 0 0 964 0 0 0 0 0 0 0 0 0 0 0 0 0 0 0 1 auto
964 0 965 0 0 0 0 0 0 0 0 0 0 0 0 0 971 0 0 0 0 0 0 0 0 0 0 0 0 0 0
965 0 0 0 0 0 0 0 0 0 0 0 0 0 0 0 0 0 0 0 0 966 0 0 0 0 0 0 0 0 0
966 0 0 0 0 0 0 0 0 0 967 0 0 0 0 0 0 0 0 0 0 0 0 0 0 0 0 0 0 0 0
967 0 0 0 968 0 0 0 0 0 0 0 0 0 0 0 969 0 0 0 0 0 0 0 0 0 0 0 0 0 0
968 0 0 0 0 0 0 0 0 0 0 0 0 0 0 0 0 0 0 0 0 0 0 0 0 0 0 0 0 0 1 automatic
969 0 0 0 0 0 0 0 0 0 0 0 0 0 0 970 0 0 0 0 0 0 0 0 0 0 0 0 0 0 0
970 0 0 0 0 0 0 0 0 0 0 0 0 0 0 0 0 0 0 0 0 0 0 0 0 0 0 0 0 0 1 automation
971 0 0 972 0 0 0 0 0 0 0 0 0 0 0 0 0 0 0 0 0 0 0 0 0 0 0 0 0 0 0
972 0 0 0 0 0 0 0 0 0 973 0 0 0 0 0 0 0 0 0 0 0 0 0 0 0 0 0 0 0 0
973 0 0 0 0 0 0 0 0 0 0 0 0 974 0 0 0 0 0 0 0 0 0 0 0 0 0 0 0 0 0
974 0 0 0 0 0 975 0 0 0 0 0 0 0 0 0 0 0 0 0 0 0 0 0 0 0 0 0 0 0 0
975 0 0 0 0 0 0 0 0 0 0 0 0 0 0 0 0 0 0 0 0 0 0 0 0 0 0 0 0 0 1 automobile
976 0 0 0 0 0 0 0 0 0 0 0 0 0 977 0 0 0 0 0 0 0 0 0 0 0 0 0 0 0 0
977 0 0 0 0 0 0 0 0 0 0 0 0 0 0 978 0 0 0 0 0 0 0 0 0 0 0 0 0 0 0
978 0 0 0 0 0 0 0 0 0 0 0 0 0 0 0 0 0 0 0 0 0 0 0 0 0 0 0 0 0 1 autumn
979 0 0 0 0 0 0 0 0 0 980 0 0 0 0 0 0 0 0 0 0 0 0 0 0 0 0 0 0 0 0
980 0 0 0 0 0 0 0 0 0 0 0 0 981 0 0 0 0 0 0 0 0 0 0 0 0 0 0 0 0 0
981 0 0 0 0 0 0 0 0 0 982 0 0 0 0 0 0 0 0 0 0 0 0 0 0 0 0 0 0 0 0
982 0 983 0 0 0 0 0 0 0 0 0 0 0 0 0 0 0 0 0 0 0 0 0 0 0 0 0 0 0 0
983 0 0 0 0 0 0 0 0 0 0 0 0 0 0 0 0 0 0 984 0 0 0 0 0 0 0 0 0 0 0
984 0 0 0 0 0 0 0 0 0 0 0 0 0 0 0 0 0 0 0 0 0 0 0 0 0 985 0 0 0 0
985 0 0 0 0 0 0 0 0 0 0 0 0 0 0 0 0 0 0 0 0 0 0 0 0 0 0 0 0 0 1 auxiliary
986 0 987 0 0 0 994 0 0 0 1002 0 0 0 0 0 1008 0 0 0 0 0 0 0 0 0 0 0 0 0 0
987 0 0 0 0 0 0 0 0 0 988 0 0 0 0 0 0 0 0 0 0 0 0 0 0 0 0 0 0 0 0
988 0 0 0 0 0 0 0 0 0 0 0 0 989 0 0 0 0 0 0 0 0 0 0 0 0 0 0 0 0 0
989 0 990 0 0 0 0 0 0 0 0 0 0 0 0 0 0 0 0 0 0 0 0 0 0 0 0 0 0 0 0
990 0 0 991 0 0 0 0 0 0 0 0 0 0 0 0 0 0 0 0 0 0 0 0 0 0 0 0 0 0 0
991 0 0 0 0 0 0 0 0 0 0 0 0 992 0 0 0 0 0 0 0 0 0 0 0 0 0 0 0 0 0
992 0 0 0 0 0 993 0 0 0 0 0 0 0 0 0 0 0 0 0 0 0 0 0 0 0 0 0 0 0 0
993 0 0 0 0 0 0 0 0 0 0 0 0 0 0 0 0 0 0 0 0 0 0 0 0 0 0 0 0 0 1 available
994 0 0 0 0 0 0 0 0 0 0 0 0 0 0 995 0 0 0 998 0 0 0 0 0 0 0 0 0 0 0
995 0 0 0 0 0 0 0 0 0 0 0 0 0 0 0 0 0 0 0 0 0 996 0 0 0 0 0 0 0 0
996 0 0 0 0 0 997 0 0 0 0 0 0 0 0 0 0 0 0 0 0 0 0 0 0 0 0 0 0 0 0
997 0 0 0 0 0 0 0 0 0 0 0 0 0 0 0 0 0 0 0 0 0 0 0 0 0 0 0 0 0 1 avenue
998 0 999 0 0 0 0 0 0 0 0 0 0 0 0 0 0 0 0 0 0 0 0 0 0 0 0 0 0 0 0
999 0 0 0 0 0 0 0 1000 0 0 0 0 0 0 0 0 0 0 0 0 0 0 0 0 0 0 0 0 0 0
1000 0 0 0 0 0 1001 0 0 0 0 0 0 0 0 0 0 0 0 0 0 0 0 0 0 0 0 0 0 0 0
1001 0 0 0 0 0 0 0 0 0 0 0 0 0 0 0 0 0 0 0 0 0 0 0 0 0 0 0 0 0 1 average
1002 0 1003 0 0 0 0 0 0 0 0 0 0 0 0 0 0 0 0 0 0 0 0 0 0 0 0 0 0 0 0
1003 0 0 0 0 0 0 0 0 0 0 0 0 0 0 0 0 0 0 0 0 1004 0 0 0 0 0 0 0 0 0
1004 0 0 0 0 0 0 0 0 0 1005 0 0 0 0 0 0 0 0 0 0 0 0 0 0 0 0 0 0 0 0
1005 0 0 0 0 0 0 0 0 0 0 0 0 0 0 0 1006 0 0 0 0 0 0 0 0 0 0 0 0 0 0
1006 0 0 0 0 0 0 0 0 0 0 0 0 0 0 1007 0 0 0 0 0 0 0 0 0 0 0 0 0 0 0
1007 0 0 0 0 0 0 0 0 0 0 0 0 0 0 0 0 0 0 0 0 0 0 0 0 0 0 0 0 0 1 aviation
1008 0 0 0 0 0 0 0 0 0 1009 0 0 0 0 0 0 0 0 0 0 0 0 0 0 0 0 0 0 0 0
1009 0 0 0 0 1010 0 0 0 0 0 0 0 0 0 0 0 0 0 0 0 0 0 0 0 0 0 0 0 0 0
1010 0 0 0 0 0 0 0 0 0 0 0 0 0 0 0 0 0 0 0 0 0 0 0 0 0 0 0 0 0 1 avoid
1011 0 1012 0 0 0 0 1021 0 0 0 0 1026 0 0 0 0 0 0 0 0 0 0 0 0 0 0 0 0 0 0
1012 0 0 0 0 0 0 0 0 0 1013 0 1015 0 0 0 0 0 0 1017 0 0 0 0 0 0 1020 0 0 0 0
1013 0 0 0 0 0 0 0 0 0 0 0 0 0 0 0 0 0 0 0 0 1014 0 0 0 0 0 0 0 0 0
1014 0 0 0 0 0 0 0 0 0 0 0 0 0 0 0 0 0 0 0 0 0 0 0 0 0 0 0 0 0 1 await
1015 0 0 0 0 0 1016 0 0 0 0 0 0 0 0 0 0 0 0 0 0 0 0 0 0 0 0 0 0 0 0
1016 0 0 0 0 0 0 0 0 0 0 0 0 0 0 0 0 0 0 0 0 0 0 0 0 0 0 0 0 0 1 awake
1017 0 0 0 0 1018 1019 0 0 0 0 0 0 0 0 0 0 0 0 0 0 0 0 0 0 0 0 0 0 0 0
1018 0 0 0 0 0 0 0 0 0 0 0 0 0 0 0 0 0 0 0 0 0 0 0 0 0 0 0 0 0 1 award
1019 0 0 0 0 0 0 0 0 0 0 0 0 0 0 0 0 0 0 0 0 0 0 0 0 0 0 0 0 0 1 aware
1020 0 0 0 0 0 0 0 0 0 0 0 0 0 0 0 0 0 0 0 0 0 0 0 0 0 0 0 0 0 1 away
1021 0 0 0 0 0 0 0 0 0 0 0 0 0 0 0 0 0 0 0 0 0 1022 0 0 0 0 0 0 0 0
1022 0 0 0 0 0 0 0 0 0 0 0 0 1023 0 0 0 0 0 0 0 0 0 0 0 0 0 0 0 0 0
1023 0 0 0 0 0 0 0 0 0 0 0 0 1024 0 0 0 0 0 0 0 0 0 0 0 0 0 0 0 0 1 awful
1024 0 0 0 0 0 0 0 0 0 0 0 0 0 0 0 0 0 0 0 0 0 0 0 0 0 1025 0 0 0 0
1025 0 0 0 0 0 0 0 0 0 0 0 0 0 0 0 0 0 0 0 0 0 0 0 0 0 0 0 0 0 1 awfully
1026 0 0 0 0 0 0 0 0 0 0 0 0 0 0 0 0 0 0 0 0 0 0 0 1027 0 0 0 0 0 0
1027 0 1028 0 0 0 0 0 0 0 0 0 0 0 0 0 0 0 0 0 0 0 0 0 0 0 0 0 0 0 0
1028 0 0 0 0 0 0 0 0 0 0 0 0 0 0 0 0 0 0 1029 0 0 0 0 0 0 0 0 0 0 0
1029 0 0 0 0 1030 0 0 0 0 0 0 0 0 0 0 0 0 0 0 0 0 0 0 0 0 0 0 0 0 0
1030 0 0 0 0 0 0 0 0 0 0 0 0 0 0 0 0 0 0 0 0 0 0 0 0 0 0 0 0 0 1 awkward
1031 0 0 0 0 0 0 0 0 0 1032 0 0 0 0 0 0 0 0 0 0 0 0 0 0 0 0 0 0 0 1 ax
1032 0 0 0 0 0 0 0 0 0 0 0 0 0 0 0 0 0 0 0 1033 0 0 0 0 0 0 0 0 0 0
1033 0 0 0 0 0 0 0 0 0 0 0 0 0 0 0 0 0 0 0 0 0 0 0 0 0 0 0 0 0 1 axis
1034 0 1035 0 0 0 1141 0 0 0 1256 0 0 1299 0 0 1343 0 0 1402 0 0 1504 0 0 0 1565 0 1138 0 0
1035 0 0 1036 1038 1055 0 0 1064 0 0 0 1069 1071 0 1080 0 0 0 1090 1107 1124 0 0 0 0 1137 0 0 0 0
1036 0 0 0 0 0 0 0 0 0 0 0 0 0 0 0 0 0 0 0 0 0 0 0 0 0 1037 0 0 0 0
1037 0 0 0 0 0 0 0 0 0 0 0 0 0 0 0 0 0 0 0 0 0 0 0 0 0 0 0 0 0 1 baby
1038 0 0 0 0 0 0 0 0 0 0 0 1039 0 0 0 0 0 0 0 0 1050 0 0 0 0 0 0 0 0 0
1039 0 0 0 0 0 0 0 1040 0 0 0 0 0 0 0 0 0 0 0 0 0 0 0 1046 0 0 0 0 0 1 back
1040 0 0 0 0 0 0 0 0 0 0 0 0 0 0 0 0 0 0 1041 0 0 0 0 0 0 0 0 0 0 0
1041 0 0 0 0 0 0 0 0 0 0 0 0 0 0 0 1042 0 0 0 0 0 0 0 0 0 0 0 0 0 0
1042 0 0 0 0 0 0 0 0 0 0 0 0 0 0 0 0 0 0 0 0 0 1043 0 0 0 0 0 0 0 0
1043 0 0 0 0 0 0 0 0 0 0 0 0 0 0 1044 0 0 0 0 0 0 0 0 0 0 0 0 0 0 0
1044 0 0 0 0 1045 0 0 0 0 0 0 0 0 0 0 0 0 0 0 0 0 0 0 0 0 0 0 0 0 0
1045 0 0 0 0 0 0 0 0 0 0 0 0 0 0 0 0 0 0 0 0 0 0 0 0 0 0 0 0 0 1 background
1046 0 1047 0 0 0 0 0 0 0 0 0 0 0 0 0 0 0 0 0 0 0 0 0 0 0 0 0 0 0 0
1047 0 0 0 0 0 0 0 0 0 0 0 0 0 0 0 0 0 0 1048 0 0 0 0 0 0 0 0 0 0 0
1048 0 0 0 0 1049 0 0 0 0 0 0 0 0 0 0 0 0 0 0 0 0 0 0 0 0 0 0 0 0 0
1049 0 0 0 0 0 0 0 0 0 0 0 0 0 0 0 0 0 0 0 0 0 0 0 0 0 0 0 0 0 1 backward
1050 0 0 0 0 0 1051 0 0 0 0 0 0 0 0 0 0 0 0 0 0 0 0 0 0 0 0 0 0 0 0
1051 0 0 0 0 0 0 0 0 0 0 0 0 0 0 0 0 0 0 1052 0 0 0 0 0 0 0 0 0 0 0
1052 0 0 0 0 0 0 0 0 0 1053 0 0 0 0 0 0 0 0 0 0 0 0 0 0 0 0 0 0 0 0
1053 0 1054 0 0 0 0 0 0 0 0 0 0 0 0 0 0 0 0 0 0 0 0 0 0 0 0 0 0 0 0
1054 0 0 0 0 0 0 0 0 0 0 0 0 0 0 0 0 0 0 0 0 0 0 0 0 0 0 0 0 0 1 bacteria
1055 0 0 0 0 0 0 0 0 0 0 0 0 1056 1058 0 0 0 0 0 0 0 0 0 0 0 0 0 0 0 1 bad
1056 0 0 0 0 0 0 0 0 0 0 0 0 0 0 0 0 0 0 0 0 0 0 0 0 0 1057 0 0 0 0
1057 0 0 0 0 0 0 0 0 0 0 0 0 0 0 0 0 0 0 0 0 0 0 0 0 0 0 0 0 0 1 badly
1058 0 0 0 0 0 0 0 0 0 1059 0 0 0 0 0 0 0 0 0 0 0 0 0 0 0 0 0 0 0 0
1059 0 0 0 0 0 0 0 0 0 0 0 0 0 0 1060 0 0 0 0 0 0 0 0 0 0 0 0 0 0 0
1060 0 0 0 0 0 0 0 0 0 0 0 0 0 0 0 0 0 0 0 0 1061 0 0 0 0 0 0 0 0 0
1061 0 0 0 0 0 0 0 0 0 0 0 0 0 0 0 1062 0 0 0 0 0 0 0 0 0 0 0 0 0 0
1062 0 0 0 0 0 0 0 0 0 0 0 0 0 0 1063 0 0 0 0 0 0 0 0 0 0 0 0 0 0 0
1063 0 0 0 0 0 0 0 0 0 0 0 0 0 0 0 0 0 0 0 0 0 0 0 0 0 0 0 0 0 1 badminton
1064 0 0 0 0 0 0 0 1065 0 0 0 0 0 0 0 0 0 0 0 0 0 0 0 0 0 0 0 0 0 1 bag
1065 0 1066 0 0 0 0 0 0 0 0 0 0 0 0 0 0 0 0 0 0 0 0 0 0 0 0 0 0 0 0
1066 0 0 0 0 0 0 0 1067 0 0 0 0 0 0 0 0 0 0 0 0 0 0 0 0 0 0 0 0 0 0
1067 0 0 0 0 0 1068 0 0 0 0 0 0 0 0 0 0 0 0 0 0 0 0 0 0 0 0 0 0 0 0
1068 0 0 0 0 0 0 0 0 0 0 0 0 0 0 0 0 0 0 0 0 0 0 0 0 0 0 0 0 0 1 baggage
1069 0 0 0 0 0 1070 0 0 0 0 0 0 0 0 0 0 0 0 0 0 0 0 0 0 0 0 0 0 0 0
1070 0 0 0 0 0 0 0 0 0 0 0 0 0 0 0 0 0 0 0 0 0 0 0 0 0 0 0 0 0 1 bake
1071 0 1072 0 0 0 0 0 0 0 0 0 0 1076 0 0 0 0 0 0 0 0 0 0 0 0 0 0 0 0 0
1072 0 0 0 0 0 0 0 0 0 0 0 0 0 0 1073 0 0 0 0 0 0 0 0 0 0 0 0 0 0 0
1073 0 0 0 1074 0 0 0 0 0 0 0 0 0 0 0 0 0 0 0 0 0 0 0 0 0 0 0 0 0 0
1074 0 0 0 0 0 1075 0 0 0 0 0 0 0 0 0 0 0 0 0 0 0 0 0 0 0 0 0 0 0 0
1075 0 0 0 0 0 0 0 0 0 0 0 0 0 0 0 0 0 0 0 0 0 0 0 0 0 0 0 0 0 1 balance
1076 0 0 0 0 0 0 0 0 0 0 0 0 0 0 0 1077 0 0 0 0 0 0 0 0 0 0 0 0 0 1 ball
1077 0 0 0 0 0 0 0 0 0 0 0 0 0 0 0 1078 0 0 0 0 0 0 0 0 0 0 0 0 0 0
1078 0 0 0 0 0 0 0 0 0 0 0 0 0 0 1079 0 0 0 0 0 0 0 0 0 0 0 0 0 0 0
1079 0 0 0 0 0 0 0 0 0 0 0 0 0 0 0 0 0 0 0 0 0 0 0 0 0 0 0 0 0 1 balloon
1080 0 1081 0 0 1084 0 0 1085 0 0 0 1086 0 0 1087 0 0 0 0 0 0 0 0 0 0 0 0 0 0 0
1081 0 0 0 0 0 0 0 0 0 0 0 0 0 0 1082 0 0 0 0 0 0 0 0 0 0 0 0 0 0 0
1082 0 1083 0 0 0 0 0 0 0 0 0 0 0 0 0 0 0 0 0 0 0 0 0 0 0 0 0 0 0 0
1083 0 0 0 0 0 0 0 0 0 0 0 0 0 0 0 0 0 0 0 0 0 0 0 0 0 0 0 0 0 1 banana
1084 0 0 0 0 0 0 0 0 0 0 0 0 0 0 0 0 0 0 0 0 0 0 0 0 0 0 0 0 0 1 band
1085 0 0 0 0 0 0 0 0 0 0 0 0 0 0 0 0 0 0 0 0 0 0 0 0 0 0 0 0 0 1 bang
1086 0 0 0 0 0 0 0 0 0 0 0 0 0 0 0 0 0 0 0 0 0 0 0 0 0 0 0 0 0 1 bank
1087 0 0 0 0 0 1088 0 0 0 0 0 0 0 0 0 0 0 0 0 0 0 0 0 0 0 0 0 0 0 0
1088 0 0 0 0 0 0 0 0 0 0 0 0 0 0 0 0 0 0 1089 0 0 0 0 0 0 0 0 0 0 0
1089 0 0 0 0 0 0 0 0 0 0 0 0 0 0 0 0 0 0 0 0 0 0 0 0 0 0 0 0 0 1 banner
1090 0 0 1091 0 0 1094 0 1095 0 0 0 1099 0 0 1100 0 0 0 1101 0 0 0 0 0 0 0 0 0 0 1 bar
1091 0 0 0 0 0 1092 0 0 0 0 0 0 0 0 0 0 0 0 0 0 0 0 0 0 0 0 0 0 0 0
1092 0 0 0 0 0 0 0 0 0 0 0 0 0 0 0 0 0 0 1093 0 0 0 0 0 0 0 0 0 0 0
1093 0 0 0 0 0 0 0 0 0 0 0 0 0 0 0 0 0 0 0 0 0 0 0 0 0 0 0 0 0 1 barber
1094 0 0 0 0 0 0 0 0 0 0 0 0 0 0 0 0 0 0 0 0 0 0 0 0 0 0 0 0 0 1 bare
1095 0 1096 0 0 0 0 0 0 0 0 0 0 0 0 0 0 0 0 0 0 0 0 0 0 0 0 0 0 0 0
1096 0 0 0 0 0 0 0 0 0 1097 0 0 0 0 0 0 0 0 0 0 0 0 0 0 0 0 0 0 0 0
1097 0 0 0 0 0 0 0 0 0 0 0 0 0 0 1098 0 0 0 0 0 0 0 0 0 0 0 0 0 0 0
1098 0 0 0 0 0 0 0 0 0 0 0 0 0 0 0 0 0 0 0 0 0 0 0 0 0 0 0 0 0 1 bargain
1099 0 0 0 0 0 0 0 0 0 0 0 0 0 0 0 0 0 0 0 0 0 0 0 0 0 0 0 0 0 1 bark
1100 0 0 0 0 0 0 0 0 0 0 0 0 0 0 0 0 0 0 0 0 0 0 0 0 0 0 0 0 0 1 barn
1101 0 0 0 0 0 1102 0 0 0 1104 0 0 0 0 0 0 0 0 0 0 0 0 0 0 0 0 0 0 0 0
1102 0 0 0 0 0 0 0 0 0 0 0 0 1103 0 0 0 0 0 0 0 0 0 0 0 0 0 0 0 0 0
1103 0 0 0 0 0 0 0 0 0 0 0 0 0 0 0 0 0 0 0 0 0 0 0 0 0 0 0 0 0 1 barrel
1104 0 0 0 0 0 1105 0 0 0 0 0 0 0 0 0 0 0 0 0 0 0 0 0 0 0 0 0 0 0 0
1105 0 0 0 0 0 0 0 0 0 0 0 0 0 0 0 0 0 0 1106 0 0 0 0 0 0 0 0 0 0 0
1106 0 0 0 0 0 0 0 0 0 0 0 0 0 0 0 0 0 0 0 0 0 0 0 0 0 0 0 0 0 1 barrier
1107 0 0 0 0 0 1108 0 0 0 1109 0 1117 0 0 0 0 0 0 0 0 0 0 0 0 0 0 0 0 0 0
1108 0 0 0 0 0 0 0 0 0 0 0 0 0 0 0 0 0 0 0 0 0 0 0 0 0 0 0 0 0 1 base
1109 0 0 0 1110 0 0 0 0 0 0 0 0 0 0 1115 0 0 0 0 1116 0 0 0 0 0 0 0 0 0 0
1110 0 1111 0 0 0 0 0 0 0 0 0 0 0 0 0 0 0 0 0 0 0 0 0 0 0 0 0 0 0 1 basic
1111 0 0 0 0 0 0 0 0 0 0 0 0 1112 0 0 0 0 0 0 0 0 0 0 0 0 0 0 0 0 0
1112 0 0 0 0 0 0 0 0 0 0 0 0 1113 0 0 0 0 0 0 0 0 0 0 0 0 0 0 0 0 0
1113 0 0 0 0 0 0 0 0 0 0 0 0 0 0 0 0 0 0 0 0 0 0 0 0 0 1114 0 0 0 0
1114 0 0 0 0 0 0 0 0 0 0 0 0 0 0 0 0 0 0 0 0 0 0 0 0 0 0 0 0 0 1 basically
1115 0 0 0 0 0 0 0 0 0 0 0 0 0 0 0 0 0 0 0 0 0 0 0 0 0 0 0 0 0 1 basin
1116 0 0 0 0 0 0 0 0 0 0 0 0 0 0 0 0 0 0 0 0 0 0 0 0 0 0 0 0 0 1 basis
1117 0 0 0 0 0 1118 0 0 0 0 0 0 0 0 0 0 0 0 0 0 0 0 0 0 0 0 0 0 0 0
1118 0 0 0 0 0 0 0 0 0 0 0 0 0 0 0 0 0 0 0 0 1119 0 0 0 0 0 0 0 0 0
1119 0 0 1120 0 0 0 0 0 0 0 0 0 0 0 0 0 0 0 0 0 0 0 0 0 0 0 0 0 0 1 basket
1120 0 1121 0 0 0 0 0 0 0 0 0 0 0 0 0 0 0 0 0 0 0 0 0 0 0 0 0 0 0 0
1121 0 0 0 0 0 0 0 0 0 0 0 0 1122 0 0 0 0 0 0 0 0 0 0 0 0 0 0 0 0 0
1122 0 0 0 0 0 0 0 0 0 0 0 0 1123 0 0 0 0 0 0 0 0 0 0 0 0 0 0 0 0 0
1123 0 0 0 0 0 0 0 0 0 0 0 0 0 0 0 0 0 0 0 0 0 0 0 0 0 0 0 0 0 1 basketball
1124 0 0 0 0 0 0 0 0 1125 0 0 0 0 0 0 0 0 0 0 0 1131 0 0 0 0 0 0 0 0 1 bat
1125 0 0 0 0 0 1126 0 0 0 0 0 0 0 0 0 0 0 0 1127 0 0 0 0 0 0 0 0 0 0 1 bath
1126 0 0 0 0 0 0 0 0 0 0 0 0 0 0 0 0 0 0 0 0 0 0 0 0 0 0 0 0 0 1 bathe
1127 0 0 0 0 0 0 0 0 0 0 0 0 0 0 0 1128 0 0 0 0 0 0 0 0 0 0 0 0 0 0
1128 0 0 0 0 0 0 0 0 0 0 0 0 0 0 0 1129 0 0 0 0 0 0 0 0 0 0 0 0 0 0
1129 0 0 0 0 0 0 0 0 0 0 0 0 0 1130 0 0 0 0 0 0 0 0 0 0 0 0 0 0 0 0
1130 0 0 0 0 0 0 0 0 0 0 0 0 0 0 0 0 0 0 0 0 0 0 0 0 0 0 0 0 0 1 bathroom
1131 0 0 0 0 0 1132 0 0 0 0 0 0 1135 0 0 0 0 0 0 0 0 0 0 0 0 0 0 0 0 0
1132 0 0 0 0 0 0 0 0 0 0 0 0 0 0 0 0 0 0 1133 0 0 0 0 0 0 0 0 0 0 0
1133 0 0 0 0 0 0 0 0 0 0 0 0 0 0 0 0 0 0 0 0 0 0 0 0 0 1134 0 0 0 0
1134 0 0 0 0 0 0 0 0 0 0 0 0 0 0 0 0 0 0 0 0 0 0 0 0 0 0 0 0 0 1 battery
1135 0 0 0 0 0 1136 0 0 0 0 0 0 0 0 0 0 0 0 0 0 0 0 0 0 0 0 0 0 0 0
1136 0 0 0 0 0 0 0 0 0 0 0 0 0 0 0 0 0 0 0 0 0 0 0 0 0 0 0 0 0 1 battle
1137 0 0 0 0 0 0 0 0 0 0 0 0 0 0 0 0 0 0 0 0 0 0 0 0 0 0 0 0 0 1 bay
1138 0 0 0 1139 0 0 0 0 0 0 0 0 0 0 0 0 0 0 0 0 0 0 0 0 0 0 0 0 0 0
1139 0 0 0 0 0 0 0 0 0 0 0 0 0 0 0 0 0 0 0 0 0 0 0 0 0 0 0 1140 0 0
1140 0 0 0 0 0 0 0 0 0 0 0 0 0 0 0 0 0 0 0 0 0 0 0 0 0 0 0 0 0 1 B.C.
1141 0 1142 0 1159 1167 1168 1171 1175 1187 1199 0 0 1202 0 1217 0 0 0 1232 1235 1241 0 0 0 0 1252 0 0 0 1 be
1142 0 0 0 1143 0 0 0 0 0 0 0 0 0 1145 1146 0 0 0 1147 1149 1151 1152 0 0 0 0 0 0 0 0
1143 0 0 0 0 0 0 0 0 1144 0 0 0 0 0 0 0 0 0 0 0 0 0 0 0 0 0 0 0 0 0
1144 0 0 0 0 0 0 0 0 0 0 0 0 0 0 0 0 0 0 0 0 0 0 0 0 0 0 0 0 0 1 beach
1145 0 0 0 0 0 0 0 0 0 0 0 0 0 0 0 0 0 0 0 0 0 0 0 0 0 0 0 0 0 1 beam
1146 0 0 0 0 0 0 0 0 0 0 0 0 0 0 0 0 0 0 0 0 0 0 0 0 0 0 0 0 0 1 bean
1147 0 0 0 0 1148 0 0 0 0 0 0 0 0 0 0 0 0 0 0 0 0 0 0 0 0 0 0 0 0 1 bear
1148 0 0 0 0 0 0 0 0 0 0 0 0 0 0 0 0 0 0 0 0 0 0 0 0 0 0 0 0 0 1 beard
1149 0 0 0 0 0 0 0 0 0 0 0 0 0 0 0 0 0 0 0 0 1150 0 0 0 0 0 0 0 0 0
1150 0 0 0 0 0 0 0 0 0 0 0 0 0 0 0 0 0 0 0 0 0 0 0 0 0 0 0 0 0 1 beast
1151 0 0 0 0 0 0 0 0 0 0 0 0 0 0 0 0 0 0 0 0 0 0 0 0 0 0 0 0 0 1 beat
1152 0 0 0 0 0 0 0 0 0 0 0 0 0 0 0 0 0 0 0 0 1153 0 0 0 0 0 0 0 0 0
1153 0 0 0 0 0 0 0 0 0 1154 0 0 0 0 0 0 0 0 0 0 0 0 0 0 0 1158 0 0 0 0
1154 0 0 0 0 0 0 1155 0 0 0 0 0 0 0 0 0 0 0 0 0 0 0 0 0 0 0 0 0 0 0
1155 0 0 0 0 0 0 0 0 0 0 0 0 0 0 0 0 0 0 0 0 0 1156 0 0 0 0 0 0 0 0
1156 0 0 0 0 0 0 0 0 0 0 0 0 1157 0 0 0 0 0 0 0 0 0 0 0 0 0 0 0 0 0
1157 0 0 0 0 0 0 0 0 0 0 0 0 0 0 0 0 0 0 0 0 0 0 0 0 0 0 0 0 0 1 beautiful
1158 0 0 0 0 0 0 0 0 0 0 0 0 0 0 0 0 0 0 0 0 0 0 0 0 0 0 0 0 0 1 beauty
1159 0 1160 0 0 0 0 0 0 0 0 0 0 0 0 0 1164 0 0 0 0 0 0 0 0 0 0 0 0 0 0
1160 0 0 0 0 0 0 0 0 0 0 0 0 0 0 0 0 0 0 0 0 0 1161 0 0 0 0 0 0 0 0
1161 0 0 0 0 0 0 0 0 0 0 0 0 0 0 0 0 0 0 0 1162 0 0 0 0 0 0 0 0 0 0
1162 0 0 0 0 0 1163 0 0 0 0 0 0 0 0 0 0 0 0 0 0 0 0 0 0 0 0 0 0 0 0
1163 0 0 0 0 0 0 0 0 0 0 0 0 0 0 0 0 0 0 0 0 0 0 0 0 0 0 0 0 0 1 because
1164 0 0 0 0 0 0 0 0 0 0 0 0 0 1165 0 0 0 0 0 0 0 0 0 0 0 0 0 0 0 0
1165 0 0 0 0 0 1166 0 0 0 0 0 0 0 0 0 0 0 0 0 0 0 0 0 0 0 0 0 0 0 0
1166 0 0 0 0 0 0 0 0 0 0 0 0 0 0 0 0 0 0 0 0 0 0 0 0 0 0 0 0 0 1 become
1167 0 0 0 0 0 0 0 0 0 0 0 0 0 0 0 0 0 0 0 0 0 0 0 0 0 0 0 0 0 1 bed
1168 0 0 0 0 0 0 1169 0 0 0 0 0 0 0 0 0 0 0 1170 0 0 0 0 0 0 0 0 0 0 1 bee
1169 0 0 0 0 0 0 0 0 0 0 0 0 0 0 0 0 0 0 0 0 0 0 0 0 0 0 0 0 0 1 beef
1170 0 0 0 0 0 0 0 0 0 0 0 0 0 0 0 0 0 0 0 0 0 0 0 0 0 0 0 0 0 1 beer
1171 0 0 0 0 0 0 0 0 0 0 0 0 0 0 0 1172 0 0 0 0 0 0 0 0 0 0 0 0 0 0
1172 0 0 0 0 0 0 0 0 0 0 0 0 0 0 0 0 0 0 1173 0 0 0 0 0 0 0 0 0 0 0
1173 0 0 0 0 0 1174 0 0 0 0 0 0 0 0 0 0 0 0 0 0 0 0 0 0 0 0 0 0 0 0
1174 0 0 0 0 0 0 0 0 0 0 0 0 0 0 0 0 0 0 0 0 0 0 0 0 0 0 0 0 0 1 before
1175 0 0 0 0 0 0 0 1176 0 1179 0 0 0 0 0 0 0 0 0 0 0 0 0 0 0 0 0 0 0 1 beg
1176 0 1177 0 0 0 0 0 0 0 0 0 0 0 0 0 0 0 0 0 0 0 0 0 0 0 0 0 0 0 0
1177 0 0 0 0 0 0 0 0 0 0 0 0 0 0 0 0 0 0 1178 0 0 0 0 0 0 0 0 0 0 0
1178 0 0 0 0 0 0 0 0 0 0 0 0 0 0 0 0 0 0 0 0 0 0 0 0 0 0 0 0 0 1 beggar
1179 0 0 0 0 0 0 0 0 0 0 0 0 0 0 1180 0 0 0 0 0 0 0 0 0 0 0 0 0 0 0
1180 0 0 0 0 0 0 0 0 0 0 0 0 0 0 1181 0 0 0 0 0 0 0 0 0 0 0 0 0 0 1 begin
1181 0 0 0 0 0 1182 0 0 0 1184 0 0 0 0 0 0 0 0 0 0 0 0 0 0 0 0 0 0 0 0
1182 0 0 0 0 0 0 0 0 0 0 0 0 0 0 0 0 0 0 1183 0 0 0 0 0 0 0 0 0 0 0
1183 0 0 0 0 0 0 0 0 0 0 0 0 0 0 0 0 0 0 0 0 0 0 0 0 0 0 0 0 0 1 beginner
1184 0 0 0 0 0 0 0 0 0 0 0 0 0 0 1185 0 0 0 0 0 0 0 0 0 0 0 0 0 0 0
1185 0 0 0 0 0 0 0 1186 0 0 0 0 0 0 0 0 0 0 0 0 0 0 0 0 0 0 0 0 0 0
1186 0 0 0 0 0 0 0 0 0 0 0 0 0 0 0 0 0 0 0 0 0 0 0 0 0 0 0 0 0 1 beginning
1187 0 1188 0 0 0 0 0 0 0 1196 0 0 0 0 0 0 0 0 0 0 0 0 0 0 0 0 0 0 0 0
1188 0 0 0 0 0 0 0 0 0 0 0 0 1189 0 0 0 0 0 0 0 0 0 1191 0 0 0 0 0 0 0
1189 0 0 0 0 0 0 1190 0 0 0 0 0 0 0 0 0 0 0 0 0 0 0 0 0 0 0 0 0 0 0
1190 0 0 0 0 0 0 0 0 0 0 0 0 0 0 0 0 0 0 0 0 0 0 0 0 0 0 0 0 0 1 behalf
1191 0 0 0 0 0 1192 0 0 0 1193 0 0 0 0 0 0 0 0 0 0 0 0 0 0 0 0 0 0 0 0
1192 0 0 0 0 0 0 0 0 0 0 0 0 0 0 0 0 0 0 0 0 0 0 0 0 0 0 0 0 0 1 behave
1193 0 0 0 0 0 0 0 0 0 0 0 0 0 0 0 1194 0 0 0 0 0 0 0 0 0 0 0 0 0 0
1194 0 0 0 0 0 0 0 0 0 0 0 0 0 0 0 0 0 0 1195 0 0 0 0 0 0 0 0 0 0 0
1195 0 0 0 0 0 0 0 0 0 0 0 0 0 0 0 0 0 0 0 0 0 0 0 0 0 0 0 0 0 1 behavior
1196 0 0 0 0 0 0 0 0 0 0 0 0 0 0 1197 0 0 0 0 0 0 0 0 0 0 0 0 0 0 0
1197 0 0 0 0 1198 0 0 0 0 0 0 0 0 0 0 0 0 0 0 0 0 0 0 0 0 0 0 0 0 0
1198 0 0 0 0 0 0 0 0 0 0 0 0 0 0 0 0 0 0 0 0 0 0 0 0 0 0 0 0 0 1 behind
1199 0 0 0 0 0 0 0 0 0 0 0 0 0 0 1200 0 0 0 0 0 0 0 0 0 0 0 0 0 0 0
1200 0 0 0 0 0 0 0 1201 0 0 0 0 0 0 0 0 0 0 0 0 0 0 0 0 0 0 0 0 0 0
1201 0 0 0 0 0 0 0 0 0 0 0 0 0 0 0 0 0 0 0 0 0 0 0 0 0 0 0 0 0 1 being
1202 0 0 0 0 0 0 0 0 0 1203 0 0 1208 0 0 1209 0 0 0 0 1216 0 0 0 0 0 0 0 0 0
1203 0 0 0 0 0 1204 0 0 0 0 0 0 0 0 0 0 0 0 0 0 0 0 0 0 0 0 0 0 0 0
1204 0 0 0 0 0 0 1205 0 0 0 0 0 0 0 0 0 0 0 0 0 0 0 1206 0 0 0 0 0 0 0
1205 0 0 0 0 0 0 0 0 0 0 0 0 0 0 0 0 0 0 0 0 0 0 0 0 0 0 0 0 0 1 belief
1206 0 0 0 0 0 1207 0 0 0 0 0 0 0 0 0 0 0 0 0 0 0 0 0 0 0 0 0 0 0 0
1207 0 0 0 0 0 0 0 0 0 0 0 0 0 0 0 0 0 0 0 0 0 0 0 0 0 0 0 0 0 1 believe
1208 0 0 0 0 0 0 0 0 0 0 0 0 0 0 0 0 0 0 0 0 0 0 0 0 0 0 0 0 0 1 bell
1209 0 0 0 0 0 0 0 0 0 0 0 0 0 0 1210 0 0 0 0 0 0 0 1212 1215 0 0 0 0 0 0
1210 0 0 0 0 0 0 0 1211 0 0 0 0 0 0 0 0 0 0 0 0 0 0 0 0 0 0 0 0 0 0
1211 0 0 0 0 0 0 0 0 0 0 0 0 0 0 0 0 0 0 0 0 0 0 0 0 0 0 0 0 0 1 belong
1212 0 0 0 0 0 1213 0 0 0 0 0 0 0 0 0 0 0 0 0 0 0 0 0 0 0 0 0 0 0 0
1213 0 0 0 0 1214 0 0 0 0 0 0 0 0 0 0 0 0 0 0 0 0 0 0 0 0 0 0 0 0 0
1214 0 0 0 0 0 0 0 0 0 0 0 0 0 0 0 0 0 0 0 0 0 0 0 0 0 0 0 0 0 1 beloved
1215 0 0 0 0 0 0 0 0 0 0 0 0 0 0 0 0 0 0 0 0 0 0 0 0 0 0 0 0 0 1 below
1216 0 0 0 0 0 0 0 0 0 0 0 0 0 0 0 0 0 0 0 0 0 0 0 0 0 0 0 0 0 1 belt
1217 0 0 0 1218 1220 1221 0 0 0 0 0 0 0 0 0 0 0 0 0 0 0 0 0 0 0 0 0 0 0 0
1218 0 0 0 0 0 0 0 0 1219 0 0 0 0 0 0 0 0 0 0 0 0 0 0 0 0 0 0 0 0 0
1219 0 0 0 0 0 0 0 0 0 0 0 0 0 0 0 0 0 0 0 0 0 0 0 0 0 0 0 0 0 1 bench
1220 0 0 0 0 0 0 0 0 0 0 0 0 0 0 0 0 0 0 0 0 0 0 0 0 0 0 0 0 0 1 bend
1221 0 1222 0 0 0 0 1225 0 0 0 0 0 0 0 0 0 0 0 0 0 0 0 0 0 0 0 0 0 0 0
1222 0 0 0 0 0 0 0 0 0 0 0 0 0 0 0 0 0 0 0 0 1223 0 0 0 0 0 0 0 0 0
1223 0 0 0 0 0 0 0 0 1224 0 0 0 0 0 0 0 0 0 0 0 0 0 0 0 0 0 0 0 0 0
1224 0 0 0 0 0 0 0 0 0 0 0 0 0 0 0 0 0 0 0 0 0 0 0 0 0 0 0 0 0 1 beneath
1225 0 0 0 0 0 0 0 0 0 1226 0 0 0 0 0 0 0 0 0 0 0 0 0 0 0 0 0 0 0 0
1226 0 0 0 1227 0 0 0 0 0 0 0 0 0 0 0 0 0 0 0 0 1231 0 0 0 0 0 0 0 0 0
1227 0 0 0 0 0 0 0 0 0 1228 0 0 0 0 0 0 0 0 0 0 0 0 0 0 0 0 0 0 0 0
1228 0 1229 0 0 0 0 0 0 0 0 0 0 0 0 0 0 0 0 0 0 0 0 0 0 0 0 0 0 0 0
1229 0 0 0 0 0 0 0 0 0 0 0 0 1230 0 0 0 0 0 0 0 0 0 0 0 0 0 0 0 0 0
1230 0 0 0 0 0 0 0 0 0 0 0 0 0 0 0 0 0 0 0 0 0 0 0 0 0 0 0 0 0 1 beneficial
1231 0 0 0 0 0 0 0 0 0 0 0 0 0 0 0 0 0 0 0 0 0 0 0 0 0 0 0 0 0 1 benefit
1232 0 0 0 0 0 0 0 0 0 0 0 0 0 0 0 0 0 0 1233 0 0 0 0 0 0 0 0 0 0 0
1233 0 0 0 0 0 0 0 0 0 0 0 0 0 0 0 0 0 0 0 0 0 0 0 0 0 1234 0 0 0 0
1234 0 0 0 0 0 0 0 0 0 0 0 0 0 0 0 0 0 0 0 0 0 0 0 0 0 0 0 0 0 1 berry
1235 0 0 0 0 0 0 0 0 0 1236 0 0 0 0 0 0 0 0 0 0 1240 0 0 0 0 0 0 0 0 0
1236 0 0 0 0 1237 0 0 0 0 0 0 0 0 0 0 0 0 0 0 0 0 0 0 0 0 0 0 0 0 0
1237 0 0 0 0 0 1238 0 0 0 0 0 0 0 0 0 0 0 0 0 0 0 0 0 0 0 0 0 0 0 0
1238 0 0 0 0 0 0 0 0 0 0 0 0 0 0 0 0 0 0 0 1239 0 0 0 0 0 0 0 0 0 1 beside
1239 0 0 0 0 0 0 0 0 0 0 0 0 0 0 0 0 0 0 0 0 0 0 0 0 0 0 0 0 0 1 besides
1240 0 0 0 0 0 0 0 0 0 0 0 0 0 0 0 0 0 0 0 0 0 0 0 0 0 0 0 0 0 1 best
1241 0 0 0 0 0 0 0 0 0 0 0 0 0 0 0 0 0 0 1242 0 1245 0 0 1248 0 0 0 0 0 1 bet
1242 0 1243 0 0 0 0 0 0 0 0 0 0 0 0 0 0 0 0 0 0 0 0 0 0 0 0 0 0 0 0
1243 0 0 0 0 0 0 0 0 0 0 0 0 0 0 0 0 0 0 0 0 0 0 0 0 0 1244 0 0 0 0
1244 0 0 0 0 0 0 0 0 0 0 0 0 0 0 0 0 0 0 0 0 0 0 0 0 0 0 0 0 0 1 betray
1245 0 0 0 0 0 1246 0 0 0 0 0 0 0 0 0 0 0 0 0 0 0 0 0 0 0 0 0 0 0 0
1246 0 0 0 0 0 0 0 0 0 0 0 0 0 0 0 0 0 0 1247 0 0 0 0 0 0 0 0 0 0 0
1247 0 0 0 0 0 0 0 0 0 0 0 0 0 0 0 0 0 0 0 0 0 0 0 0 0 0 0 0 0 1 better
1248 0 0 0 0 0 1249 0 0 0 0 0 0 0 0 0 0 0 0 0 0 0 0 0 0 0 0 0 0 0 0
1249 0 0 0 0 0 1250 0 0 0 0 0 0 0 0 0 0 0 0 0 0 0 0 0 0 0 0 0 0 0 0
1250 0 0 0 0 0 0 0 0 0 0 0 0 0 0 1251 0 0 0 0 0 0 0 0 0 0 0 0 0 0 0
1251 0 0 0 0 0 0 0 0 0 0 0 0 0 0 0 0 0 0 0 0 0 0 0 0 0 0 0 0 0 1 between
1252 0 0 0 0 0 0 0 0 0 0 0 0 0 0 0 1253 0 0 0 0 0 0 0 0 0 0 0 0 0 0
1253 0 0 0 0 0 0 0 0 0 0 0 0 0 0 1254 0 0 0 0 0 0 0 0 0 0 0 0 0 0 0
1254 0 0 0 0 1255 0 0 0 0 0 0 0 0 0 0 0 0 0 0 0 0 0 0 0 0 0 0 0 0 0
1255 0 0 0 0 0 0 0 0 0 0 0 0 0 0 0 0 0 0 0 0 0 0 0 0 0 0 0 0 0 1 beyond
1256 0 0 1257 1260 0 0 0 1265 0 0 0 1266 1268 0 1273 1275 0 0 1280 1287 1292 0 0 0 0 0 0 0 0 0
1257 0 0 0 0 0 0 0 0 0 0 0 0 1258 0 0 0 0 0 0 0 0 0 0 0 0 0 0 0 0 0
1258 0 0 0 0 0 1259 0 0 0 0 0 0 0 0 0 0 0 0 0 0 0 0 0 0 0 0 0 0 0 0
1259 0 0 0 0 0 0 0 0 0 0 0 0 0 0 0 0 0 0 0 0 0 0 0 0 0 0 0 0 0 1 Bible
1260 0 0 0 0 0 0 0 0 0 0 0 0 0 0 0 0 0 0 0 0 0 0 0 0 0 1261 0 0 0 0
1261 0 0 0 1262 0 0 0 0 0 0 0 0 0 0 0 0 0 0 0 0 0 0 0 0 0 0 0 0 0 0
1262 0 0 0 0 0 0 0 0 0 0 0 0 1263 0 0 0 0 0 0 0 0 0 0 0 0 0 0 0 0 0
1263 0 0 0 0 0 1264 0 0 0 0 0 0 0 0 0 0 0 0 0 0 0 0 0 0 0 0 0 0 0 0
1264 0 0 0 0 0 0 0 0 0 0 0 0 0 0 0 0 0 0 0 0 0 0 0 0 0 0 0 0 0 1 bicycle
1265 0 0 0 0 0 0 0 0 0 0 0 0 0 0 0 0 0 0 0 0 0 0 0 0 0 0 0 0 0 1 big
1266 0 0 0 0 0 1267 0 0 0 0 0 0 0 0 0 0 0 0 0 0 0 0 0 0 0 0 0 0 0 0
1267 0 0 0 0 0 0 0 0 0 0 0 0 0 0 0 0 0 0 0 0 0 0 0 0 0 0 0 0 0 1 bike
1268 0 0 0 0 0 0 0 0 0 0 0 0 1269 0 0 0 0 0 0 0 0 0 0 0 0 0 0 0 0 0
1269 0 0 0 0 0 0 0 0 0 1270 0 0 0 0 0 0 0 0 0 0 0 0 0 0 0 0 0 0 0 1 bill
1270 0 0 0 0 0 0 0 0 0 0 0 0 0 0 0 1271 0 0 0 0 0 0 0 0 0 0 0 0 0 0
1271 0 0 0 0 0 0 0 0 0 0 0 0 0 0 1272 0 0 0 0 0 0 0 0 0 0 0 0 0 0 0
1272 0 0 0 0 0 0 0 0 0 0 0 0 0 0 0 0 0 0 0 0 0 0 0 0 0 0 0 0 0 1 billion
1273 0 0 0 0 1274 0 0 0 0 0 0 0 0 0 0 0 0 0 0 0 0 0 0 0 0 0 0 0 0 0
1274 0 0 0 0 0 0 0 0 0 0 0 0 0 0 0 0 0 0 0 0 0 0 0 0 0 0 0 0 0 1 bind
1275 0 0 0 0 0 0 0 0 0 0 0 0 1276 0 0 0 0 0 0 0 0 0 0 0 0 0 0 0 0 0
1276 0 0 0 0 0 0 0 0 0 0 0 0 0 0 0 1277 0 0 0 0 0 0 0 0 0 0 0 0 0 0
1277 0 0 0 0 0 0 0 1278 0 0 0 0 0 0 0 0 0 0 0 0 0 0 0 0 0 0 0 0 0 0
1278 0 0 0 0 0 0 0 0 0 0 0 0 0 0 0 0 0 0 0 0 0 0 0 0 0 1279 0 0 0 0
1279 0 0 0 0 0 0 0 0 0 0 0 0 0 0 0 0 0 0 0 0 0 0 0 0 0 0 0 0 0 1 biology
1280 0 0 0 0 1281 0 0 0 0 0 0 0 0 0 0 0 0 0 0 0 1282 0 0 0 0 0 0 0 0 0
1281 0 0 0 0 0 0 0 0 0 0 0 0 0 0 0 0 0 0 0 0 0 0 0 0 0 0 0 0 0 1 bird
1282 0 0 0 0 0 0 0 0 1283 0 0 0 0 0 0 0 0 0 0 0 0 0 0 0 0 0 0 0 0 0
1283 0 0 0 0 1284 0 0 0 0 0 0 0 0 0 0 0 0 0 0 0 0 0 0 0 0 0 0 0 0 1 birth
1284 0 1285 0 0 0 0 0 0 0 0 0 0 0 0 0 0 0 0 0 0 0 0 0 0 0 0 0 0 0 0
1285 0 0 0 0 0 0 0 0 0 0 0 0 0 0 0 0 0 0 0 0 0 0 0 0 0 1286 0 0 0 0
1286 0 0 0 0 0 0 0 0 0 0 0 0 0 0 0 0 0 0 0 0 0 0 0 0 0 0 0 0 0 1 birthday
1287 0 0 0 1288 0 0 0 0 0 0 0 0 0 0 0 0 0 0 0 0 0 0 0 0 0 0 0 0 0 0
1288 0 0 0 0 0 0 0 0 0 0 0 0 0 0 0 0 0 0 0 0 0 1289 0 0 0 0 0 0 0 0
1289 0 0 0 0 0 0 0 0 0 1290 0 0 0 0 0 0 0 0 0 0 0 0 0 0 0 0 0 0 0 0
1290 0 0 0 0 0 0 0 0 0 0 0 0 0 0 0 0 0 0 0 0 1291 0 0 0 0 0 0 0 0 0
1291 0 0 0 0 0 0 0 0 0 0 0 0 0 0 0 0 0 0 0 0 0 0 0 0 0 0 0 0 0 1 biscuit
1292 0 0 0 0 0 1293 0 0 0 0 0 0 0 0 0 0 0 0 0 0 1294 0 0 0 0 0 0 0 0 1 bit
1293 0 0 0 0 0 0 0 0 0 0 0 0 0 0 0 0 0 0 0 0 0 0 0 0 0 0 0 0 0 1 bite
1294 0 0 0 0 0 1295 0 0 0 0 0 0 0 0 0 0 0 0 0 0 0 0 0 0 0 0 0 0 0 0
1295 0 0 0 0 0 0 0 0 0 0 0 0 0 0 0 0 0 0 1296 0 0 0 0 0 0 0 0 0 0 0
1296 0 0 0 0 0 0 0 0 0 0 0 0 1297 0 0 0 0 0 0 0 0 0 0 0 0 0 0 0 0 1 bitter
1297 0 0 0 0 0 0 0 0 0 0 0 0 0 0 0 0 0 0 0 0 0 0 0 0 0 1298 0 0 0 0
1298 0 0 0 0 0 0 0 0 0 0 0 0 0 0 0 0 0 0 0 0 0 0 0 0 0 0 0 0 0 1 bitterly
1299 0 1300 0 0 0 1320 0 0 0 1327 0 0 0 0 0 1330 0 0 0 0 0 1341 0 0 0 0 0 0 0 0
1300 0 0 0 1301 1308 0 0 0 0 0 0 0 0 1310 1312 0 0 0 0 1316 0 0 0 0 0 0 1318 0 0 0
1301 0 0 0 0 0 0 0 0 0 0 0 1302 0 0 0 0 0 0 0 0 0 0 0 0 0 0 0 0 0 0
1302 0 0 1303 0 0 0 0 0 0 0 0 0 0 0 0 0 0 0 0 0 0 0 0 0 0 0 0 0 0 1 black
1303 0 0 0 0 0 0 0 0 0 0 0 0 0 0 0 1304 0 0 0 0 0 0 0 0 0 0 0 0 0 0
1304 0 1305 0 0 0 0 0 0 0 0 0 0 0 0 0 0 0 0 0 0 0 0 0 0 0 0 0 0 0 0
1305 0 0 0 0 0 0 0 0 0 0 0 0 0 0 0 0 0 0 1306 0 0 0 0 0 0 0 0 0 0 0
1306 0 0 0 0 1307 0 0 0 0 0 0 0 0 0 0 0 0 0 0 0 0 0 0 0 0 0 0 0 0 0
1307 0 0 0 0 0 0 0 0 0 0 0 0 0 0 0 0 0 0 0 0 0 0 0 0 0 0 0 0 0 1 blackboard
1308 0 0 0 0 0 1309 0 0 0 0 0 0 0 0 0 0 0 0 0 0 0 0 0 0 0 0 0 0 0 0
1309 0 0 0 0 0 0 0 0 0 0 0 0 0 0 0 0 0 0 0 0 0 0 0 0 0 0 0 0 0 1 blade
1310 0 0 0 0 0 1311 0 0 0 0 0 0 0 0 0 0 0 0 0 0 0 0 0 0 0 0 0 0 0 0
1311 0 0 0 0 0 0 0 0 0 0 0 0 0 0 0 0 0 0 0 0 0 0 0 0 0 0 0 0 0 1 blame
1312 0 0 0 0 0 0 0 0 0 0 0 1313 0 0 0 0 0 0 0 0 0 0 0 0 0 0 0 0 0 0
1313 0 0 0 0 0 1314 0 0 0 0 0 0 0 0 0 0 0 0 0 0 0 0 0 0 0 0 0 0 0 1 blank
1314 0 0 0 0 0 0 0 0 0 0 0 0 0 0 0 0 0 0 0 0 1315 0 0 0 0 0 0 0 0 0
1315 0 0 0 0 0 0 0 0 0 0 0 0 0 0 0 0 0 0 0 0 0 0 0 0 0 0 0 0 0 1 blanket
1316 0 0 0 0 0 0 0 0 0 0 0 0 0 0 0 0 0 0 0 0 1317 0 0 0 0 0 0 0 0 0
1317 0 0 0 0 0 0 0 0 0 0 0 0 0 0 0 0 0 0 0 0 0 0 0 0 0 0 0 0 0 1 blast
1318 0 0 0 0 0 1319 0 0 0 0 0 0 0 0 0 0 0 0 0 0 0 0 0 0 0 0 0 0 0 0
1319 0 0 0 0 0 0 0 0 0 0 0 0 0 0 0 0 0 0 0 0 0 0 0 0 0 0 0 0 0 1 blaze
1320 0 0 0 0 0 1321 0 0 0 0 0 0 0 0 1323 0 0 0 0 1325 0 0 0 0 0 0 0 0 0 0
1321 0 0 0 0 1322 0 0 0 0 0 0 0 0 0 0 0 0 0 0 0 0 0 0 0 0 0 0 0 0 0
1322 0 0 0 0 0 0 0 0 0 0 0 0 0 0 0 0 0 0 0 0 0 0 0 0 0 0 0 0 0 1 bleed
1323 0 0 0 0 1324 0 0 0 0 0 0 0 0 0 0 0 0 0 0 0 0 0 0 0 0 0 0 0 0 0
1324 0 0 0 0 0 0 0 0 0 0 0 0 0 0 0 0 0 0 0 0 0 0 0 0 0 0 0 0 0 1 blend
1325 0 0 0 0 0 0 0 0 0 0 0 0 0 0 0 0 0 0 0 1326 0 0 0 0 0 0 0 0 0 0
1326 0 0 0 0 0 0 0 0 0 0 0 0 0 0 0 0 0 0 0 0 0 0 0 0 0 0 0 0 0 1 bless
1327 0 0 0 0 0 0 0 0 0 0 0 0 0 0 1328 0 0 0 0 0 0 0 0 0 0 0 0 0 0 0
1328 0 0 0 0 1329 0 0 0 0 0 0 0 0 0 0 0 0 0 0 0 0 0 0 0 0 0 0 0 0 0
1329 0 0 0 0 0 0 0 0 0 0 0 0 0 0 0 0 0 0 0 0 0 0 0 0 0 0 0 0 0 1 blind
1330 0 0 0 1331 0 0 0 0 0 0 0 0 0 0 0 1333 0 0 0 1336 0 0 0 1340 0 0 0 0 0 0
1331 0 0 0 0 0 0 0 0 0 0 0 1332 0 0 0 0 0 0 0 0 0 0 0 0 0 0 0 0 0 0
1332 0 0 0 0 0 0 0 0 0 0 0 0 0 0 0 0 0 0 0 0 0 0 0 0 0 0 0 0 0 1 block
1333 0 0 0 0 1334 0 0 0 0 0 0 0 0 1335 0 0 0 0 0 0 0 0 0 0 0 0 0 0 0 0
1334 0 0 0 0 0 0 0 0 0 0 0 0 0 0 0 0 0 0 0 0 0 0 0 0 0 0 0 0 0 1 blood
1335 0 0 0 0 0 0 0 0 0 0 0 0 0 0 0 0 0 0 0 0 0 0 0 0 0 0 0 0 0 1 bloom
1336 0 0 0 0 0 0 0 0 0 0 0 0 0 0 0 0 0 0 0 1337 0 0 0 0 0 0 0 0 0 0
1337 0 0 0 0 0 0 0 0 0 0 0 0 0 0 0 1338 0 0 0 0 0 0 0 0 0 0 0 0 0 0
1338 0 0 0 0 0 0 0 0 0 0 0 0 0 1339 0 0 0 0 0 0 0 0 0 0 0 0 0 0 0 0
1339 0 0 0 0 0 0 0 0 0 0 0 0 0 0 0 0 0 0 0 0 0 0 0 0 0 0 0 0 0 1 blossom
1340 0 0 0 0 0 0 0 0 0 0 0 0 0 0 0 0 0 0 0 0 0 0 0 0 0 0 0 0 0 1 blow
1341 0 0 0 0 0 1342 0 0 0 0 0 0 0 0 0 0 0 0 0 0 0 0 0 0 0 0 0 0 0 0
1342 0 0 0 0 0 0 0 0 0 0 0 0 0 0 0 0 0 0 0 0 0 0 0 0 0 0 0 0 0 1 blue
1343 0 1344 0 0 1350 0 0 0 0 1352 0 0 1354 1357 1359 1362 0 0 1366 1375 1379 1388 0 1398 1400 1401 0 0 0 0
1344 0 0 0 0 0 0 0 0 0 0 0 0 0 0 0 0 0 0 1345 1347 1349 0 0 0 0 0 0 0 0 0
1345 0 0 0 0 1346 0 0 0 0 0 0 0 0 0 0 0 0 0 0 0 0 0 0 0 0 0 0 0 0 0
1346 0 0 0 0 0 0 0 0 0 0 0 0 0 0 0 0 0 0 0 0 0 0 0 0 0 0 0 0 0 1 board
1347 0 0 0 0 0 0 0 0 0 0 0 0 0 0 0 0 0 0 0 0 1348 0 0 0 0 0 0 0 0 0
1348 0 0 0 0 0 0 0 0 0 0 0 0 0 0 0 0 0 0 0 0 0 0 0 0 0 0 0 0 0 1 boast
1349 0 0 0 0 0 0 0 0 0 0 0 0 0 0 0 0 0 0 0 0 0 0 0 0 0 0 0 0 0 1 boat
1350 0 0 0 0 0 0 0 0 0 0 0 0 0 0 0 0 0 0 0 0 0 0 0 0 0 1351 0 0 0 0
1351 0 0 0 0 0 0 0 0 0 0 0 0 0 0 0 0 0 0 0 0 0 0 0 0 0 0 0 0 0 1 body
1352 0 0 0 0 0 0 0 0 0 0 0 0 1353 0 0 0 0 0 0 0 0 0 0 0 0 0 0 0 0 0
1353 0 0 0 0 0 0 0 0 0 0 0 0 0 0 0 0 0 0 0 0 0 0 0 0 0 0 0 0 0 1 boil
1354 0 0 0 0 1355 0 0 0 0 0 0 0 0 0 0 0 0 0 0 0 1356 0 0 0 0 0 0 0 0 0
1355 0 0 0 0 0 0 0 0 0 0 0 0 0 0 0 0 0 0 0 0 0 0 0 0 0 0 0 0 0 1 bold
1356 0 0 0 0 0 0 0 0 0 0 0 0 0 0 0 0 0 0 0 0 0 0 0 0 0 0 0 0 0 1 bolt
1357 0 0 1358 0 0 0 0 0 0 0 0 0 0 0 0 0 0 0 0 0 0 0 0 0 0 0 0 0 0 0
1358 0 0 0 0 0 0 0 0 0 0 0 0 0 0 0 0 0 0 0 0 0 0 0 0 0 0 0 0 0 1 bomb
1359 0 0 0 0 1360 1361 0 0 0 0 0 0 0 0 0 0 0 0 0 0 0 0 0 0 0 0 0 0 0 0
1360 0 0 0 0 0 0 0 0 0 0 0 0 0 0 0 0 0 0 0 0 0 0 0 0 0 0 0 0 0 1 bond
1361 0 0 0 0 0 0 0 0 0 0 0 0 0 0 0 0 0 0 0 0 0 0 0 0 0 0 0 0 0 1 bone
1362 0 0 0 0 0 0 0 0 0 0 0 1363 0 0 0 0 0 0 0 0 1364 0 0 0 0 0 0 0 0 0
1363 0 0 0 0 0 0 0 0 0 0 0 0 0 0 0 0 0 0 0 0 0 0 0 0 0 0 0 0 0 1 book
1364 0 0 0 0 0 0 0 0 1365 0 0 0 0 0 0 0 0 0 0 0 0 0 0 0 0 0 0 0 0 1 boot
1365 0 0 0 0 0 0 0 0 0 0 0 0 0 0 0 0 0 0 0 0 0 0 0 0 0 0 0 0 0 1 booth
1366 0 0 0 0 1367 1370 0 0 0 0 0 0 0 0 1371 0 0 0 1372 0 0 0 0 0 0 0 0 0 0 0
1367 0 0 0 0 0 1368 0 0 0 0 0 0 0 0 0 0 0 0 0 0 0 0 0 0 0 0 0 0 0 0
1368 0 0 0 0 0 0 0 0 0 0 0 0 0 0 0 0 0 0 1369 0 0 0 0 0 0 0 0 0 0 0
1369 0 0 0 0 0 0 0 0 0 0 0 0 0 0 0 0 0 0 0 0 0 0 0 0 0 0 0 0 0 1 border
1370 0 0 0 0 0 0 0 0 0 0 0 0 0 0 0 0 0 0 0 0 0 0 0 0 0 0 0 0 0 1 bore
1371 0 0 0 0 0 0 0 0 0 0 0 0 0 0 0 0 0 0 0 0 0 0 0 0 0 0 0 0 0 1 born
1372 0 0 0 0 0 0 0 0 0 0 0 0 0 0 0 1373 0 0 0 0 0 0 0 0 0 0 0 0 0 0
1373 0 0 0 0 0 0 0 0 0 0 0 0 0 0 0 0 0 0 0 0 0 0 0 1374 0 0 0 0 0 0
1374 0 0 0 0 0 0 0 0 0 0 0 0 0 0 0 0 0 0 0 0 0 0 0 0 0 0 0 0 0 1 borrow
1375 0 0 0 0 0 0 0 0 0 0 0 0 0 0 0 1376 0 0 0 1378 0 0 0 0 0 0 0 0 0 0
1376 0 0 0 0 0 0 0 0 0 0 0 0 0 1377 0 0 0 0 0 0 0 0 0 0 0 0 0 0 0 0
1377 0 0 0 0 0 0 0 0 0 0 0 0 0 0 0 0 0 0 0 0 0 0 0 0 0 0 0 0 0 1 bosom
1378 0 0 0 0 0 0 0 0 0 0 0 0 0 0 0 0 0 0 0 0 0 0 0 0 0 0 0 0 0 1 boss
1379 0 0 0 0 0 0 0 0 1380 0 0 0 0 0 0 0 0 0 0 0 1383 0 0 0 0 0 0 0 0 0
1380 0 0 0 0 0 1381 0 0 0 0 0 0 0 0 0 0 0 0 0 0 0 0 0 0 0 0 0 0 0 1 both
1381 0 0 0 0 0 0 0 0 0 0 0 0 0 0 0 0 0 0 1382 0 0 0 0 0 0 0 0 0 0 0
1382 0 0 0 0 0 0 0 0 0 0 0 0 0 0 0 0 0 0 0 0 0 0 0 0 0 0 0 0 0 1 bother
1383 0 0 0 0 0 0 0 0 0 0 0 0 1384 0 0 1386 0 0 0 0 0 0 0 0 0 0 0 0 0 0
1384 0 0 0 0 0 1385 0 0 0 0 0 0 0 0 0 0 0 0 0 0 0 0 0 0 0 0 0 0 0 0
1385 0 0 0 0 0 0 0 0 0 0 0 0 0 0 0 0 0 0 0 0 0 0 0 0 0 0 0 0 0 1 bottle
1386 0 0 0 0 0 0 0 0 0 0 0 0 0 1387 0 0 0 0 0 0 0 0 0 0 0 0 0 0 0 0
1387 0 0 0 0 0 0 0 0 0 0 0 0 0 0 0 0 0 0 0 0 0 0 0 0 0 0 0 0 0 1 bottom
1388 0 0 0 0 0 0 0 1389 0 0 0 0 0 0 1391 0 0 0 0 0 0 0 0 0 0 0 0 0 0 0
1389 0 0 0 0 0 0 0 0 1390 0 0 0 0 0 0 0 0 0 0 0 0 0 0 0 0 0 0 0 0 0
1390 0 0 0 0 0 0 0 0 0 0 0 0 0 0 0 0 0 0 0 0 0 0 0 0 0 0 0 0 0 1 bough
1391 0 0 0 1392 1394 0 0 0 0 0 0 0 0 0 0 0 0 0 0 0 0 0 0 0 0 0 0 0 0 0
1392 0 0 0 0 0 1393 0 0 0 0 0 0 0 0 0 0 0 0 0 0 0 0 0 0 0 0 0 0 0 0
1393 0 0 0 0 0 0 0 0 0 0 0 0 0 0 0 0 0 0 0 0 0 0 0 0 0 0 0 0 0 1 bounce
1394 0 1395 0 0 0 0 0 0 0 0 0 0 0 0 0 0 0 0 0 0 0 0 0 0 0 0 0 0 0 1 bound
1395 0 0 0 0 0 0 0 0 0 0 0 0 0 0 0 0 0 0 1396 0 0 0 0 0 0 0 0 0 0 0
1396 0 0 0 0 0 0 0 0 0 0 0 0 0 0 0 0 0 0 0 0 0 0 0 0 0 1397 0 0 0 0
1397 0 0 0 0 0 0 0 0 0 0 0 0 0 0 0 0 0 0 0 0 0 0 0 0 0 0 0 0 0 1 boundary
1398 0 0 0 0 0 0 0 0 0 0 0 0 1399 0 0 0 0 0 0 0 0 0 0 0 0 0 0 0 0 1 bow
1399 0 0 0 0 0 0 0 0 0 0 0 0 0 0 0 0 0 0 0 0 0 0 0 0 0 0 0 0 0 1 bowl
1400 0 0 0 0 0 0 0 0 0 0 0 0 0 0 0 0 0 0 0 0 0 0 0 0 0 0 0 0 0 1 box
1401 0 0 0 0 0 0 0 0 0 0 0 0 0 0 0 0 0 0 0 0 0 0 0 0 0 0 0 0 0 1 boy
1402 0 1403 0 0 0 1417 0 0 0 1436 0 0 0 0 0 1473 0 0 0 0 0 1496 0 0 0 0 0 0 0 0
1403 0 0 0 0 0 0 0 0 0 1404 0 1406 0 0 1408 0 0 0 0 1413 0 0 1415 0 0 0 0 0 0 0
1404 0 0 0 0 0 0 0 0 0 0 0 0 0 0 1405 0 0 0 0 0 0 0 0 0 0 0 0 0 0 0
1405 0 0 0 0 0 0 0 0 0 0 0 0 0 0 0 0 0 0 0 0 0 0 0 0 0 0 0 0 0 1 brain
1406 0 0 0 0 0 1407 0 0 0 0 0 0 0 0 0 0 0 0 0 0 0 0 0 0 0 0 0 0 0 0
1407 0 0 0 0 0 0 0 0 0 0 0 0 0 0 0 0 0 0 0 0 0 0 0 0 0 0 0 0 0 1 brake
1408 0 0 0 1409 1411 0 0 0 0 0 0 0 0 0 0 0 0 0 0 0 0 0 0 0 0 0 0 0 0 0
1409 0 0 0 0 0 0 0 0 1410 0 0 0 0 0 0 0 0 0 0 0 0 0 0 0 0 0 0 0 0 0
1410 0 0 0 0 0 0 0 0 0 0 0 0 0 0 0 0 0 0 0 0 0 0 0 0 0 0 0 0 0 1 branch
1411 0 0 0 0 0 0 0 0 0 0 0 0 0 0 0 0 0 0 0 0 0 0 0 0 0 1412 0 0 0 1 brand
1412 0 0 0 0 0 0 0 0 0 0 0 0 0 0 0 0 0 0 0 0 0 0 0 0 0 0 0 0 0 1 brandy
1413 0 0 0 0 0 0 0 0 0 0 0 0 0 0 0 0 0 0 0 1414 0 0 0 0 0 0 0 0 0 0
1414 0 0 0 0 0 0 0 0 0 0 0 0 0 0 0 0 0 0 0 0 0 0 0 0 0 0 0 0 0 1 brass
1415 0 0 0 0 0 1416 0 0 0 0 0 0 0 0 0 0 0 0 0 0 0 0 0 0 0 0 0 0 0 0
1416 0 0 0 0 0 0 0 0 0 0 0 0 0 0 0 0 0 0 0 0 0 0 0 0 0 0 0 0 0 1 brave
1417 0 1418 0 0 0 1432 0 0 0 0 0 0 0 0 0 0 0 0 0 0 0 0 0 0 0 0 0 0 0 0
1418 0 0 0 0 1419 0 0 0 0 0 0 1422 0 0 0 0 0 0 0 1427 1429 0 0 0 0 0 0 0 0 0
1419 0 0 0 0 0 0 0 0 0 0 0 0 0 0 0 0 0 0 0 0 1420 0 0 0 0 0 0 0 0 1 bread
1420 0 0 0 0 0 0 0 0 1421 0 0 0 0 0 0 0 0 0 0 0 0 0 0 0 0 0 0 0 0 0
1421 0 0 0 0 0 0 0 0 0 0 0 0 0 0 0 0 0 0 0 0 0 0 0 0 0 0 0 0 0 1 breadth
1422 0 0 0 0 0 0 1423 0 0 0 0 0 0 0 0 0 0 0 0 0 0 0 0 0 0 0 0 0 0 1 break
1423 0 1424 0 0 0 0 0 0 0 0 0 0 0 0 0 0 0 0 0 0 0 0 0 0 0 0 0 0 0 0
1424 0 0 0 0 0 0 0 0 0 0 0 0 0 0 0 0 0 0 0 1425 0 0 0 0 0 0 0 0 0 0
1425 0 0 0 0 0 0 0 0 0 0 0 0 0 0 0 0 0 0 0 0 1426 0 0 0 0 0 0 0 0 0
1426 0 0 0 0 0 0 0 0 0 0 0 0 0 0 0 0 0 0 0 0 0 0 0 0 0 0 0 0 0 1 breakfast
1427 0 0 0 0 0 0 0 0 0 0 0 0 0 0 0 0 0 0 0 0 1428 0 0 0 0 0 0 0 0 0
1428 0 0 0 0 0 0 0 0 0 0 0 0 0 0 0 0 0 0 0 0 0 0 0 0 0 0 0 0 0 1 breast
1429 0 0 0 0 0 0 0 0 1430 0 0 0 0 0 0 0 0 0 0 0 0 0 0 0 0 0 0 0 0 0
1430 0 0 0 0 0 1431 0 0 0 0 0 0 0 0 0 0 0 0 0 0 0 0 0 0 0 0 0 0 0 1 breath
1431 0 0 0 0 0 0 0 0 0 0 0 0 0 0 0 0 0 0 0 0 0 0 0 0 0 0 0 0 0 1 breathe
1432 0 0 0 0 1433 0 0 0 0 0 0 0 0 0 0 0 0 0 0 0 0 0 0 0 0 0 1434 0 0 0
1433 0 0 0 0 0 0 0 0 0 0 0 0 0 0 0 0 0 0 0 0 0 0 0 0 0 0 0 0 0 1 breed
1434 0 0 0 0 0 1435 0 0 0 0 0 0 0 0 0 0 0 0 0 0 0 0 0 0 0 0 0 0 0 0
1435 0 0 0 0 0 0 0 0 0 0 0 0 0 0 0 0 0 0 0 0 0 0 0 0 0 0 0 0 0 1 breeze
1436 0 0 0 1437 1439 1442 0 1444 0 0 0 0 1449 1455 1456 0 0 0 0 1458 1463 0 0 0 0 0 0 0 0 0
1437 0 0 0 0 0 0 0 0 0 0 0 1438 0 0 0 0 0 0 0 0 0 0 0 0 0 0 0 0 0 0
1438 0 0 0 0 0 0 0 0 0 0 0 0 0 0 0 0 0 0 0 0 0 0 0 0 0 0 0 0 0 1 brick
1439 0 0 0 0 0 0 0 1440 0 0 0 0 0 0 0 0 0 0 0 0 0 0 0 0 0 0 0 0 0 0
1440 0 0 0 0 0 1441 0 0 0 0 0 0 0 0 0 0 0 0 0 0 0 0 0 0 0 0 0 0 0 0
1441 0 0 0 0 0 0 0 0 0 0 0 0 0 0 0 0 0 0 0 0 0 0 0 0 0 0 0 0 0 1 bridge
1442 0 0 0 0 0 0 1443 0 0 0 0 0 0 0 0 0 0 0 0 0 0 0 0 0 0 0 0 0 0 0
1443 0 0 0 0 0 0 0 0 0 0 0 0 0 0 0 0 0 0 0 0 0 0 0 0 0 0 0 0 0 1 brief
1444 0 0 0 0 0 0 0 0 1445 0 0 0 0 0 0 0 0 0 0 0 0 0 0 0 0 0 0 0 0 0
1445 0 0 0 0 0 0 0 0 0 0 0 0 0 0 0 0 0 0 0 0 1446 0 0 0 0 0 0 0 0 0
1446 0 0 0 0 0 1447 0 0 0 0 0 0 0 0 0 0 0 0 0 0 0 0 0 0 0 0 0 0 0 1 bright
1447 0 0 0 0 0 0 0 0 0 0 0 0 0 0 1448 0 0 0 0 0 0 0 0 0 0 0 0 0 0 0
1448 0 0 0 0 0 0 0 0 0 0 0 0 0 0 0 0 0 0 0 0 0 0 0 0 0 0 0 0 0 1 brighten
1449 0 0 0 0 0 0 0 0 0 0 0 0 1450 0 0 0 0 0 0 0 0 0 0 0 0 0 0 0 0 0
1450 0 0 0 0 0 0 0 0 0 1451 0 0 0 0 0 0 0 0 0 0 0 0 0 0 0 0 0 0 0 0
1451 0 1452 0 0 0 0 0 0 0 0 0 0 0 0 0 0 0 0 0 0 0 0 0 0 0 0 0 0 0 0
1452 0 0 0 0 0 0 0 0 0 0 0 0 0 0 1453 0 0 0 0 0 0 0 0 0 0 0 0 0 0 0
1453 0 0 0 0 0 0 0 0 0 0 0 0 0 0 0 0 0 0 0 0 1454 0 0 0 0 0 0 0 0 0
1454 0 0 0 0 0 0 0 0 0 0 0 0 0 0 0 0 0 0 0 0 0 0 0 0 0 0 0 0 0 1 brilliant
1455 0 0 0 0 0 0 0 0 0 0 0 0 0 0 0 0 0 0 0 0 0 0 0 0 0 0 0 0 0 1 brim
1456 0 0 0 0 0 0 0 1457 0 0 0 0 0 0 0 0 0 0 0 0 0 0 0 0 0 0 0 0 0 0
1457 0 0 0 0 0 0 0 0 0 0 0 0 0 0 0 0 0 0 0 0 0 0 0 0 0 0 0 0 0 1 bring
1458 0 0 0 0 0 0 0 0 0 0 0 1459 0 0 0 0 0 0 0 0 1460 0 0 0 0 0 0 0 0 0
1459 0 0 0 0 0 0 0 0 0 0 0 0 0 0 0 0 0 0 0 0 0 0 0 0 0 0 0 0 0 1 brisk
1460 0 0 0 0 0 0 0 0 0 0 0 0 1461 0 0 0 0 0 0 0 0 0 0 0 0 0 0 0 0 0
1461 0 0 0 0 0 1462 0 0 0 0 0 0 0 0 0 0 0 0 0 0 0 0 0 0 0 0 0 0 0 0
1462 0 0 0 0 0 0 0 0 0 0 0 0 0 0 0 0 0 0 0 0 0 0 0 0 0 0 0 0 0 1 bristle
1463 0 1464 0 0 0 0 0 0 0 1467 0 0 0 0 0 0 0 0 0 0 1470 0 0 0 0 0 0 0 0 0
1464 0 0 0 0 0 0 0 0 0 1465 0 0 0 0 0 0 0 0 0 0 0 0 0 0 0 0 0 0 0 0
1465 0 0 0 0 0 0 0 0 0 0 0 0 0 0 1466 0 0 0 0 0 0 0 0 0 0 0 0 0 0 0
1466 0 0 0 0 0 0 0 0 0 0 0 0 0 0 0 0 0 0 0 0 0 0 0 0 0 0 0 0 0 1 Britain
1467 0 0 0 0 0 0 0 0 0 0 0 0 0 0 0 0 0 0 0 1468 0 0 0 0 0 0 0 0 0 0
1468 0 0 0 0 0 0 0 0 1469 0 0 0 0 0 0 0 0 0 0 0 0 0 0 0 0 0 0 0 0 0
1469 0 0 0 0 0 0 0 0 0 0 0 0 0 0 0 0 0 0 0 0 0 0 0 0 0 0 0 0 0 1 British
1470 0 0 0 0 0 0 0 0 0 0 0 0 1471 0 0 0 0 0 0 0 0 0 0 0 0 0 0 0 0 0
1471 0 0 0 0 0 1472 0 0 0 0 0 0 0 0 0 0 0 0 0 0 0 0 0 0 0 0 0 0 0 0
1472 0 0 0 0 0 0 0 0 0 0 0 0 0 0 0 0 0 0 0 0 0 0 0 0 0 0 0 0 0 1 brittle
1473 0 1474 0 0 0 0 0 0 0 0 0 1480 0 0 1483 1486 0 0 0 0 1490 0 0 1494 0 0 0 0 0 0
1474 0 0 0 0 1475 0 0 0 0 0 0 0 0 0 0 0 0 0 0 0 0 0 0 0 0 0 0 0 0 0
1475 0 0 0 1476 0 0 0 0 0 0 0 0 0 0 0 0 0 0 0 0 0 0 0 0 0 0 0 0 0 1 broad
1476 0 1477 0 0 0 0 0 0 0 0 0 0 0 0 0 0 0 0 0 0 0 0 0 0 0 0 0 0 0 0
1477 0 0 0 0 0 0 0 0 0 0 0 0 0 0 0 0 0 0 0 1478 0 0 0 0 0 0 0 0 0 0
1478 0 0 0 0 0 0 0 0 0 0 0 0 0 0 0 0 0 0 0 0 1479 0 0 0 0 0 0 0 0 0
1479 0 0 0 0 0 0 0 0 0 0 0 0 0 0 0 0 0 0 0 0 0 0 0 0 0 0 0 0 0 1 broadcast
1480 0 0 0 0 0 1481 0 0 0 0 0 0 0 0 0 0 0 0 0 0 0 0 0 0 0 0 0 0 0 0
1481 0 0 0 0 0 0 0 0 0 0 0 0 0 0 1482 0 0 0 0 0 0 0 0 0 0 0 0 0 0 0
1482 0 0 0 0 0 0 0 0 0 0 0 0 0 0 0 0 0 0 0 0 0 0 0 0 0 0 0 0 0 1 broken
1483 0 0 0 0 0 0 0 0 0 0 0 0 0 0 0 0 0 0 0 0 0 0 0 0 0 0 1484 0 0 0
1484 0 0 0 0 0 1485 0 0 0 0 0 0 0 0 0 0 0 0 0 0 0 0 0 0 0 0 0 0 0 0
1485 0 0 0 0 0 0 0 0 0 0 0 0 0 0 0 0 0 0 0 0 0 0 0 0 0 0 0 0 0 1 bronze
1486 0 0 0 0 1487 0 0 0 0 0 0 1488 0 1489 0 0 0 0 0 0 0 0 0 0 0 0 0 0 0 0
1487 0 0 0 0 0 0 0 0 0 0 0 0 0 0 0 0 0 0 0 0 0 0 0 0 0 0 0 0 0 1 brood
1488 0 0 0 0 0 0 0 0 0 0 0 0 0 0 0 0 0 0 0 0 0 0 0 0 0 0 0 0 0 1 brook
1489 0 0 0 0 0 0 0 0 0 0 0 0 0 0 0 0 0 0 0 0 0 0 0 0 0 0 0 0 0 1 broom
1490 0 0 0 0 0 0 0 0 1491 0 0 0 0 0 0 0 0 0 0 0 0 0 0 0 0 0 0 0 0 0
1491 0 0 0 0 0 1492 0 0 0 0 0 0 0 0 0 0 0 0 0 0 0 0 0 0 0 0 0 0 0 0
1492 0 0 0 0 0 0 0 0 0 0 0 0 0 0 0 0 0 0 1493 0 0 0 0 0 0 0 0 0 0 0
1493 0 0 0 0 0 0 0 0 0 0 0 0 0 0 0 0 0 0 0 0 0 0 0 0 0 0 0 0 0 1 brother
1494 0 0 0 0 0 0 0 0 0 0 0 0 0 0 1495 0 0 0 0 0 0 0 0 0 0 0 0 0 0 1 brow
1495 0 0 0 0 0 0 0 0 0 0 0 0 0 0 0 0 0 0 0 0 0 0 0 0 0 0 0 0 0 1 brown
1496 0 0 0 0 0 0 0 0 0 1497 0 0 0 0 0 0 0 0 0 1500 1502 0 0 0 0 0 0 0 0 0
1497 0 0 0 0 0 0 0 0 0 0 0 0 0 0 0 0 0 0 0 1498 0 0 0 0 0 0 0 0 0 0
1498 0 0 0 0 0 1499 0 0 0 0 0 0 0 0 0 0 0 0 0 0 0 0 0 0 0 0 0 0 0 0
1499 0 0 0 0 0 0 0 0 0 0 0 0 0 0 0 0 0 0 0 0 0 0 0 0 0 0 0 0 0 1 bruise
1500 0 0 0 0 0 0 0 0 1501 0 0 0 0 0 0 0 0 0 0 0 0 0 0 0 0 0 0 0 0 0
1501 0 0 0 0 0 0 0 0 0 0 0 0 0 0 0 0 0 0 0 0 0 0 0 0 0 0 0 0 0 1 brush
1502 0 0 0 0 0 1503 0 0 0 0 0 0 0 0 0 0 0 0 0 0 0 0 0 0 0 0 0 0 0 0
1503 0 0 0 0 0 0 0 0 0 0 0 0 0 0 0 0 0 0 0 0 0 0 0 0 0 0 0 0 0 1 brute
1504 0 0 1505 1509 1513 0 0 0 0 1514 0 0 1520 0 1526 0 0 0 1532 1543 1551 0 0 0 0 1564 0 0 0 0
1505 0 0 1506 0 0 0 0 0 0 0 0 0 0 0 0 0 0 0 0 0 0 0 0 0 0 0 0 0 0 0
1506 0 0 0 0 0 0 0 0 0 0 0 0 1507 0 0 0 0 0 0 0 0 0 0 0 0 0 0 0 0 0
1507 0 0 0 0 0 1508 0 0 0 0 0 0 0 0 0 0 0 0 0 0 0 0 0 0 0 0 0 0 0 0
1508 0 0 0 0 0 0 0 0 0 0 0 0 0 0 0 0 0 0 0 0 0 0 0 0 0 0 0 0 0 1 bubble
1509 0 0 0 0 0 0 0 0 0 0 0 1510 0 0 0 0 0 0 0 0 0 0 0 0 0 0 0 0 0 0
1510 0 0 0 0 0 1511 0 0 0 0 0 0 0 0 0 0 0 0 0 0 0 0 0 0 0 0 0 0 0 0
1511 0 0 0 0 0 0 0 0 0 0 0 0 0 0 0 0 0 0 0 0 1512 0 0 0 0 0 0 0 0 0
1512 0 0 0 0 0 0 0 0 0 0 0 0 0 0 0 0 0 0 0 0 0 0 0 0 0 0 0 0 0 1 bucket
1513 0 0 0 0 0 0 0 0 0 0 0 0 0 0 0 0 0 0 0 0 0 0 0 0 0 0 0 0 0 1 bud
1514 0 0 0 0 0 0 0 0 0 0 0 0 1515 0 0 0 0 0 0 0 0 0 0 0 0 0 0 0 0 0
1515 0 0 0 0 1516 0 0 0 0 0 0 0 0 0 0 0 0 0 0 0 0 0 0 0 0 0 0 0 0 0
1516 0 0 0 0 0 0 0 0 0 1517 0 0 0 0 0 0 0 0 0 0 0 0 0 0 0 0 0 0 0 1 build
1517 0 0 0 0 0 0 0 0 0 0 0 0 0 0 1518 0 0 0 0 0 0 0 0 0 0 0 0 0 0 0
1518 0 0 0 0 0 0 0 1519 0 0 0 0 0 0 0 0 0 0 0 0 0 0 0 0 0 0 0 0 0 0
1519 0 0 0 0 0 0 0 0 0 0 0 0 0 0 0 0 0 0 0 0 0 0 0 0 0 0 0 0 0 1 building
1520 0 0 1521 0 0 0 0 0 0 0 0 1522 1523 0 0 0 0 0 0 0 0 0 0 0 0 0 0 0 0 0
1521 0 0 0 0 0 0 0 0 0 0 0 0 0 0 0 0 0 0 0 0 0 0 0 0 0 0 0 0 0 1 bulb
1522 0 0 0 0 0 0 0 0 0 0 0 0 0 0 0 0 0 0 0 0 0 0 0 0 0 0 0 0 0 1 bulk
1523 0 0 0 0 0 1524 0 0 0 0 0 0 0 0 0 0 0 0 0 0 0 0 0 0 0 0 0 0 0 1 bull
1524 0 0 0 0 0 0 0 0 0 0 0 0 0 0 0 0 0 0 0 0 1525 0 0 0 0 0 0 0 0 0
1525 0 0 0 0 0 0 0 0 0 0 0 0 0 0 0 0 0 0 0 0 0 0 0 0 0 0 0 0 0 1 bullet
1526 0 0 0 1527 1529 0 0 0 0 0 0 0 0 0 0 0 0 0 0 0 0 0 0 0 0 0 0 0 0 0
1527 0 0 0 0 0 0 0 0 1528 0 0 0 0 0 0 0 0 0 0 0 0 0 0 0 0 0 0 0 0 0
1528 0 0 0 0 0 0 0 0 0 0 0 0 0 0 0 0 0 0 0 0 0 0 0 0 0 0 0 0 0 1 bunch
1529 0 0 0 0 0 0 0 0 0 0 0 0 1530 0 0 0 0 0 0 0 0 0 0 0 0 0 0 0 0 0
1530 0 0 0 0 0 1531 0 0 0 0 0 0 0 0 0 0 0 0 0 0 0 0 0 0 0 0 0 0 0 0
1531 0 0 0 0 0 0 0 0 0 0 0 0 0 0 0 0 0 0 0 0 0 0 0 0 0 0 0 0 0 1 bundle
1532 0 0 0 0 1533 1536 0 0 0 0 0 0 0 0 1539 0 0 0 0 1540 0 0 0 0 0 1542 0 0 0 0
1533 0 0 0 0 0 1534 0 0 0 0 0 0 0 0 0 0 0 0 0 0 0 0 0 0 0 0 0 0 0 0
1534 0 0 0 0 0 0 0 0 0 0 0 0 0 0 1535 0 0 0 0 0 0 0 0 0 0 0 0 0 0 0
1535 0 0 0 0 0 0 0 0 0 0 0 0 0 0 0 0 0 0 0 0 0 0 0 0 0 0 0 0 0 1 burden
1536 0 1537 0 0 0 0 0 0 0 0 0 0 0 0 0 0 0 0 0 0 0 0 0 0 0 0 0 0 0 0
1537 0 0 0 0 0 0 0 0 0 0 0 0 0 0 0 0 0 0 0 0 0 1538 0 0 0 0 0 0 0 0
1538 0 0 0 0 0 0 0 0 0 0 0 0 0 0 0 0 0 0 0 0 0 0 0 0 0 0 0 0 0 1 bureau
1539 0 0 0 0 0 0 0 0 0 0 0 0 0 0 0 0 0 0 0 0 0 0 0 0 0 0 0 0 0 1 burn
1540 0 0 0 0 0 0 0 0 0 0 0 0 0 0 0 0 0 0 0 0 1541 0 0 0 0 0 0 0 0 0
1541 0 0 0 0 0 0 0 0 0 0 0 0 0 0 0 0 0 0 0 0 0 0 0 0 0 0 0 0 0 1 burst
1542 0 0 0 0 0 0 0 0 0 0 0 0 0 0 0 0 0 0 0 0 0 0 0 0 0 0 0 0 0 1 bury
1543 0 0 0 0 0 0 0 0 1544 1545 0 0 0 0 0 0 0 0 0 0 0 0 0 0 0 1550 0 0 0 1 bus
1544 0 0 0 0 0 0 0 0 0 0 0 0 0 0 0 0 0 0 0 0 0 0 0 0 0 0 0 0 0 1 bush
1545 0 0 0 0 0 0 0 0 0 0 0 0 0 0 1546 0 0 0 0 0 0 0 0 0 0 0 0 0 0 0
1546 0 0 0 0 0 1547 0 0 0 0 0 0 0 0 0 0 0 0 0 0 0 0 0 0 0 0 0 0 0 0
1547 0 0 0 0 0 0 0 0 0 0 0 0 0 0 0 0 0 0 0 1548 0 0 0 0 0 0 0 0 0 0
1548 0 0 0 0 0 0 0 0 0 0 0 0 0 0 0 0 0 0 0 1549 0 0 0 0 0 0 0 0 0 0
1549 0 0 0 0 0 0 0 0 0 0 0 0 0 0 0 0 0 0 0 0 0 0 0 0 0 0 0 0 0 1 business
1550 0 0 0 0 0 0 0 0 0 0 0 0 0 0 0 0 0 0 0 0 0 0 0 0 0 0 0 0 0 1 busy
1551 0 0 0 1552 0 0 0 0 0 0 0 0 0 0 0 0 0 0 0 0 1556 0 0 0 0 0 0 0 0 1 but
1552 0 0 0 0 0 0 0 0 1553 0 0 0 0 0 0 0 0 0 0 0 0 0 0 0 0 0 0 0 0 0
1553 0 0 0 0 0 1554 0 0 0 0 0 0 0 0 0 0 0 0 0 0 0 0 0 0 0 0 0 0 0 0
1554 0 0 0 0 0 0 0 0 0 0 0 0 0 0 0 0 0 0 1555 0 0 0 0 0 0 0 0 0 0 0
1555 0 0 0 0 0 0 0 0 0 0 0 0 0 0 0 0 0 0 0 0 0 0 0 0 0 0 0 0 0 1 butcher
1556 0 0 0 0 0 1557 0 0 0 0 0 0 0 0 0 1562 0 0 0 0 0 0 0 0 0 0 0 0 0 0
1557 0 0 0 0 0 0 0 0 0 0 0 0 0 0 0 0 0 0 1558 0 0 0 0 0 0 0 0 0 0 0
1558 0 0 0 0 0 0 1559 0 0 0 0 0 0 0 0 0 0 0 0 0 0 0 0 0 0 0 0 0 0 1 butter
1559 0 0 0 0 0 0 0 0 0 0 0 0 1560 0 0 0 0 0 0 0 0 0 0 0 0 0 0 0 0 0
1560 0 0 0 0 0 0 0 0 0 0 0 0 0 0 0 0 0 0 0 0 0 0 0 0 0 1561 0 0 0 0
1561 0 0 0 0 0 0 0 0 0 0 0 0 0 0 0 0 0 0 0 0 0 0 0 0 0 0 0 0 0 1 butterfly
1562 0 0 0 0 0 0 0 0 0 0 0 0 0 0 1563 0 0 0 0 0 0 0 0 0 0 0 0 0 0 0
1563 0 0 0 0 0 0 0 0 0 0 0 0 0 0 0 0 0 0 0 0 0 0 0 0 0 0 0 0 0 1 button
1564 0 0 0 0 0 0 0 0 0 0 0 0 0 0 0 0 0 0 0 0 0 0 0 0 0 0 0 0 0 1 buy
1565 0 0 0 0 0 0 0 0 0 0 0 0 0 0 0 0 0 0 0 0 0 0 0 0 0 0 0 0 0 1 by
1566 0 1567 0 0 0 1749 0 0 1813 1960 0 0 2015 0 0 2094 0 0 2708 0 0 2787 0 0 0 2853 0 0 0 0
1567 0 0 1568 0 0 0 1579 1586 0 0 0 1588 1590 1609 1621 0 1654 0 1677 1714 1728 1744 1747 0 0 0 0 0 0 0
1568 0 0 1569 0 0 0 0 0 0 1573 0 0 1577 0 0 0 0 0 0 0 0 0 0 0 0 0 0 0 0 0
1569 0 1570 0 0 0 0 0 0 0 0 0 0 0 0 0 0 0 0 0 0 0 0 0 0 0 0 0 0 0 0
1570 0 0 0 0 0 0 0 1571 0 0 0 0 0 0 0 0 0 0 0 0 0 0 0 0 0 0 0 0 0 0
1571 0 0 0 0 0 1572 0 0 0 0 0 0 0 0 0 0 0 0 0 0 0 0 0 0 0 0 0 0 0 0
1572 0 0 0 0 0 0 0 0 0 0 0 0 0 0 0 0 0 0 0 0 0 0 0 0 0 0 0 0 0 1 cabbage
1573 0 0 0 0 0 0 0 0 0 0 0 0 0 0 1574 0 0 0 0 0 0 0 0 0 0 0 0 0 0 0
1574 0 0 0 0 0 1575 0 0 0 0 0 0 0 0 0 0 0 0 0 0 0 0 0 0 0 0 0 0 0 1 cabin
1575 0 0 0 0 0 0 0 0 0 0 0 0 0 0 0 0 0 0 0 0 1576 0 0 0 0 0 0 0 0 0
1576 0 0 0 0 0 0 0 0 0 0 0 0 0 0 0 0 0 0 0 0 0 0 0 0 0 0 0 0 0 1 cabinet
1577 0 0 0 0 0 1578 0 0 0 0 0 0 0 0 0 0 0 0 0 0 0 0 0 0 0 0 0 0 0 0
1578 0 0 0 0 0 0 0 0 0 0 0 0 0 0 0 0 0 0 0 0 0 0 0 0 0 0 0 0 0 1 cable
1579 0 0 0 0 0 1580 0 0 0 0 0 0 0 0 0 0 0 0 0 0 0 0 0 0 0 0 0 0 0 0
1580 0 0 0 0 0 0 0 0 0 0 0 0 0 0 0 0 0 0 0 0 1581 0 0 0 0 0 0 0 0 1 cafe
1581 0 0 0 0 0 1582 0 0 0 0 0 0 0 0 0 0 0 0 0 0 0 0 0 0 0 0 0 0 0 0
1582 0 0 0 0 0 0 0 0 0 0 0 0 0 0 0 0 0 0 1583 0 0 0 0 0 0 0 0 0 0 0
1583 0 0 0 0 0 0 0 0 0 1584 0 0 0 0 0 0 0 0 0 0 0 0 0 0 0 0 0 0 0 0
1584 0 1585 0 0 0 0 0 0 0 0 0 0 0 0 0 0 0 0 0 0 0 0 0 0 0 0 0 0 0 0
1585 0 0 0 0 0 0 0 0 0 0 0 0 0 0 0 0 0 0 0 0 0 0 0 0 0 0 0 0 0 1 cafeteria
1586 0 0 0 0 0 1587 0 0 0 0 0 0 0 0 0 0 0 0 0 0 0 0 0 0 0 0 0 0 0 0
1587 0 0 0 0 0 0 0 0 0 0 0 0 0 0 0 0 0 0 0 0 0 0 0 0 0 0 0 0 0 1 cage
1588 0 0 0 0 0 1589 0 0 0 0 0 0 0 0 0 0 0 0 0 0 0 0 0 0 0 0 0 0 0 0
1589 0 0 0 0 0 0 0 0 0 0 0 0 0 0 0 0 0 0 0 0 0 0 0 0 0 0 0 0 0 1 cake
1590 0 0 0 1591 0 1602 0 0 0 0 0 0 1607 1608 0 0 0 0 0 0 0 0 0 0 0 0 0 0 0 0
1591 0 0 0 0 0 0 0 0 0 0 0 0 0 0 0 0 0 0 0 0 0 1592 0 0 0 0 0 0 0 0
1592 0 0 0 0 0 0 0 0 0 0 0 0 1593 0 0 0 0 0 0 0 0 0 0 0 0 0 0 0 0 0
1593 0 1594 0 0 0 0 0 0 0 0 0 0 0 0 0 0 0 0 0 0 0 0 0 0 0 0 0 0 0 0
1594 0 0 0 0 0 0 0 0 0 0 0 0 0 0 0 0 0 0 0 0 1595 0 0 0 0 0 0 0 0 0
1595 0 0 0 0 0 1596 0 0 0 1597 0 0 0 0 0 1600 0 0 0 0 0 0 0 0 0 0 0 0 0 0
1596 0 0 0 0 0 0 0 0 0 0 0 0 0 0 0 0 0 0 0 0 0 0 0 0 0 0 0 0 0 1 calculate
1597 0 0 0 0 0 0 0 0 0 0 0 0 0 0 0 1598 0 0 0 0 0 0 0 0 0 0 0 0 0 0
1598 0 0 0 0 0 0 0 0 0 0 0 0 0 0 1599 0 0 0 0 0 0 0 0 0 0 0 0 0 0 0
1599 0 0 0 0 0 0 0 0 0 0 0 0 0 0 0 0 0 0 0 0 0 0 0 0 0 0 0 0 0 1 calculation
1600 0 0 0 0 0 0 0 0 0 0 0 0 0 0 0 0 0 0 1601 0 0 0 0 0 0 0 0 0 0 0
1601 0 0 0 0 0 0 0 0 0 0 0 0 0 0 0 0 0 0 0 0 0 0 0 0 0 0 0 0 0 1 calculator
1602 0 0 0 0 0 0 0 0 0 0 0 0 0 0 1603 0 0 0 0 0 0 0 0 0 0 0 0 0 0 0
1603 0 0 0 0 1604 0 0 0 0 0 0 0 0 0 0 0 0 0 0 0 0 0 0 0 0 0 0 0 0 0
1604 0 1605 0 0 0 0 0 0 0 0 0 0 0 0 0 0 0 0 0 0 0 0 0 0 0 0 0 0 0 0
1605 0 0 0 0 0 0 0 0 0 0 0 0 0 0 0 0 0 0 1606 0 0 0 0 0 0 0 0 0 0 0
1606 0 0 0 0 0 0 0 0 0 0 0 0 0 0 0 0 0 0 0 0 0 0 0 0 0 0 0 0 0 1 calendar
1607 0 0 0 0 0 0 0 0 0 0 0 0 0 0 0 0 0 0 0 0 0 0 0 0 0 0 0 0 0 1 call
1608 0 0 0 0 0 0 0 0 0 0 0 0 0 0 0 0 0 0 0 0 0 0 0 0 0 0 0 0 0 1 calm
1609 0 0 0 0 0 1610 0 0 0 0 0 0 0 0 0 0 1614 0 0 0 0 0 0 0 0 0 0 0 0 0
1610 0 0 0 0 0 0 0 0 0 0 0 0 1611 0 0 0 0 0 1612 0 0 0 0 0 0 0 0 0 0 0
1611 0 0 0 0 0 0 0 0 0 0 0 0 0 0 0 0 0 0 0 0 0 0 0 0 0 0 0 0 0 1 camel
1612 0 1613 0 0 0 0 0 0 0 0 0 0 0 0 0 0 0 0 0 0 0 0 0 0 0 0 0 0 0 0
1613 0 0 0 0 0 0 0 0 0 0 0 0 0 0 0 0 0 0 0 0 0 0 0 0 0 0 0 0 0 1 camera
1614 0 1615 0 0 0 0 0 0 0 0 0 0 0 0 0 0 0 0 0 0 0 1619 0 0 0 0 0 0 0 1 camp
1615 0 0 0 0 0 0 0 0 0 1616 0 0 0 0 0 0 0 0 0 0 0 0 0 0 0 0 0 0 0 0
1616 0 0 0 0 0 0 0 1617 0 0 0 0 0 0 0 0 0 0 0 0 0 0 0 0 0 0 0 0 0 0
1617 0 0 0 0 0 0 0 0 0 0 0 0 0 0 1618 0 0 0 0 0 0 0 0 0 0 0 0 0 0 0
1618 0 0 0 0 0 0 0 0 0 0 0 0 0 0 0 0 0 0 0 0 0 0 0 0 0 0 0 0 0 1 campaign
1619 0 0 0 0 0 0 0 0 0 0 0 0 0 0 0 0 0 0 0 1620 0 0 0 0 0 0 0 0 0 0
1620 0 0 0 0 0 0 0 0 0 0 0 0 0 0 0 0 0 0 0 0 0 0 0 0 0 0 0 0 0 1 campus
1621 0 1622 0 1629 1633 0 0 0 0 0 0 0 0 0 1642 1645 0 0 0 0 1647 0 1651 0 0 0 0 0 0 1 can
1622 0 0 0 0 1623 0 0 0 0 0 0 0 1628 0 0 0 0 0 0 0 0 0 0 0 0 0 0 0 0 0
1623 0 1624 0 0 0 0 0 0 0 1625 0 0 0 0 0 0 0 0 0 0 0 0 0 0 0 0 0 0 0 0
1624 0 0 0 0 0 0 0 0 0 0 0 0 0 0 0 0 0 0 0 0 0 0 0 0 0 0 0 0 0 1 Canada
1625 0 1626 0 0 0 0 0 0 0 0 0 0 0 0 0 0 0 0 0 0 0 0 0 0 0 0 0 0 0 0
1626 0 0 0 0 0 0 0 0 0 0 0 0 0 0 1627 0 0 0 0 0 0 0 0 0 0 0 0 0 0 0
1627 0 0 0 0 0 0 0 0 0 0 0 0 0 0 0 0 0 0 0 0 0 0 0 0 0 0 0 0 0 1 Canadian
1628 0 0 0 0 0 0 0 0 0 0 0 0 0 0 0 0 0 0 0 0 0 0 0 0 0 0 0 0 0 1 canal
1629 0 0 0 0 0 1630 0 0 0 0 0 0 0 0 0 0 0 0 0 0 0 0 0 0 0 0 0 0 0 0
1630 0 0 0 0 0 0 0 0 0 0 0 0 1631 0 0 0 0 0 1632 0 0 0 0 0 0 0 0 0 0 0
1631 0 0 0 0 0 0 0 0 0 0 0 0 0 0 0 0 0 0 0 0 0 0 0 0 0 0 0 0 0 1 cancel
1632 0 0 0 0 0 0 0 0 0 0 0 0 0 0 0 0 0 0 0 0 0 0 0 0 0 0 0 0 0 1 cancer
1633 0 0 0 0 0 0 0 0 0 1634 0 0 1639 0 0 0 0 0 0 0 0 0 0 0 0 1641 0 0 0 0
1634 0 0 0 0 1635 0 0 0 0 0 0 0 0 0 0 0 0 0 0 0 0 0 0 0 0 0 0 0 0 0
1635 0 1636 0 0 0 0 0 0 0 0 0 0 0 0 0 0 0 0 0 0 0 0 0 0 0 0 0 0 0 0
1636 0 0 0 0 0 0 0 0 0 0 0 0 0 0 0 0 0 0 0 0 1637 0 0 0 0 0 0 0 0 0
1637 0 0 0 0 0 1638 0 0 0 0 0 0 0 0 0 0 0 0 0 0 0 0 0 0 0 0 0 0 0 0
1638 0 0 0 0 0 0 0 0 0 0 0 0 0 0 0 0 0 0 0 0 0 0 0 0 0 0 0 0 0 1 candidate
1639 0 0 0 0 0 1640 0 0 0 0 0 0 0 0 0 0 0 0 0 0 0 0 0 0 0 0 0 0 0 0
1640 0 0 0 0 0 0 0 0 0 0 0 0 0 0 0 0 0 0 0 0 0 0 0 0 0 0 0 0 0 1 candle
1641 0 0 0 0 0 0 0 0 0 0 0 0 0 0 0 0 0 0 0 0 0 0 0 0 0 0 0 0 0 1 candy
1642 0 0 0 0 0 0 0 0 0 0 0 0 0 0 0 1643 0 0 0 0 0 0 0 0 0 0 0 0 0 0
1643 0 0 0 0 0 0 0 0 0 0 0 0 0 0 1644 0 0 0 0 0 0 0 0 0 0 0 0 0 0 0
1644 0 0 0 0 0 0 0 0 0 0 0 0 0 0 0 0 0 0 0 0 0 0 0 0 0 0 0 0 0 1 cannon
1645 0 0 0 0 0 1646 0 0 0 0 0 0 0 0 0 0 0 0 0 0 0 0 0 0 0 0 0 0 0 0
1646 0 0 0 0 0 0 0 0 0 0 0 0 0 0 0 0 0 0 0 0 0 0 0 0 0 0 0 0 0 1 canoe
1647 0 0 0 0 0 1648 0 0 0 0 0 0 0 0 0 0 0 0 0 0 0 0 0 0 0 0 0 0 0 0
1648 0 0 0 0 0 1649 0 0 0 0 0 0 0 0 0 0 0 0 0 0 0 0 0 0 0 0 0 0 0 0
1649 0 0 0 0 0 0 0 0 0 0 0 0 0 0 1650 0 0 0 0 0 0 0 0 0 0 0 0 0 0 0
1650 0 0 0 0 0 0 0 0 0 0 0 0 0 0 0 0 0 0 0 0 0 0 0 0 0 0 0 0 0 1 canteen
1651 0 1652 0 0 0 0 0 0 0 0 0 0 0 0 0 0 0 0 0 0 0 0 0 0 0 0 0 0 0 0
1652 0 0 0 0 0 0 0 0 0 0 0 0 0 0 0 0 0 0 0 1653 0 0 0 0 0 0 0 0 0 0
1653 0 0 0 0 0 0 0 0 0 0 0 0 0 0 0 0 0 0 0 0 0 0 0 0 0 0 0 0 0 1 canvas
1654 0 1655 0 0 0 0 0 0 0 1663 0 0 0 0 0 0 0 0 0 0 1667 0 0 0 0 0 0 0 0 1 cap
1655 0 0 1656 1659 0 0 0 0 0 0 0 0 0 0 0 0 0 0 0 0 0 0 0 0 0 0 0 0 0 0
1656 0 0 0 0 0 0 0 0 0 0 0 0 1657 0 0 0 0 0 0 0 0 0 0 0 0 0 0 0 0 0
1657 0 0 0 0 0 1658 0 0 0 0 0 0 0 0 0 0 0 0 0 0 0 0 0 0 0 0 0 0 0 0
1658 0 0 0 0 0 0 0 0 0 0 0 0 0 0 0 0 0 0 0 0 0 0 0 0 0 0 0 0 0 1 capable
1659 0 0 0 0 0 0 0 0 0 1660 0 0 0 0 0 0 0 0 0 0 0 0 0 0 0 0 0 0 0 0
1660 0 0 0 0 0 0 0 0 0 0 0 0 0 0 0 0 0 0 0 0 1661 0 0 0 0 0 0 0 0 0
1661 0 0 0 0 0 0 0 0 0 0 0 0 0 0 0 0 0 0 0 0 0 0 0 0 0 1662 0 0 0 0
1662 0 0 0 0 0 0 0 0 0 0 0 0 0 0 0 0 0 0 0 0 0 0 0 0 0 0 0 0 0 1 capacity
1663 0 0 0 0 0 0 0 0 0 0 0 0 0 0 0 0 0 0 0 0 1664 0 0 0 0 0 0 0 0 0
1664 0 1665 0 0 0 0 0 0 0 0 0 0 0 0 0 0 0 0 0 0 0 0 0 0 0 0 0 0 0 0
1665 0 0 0 0 0 0 0 0 0 0 0 0 1666 0 0 0 0 0 0 0 0 0 0 0 0 0 0 0 0 0
1666 0 0 0 0 0 0 0 0 0 0 0 0 0 0 0 0 0 0 0 0 0 0 0 0 0 0 0 0 0 1 capital
1667 0 1668 0 0 0 0 0 0 0 1671 0 0 0 0 0 0 0 0 0 0 0 1674 0 0 0 0 0 0 0 0
1668 0 0 0 0 0 0 0 0 0 1669 0 0 0 0 0 0 0 0 0 0 0 0 0 0 0 0 0 0 0 0
1669 0 0 0 0 0 0 0 0 0 0 0 0 0 0 1670 0 0 0 0 0 0 0 0 0 0 0 0 0 0 0
1670 0 0 0 0 0 0 0 0 0 0 0 0 0 0 0 0 0 0 0 0 0 0 0 0 0 0 0 0 0 1 captain
1671 0 0 0 0 0 0 0 0 0 0 0 0 0 0 0 0 0 0 0 0 0 0 1672 0 0 0 0 0 0 0
1672 0 0 0 0 0 1673 0 0 0 0 0 0 0 0 0 0 0 0 0 0 0 0 0 0 0 0 0 0 0 0
1673 0 0 0 0 0 0 0 0 0 0 0 0 0 0 0 0 0 0 0 0 0 0 0 0 0 0 0 0 0 1 captive
1674 0 0 0 0 0 0 0 0 0 0 0 0 0 0 0 0 0 0 1675 0 0 0 0 0 0 0 0 0 0 0
1675 0 0 0 0 0 1676 0 0 0 0 0 0 0 0 0 0 0 0 0 0 0 0 0 0 0 0 0 0 0 0
1676 0 0 0 0 0 0 0 0 0 0 0 0 0 0 0 0 0 0 0 0 0 0 0 0 0 0 0 0 0 1 capture
1677 0 0 1678 0 1681 1682 0 1692 0 0 0 0 0 0 0 0 1694 0 1701 0 1711 0 1712 0 0 0 0 0 0 1 car
1678 0 0 0 0 0 0 0 0 0 0 0 0 0 0 0 1679 0 0 0 0 0 0 0 0 0 0 0 0 0 0
1679 0 0 0 0 0 0 0 0 0 0 0 0 0 0 1680 0 0 0 0 0 0 0 0 0 0 0 0 0 0 0
1680 0 0 0 0 0 0 0 0 0 0 0 0 0 0 0 0 0 0 0 0 0 0 0 0 0 0 0 0 0 1 carbon
1681 0 0 0 0 0 0 0 0 0 0 0 0 0 0 0 0 0 0 0 0 0 0 0 0 0 0 0 0 0 1 card
1682 0 0 0 0 0 1683 1685 0 0 0 0 0 1688 0 0 0 0 0 0 0 0 0 0 0 0 0 0 0 0 1 care
1683 0 0 0 0 0 0 0 0 0 0 0 0 0 0 0 0 0 0 1684 0 0 0 0 0 0 0 0 0 0 0
1684 0 0 0 0 0 0 0 0 0 0 0 0 0 0 0 0 0 0 0 0 0 0 0 0 0 0 0 0 0 1 career
1685 0 0 0 0 0 0 0 0 0 0 0 0 0 0 0 0 0 0 0 0 0 1686 0 0 0 0 0 0 0 0
1686 0 0 0 0 0 0 0 0 0 0 0 0 1687 0 0 0 0 0 0 0 0 0 0 0 0 0 0 0 0 0
1687 0 0 0 0 0 0 0 0 0 0 0 0 0 0 0 0 0 0 0 0 0 0 0 0 0 0 0 0 0 1 careful
1688 0 0 0 0 0 1689 0 0 0 0 0 0 0 0 0 0 0 0 0 0 0 0 0 0 0 0 0 0 0 0
1689 0 0 0 0 0 0 0 0 0 0 0 0 0 0 0 0 0 0 0 1690 0 0 0 0 0 0 0 0 0 0
1690 0 0 0 0 0 0 0 0 0 0 0 0 0 0 0 0 0 0 0 1691 0 0 0 0 0 0 0 0 0 0
1691 0 0 0 0 0 0 0 0 0 0 0 0 0 0 0 0 0 0 0 0 0 0 0 0 0 0 0 0 0 1 careless
1692 0 0 0 0 0 0 0 0 0 0 0 0 0 0 0 1693 0 0 0 0 0 0 0 0 0 0 0 0 0 0
1693 0 0 0 0 0 0 0 0 0 0 0 0 0 0 0 0 0 0 0 0 0 0 0 0 0 0 0 0 0 1 cargo
1694 0 0 0 0 0 1695 0 0 0 0 0 0 0 0 0 0 0 0 0 0 0 0 0 0 0 0 0 0 0 0
1695 0 0 0 0 0 0 0 0 0 0 0 0 0 0 1696 0 0 0 0 0 1700 0 0 0 0 0 0 0 0 0
1696 0 0 0 0 0 0 0 0 0 0 0 0 0 0 0 0 0 0 0 0 1697 0 0 0 0 0 0 0 0 0
1697 0 0 0 0 0 1698 0 0 0 0 0 0 0 0 0 0 0 0 0 0 0 0 0 0 0 0 0 0 0 0
1698 0 0 0 0 0 0 0 0 0 0 0 0 0 0 0 0 0 0 1699 0 0 0 0 0 0 0 0 0 0 0
1699 0 0 0 0 0 0 0 0 0 0 0 0 0 0 0 0 0 0 0 0 0 0 0 0 0 0 0 0 0 1 carpenter
1700 0 0 0 0 0 0 0 0 0 0 0 0 0 0 0 0 0 0 0 0 0 0 0 0 0 0 0 0 0 1 carpet
1701 0 0 0 0 0 0 0 0 0 1702 0 0 0 0 0 1708 0 0 0 0 0 0 0 0 0 1710 0 0 0 0
1702 0 1703 0 0 0 1706 0 0 0 0 0 0 0 0 0 0 0 0 0 0 0 0 0 0 0 0 0 0 0 0
1703 0 0 0 0 0 0 0 1704 0 0 0 0 0 0 0 0 0 0 0 0 0 0 0 0 0 0 0 0 0 0
1704 0 0 0 0 0 1705 0 0 0 0 0 0 0 0 0 0 0 0 0 0 0 0 0 0 0 0 0 0 0 0
1705 0 0 0 0 0 0 0 0 0 0 0 0 0 0 0 0 0 0 0 0 0 0 0 0 0 0 0 0 0 1 carriage
1706 0 0 0 0 0 0 0 0 0 0 0 0 0 0 0 0 0 0 1707 0 0 0 0 0 0 0 0 0 0 0
1707 0 0 0 0 0 0 0 0 0 0 0 0 0 0 0 0 0 0 0 0 0 0 0 0 0 0 0 0 0 1 carrier
1708 0 0 0 0 0 0 0 0 0 0 0 0 0 0 0 0 0 0 0 0 1709 0 0 0 0 0 0 0 0 0
1709 0 0 0 0 0 0 0 0 0 0 0 0 0 0 0 0 0 0 0 0 0 0 0 0 0 0 0 0 0 1 carrot
1710 0 0 0 0 0 0 0 0 0 0 0 0 0 0 0 0 0 0 0 0 0 0 0 0 0 0 0 0 0 1 carry
1711 0 0 0 0 0 0 0 0 0 0 0 0 0 0 0 0 0 0 0 0 0 0 0 0 0 0 0 0 0 1 cart
1712 0 0 0 0 0 1713 0 0 0 0 0 0 0 0 0 0 0 0 0 0 0 0 0 0 0 0 0 0 0 0
1713 0 0 0 0 0 0 0 0 0 0 0 0 0 0 0 0 0 0 0 0 0 0 0 0 0 0 0 0 0 1 carve
1714 0 0 0 0 0 1715 0 0 1716 0 0 0 0 0 0 0 0 0 0 1717 1722 1725 0 0 0 0 0 0 0 0
1715 0 0 0 0 0 0 0 0 0 0 0 0 0 0 0 0 0 0 0 0 0 0 0 0 0 0 0 0 0 1 case
1716 0 0 0 0 0 0 0 0 0 0 0 0 0 0 0 0 0 0 0 0 0 0 0 0 0 0 0 0 0 1 cash
1717 0 0 0 0 0 1718 0 0 0 0 0 0 0 0 0 0 0 0 0 0 0 0 0 0 0 0 0 0 0 0
1718 0 0 0 0 0 0 0 0 0 0 0 0 0 0 0 0 0 0 0 0 1719 0 0 0 0 0 0 0 0 0
1719 0 0 0 0 0 0 0 0 0 0 0 0 0 0 0 0 0 0 0 0 1720 0 0 0 0 0 0 0 0 0
1720 0 0 0 0 0 1721 0 0 0 0 0 0 0 0 0 0 0 0 0 0 0 0 0 0 0 0 0 0 0 0
1721 0 0 0 0 0 0 0 0 0 0 0 0 0 0 0 0 0 0 0 0 0 0 0 0 0 0 0 0 0 1 cassette
1722 0 0 0 0 0 0 0 0 0 0 0 0 1723 0 0 0 0 0 0 0 0 0 0 0 0 0 0 0 0 1 cast
1723 0 0 0 0 0 1724 0 0 0 0 0 0 0 0 0 0 0 0 0 0 0 0 0 0 0 0 0 0 0 0
1724 0 0 0 0 0 0 0 0 0 0 0 0 0 0 0 0 0 0 0 0 0 0 0 0 0 0 0 0 0 1 castle
1725 0 1726 0 0 0 0 0 0 0 0 0 0 0 0 0 0 0 0 0 0 0 0 0 0 0 0 0 0 0 0
1726 0 0 0 0 0 0 0 0 0 0 0 0 1727 0 0 0 0 0 0 0 0 0 0 0 0 0 0 0 0 0
1727 0 0 0 0 0 0 0 0 0 0 0 0 0 0 0 0 0 0 0 0 0 0 0 0 0 0 0 0 0 1 casual
1728 0 1729 0 1733 0 0 0 0 1735 0 0 0 0 0 0 0 0 0 0 0 1741 0 0 0 0 0 0 0 0 1 cat
1729 0 0 0 0 0 0 0 0 0 0 0 0 1730 0 0 0 0 0 0 0 0 0 0 0 0 0 0 0 0 0
1730 0 0 0 0 0 0 0 0 0 0 0 0 0 0 0 1731 0 0 0 0 0 0 0 0 0 0 0 0 0 0
1731 0 0 0 0 0 0 0 1732 0 0 0 0 0 0 0 0 0 0 0 0 0 0 0 0 0 0 0 0 0 0
1732 0 0 0 0 0 0 0 0 0 0 0 0 0 0 0 0 0 0 0 0 0 0 0 0 0 0 0 0 0 1 catalog
1733 0 0 0 0 0 0 0 0 1734 0 0 0 0 0 0 0 0 0 0 0 0 0 0 0 0 0 0 0 0 0
1734 0 0 0 0 0 0 0 0 0 0 0 0 0 0 0 0 0 0 0 0 0 0 0 0 0 0 0 0 0 1 catch
1735 0 0 0 0 0 1736 0 0 0 0 0 0 0 0 0 0 0 0 0 0 0 0 0 0 0 0 0 0 0 0
1736 0 0 0 0 1737 0 0 0 0 0 0 0 0 0 0 0 0 0 0 0 0 0 0 0 0 0 0 0 0 0
1737 0 0 0 0 0 0 0 0 0 0 0 0 0 0 0 0 0 0 1738 0 0 0 0 0 0 0 0 0 0 0
1738 0 1739 0 0 0 0 0 0 0 0 0 0 0 0 0 0 0 0 0 0 0 0 0 0 0 0 0 0 0 0
1739 0 0 0 0 0 0 0 0 0 0 0 0 1740 0 0 0 0 0 0 0 0 0 0 0 0 0 0 0 0 0
1740 0 0 0 0 0 0 0 0 0 0 0 0 0 0 0 0 0 0 0 0 0 0 0 0 0 0 0 0 0 1 cathedral
1741 0 0 0 0 0 0 0 0 0 0 0 0 1742 0 0 0 0 0 0 0 0 0 0 0 0 0 0 0 0 0
1742 0 0 0 0 0 1743 0 0 0 0 0 0 0 0 0 0 0 0 0 0 0 0 0 0 0 0 0 0 0 0
1743 0 0 0 0 0 0 0 0 0 0 0 0 0 0 0 0 0 0 0 0 0 0 0 0 0 0 0 0 0 1 cattle
1744 0 0 0 0 0 0 0 0 0 0 0 0 0 0 0 0 0 0 0 1745 0 0 0 0 0 0 0 0 0 0
1745 0 0 0 0 0 1746 0 0 0 0 0 0 0 0 0 0 0 0 0 0 0 0 0 0 0 0 0 0 0 0
1746 0 0 0 0 0 0 0 0 0 0 0 0 0 0 0 0 0 0 0 0 0 0 0 0 0 0 0 0 0 1 cause
1747 0 0 0 0 0 1748 0 0 0 0 0 0 0 0 0 0 0 0 0 0 0 0 0 0 0 0 0 0 0 0
1748 0 0 0 0 0 0 0 0 0 0 0 0 0 0 0 0 0 0 0 0 0 0 0 0 0 0 0 0 0 1 cave
1749 0 1750 0 0 0 0 0 0 0 1753 0 0 1758 1768 1772 0 0 0 1792 0 0 0 0 0 0 0 0 0 0 0
1750 0 0 0 0 0 0 0 0 0 0 0 0 0 0 0 0 0 0 0 1751 0 0 0 0 0 0 0 0 0 0
1751 0 0 0 0 0 1752 0 0 0 0 0 0 0 0 0 0 0 0 0 0 0 0 0 0 0 0 0 0 0 0
1752 0 0 0 0 0 0 0 0 0 0 0 0 0 0 0 0 0 0 0 0 0 0 0 0 0 0 0 0 0 1 cease
1753 0 0 0 0 0 0 0 0 0 0 0 0 1754 0 0 0 0 0 0 0 0 0 0 0 0 0 0 0 0 0
1754 0 0 0 0 0 0 0 0 0 1755 0 0 0 0 0 0 0 0 0 0 0 0 0 0 0 0 0 0 0 0
1755 0 0 0 0 0 0 0 0 0 0 0 0 0 0 1756 0 0 0 0 0 0 0 0 0 0 0 0 0 0 0
1756 0 0 0 0 0 0 0 1757 0 0 0 0 0 0 0 0 0 0 0 0 0 0 0 0 0 0 0 0 0 0
1757 0 0 0 0 0 0 0 0 0 0 0 0 0 0 0 0 0 0 0 0 0 0 0 0 0 0 0 0 0 1 ceiling
1758 0 0 0 0 0 1759 0 0 0 0 0 0 1765 0 0 0 0 0 0 0 0 0 0 0 0 0 0 0 0 0
1759 0 0 1760 0 0 0 0 0 0 0 0 0 0 0 0 0 0 0 0 0 0 0 0 0 0 0 0 0 0 0
1760 0 0 0 0 0 0 0 0 0 0 0 0 0 0 0 0 0 0 1761 0 0 0 0 0 0 0 0 0 0 0
1761 0 1762 0 0 0 0 0 0 0 0 0 0 0 0 0 0 0 0 0 0 0 0 0 0 0 0 0 0 0 0
1762 0 0 0 0 0 0 0 0 0 0 0 0 0 0 0 0 0 0 0 0 1763 0 0 0 0 0 0 0 0 0
1763 0 0 0 0 0 1764 0 0 0 0 0 0 0 0 0 0 0 0 0 0 0 0 0 0 0 0 0 0 0 0
1764 0 0 0 0 0 0 0 0 0 0 0 0 0 0 0 0 0 0 0 0 0 0 0 0 0 0 0 0 0 1 celebrate
1765 0 1766 0 0 0 0 0 0 0 0 0 0 0 0 0 0 0 0 0 0 0 0 0 0 0 0 0 0 0 1 cell
1766 0 0 0 0 0 0 0 0 0 0 0 0 0 0 0 0 0 0 1767 0 0 0 0 0 0 0 0 0 0 0
1767 0 0 0 0 0 0 0 0 0 0 0 0 0 0 0 0 0 0 0 0 0 0 0 0 0 0 0 0 0 1 cellar
1768 0 0 0 0 0 1769 0 0 0 0 0 0 0 0 0 0 0 0 0 0 0 0 0 0 0 0 0 0 0 0
1769 0 0 0 0 0 0 0 0 0 0 0 0 0 0 1770 0 0 0 0 0 0 0 0 0 0 0 0 0 0 0
1770 0 0 0 0 0 0 0 0 0 0 0 0 0 0 0 0 0 0 0 0 1771 0 0 0 0 0 0 0 0 0
1771 0 0 0 0 0 0 0 0 0 0 0 0 0 0 0 0 0 0 0 0 0 0 0 0 0 0 0 0 0 1 cement
1772 0 0 0 0 0 0 0 0 0 0 0 0 0 0 0 0 0 0 0 0 1773 0 0 0 0 0 0 0 0 0
1773 0 0 0 0 0 0 0 0 0 1774 0 0 0 0 0 0 0 0 1785 0 0 1789 0 0 0 0 0 0 0 1 cent
1774 0 0 0 0 0 0 0 1775 0 0 0 0 0 1780 0 0 0 0 0 0 0 0 0 0 0 0 0 0 0 0
1775 0 0 0 0 0 0 0 0 0 0 0 0 0 0 0 0 0 0 1776 0 0 0 0 0 0 0 0 0 0 0
1776 0 1777 0 0 0 0 0 0 0 0 0 0 0 0 0 0 0 0 0 0 0 0 0 0 0 0 0 0 0 0
1777 0 0 0 0 1778 0 0 0 0 0 0 0 0 0 0 0 0 0 0 0 0 0 0 0 0 0 0 0 0 0
1778 0 0 0 0 0 1779 0 0 0 0 0 0 0 0 0 0 0 0 0 0 0 0 0 0 0 0 0 0 0 0
1779 0 0 0 0 0 0 0 0 0 0 0 0 0 0 0 0 0 0 0 0 0 0 0 0 0 0 0 0 0 1 centigrade
1780 0 0 0 0 0 1781 0 0 0 0 0 0 0 0 0 0 0 0 0 0 0 0 0 0 0 0 0 0 0 0
1781 0 0 0 0 0 0 0 0 0 0 0 0 0 0 0 0 0 0 0 0 1782 0 0 0 0 0 0 0 0 0
1782 0 0 0 0 0 0 0 0 0 0 0 0 0 0 0 0 0 0 1783 0 0 0 0 0 0 0 0 0 0 0
1783 0 0 0 0 0 1784 0 0 0 0 0 0 0 0 0 0 0 0 0 0 0 0 0 0 0 0 0 0 0 0
1784 0 0 0 0 0 0 0 0 0 0 0 0 0 0 0 0 0 0 0 0 0 0 0 0 0 0 0 0 0 1 centimetre
1785 0 1786 0 0 0 1788 0 0 0 0 0 0 0 0 0 0 0 0 0 0 0 0 0 0 0 0 0 0 0 0
1786 0 0 0 0 0 0 0 0 0 0 0 0 1787 0 0 0 0 0 0 0 0 0 0 0 0 0 0 0 0 0
1787 0 0 0 0 0 0 0 0 0 0 0 0 0 0 0 0 0 0 0 0 0 0 0 0 0 0 0 0 0 1 central
1788 0 0 0 0 0 0 0 0 0 0 0 0 0 0 0 0 0 0 0 0 0 0 0 0 0 0 0 0 0 1 centre
1789 0 0 0 0 0 0 0 0 0 0 0 0 0 0 0 0 0 0 1790 0 0 0 0 0 0 0 0 0 0 0
1790 0 0 0 0 0 0 0 0 0 0 0 0 0 0 0 0 0 0 0 0 0 0 0 0 0 1791 0 0 0 0
1791 0 0 0 0 0 0 0 0 0 0 0 0 0 0 0 0 0 0 0 0 0 0 0 0 0 0 0 0 0 1 century
1792 0 0 0 0 0 1793 0 0 0 0 0 0 0 0 0 0 0 0 0 0 1798 0 0 0 0 0 0 0 0 0
1793 0 0 0 0 0 0 0 0 0 0 0 0 0 1794 0 0 0 0 0 0 0 0 0 0 0 0 0 0 0 0
1794 0 0 0 0 0 0 0 0 0 0 0 0 0 0 0 1795 0 0 0 0 0 0 0 0 0 0 0 0 0 0
1795 0 0 0 0 0 0 0 0 0 0 0 0 0 0 1796 0 0 0 0 0 0 0 0 0 0 0 0 0 0 0
1796 0 0 0 0 0 0 0 0 0 0 0 0 0 0 0 0 0 0 0 0 0 0 0 0 0 1797 0 0 0 0
1797 0 0 0 0 0 0 0 0 0 0 0 0 0 0 0 0 0 0 0 0 0 0 0 0 0 0 0 0 0 1 ceremony
1798 0 1799 0 0 0 0 0 0 0 1806 0 0 0 0 0 0 0 0 0 0 0 0 0 0 0 0 0 0 0 0
1799 0 0 0 0 0 0 0 0 0 1800 0 0 0 0 0 0 0 0 0 0 0 0 0 0 0 0 0 0 0 0
1800 0 0 0 0 0 0 0 0 0 0 0 0 0 0 1801 0 0 0 0 0 0 0 0 0 0 0 0 0 0 0
1801 0 0 0 0 0 0 0 0 0 0 0 0 1802 0 0 0 0 0 0 0 1804 0 0 0 0 0 0 0 0 1 certain
1802 0 0 0 0 0 0 0 0 0 0 0 0 0 0 0 0 0 0 0 0 0 0 0 0 0 1803 0 0 0 0
1803 0 0 0 0 0 0 0 0 0 0 0 0 0 0 0 0 0 0 0 0 0 0 0 0 0 0 0 0 0 1 certainly
1804 0 0 0 0 0 0 0 0 0 0 0 0 0 0 0 0 0 0 0 0 0 0 0 0 0 1805 0 0 0 0
1805 0 0 0 0 0 0 0 0 0 0 0 0 0 0 0 0 0 0 0 0 0 0 0 0 0 0 0 0 0 1 certainty
1806 0 0 0 0 0 0 1807 0 0 0 0 0 0 0 0 0 0 0 0 0 0 0 0 0 0 0 0 0 0 0
1807 0 0 0 0 0 0 0 0 0 1808 0 0 0 0 0 0 0 0 0 0 0 0 0 0 0 0 0 0 0 0
1808 0 0 0 1809 0 0 0 0 0 0 0 0 0 0 0 0 0 0 0 0 0 0 0 0 0 0 0 0 0 0
1809 0 1810 0 0 0 0 0 0 0 0 0 0 0 0 0 0 0 0 0 0 0 0 0 0 0 0 0 0 0 0
1810 0 0 0 0 0 0 0 0 0 0 0 0 0 0 0 0 0 0 0 0 1811 0 0 0 0 0 0 0 0 0
1811 0 0 0 0 0 1812 0 0 0 0 0 0 0 0 0 0 0 0 0 0 0 0 0 0 0 0 0 0 0 0
1812 0 0 0 0 0 0 0 0 0 0 0 0 0 0 0 0 0 0 0 0 0 0 0 0 0 0 0 0 0 1 certificate
1813 0 1814 0 0 0 1871 0 0 0 1904 0 0 0 0 0 1930 0 0 1946 0 0 1956 0 0 0 0 0 0 0 0
1814 0 0 0 0 0 0 0 0 0 1815 0 0 1821 1828 1836 0 1844 0 1848 1869 0 0 0 0 0 0 0 0 0 0
1815 0 0 0 0 0 0 0 0 0 0 0 0 0 0 1816 0 0 0 1817 0 0 0 0 0 0 0 0 0 0 0
1816 0 0 0 0 0 0 0 0 0 0 0 0 0 0 0 0 0 0 0 0 0 0 0 0 0 0 0 0 0 1 chain
1817 0 0 0 0 0 0 0 0 0 0 0 0 0 1818 0 0 0 0 0 0 0 0 0 0 0 0 0 0 0 1 chair
1818 0 1819 0 0 0 0 0 0 0 0 0 0 0 0 0 0 0 0 0 0 0 0 0 0 0 0 0 0 0 0
1819 0 0 0 0 0 0 0 0 0 0 0 0 0 0 1820 0 0 0 0 0 0 0 0 0 0 0 0 0 0 0
1820 0 0 0 0 0 0 0 0 0 0 0 0 0 0 0 0 0 0 0 0 0 0 0 0 0 0 0 0 0 1 chairman
1821 0 0 0 0 0 0 0 0 0 0 0 1822 1823 0 0 0 0 0 0 0 0 0 0 0 0 0 0 0 0 0
1822 0 0 0 0 0 0 0 0 0 0 0 0 0 0 0 0 0 0 0 0 0 0 0 0 0 0 0 0 0 1 chalk
1823 0 0 0 0 0 1824 0 0 0 0 0 0 0 0 0 0 0 0 0 0 0 0 0 0 0 0 0 0 0 0
1824 0 0 0 0 0 0 0 0 0 0 0 0 0 0 1825 0 0 0 0 0 0 0 0 0 0 0 0 0 0 0
1825 0 0 0 0 0 0 0 1826 0 0 0 0 0 0 0 0 0 0 0 0 0 0 0 0 0 0 0 0 0 0
1826 0 0 0 0 0 1827 0 0 0 0 0 0 0 0 0 0 0 0 0 0 0 0 0 0 0 0 0 0 0 0
1827 0 0 0 0 0 0 0 0 0 0 0 0 0 0 0 0 0 0 0 0 0 0 0 0 0 0 0 0 0 1 challenge
1828 0 0 1829 0 0 0 0 0 0 0 0 0 0 0 0 0 1832 0 0 0 0 0 0 0 0 0 0 0 0 0
1829 0 0 0 0 0 1830 0 0 0 0 0 0 0 0 0 0 0 0 0 0 0 0 0 0 0 0 0 0 0 0
1830 0 0 0 0 0 0 0 0 0 0 0 0 0 0 0 0 0 0 1831 0 0 0 0 0 0 0 0 0 0 0
1831 0 0 0 0 0 0 0 0 0 0 0 0 0 0 0 0 0 0 0 0 0 0 0 0 0 0 0 0 0 1 chamber
1832 0 0 0 0 0 0 0 0 0 1833 0 0 0 0 0 0 0 0 0 0 0 0 0 0 0 0 0 0 0 0
1833 0 0 0 0 0 0 0 0 0 0 0 0 0 0 0 1834 0 0 0 0 0 0 0 0 0 0 0 0 0 0
1834 0 0 0 0 0 0 0 0 0 0 0 0 0 0 1835 0 0 0 0 0 0 0 0 0 0 0 0 0 0 0
1835 0 0 0 0 0 0 0 0 0 0 0 0 0 0 0 0 0 0 0 0 0 0 0 0 0 0 0 0 0 1 champion
1836 0 0 0 1837 0 0 0 1839 0 0 0 0 0 0 1841 0 0 0 0 0 0 0 0 0 0 0 0 0 0 0
1837 0 0 0 0 0 1838 0 0 0 0 0 0 0 0 0 0 0 0 0 0 0 0 0 0 0 0 0 0 0 0
1838 0 0 0 0 0 0 0 0 0 0 0 0 0 0 0 0 0 0 0 0 0 0 0 0 0 0 0 0 0 1 chance
1839 0 0 0 0 0 1840 0 0 0 0 0 0 0 0 0 0 0 0 0 0 0 0 0 0 0 0 0 0 0 0
1840 0 0 0 0 0 0 0 0 0 0 0 0 0 0 0 0 0 0 0 0 0 0 0 0 0 0 0 0 0 1 change
1841 0 0 0 0 0 1842 0 0 0 0 0 0 0 0 0 0 0 0 0 0 0 0 0 0 0 0 0 0 0 0
1842 0 0 0 0 0 0 0 0 0 0 0 0 1843 0 0 0 0 0 0 0 0 0 0 0 0 0 0 0 0 0
1843 0 0 0 0 0 0 0 0 0 0 0 0 0 0 0 0 0 0 0 0 0 0 0 0 0 0 0 0 0 1 channel
1844 0 0 0 0 0 0 0 0 0 0 0 0 0 0 0 0 0 0 0 0 1845 0 0 0 0 0 0 0 0 0
1845 0 0 0 0 0 1846 0 0 0 0 0 0 0 0 0 0 0 0 0 0 0 0 0 0 0 0 0 0 0 0
1846 0 0 0 0 0 0 0 0 0 0 0 0 0 0 0 0 0 0 1847 0 0 0 0 0 0 0 0 0 0 0
1847 0 0 0 0 0 0 0 0 0 0 0 0 0 0 0 0 0 0 0 0 0 0 0 0 0 0 0 0 0 1 chapter
1848 0 1849 0 0 0 0 0 1859 0 1861 0 0 0 1864 0 0 0 0 0 0 1868 0 0 0 0 0 0 0 0 0
1849 0 0 0 1850 0 0 0 0 0 0 0 0 0 0 0 0 0 0 0 0 0 0 0 0 0 0 0 0 0 0
1850 0 0 0 0 0 0 0 0 0 0 0 0 0 0 0 0 0 0 0 0 1851 0 0 0 0 0 0 0 0 0
1851 0 0 0 0 0 1852 0 0 0 0 0 0 0 0 0 0 0 0 0 0 0 0 0 0 0 0 0 0 0 0
1852 0 0 0 0 0 0 0 0 0 0 0 0 0 0 0 0 0 0 1853 0 0 0 0 0 0 0 0 0 0 0
1853 0 0 0 0 0 0 0 0 0 1854 0 0 0 0 0 0 0 0 0 0 0 0 0 0 0 0 0 0 0 1 character
1854 0 0 0 0 0 0 0 0 0 0 0 0 0 0 0 0 0 0 0 1855 0 0 0 0 0 0 0 0 0 0
1855 0 0 0 0 0 0 0 0 0 0 0 0 0 0 0 0 0 0 0 0 1856 0 0 0 0 0 0 0 0 0
1856 0 0 0 0 0 0 0 0 0 1857 0 0 0 0 0 0 0 0 0 0 0 0 0 0 0 0 0 0 0 0
1857 0 0 0 1858 0 0 0 0 0 0 0 0 0 0 0 0 0 0 0 0 0 0 0 0 0 0 0 0 0 0
1858 0 0 0 0 0 0 0 0 0 0 0 0 0 0 0 0 0 0 0 0 0 0 0 0 0 0 0 0 0 1 characteristic
1859 0 0 0 0 0 1860 0 0 0 0 0 0 0 0 0 0 0 0 0 0 0 0 0 0 0 0 0 0 0 0
1860 0 0 0 0 0 0 0 0 0 0 0 0 0 0 0 0 0 0 0 0 0 0 0 0 0 0 0 0 0 1 charge
1861 0 0 0 0 0 0 0 0 0 0 0 0 0 0 0 0 0 0 0 0 1862 0 0 0 0 0 0 0 0 0
1862 0 0 0 0 0 0 0 0 0 0 0 0 0 0 0 0 0 0 0 0 0 0 0 0 0 1863 0 0 0 0
1863 0 0 0 0 0 0 0 0 0 0 0 0 0 0 0 0 0 0 0 0 0 0 0 0 0 0 0 0 0 1 charity
1864 0 0 0 0 0 0 0 0 0 1865 0 0 0 0 0 0 0 0 0 0 0 0 0 0 0 0 0 0 0 0
1865 0 0 0 0 0 0 0 0 0 0 0 0 0 0 1866 0 0 0 0 0 0 0 0 0 0 0 0 0 0 0
1866 0 0 0 0 0 0 0 1867 0 0 0 0 0 0 0 0 0 0 0 0 0 0 0 0 0 0 0 0 0 0
1867 0 0 0 0 0 0 0 0 0 0 0 0 0 0 0 0 0 0 0 0 0 0 0 0 0 0 0 0 0 1 charming
1868 0 0 0 0 0 0 0 0 0 0 0 0 0 0 0 0 0 0 0 0 0 0 0 0 0 0 0 0 0 1 chart
1869 0 0 0 0 0 1870 0 0 0 0 0 0 0 0 0 0 0 0 0 0 0 0 0 0 0 0 0 0 0 0
1870 0 0 0 0 0 0 0 0 0 0 0 0 0 0 0 0 0 0 0 0 0 0 0 0 0 0 0 0 0 1 chase
1871 0 1872 0 1875 0 1877 0 0 0 0 0 0 0 1885 0 0 0 1894 1897 1900 0 0 0 1903 0 0 0 0 0 0
1872 0 0 0 0 0 0 0 0 0 0 0 0 0 0 0 0 1873 0 0 0 1874 0 0 0 0 0 0 0 0 0
1873 0 0 0 0 0 0 0 0 0 0 0 0 0 0 0 0 0 0 0 0 0 0 0 0 0 0 0 0 0 1 cheap
1874 0 0 0 0 0 0 0 0 0 0 0 0 0 0 0 0 0 0 0 0 0 0 0 0 0 0 0 0 0 1 cheat
1875 0 0 0 0 0 0 0 0 0 0 0 1876 0 0 0 0 0 0 0 0 0 0 0 0 0 0 0 0 0 0
1876 0 0 0 0 0 0 0 0 0 0 0 0 0 0 0 0 0 0 0 0 0 0 0 0 0 0 0 0 0 1 check
1877 0 0 0 0 0 0 0 0 0 0 0 1878 0 0 0 0 0 0 1879 1883 0 0 0 0 0 0 0 0 0 0
1878 0 0 0 0 0 0 0 0 0 0 0 0 0 0 0 0 0 0 0 0 0 0 0 0 0 0 0 0 0 1 cheek
1879 0 0 0 0 0 0 1880 0 0 0 0 0 0 0 0 0 0 0 0 0 0 0 0 0 0 0 0 0 0 1 cheer
1880 0 0 0 0 0 0 0 0 0 0 0 0 0 0 0 0 0 0 0 0 0 1881 0 0 0 0 0 0 0 0
1881 0 0 0 0 0 0 0 0 0 0 0 0 1882 0 0 0 0 0 0 0 0 0 0 0 0 0 0 0 0 0
1882 0 0 0 0 0 0 0 0 0 0 0 0 0 0 0 0 0 0 0 0 0 0 0 0 0 0 0 0 0 1 cheerful
1883 0 0 0 0 0 1884 0 0 0 0 0 0 0 0 0 0 0 0 0 0 0 0 0 0 0 0 0 0 0 0
1884 0 0 0 0 0 0 0 0 0 0 0 0 0 0 0 0 0 0 0 0 0 0 0 0 0 0 0 0 0 1 cheese
1885 0 0 0 0 0 0 0 0 0 1886 0 0 0 0 0 0 0 0 0 0 0 0 0 0 0 0 0 0 0 0
1886 0 0 0 1887 0 0 0 0 0 0 0 0 0 0 0 0 0 0 0 1890 0 0 0 0 0 0 0 0 0 0
1887 0 1888 0 0 0 0 0 0 0 0 0 0 0 0 0 0 0 0 0 0 0 0 0 0 0 0 0 0 0 0
1888 0 0 0 0 0 0 0 0 0 0 0 0 1889 0 0 0 0 0 0 0 0 0 0 0 0 0 0 0 0 0
1889 0 0 0 0 0 0 0 0 0 0 0 0 0 0 0 0 0 0 0 0 0 0 0 0 0 0 0 0 0 1 chemical
1890 0 0 0 0 0 0 0 0 0 0 0 0 0 0 0 0 0 0 0 0 1891 0 0 0 0 0 0 0 0 0
1891 0 0 0 0 0 0 0 0 0 0 0 0 0 0 0 0 0 0 1892 0 0 0 0 0 0 0 0 0 0 1 chemist
1892 0 0 0 0 0 0 0 0 0 0 0 0 0 0 0 0 0 0 0 0 0 0 0 0 0 1893 0 0 0 0
1893 0 0 0 0 0 0 0 0 0 0 0 0 0 0 0 0 0 0 0 0 0 0 0 0 0 0 0 0 0 1 chemistry
1894 0 0 0 0 0 0 0 0 0 0 0 0 0 0 0 0 0 0 0 0 0 1895 0 0 0 0 0 0 0 0
1895 0 0 0 0 0 1896 0 0 0 0 0 0 0 0 0 0 0 0 0 0 0 0 0 0 0 0 0 0 0 0
1896 0 0 0 0 0 0 0 0 0 0 0 0 0 0 0 0 0 0 0 0 0 0 0 0 0 0 0 0 0 1 cheque
1897 0 0 0 0 0 0 0 0 0 0 0 0 0 0 0 0 0 0 1898 0 0 0 0 0 0 0 0 0 0 0
1898 0 0 0 0 0 0 0 0 0 0 0 0 0 0 0 0 0 0 0 0 0 0 0 0 0 1899 0 0 0 0
1899 0 0 0 0 0 0 0 0 0 0 0 0 0 0 0 0 0 0 0 0 0 0 0 0 0 0 0 0 0 1 cherry
1900 0 0 0 0 0 0 0 0 0 0 0 0 0 0 0 0 0 0 0 1901 1902 0 0 0 0 0 0 0 0 0
1901 0 0 0 0 0 0 0 0 0 0 0 0 0 0 0 0 0 0 0 0 0 0 0 0 0 0 0 0 0 1 chess
1902 0 0 0 0 0 0 0 0 0 0 0 0 0 0 0 0 0 0 0 0 0 0 0 0 0 0 0 0 0 1 chest
1903 0 0 0 0 0 0 0 0 0 0 0 0 0 0 0 0 0 0 0 0 0 0 0 0 0 0 0 0 0 1 chew
1904 0 0 0 1905 0 1909 0 0 0 0 0 0 1911 1921 1925 0 0 0 0 0 0 0 0 0 0 0 0 0 0 0
1905 0 0 0 0 0 0 0 0 0 0 0 1906 0 0 0 0 0 0 0 0 0 0 0 0 0 0 0 0 0 0
1906 0 0 0 0 0 1907 0 0 0 0 0 0 0 0 0 0 0 0 0 0 0 0 0 0 0 0 0 0 0 0
1907 0 0 0 0 0 0 0 0 0 0 0 0 0 0 1908 0 0 0 0 0 0 0 0 0 0 0 0 0 0 0
1908 0 0 0 0 0 0 0 0 0 0 0 0 0 0 0 0 0 0 0 0 0 0 0 0 0 0 0 0 0 1 chicken
1909 0 0 0 0 0 0 1910 0 0 0 0 0 0 0 0 0 0 0 0 0 0 0 0 0 0 0 0 0 0 0
1910 0 0 0 0 0 0 0 0 0 0 0 0 0 0 0 0 0 0 0 0 0 0 0 0 0 0 0 0 0 1 chief
1911 0 0 0 0 1912 0 0 0 0 0 0 0 1920 0 0 0 0 0 0 0 0 0 0 0 0 0 0 0 0 0
1912 0 0 0 0 0 0 0 0 1913 1917 0 0 0 0 0 0 0 0 0 0 0 0 0 0 0 0 0 0 0 1 child
1913 0 0 0 0 0 0 0 0 0 0 0 0 0 0 0 1914 0 0 0 0 0 0 0 0 0 0 0 0 0 0
1914 0 0 0 0 0 0 0 0 0 0 0 0 0 0 0 1915 0 0 0 0 0 0 0 0 0 0 0 0 0 0
1915 0 0 0 0 1916 0 0 0 0 0 0 0 0 0 0 0 0 0 0 0 0 0 0 0 0 0 0 0 0 0
1916 0 0 0 0 0 0 0 0 0 0 0 0 0 0 0 0 0 0 0 0 0 0 0 0 0 0 0 0 0 1 childhood
1917 0 0 0 0 0 0 0 0 0 0 0 0 0 0 0 0 0 0 0 1918 0 0 0 0 0 0 0 0 0 0
1918 0 0 0 0 0 0 0 0 1919 0 0 0 0 0 0 0 0 0 0 0 0 0 0 0 0 0 0 0 0 0
1919 0 0 0 0 0 0 0 0 0 0 0 0 0 0 0 0 0 0 0 0 0 0 0 0 0 0 0 0 0 1 childish
1920 0 0 0 0 0 0 0 0 0 0 0 0 0 0 0 0 0 0 0 0 0 0 0 0 0 0 0 0 0 1 chill
1921 0 0 0 0 0 0 0 0 0 0 0 0 0 0 1922 0 0 0 0 0 0 0 0 0 0 0 0 0 0 0
1922 0 0 0 0 0 1923 0 0 0 0 0 0 0 0 0 0 0 0 0 0 0 0 0 0 0 0 0 0 0 0
1923 0 0 0 0 0 0 0 0 0 0 0 0 0 0 0 0 0 0 0 0 0 0 0 0 0 1924 0 0 0 0
1924 0 0 0 0 0 0 0 0 0 0 0 0 0 0 0 0 0 0 0 0 0 0 0 0 0 0 0 0 0 1 chimney
1925 0 1926 0 0 0 1927 0 0 0 0 0 0 0 0 0 0 0 0 0 0 0 0 0 0 0 0 0 0 0 1 chin
1926 0 0 0 0 0 0 0 0 0 0 0 0 0 0 0 0 0 0 0 0 0 0 0 0 0 0 0 0 0 1 china
1927 0 0 0 0 0 0 0 0 0 0 0 0 0 0 0 0 0 0 0 1928 0 0 0 0 0 0 0 0 0 0
1928 0 0 0 0 0 1929 0 0 0 0 0 0 0 0 0 0 0 0 0 0 0 0 0 0 0 0 0 0 0 0
1929 0 0 0 0 0 0 0 0 0 0 0 0 0 0 0 0 0 0 0 0 0 0 0 0 0 0 0 0 0 1 Chinese
1930 0 0 0 1931 0 0 0 0 0 1937 0 1940 0 0 0 1942 1945 0 0 0 0 0 0 0 0 0 0 0 0 0
1931 0 0 0 0 0 0 0 0 0 0 0 0 0 0 0 1932 0 0 0 0 0 0 0 0 0 0 0 0 0 0
1932 0 0 0 0 0 0 0 0 0 0 0 0 1933 0 0 0 0 0 0 0 0 0 0 0 0 0 0 0 0 0
1933 0 1934 0 0 0 0 0 0 0 0 0 0 0 0 0 0 0 0 0 0 0 0 0 0 0 0 0 0 0 0
1934 0 0 0 0 0 0 0 0 0 0 0 0 0 0 0 0 0 0 0 0 1935 0 0 0 0 0 0 0 0 0
1935 0 0 0 0 0 1936 0 0 0 0 0 0 0 0 0 0 0 0 0 0 0 0 0 0 0 0 0 0 0 0
1936 0 0 0 0 0 0 0 0 0 0 0 0 0 0 0 0 0 0 0 0 0 0 0 0 0 0 0 0 0 1 chocolate
1937 0 0 0 1938 0 0 0 0 0 0 0 0 0 0 0 0 0 0 0 0 0 0 0 0 0 0 0 0 0 0
1938 0 0 0 0 0 1939 0 0 0 0 0 0 0 0 0 0 0 0 0 0 0 0 0 0 0 0 0 0 0 0
1939 0 0 0 0 0 0 0 0 0 0 0 0 0 0 0 0 0 0 0 0 0 0 0 0 0 0 0 0 0 1 choice
1940 0 0 0 0 0 1941 0 0 0 0 0 0 0 0 0 0 0 0 0 0 0 0 0 0 0 0 0 0 0 0
1941 0 0 0 0 0 0 0 0 0 0 0 0 0 0 0 0 0 0 0 0 0 0 0 0 0 0 0 0 0 1 choke
1942 0 0 0 0 0 0 0 0 0 0 0 0 0 0 0 0 0 0 0 1943 0 0 0 0 0 0 0 0 0 0
1943 0 0 0 0 0 1944 0 0 0 0 0 0 0 0 0 0 0 0 0 0 0 0 0 0 0 0 0 0 0 0
1944 0 0 0 0 0 0 0 0 0 0 0 0 0 0 0 0 0 0 0 0 0 0 0 0 0 0 0 0 0 1 choose
1945 0 0 0 0 0 0 0 0 0 0 0 0 0 0 0 0 0 0 0 0 0 0 0 0 0 0 0 0 0 1 chop
1946 0 0 0 0 0 0 0 0 0 1947 0 0 0 0 0 0 0 0 0 0 0 0 0 0 0 0 0 0 0 0
1947 0 0 0 0 0 0 0 0 0 0 0 0 0 0 0 0 0 0 0 1948 0 0 0 0 0 0 0 0 0 0
1948 0 0 0 0 0 0 0 0 0 0 0 0 0 0 0 0 0 0 0 0 1949 0 0 0 0 0 0 0 0 0
1949 0 0 0 0 0 0 0 0 0 1950 0 0 0 1953 0 0 0 0 0 0 0 0 0 0 0 0 0 0 0 0
1950 0 1951 0 0 0 0 0 0 0 0 0 0 0 0 0 0 0 0 0 0 0 0 0 0 0 0 0 0 0 0
1951 0 0 0 0 0 0 0 0 0 0 0 0 0 0 1952 0 0 0 0 0 0 0 0 0 0 0 0 0 0 0
1952 0 0 0 0 0 0 0 0 0 0 0 0 0 0 0 0 0 0 0 0 0 0 0 0 0 0 0 0 0 1 Christian
1953 0 1954 0 0 0 0 0 0 0 0 0 0 0 0 0 0 0 0 0 0 0 0 0 0 0 0 0 0 0 0
1954 0 0 0 0 0 0 0 0 0 0 0 0 0 0 0 0 0 0 0 1955 0 0 0 0 0 0 0 0 0 0
1955 0 0 0 0 0 0 0 0 0 0 0 0 0 0 0 0 0 0 0 0 0 0 0 0 0 0 0 0 0 1 Christmas
1956 0 0 0 0 0 0 0 0 0 0 0 0 0 0 0 0 0 0 1957 0 0 0 0 0 0 0 0 0 0 0
1957 0 0 0 1958 0 0 0 0 0 0 0 0 0 0 0 0 0 0 0 0 0 0 0 0 0 0 0 0 0 0
1958 0 0 0 0 0 0 0 0 1959 0 0 0 0 0 0 0 0 0 0 0 0 0 0 0 0 0 0 0 0 0
1959 0 0 0 0 0 0 0 0 0 0 0 0 0 0 0 0 0 0 0 0 0 0 0 0 0 0 0 0 0 1 church
1960 0 0 0 0 0 0 0 1961 0 0 0 0 0 0 1968 0 0 0 1972 0 1998 0 2004 0 0 0 0 0 0 0
1961 0 1962 0 0 0 0 0 0 0 0 0 0 0 0 0 0 0 0 0 0 0 0 0 0 0 0 0 0 0 0
1962 0 0 0 0 0 0 0 0 0 0 0 0 0 0 0 0 0 0 1963 0 0 0 0 0 0 0 0 0 0 0
1963 0 0 0 0 0 1964 0 0 0 0 0 0 0 0 0 0 0 0 0 0 0 0 0 0 0 0 0 0 0 0
1964 0 0 0 0 0 0 0 0 0 0 0 0 0 0 0 0 0 0 0 0 1965 0 0 0 0 0 0 0 0 0
1965 0 0 0 0 0 0 0 0 0 0 0 0 0 0 0 0 0 0 0 0 1966 0 0 0 0 0 0 0 0 0
1966 0 0 0 0 0 1967 0 0 0 0 0 0 0 0 0 0 0 0 0 0 0 0 0 0 0 0 0 0 0 0
1967 0 0 0 0 0 0 0 0 0 0 0 0 0 0 0 0 0 0 0 0 0 0 0 0 0 0 0 0 0 1 cigarette
1968 0 0 0 0 0 1969 0 0 0 0 0 0 0 0 0 0 0 0 0 0 0 0 0 0 0 0 0 0 0 0
1969 0 0 0 0 0 0 0 0 0 0 0 0 0 1970 0 0 0 0 0 0 0 0 0 0 0 0 0 0 0 0
1970 0 1971 0 0 0 0 0 0 0 0 0 0 0 0 0 0 0 0 0 0 0 0 0 0 0 0 0 0 0 0
1971 0 0 0 0 0 0 0 0 0 0 0 0 0 0 0 0 0 0 0 0 0 0 0 0 0 0 0 0 0 1 cinema
1972 0 0 0 1973 0 0 0 0 0 0 0 0 0 0 0 0 0 0 0 0 0 0 0 0 0 0 0 0 0 0
1973 0 0 0 0 0 0 0 0 0 0 0 0 1974 0 0 0 0 0 0 0 0 1976 0 0 0 0 0 0 0 0
1974 0 0 0 0 0 1975 0 0 0 0 0 0 0 0 0 0 0 0 0 0 0 0 0 0 0 0 0 0 0 0
1975 0 0 0 0 0 0 0 0 0 0 0 0 0 0 0 0 0 0 0 0 0 0 0 0 0 0 0 0 0 1 circle
1976 0 0 0 0 0 0 0 0 0 1977 0 0 1979 1984 0 0 0 0 0 0 0 0 0 0 0 0 0 0 0 0
1977 0 0 0 0 0 0 0 0 0 0 0 0 0 0 0 0 0 0 0 0 1978 0 0 0 0 0 0 0 0 0
1978 0 0 0 0 0 0 0 0 0 0 0 0 0 0 0 0 0 0 0 0 0 0 0 0 0 0 0 0 0 1 circuit
1979 0 1980 0 0 0 0 0 0 0 0 0 0 0 0 0 0 0 0 0 0 0 0 0 0 0 0 0 0 0 0
1980 0 0 0 0 0 0 0 0 0 0 0 0 0 0 0 0 0 0 1981 0 1982 0 0 0 0 0 0 0 0 0
1981 0 0 0 0 0 0 0 0 0 0 0 0 0 0 0 0 0 0 0 0 0 0 0 0 0 0 0 0 0 1 circular
1982 0 0 0 0 0 1983 0 0 0 0 0 0 0 0 0 0 0 0 0 0 0 0 0 0 0 0 0 0 0 0
1983 0 0 0 0 0 0 0 0 0 0 0 0 0 0 0 0 0 0 0 0 0 0 0 0 0 0 0 0 0 1 circulate
1984 0 0 0 0 0 0 1985 0 0 0 0 0 0 0 0 0 0 0 0 1992 0 0 0 0 0 0 0 0 0 0
1985 0 0 0 0 0 1986 0 0 0 0 0 0 0 0 0 0 0 0 0 0 0 0 0 0 0 0 0 0 0 0
1986 0 0 0 0 0 0 0 0 0 0 0 0 0 0 0 0 0 0 1987 0 0 0 0 0 0 0 0 0 0 0
1987 0 0 0 0 0 1988 0 0 0 0 0 0 0 0 0 0 0 0 0 0 0 0 0 0 0 0 0 0 0 0
1988 0 0 0 0 0 0 0 0 0 0 0 0 0 0 1989 0 0 0 0 0 0 0 0 0 0 0 0 0 0 0
1989 0 0 0 1990 0 0 0 0 0 0 0 0 0 0 0 0 0 0 0 0 0 0 0 0 0 0 0 0 0 0
1990 0 0 0 0 0 1991 0 0 0 0 0 0 0 0 0 0 0 0 0 0 0 0 0 0 0 0 0 0 0 0
1991 0 0 0 0 0 0 0 0 0 0 0 0 0 0 0 0 0 0 0 0 0 0 0 0 0 0 0 0 0 1 circumference
1992 0 0 0 0 0 0 0 0 0 0 0 0 0 0 0 0 0 0 0 0 1993 0 0 0 0 0 0 0 0 0
1993 0 1994 0 0 0 0 0 0 0 0 0 0 0 0 0 0 0 0 0 0 0 0 0 0 0 0 0 0 0 0
1994 0 0 0 0 0 0 0 0 0 0 0 0 0 0 1995 0 0 0 0 0 0 0 0 0 0 0 0 0 0 0
1995 0 0 0 1996 0 0 0 0 0 0 0 0 0 0 0 0 0 0 0 0 0 0 0 0 0 0 0 0 0 0
1996 0 0 0 0 0 1997 0 0 0 0 0 0 0 0 0 0 0 0 0 0 0 0 0 0 0 0 0 0 0 0
1997 0 0 0 0 0 0 0 0 0 0 0 0 0 0 0 0 0 0 0 0 0 0 0 0 0 0 0 0 0 1 circumstance
1998 0 0 0 0 0 0 0 0 0 1999 0 0 0 0 0 0 0 0 0 0 0 0 0 0 0 2003 0 0 0 0
1999 0 0 0 0 0 0 0 0 0 0 0 0 0 0 0 0 0 0 0 0 0 0 0 0 0 0 2000 0 0 0
2000 0 0 0 0 0 2001 0 0 0 0 0 0 0 0 0 0 0 0 0 0 0 0 0 0 0 0 0 0 0 0
2001 0 0 0 0 0 0 0 0 0 0 0 0 0 0 2002 0 0 0 0 0 0 0 0 0 0 0 0 0 0 0
2002 0 0 0 0 0 0 0 0 0 0 0 0 0 0 0 0 0 0 0 0 0 0 0 0 0 0 0 0 0 1 citizen
2003 0 0 0 0 0 0 0 0 0 0 0 0 0 0 0 0 0 0 0 0 0 0 0 0 0 0 0 0 0 1 city
2004 0 0 0 0 0 0 0 0 0 2005 0 0 0 0 0 0 0 0 0 0 0 0 0 0 0 0 0 0 0 0
2005 0 0 0 0 0 0 0 0 0 0 0 0 2006 0 0 0 0 0 0 0 0 0 0 0 0 0 0 0 0 0
2006 0 0 0 0 0 0 0 0 0 2007 0 0 0 0 0 0 0 0 0 0 0 0 0 0 0 0 0 0 0 1 civil
2007 0 0 0 0 0 0 0 0 0 0 0 0 0 0 0 0 0 0 0 0 0 0 0 0 0 0 2008 0 0 0
2008 0 2009 0 0 0 2014 0 0 0 0 0 0 0 0 0 0 0 0 0 0 0 0 0 0 0 0 0 0 0 0
2009 0 0 0 0 0 0 0 0 0 0 0 0 0 0 0 0 0 0 0 0 2010 0 0 0 0 0 0 0 0 0
2010 0 0 0 0 0 0 0 0 0 2011 0 0 0 0 0 0 0 0 0 0 0 0 0 0 0 0 0 0 0 0
2011 0 0 0 0 0 0 0 0 0 0 0 0 0 0 0 2012 0 0 0 0 0 0 0 0 0 0 0 0 0 0
2012 0 0 0 0 0 0 0 0 0 0 0 0 0 0 2013 0 0 0 0 0 0 0 0 0 0 0 0 0 0 0
2013 0 0 0 0 0 0 0 0 0 0 0 0 0 0 0 0 0 0 0 0 0 0 0 0 0 0 0 0 0 1 civilization
2014 0 0 0 0 0 0 0 0 0 0 0 0 0 0 0 0 0 0 0 0 0 0 0 0 0 0 0 0 0 1 civilize
2015 0 2016 0 0 0 2050 0 0 0 2061 0 0 0 0 0 2069 0 0 0 0 0 2088 0 0 0 0 0 0 0 0
2016 0 0 0 0 0 0 0 0 0 2017 0 0 0 0 0 0 2019 0 2020 2024 0 0 0 2048 0 2049 0 0 0 0
2017 0 0 0 0 0 0 0 0 0 0 0 0 0 2018 0 0 0 0 0 0 0 0 0 0 0 0 0 0 0 0
2018 0 0 0 0 0 0 0 0 0 0 0 0 0 0 0 0 0 0 0 0 0 0 0 0 0 0 0 0 0 1 claim
2019 0 0 0 0 0 0 0 0 0 0 0 0 0 0 0 0 0 0 0 0 0 0 0 0 0 0 0 0 0 1 clap
2020 0 0 0 0 0 0 0 0 0 2021 0 0 0 0 0 0 0 0 0 0 0 0 0 0 0 0 0 0 0 0
2021 0 0 0 0 0 0 2022 0 0 0 0 0 0 0 0 0 0 0 0 0 0 0 0 0 0 0 0 0 0 0
2022 0 0 0 0 0 0 0 0 0 0 0 0 0 0 0 0 0 0 0 0 0 0 0 0 0 2023 0 0 0 0
2023 0 0 0 0 0 0 0 0 0 0 0 0 0 0 0 0 0 0 0 0 0 0 0 0 0 0 0 0 0 1 clarify
2024 0 0 0 0 0 0 0 0 0 0 0 0 0 0 0 0 2025 0 0 2026 0 0 0 0 0 0 0 0 0 0
2025 0 0 0 0 0 0 0 0 0 0 0 0 0 0 0 0 0 0 0 0 0 0 0 0 0 0 0 0 0 1 clasp
2026 0 0 0 0 0 0 0 0 0 2027 0 0 0 2040 0 0 0 0 2044 0 0 0 0 0 0 0 0 0 0 1 class
2027 0 0 0 2028 0 0 2031 0 0 0 0 0 0 0 0 0 0 0 0 0 0 0 0 0 0 0 0 0 0 0
2028 0 2029 0 0 0 0 0 0 0 0 0 0 0 0 0 0 0 0 0 0 0 0 0 0 0 0 0 0 0 0
2029 0 0 0 0 0 0 0 0 0 0 0 0 2030 0 0 0 0 0 0 0 0 0 0 0 0 0 0 0 0 0
2030 0 0 0 0 0 0 0 0 0 0 0 0 0 0 0 0 0 0 0 0 0 0 0 0 0 0 0 0 0 1 classical
2031 0 0 0 0 0 0 0 0 0 2032 0 0 0 0 0 0 0 0 0 0 0 0 0 0 0 2039 0 0 0 0
2032 0 0 0 2033 0 0 0 0 0 0 0 0 0 0 0 0 0 0 0 0 0 0 0 0 0 0 0 0 0 0
2033 0 2034 0 0 0 0 0 0 0 0 0 0 0 0 0 0 0 0 0 0 0 0 0 0 0 0 0 0 0 0
2034 0 0 0 0 0 0 0 0 0 0 0 0 0 0 0 0 0 0 0 0 2035 0 0 0 0 0 0 0 0 0
2035 0 0 0 0 0 0 0 0 0 2036 0 0 0 0 0 0 0 0 0 0 0 0 0 0 0 0 0 0 0 0
2036 0 0 0 0 0 0 0 0 0 0 0 0 0 0 0 2037 0 0 0 0 0 0 0 0 0 0 0 0 0 0
2037 0 0 0 0 0 0 0 0 0 0 0 0 0 0 2038 0 0 0 0 0 0 0 0 0 0 0 0 0 0 0
2038 0 0 0 0 0 0 0 0 0 0 0 0 0 0 0 0 0 0 0 0 0 0 0 0 0 0 0 0 0 1 classification
2039 0 0 0 0 0 0 0 0 0 0 0 0 0 0 0 0 0 0 0 0 0 0 0 0 0 0 0 0 0 1 classify
2040 0 2041 0 0 0 0 0 0 0 0 0 0 0 0 0 0 0 0 0 0 0 0 0 0 0 0 0 0 0 0
2041 0 0 0 0 0 0 0 0 0 0 0 0 0 0 0 0 0 0 0 0 2042 0 0 0 0 0 0 0 0 0
2042 0 0 0 0 0 2043 0 0 0 0 0 0 0 0 0 0 0 0 0 0 0 0 0 0 0 0 0 0 0 0
2043 0 0 0 0 0 0 0 0 0 0 0 0 0 0 0 0 0 0 0 0 0 0 0 0 0 0 0 0 0 1 classmate
2044 0 0 0 0 0 0 0 0 0 0 0 0 0 0 0 2045 0 0 0 0 0 0 0 0 0 0 0 0 0 0
2045 0 0 0 0 0 0 0 0 0 0 0 0 0 0 0 2046 0 0 0 0 0 0 0 0 0 0 0 0 0 0
2046 0 0 0 0 0 0 0 0 0 0 0 0 0 2047 0 0 0 0 0 0 0 0 0 0 0 0 0 0 0 0
2047 0 0 0 0 0 0 0 0 0 0 0 0 0 0 0 0 0 0 0 0 0 0 0 0 0 0 0 0 0 1 classroom
2048 0 0 0 0 0 0 0 0 0 0 0 0 0 0 0 0 0 0 0 0 0 0 0 0 0 0 0 0 0 1 claw
2049 0 0 0 0 0 0 0 0 0 0 0 0 0 0 0 0 0 0 0 0 0 0 0 0 0 0 0 0 0 1 clay
2050 0 2051 0 0 0 0 0 0 0 0 0 0 0 0 0 0 0 0 2056 0 0 0 2058 0 0 0 0 0 0 0
2051 0 0 0 0 0 0 0 0 0 0 0 0 0 0 2052 0 0 0 2053 0 0 0 0 0 0 0 0 0 0 0
2052 0 0 0 0 0 0 0 0 0 0 0 0 0 0 0 0 0 0 0 0 0 0 0 0 0 0 0 0 0 1 clean
2053 0 0 0 0 0 0 0 0 0 0 0 0 2054 0 0 0 0 0 0 0 0 0 0 0 0 0 0 0 0 1 clear
2054 0 0 0 0 0 0 0 0 0 0 0 0 0 0 0 0 0 0 0 0 0 0 0 0 0 2055 0 0 0 0
2055 0 0 0 0 0 0 0 0 0 0 0 0 0 0 0 0 0 0 0 0 0 0 0 0 0 0 0 0 0 1 clearly
2056 0 0 0 0 0 0 0 0 0 0 0 2057 0 0 0 0 0 0 0 0 0 0 0 0 0 0 0 0 0 0
2057 0 0 0 0 0 0 0 0 0 0 0 0 0 0 0 0 0 0 0 0 0 0 0 0 0 0 0 0 0 1 clerk
2058 0 0 0 0 0 2059 0 0 0 0 0 0 0 0 0 0 0 0 0 0 0 0 0 0 0 0 0 0 0 0
2059 0 0 0 0 0 0 0 0 0 0 0 0 0 0 0 0 0 0 2060 0 0 0 0 0 0 0 0 0 0 0
2060 0 0 0 0 0 0 0 0 0 0 0 0 0 0 0 0 0 0 0 0 0 0 0 0 0 0 0 0 0 1 clever
2061 0 0 0 0 0 0 2062 0 0 0 0 0 0 2064 0 0 0 0 0 0 0 0 0 0 0 0 0 0 0 0
2062 0 0 0 0 0 0 2063 0 0 0 0 0 0 0 0 0 0 0 0 0 0 0 0 0 0 0 0 0 0 0
2063 0 0 0 0 0 0 0 0 0 0 0 0 0 0 0 0 0 0 0 0 0 0 0 0 0 0 0 0 0 1 cliff
2064 0 2065 2068 0 0 0 0 0 0 0 0 0 0 0 0 0 0 0 0 0 0 0 0 0 0 0 0 0 0 0
2065 0 0 0 0 0 0 0 0 0 0 0 0 0 0 0 0 0 0 0 0 2066 0 0 0 0 0 0 0 0 0
2066 0 0 0 0 0 2067 0 0 0 0 0 0 0 0 0 0 0 0 0 0 0 0 0 0 0 0 0 0 0 0
2067 0 0 0 0 0 0 0 0 0 0 0 0 0 0 0 0 0 0 0 0 0 0 0 0 0 0 0 0 0 1 climate
2068 0 0 0 0 0 0 0 0 0 0 0 0 0 0 0 0 0 0 0 0 0 0 0 0 0 0 0 0 0 1 climb
2069 0 2070 0 2072 0 0 0 0 0 0 0 0 0 0 0 0 0 0 0 2074 2078 2085 0 0 0 0 0 0 0 0
2070 0 0 0 0 0 0 0 0 0 0 0 2071 0 0 0 0 0 0 0 0 0 0 0 0 0 0 0 0 0 0
2071 0 0 0 0 0 0 0 0 0 0 0 0 0 0 0 0 0 0 0 0 0 0 0 0 0 0 0 0 0 1 cloak
2072 0 0 0 0 0 0 0 0 0 0 0 2073 0 0 0 0 0 0 0 0 0 0 0 0 0 0 0 0 0 0
2073 0 0 0 0 0 0 0 0 0 0 0 0 0 0 0 0 0 0 0 0 0 0 0 0 0 0 0 0 0 1 clock
2074 0 0 0 0 0 2075 0 0 0 0 0 0 0 0 0 0 0 0 0 0 0 0 0 0 0 0 0 0 0 0
2075 0 0 0 0 0 0 0 0 0 0 0 0 2076 0 0 0 0 0 0 0 0 0 0 0 0 0 0 0 0 1 close
2076 0 0 0 0 0 0 0 0 0 0 0 0 0 0 0 0 0 0 0 0 0 0 0 0 0 2077 0 0 0 0
2077 0 0 0 0 0 0 0 0 0 0 0 0 0 0 0 0 0 0 0 0 0 0 0 0 0 0 0 0 0 1 closely
2078 0 0 0 0 0 0 0 0 2079 0 0 0 0 0 0 0 0 0 0 0 0 0 0 0 0 0 0 0 0 0
2079 0 0 0 0 0 2080 0 0 0 2082 0 0 0 0 0 0 0 0 0 0 0 0 0 0 0 0 0 0 0 1 cloth
2080 0 0 0 0 0 0 0 0 0 0 0 0 0 0 0 0 0 0 0 2081 0 0 0 0 0 0 0 0 0 1 clothe
2081 0 0 0 0 0 0 0 0 0 0 0 0 0 0 0 0 0 0 0 0 0 0 0 0 0 0 0 0 0 1 clothes
2082 0 0 0 0 0 0 0 0 0 0 0 0 0 0 2083 0 0 0 0 0 0 0 0 0 0 0 0 0 0 0
2083 0 0 0 0 0 0 0 2084 0 0 0 0 0 0 0 0 0 0 0 0 0 0 0 0 0 0 0 0 0 0
2084 0 0 0 0 0 0 0 0 0 0 0 0 0 0 0 0 0 0 0 0 0 0 0 0 0 0 0 0 0 1 clothing
2085 0 0 0 0 2086 0 0 0 0 0 0 0 0 0 0 0 0 0 0 0 0 0 0 0 0 0 0 0 0 0
2086 0 0 0 0 0 0 0 0 0 0 0 0 0 0 0 0 0 0 0 0 0 0 0 0 0 2087 0 0 0 1 cloud
2087 0 0 0 0 0 0 0 0 0 0 0 0 0 0 0 0 0 0 0 0 0 0 0 0 0 0 0 0 0 1 cloudy
2088 0 0 2089 0 0 2090 0 0 0 0 0 0 0 2091 0 0 0 0 0 0 0 0 0 0 0 0 0 0 0 0
2089 0 0 0 0 0 0 0 0 0 0 0 0 0 0 0 0 0 0 0 0 0 0 0 0 0 0 0 0 0 1 club
2090 0 0 0 0 0 0 0 0 0 0 0 0 0 0 0 0 0 0 0 0 0 0 0 0 0 0 0 0 0 1 clue
2091 0 0 0 0 0 0 0 0 0 0 0 0 0 0 0 0 0 0 0 2092 0 0 0 0 0 0 0 0 0 0
2092 0 0 0 0 0 0 0 0 0 0 0 0 0 0 0 0 0 0 0 0 0 0 0 0 0 2093 0 0 0 0
2093 0 0 0 0 0 0 0 0 0 0 0 0 0 0 0 0 0 0 0 0 0 0 0 0 0 0 0 0 0 1 clumsy
2094 0 2095 0 2105 2107 0 2109 0 0 2113 0 0 2116 2152 2310 2597 2613 0 2619 2658 2662 2669 2701 2704 0 0 0 0 0 0
2095 0 0 0 2096 0 0 0 0 0 0 0 0 2098 0 0 0 0 0 2099 2102 2104 0 0 0 0 0 0 0 0 0
2096 0 0 0 0 0 0 0 0 2097 0 0 0 0 0 0 0 0 0 0 0 0 0 0 0 0 0 0 0 0 0
2097 0 0 0 0 0 0 0 0 0 0 0 0 0 0 0 0 0 0 0 0 0 0 0 0 0 0 0 0 0 1 coach
2098 0 0 0 0 0 0 0 0 0 0 0 0 0 0 0 0 0 0 0 0 0 0 0 0 0 0 0 0 0 1 coal
2099 0 0 0 0 0 0 0 0 0 0 0 0 0 0 0 0 0 0 0 2100 0 0 0 0 0 0 0 0 0 0
2100 0 0 0 0 0 2101 0 0 0 0 0 0 0 0 0 0 0 0 0 0 0 0 0 0 0 0 0 0 0 0
2101 0 0 0 0 0 0 0 0 0 0 0 0 0 0 0 0 0 0 0 0 0 0 0 0 0 0 0 0 0 1 coarse
2102 0 0 0 0 0 0 0 0 0 0 0 0 0 0 0 0 0 0 0 0 2103 0 0 0 0 0 0 0 0 0
2103 0 0 0 0 0 0 0 0 0 0 0 0 0 0 0 0 0 0 0 0 0 0 0 0 0 0 0 0 0 1 coast
2104 0 0 0 0 0 0 0 0 0 0 0 0 0 0 0 0 0 0 0 0 0 0 0 0 0 0 0 0 0 1 coat
2105 0 0 0 0 0 0 0 0 0 0 0 2106 0 0 0 0 0 0 0 0 0 0 0 0 0 0 0 0 0 0
2106 0 0 0 0 0 0 0 0 0 0 0 0 0 0 0 0 0 0 0 0 0 0 0 0 0 0 0 0 0 1 cock
2107 0 0 0 0 0 2108 0 0 0 0 0 0 0 0 0 0 0 0 0 0 0 0 0 0 0 0 0 0 0 0
2108 0 0 0 0 0 0 0 0 0 0 0 0 0 0 0 0 0 0 0 0 0 0 0 0 0 0 0 0 0 1 code
2109 0 0 0 0 0 0 2110 0 0 0 0 0 0 0 0 0 0 0 0 0 0 0 0 0 0 0 0 0 0 0
2110 0 0 0 0 0 2111 0 0 0 0 0 0 0 0 0 0 0 0 0 0 0 0 0 0 0 0 0 0 0 0
2111 0 0 0 0 0 2112 0 0 0 0 0 0 0 0 0 0 0 0 0 0 0 0 0 0 0 0 0 0 0 0
2112 0 0 0 0 0 0 0 0 0 0 0 0 0 0 0 0 0 0 0 0 0 0 0 0 0 0 0 0 0 1 coffee
2113 0 0 0 0 0 0 0 0 0 0 0 0 2114 0 2115 0 0 0 0 0 0 0 0 0 0 0 0 0 0 0
2114 0 0 0 0 0 0 0 0 0 0 0 0 0 0 0 0 0 0 0 0 0 0 0 0 0 0 0 0 0 1 coil
2115 0 0 0 0 0 0 0 0 0 0 0 0 0 0 0 0 0 0 0 0 0 0 0 0 0 0 0 0 0 1 coin
2116 0 0 0 0 2117 0 0 0 0 0 0 0 2118 0 0 2143 0 0 0 0 0 2149 0 0 0 0 0 0 0 0
2117 0 0 0 0 0 0 0 0 0 0 0 0 0 0 0 0 0 0 0 0 0 0 0 0 0 0 0 0 0 1 cold
2118 0 2119 0 0 0 2124 0 0 0 2138 0 0 0 0 0 0 0 0 0 0 0 0 0 0 0 0 0 0 0 0
2119 0 0 0 0 0 0 0 0 0 0 0 0 0 0 0 0 2120 0 2123 0 0 0 0 0 0 0 0 0 0 0
2120 0 0 0 0 0 0 0 0 0 0 0 0 0 0 0 0 0 0 0 2121 0 0 0 0 0 0 0 0 0 0
2121 0 0 0 0 0 2122 0 0 0 0 0 0 0 0 0 0 0 0 0 0 0 0 0 0 0 0 0 0 0 0
2122 0 0 0 0 0 0 0 0 0 0 0 0 0 0 0 0 0 0 0 0 0 0 0 0 0 0 0 0 0 1 collapse
2123 0 0 0 0 0 0 0 0 0 0 0 0 0 0 0 0 0 0 0 0 0 0 0 0 0 0 0 0 0 1 collar
2124 0 2125 0 2129 0 0 0 2136 0 0 0 0 0 0 0 0 0 0 0 0 0 0 0 0 0 0 0 0 0 0
2125 0 0 0 0 0 0 0 2126 0 0 0 0 0 0 0 0 0 0 0 0 0 0 0 0 0 0 0 0 0 0
2126 0 0 0 0 0 0 0 0 0 0 0 0 0 0 0 0 0 0 0 0 0 2127 0 0 0 0 0 0 0 0
2127 0 0 0 0 0 2128 0 0 0 0 0 0 0 0 0 0 0 0 0 0 0 0 0 0 0 0 0 0 0 0
2128 0 0 0 0 0 0 0 0 0 0 0 0 0 0 0 0 0 0 0 0 0 0 0 0 0 0 0 0 0 1 colleague
2129 0 0 0 0 0 0 0 0 0 0 0 0 0 0 0 0 0 0 0 0 2130 0 0 0 0 0 0 0 0 0
2130 0 0 0 0 0 0 0 0 0 2131 0 0 0 0 0 0 0 0 0 0 0 0 0 0 0 0 0 0 0 1 collect
2131 0 0 0 0 0 0 0 0 0 0 0 0 0 0 0 2132 0 0 0 0 0 0 2134 0 0 0 0 0 0 0
2132 0 0 0 0 0 0 0 0 0 0 0 0 0 0 2133 0 0 0 0 0 0 0 0 0 0 0 0 0 0 0
2133 0 0 0 0 0 0 0 0 0 0 0 0 0 0 0 0 0 0 0 0 0 0 0 0 0 0 0 0 0 1 collection
2134 0 0 0 0 0 2135 0 0 0 0 0 0 0 0 0 0 0 0 0 0 0 0 0 0 0 0 0 0 0 0
2135 0 0 0 0 0 0 0 0 0 0 0 0 0 0 0 0 0 0 0 0 0 0 0 0 0 0 0 0 0 1 collective
2136 0 0 0 0 0 2137 0 0 0 0 0 0 0 0 0 0 0 0 0 0 0 0 0 0 0 0 0 0 0 0
2137 0 0 0 0 0 0 0 0 0 0 0 0 0 0 0 0 0 0 0 0 0 0 0 0 0 0 0 0 0 1 college
2138 0 0 0 0 0 0 0 0 0 0 0 0 0 0 0 0 0 0 0 2139 0 0 0 0 0 0 0 0 0 0
2139 0 0 0 0 0 0 0 0 0 2140 0 0 0 0 0 0 0 0 0 0 0 0 0 0 0 0 0 0 0 0
2140 0 0 0 0 0 0 0 0 0 0 0 0 0 0 0 2141 0 0 0 0 0 0 0 0 0 0 0 0 0 0
2141 0 0 0 0 0 0 0 0 0 0 0 0 0 0 2142 0 0 0 0 0 0 0 0 0 0 0 0 0 0 0
2142 0 0 0 0 0 0 0 0 0 0 0 0 0 0 0 0 0 0 0 0 0 0 0 0 0 0 0 0 0 1 collision
2143 0 0 0 0 0 0 0 0 0 0 0 0 0 0 2144 0 0 0 2148 0 0 0 0 0 0 0 0 0 0 0
2144 0 0 0 0 0 2145 0 0 0 0 0 0 0 0 0 0 0 0 0 0 0 0 0 0 0 2147 0 0 0 0
2145 0 0 0 0 0 0 0 0 0 0 0 0 2146 0 0 0 0 0 0 0 0 0 0 0 0 0 0 0 0 0
2146 0 0 0 0 0 0 0 0 0 0 0 0 0 0 0 0 0 0 0 0 0 0 0 0 0 0 0 0 0 1 colonel
2147 0 0 0 0 0 0 0 0 0 0 0 0 0 0 0 0 0 0 0 0 0 0 0 0 0 0 0 0 0 1 colony
2148 0 0 0 0 0 0 0 0 0 0 0 0 0 0 0 0 0 0 0 0 0 0 0 0 0 0 0 0 0 1 color
2149 0 0 0 0 0 0 0 0 0 0 0 0 0 2150 0 0 0 0 0 0 0 0 0 0 0 0 0 0 0 0
2150 0 0 0 0 0 0 0 0 0 0 0 0 0 0 2151 0 0 0 0 0 0 0 0 0 0 0 0 0 0 0
2151 0 0 0 0 0 0 0 0 0 0 0 0 0 0 0 0 0 0 0 0 0 0 0 0 0 0 0 0 0 1 column
2152 0 0 2153 0 0 2162 2163 0 0 0 0 0 0 2171 0 0 2215 0 2306 0 0 0 0 0 0 0 0 0 0 0
2153 0 0 0 0 0 0 0 0 0 2154 0 0 0 0 0 0 0 0 0 0 0 0 0 0 0 0 0 0 0 1 comb
2154 0 0 0 0 0 0 0 0 0 0 0 0 0 0 2155 0 0 0 0 0 0 0 0 0 0 0 0 0 0 0
2155 0 2156 0 0 0 2161 0 0 0 0 0 0 0 0 0 0 0 0 0 0 0 0 0 0 0 0 0 0 0 0
2156 0 0 0 0 0 0 0 0 0 0 0 0 0 0 0 0 0 0 0 0 2157 0 0 0 0 0 0 0 0 0
2157 0 0 0 0 0 0 0 0 0 2158 0 0 0 0 0 0 0 0 0 0 0 0 0 0 0 0 0 0 0 0
2158 0 0 0 0 0 0 0 0 0 0 0 0 0 0 0 2159 0 0 0 0 0 0 0 0 0 0 0 0 0 0
2159 0 0 0 0 0 0 0 0 0 0 0 0 0 0 2160 0 0 0 0 0 0 0 0 0 0 0 0 0 0 0
2160 0 0 0 0 0 0 0 0 0 0 0 0 0 0 0 0 0 0 0 0 0 0 0 0 0 0 0 0 0 1 combination
2161 0 0 0 0 0 0 0 0 0 0 0 0 0 0 0 0 0 0 0 0 0 0 0 0 0 0 0 0 0 1 combine
2162 0 0 0 0 0 0 0 0 0 0 0 0 0 0 0 0 0 0 0 0 0 0 0 0 0 0 0 0 0 1 come
2163 0 0 0 0 0 0 0 0 0 0 0 0 0 0 0 2164 0 0 0 0 0 0 0 0 0 0 0 0 0 0
2164 0 0 0 0 0 0 0 0 0 0 0 0 0 0 0 0 0 0 2165 0 0 0 0 0 0 0 0 0 0 0
2165 0 0 0 0 0 0 0 0 0 0 0 0 0 0 0 0 0 0 0 0 2166 0 0 0 0 0 0 0 0 0
2166 0 2167 0 0 0 0 0 0 0 0 0 0 0 0 0 0 0 0 0 0 0 0 0 0 0 0 0 0 0 1 comfort
2167 0 0 2168 0 0 0 0 0 0 0 0 0 0 0 0 0 0 0 0 0 0 0 0 0 0 0 0 0 0 0
2168 0 0 0 0 0 0 0 0 0 0 0 0 2169 0 0 0 0 0 0 0 0 0 0 0 0 0 0 0 0 0
2169 0 0 0 0 0 2170 0 0 0 0 0 0 0 0 0 0 0 0 0 0 0 0 0 0 0 0 0 0 0 0
2170 0 0 0 0 0 0 0 0 0 0 0 0 0 0 0 0 0 0 0 0 0 0 0 0 0 0 0 0 0 1 comfortable
2171 0 2172 0 0 0 2177 0 0 0 2186 0 0 0 0 0 2196 0 0 0 0 0 2200 0 0 0 0 0 0 0 0
2172 0 0 0 0 0 0 0 0 0 0 0 0 0 0 2173 0 0 0 0 0 0 0 0 0 0 0 0 0 0 0
2173 0 0 0 0 2174 0 0 0 0 0 0 0 0 0 0 0 0 0 0 0 0 0 0 0 0 0 0 0 0 0
2174 0 0 0 0 0 2175 0 0 0 0 0 0 0 0 0 0 0 0 0 0 0 0 0 0 0 0 0 0 0 1 command
2175 0 0 0 0 0 0 0 0 0 0 0 0 0 0 0 0 0 0 2176 0 0 0 0 0 0 0 0 0 0 0
2176 0 0 0 0 0 0 0 0 0 0 0 0 0 0 0 0 0 0 0 0 0 0 0 0 0 0 0 0 0 1 commander
2177 0 0 0 0 0 0 0 0 0 0 0 0 0 0 2178 0 0 0 2180 0 0 0 0 0 0 0 0 0 0 0
2178 0 0 0 0 0 0 0 0 0 0 0 0 0 0 0 0 0 0 0 0 2179 0 0 0 0 0 0 0 0 0
2179 0 0 0 0 0 0 0 0 0 0 0 0 0 0 0 0 0 0 0 0 0 0 0 0 0 0 0 0 0 1 comment
2180 0 0 0 2181 0 0 0 0 0 0 0 0 0 0 0 0 0 0 0 0 0 0 0 0 0 0 0 0 0 0
2181 0 0 0 0 0 2182 0 0 0 2183 0 0 0 0 0 0 0 0 0 0 0 0 0 0 0 0 0 0 0 0
2182 0 0 0 0 0 0 0 0 0 0 0 0 0 0 0 0 0 0 0 0 0 0 0 0 0 0 0 0 0 1 commerce
2183 0 2184 0 0 0 0 0 0 0 0 0 0 0 0 0 0 0 0 0 0 0 0 0 0 0 0 0 0 0 0
2184 0 0 0 0 0 0 0 0 0 0 0 0 2185 0 0 0 0 0 0 0 0 0 0 0 0 0 0 0 0 0
2185 0 0 0 0 0 0 0 0 0 0 0 0 0 0 0 0 0 0 0 0 0 0 0 0 0 0 0 0 0 1 commercial
2186 0 0 0 0 0 0 0 0 0 0 0 0 0 0 0 0 0 0 0 2187 2192 0 0 0 0 0 0 0 0 0
2187 0 0 0 0 0 0 0 0 0 0 0 0 0 0 0 0 0 0 0 2188 0 0 0 0 0 0 0 0 0 0
2188 0 0 0 0 0 0 0 0 0 2189 0 0 0 0 0 0 0 0 0 0 0 0 0 0 0 0 0 0 0 0
2189 0 0 0 0 0 0 0 0 0 0 0 0 0 0 0 2190 0 0 0 0 0 0 0 0 0 0 0 0 0 0
2190 0 0 0 0 0 0 0 0 0 0 0 0 0 0 2191 0 0 0 0 0 0 0 0 0 0 0 0 0 0 0
2191 0 0 0 0 0 0 0 0 0 0 0 0 0 0 0 0 0 0 0 0 0 0 0 0 0 0 0 0 0 1 commission
2192 0 0 0 0 0 0 0 0 0 0 0 0 0 0 0 0 0 0 0 0 2193 0 0 0 0 0 0 0 0 1 commit
2193 0 0 0 0 0 2194 0 0 0 0 0 0 0 0 0 0 0 0 0 0 0 0 0 0 0 0 0 0 0 0
2194 0 0 0 0 0 2195 0 0 0 0 0 0 0 0 0 0 0 0 0 0 0 0 0 0 0 0 0 0 0 0
2195 0 0 0 0 0 0 0 0 0 0 0 0 0 0 0 0 0 0 0 0 0 0 0 0 0 0 0 0 0 1 committee
2196 0 0 0 0 0 0 0 0 0 0 0 0 0 0 2197 0 0 0 0 0 0 0 0 0 0 0 0 0 0 0
2197 0 0 0 0 0 0 0 0 0 0 0 0 2198 0 0 0 0 0 0 0 0 0 0 0 0 0 0 0 0 1 common
2198 0 0 0 0 0 0 0 0 0 0 0 0 0 0 0 0 0 0 0 0 0 0 0 0 0 2199 0 0 0 0
2199 0 0 0 0 0 0 0 0 0 0 0 0 0 0 0 0 0 0 0 0 0 0 0 0 0 0 0 0 0 1 commonly
2200 0 0 0 0 0 0 0 0 0 0 0 0 0 0 2201 0 0 0 0 0 0 0 0 0 0 0 0 0 0 0
2201 0 0 0 0 0 0 0 0 0 2202 0 0 0 0 0 0 0 0 0 0 0 0 0 0 0 0 0 0 0 0
2202 0 0 0 2203 0 0 0 0 0 0 0 0 0 0 0 0 0 0 0 2210 2213 0 0 0 0 0 0 0 0 0
2203 0 2204 0 0 0 0 0 0 0 0 0 0 0 0 0 0 0 0 0 0 0 0 0 0 0 0 0 0 0 0
2204 0 0 0 0 0 0 0 0 0 0 0 0 0 0 0 0 0 0 0 0 2205 0 0 0 0 0 0 0 0 0
2205 0 0 0 0 0 2206 0 0 0 2207 0 0 0 0 0 0 0 0 0 0 0 0 0 0 0 0 0 0 0 0
2206 0 0 0 0 0 0 0 0 0 0 0 0 0 0 0 0 0 0 0 0 0 0 0 0 0 0 0 0 0 1 communicate
2207 0 0 0 0 0 0 0 0 0 0 0 0 0 0 0 2208 0 0 0 0 0 0 0 0 0 0 0 0 0 0
2208 0 0 0 0 0 0 0 0 0 0 0 0 0 0 2209 0 0 0 0 0 0 0 0 0 0 0 0 0 0 0
2209 0 0 0 0 0 0 0 0 0 0 0 0 0 0 0 0 0 0 0 0 0 0 0 0 0 0 0 0 0 1 communication
2210 0 0 0 0 0 0 0 0 0 0 0 0 0 2211 0 0 0 0 0 0 2212 0 0 0 0 0 0 0 0 0
2211 0 0 0 0 0 0 0 0 0 0 0 0 0 0 0 0 0 0 0 0 0 0 0 0 0 0 0 0 0 1 communism
2212 0 0 0 0 0 0 0 0 0 0 0 0 0 0 0 0 0 0 0 0 0 0 0 0 0 0 0 0 0 1 communist
2213 0 0 0 0 0 0 0 0 0 0 0 0 0 0 0 0 0 0 0 0 0 0 0 0 0 2214 0 0 0 0
2214 0 0 0 0 0 0 0 0 0 0 0 0 0 0 0 0 0 0 0 0 0 0 0 0 0 0 0 0 0 1 community
2215 0 2216 0 0 0 2235 0 0 0 2246 0 0 2249 0 0 2266 0 0 2281 0 0 2302 0 0 0 0 0 0 0 0
2216 0 0 0 0 0 0 0 0 0 0 0 0 0 0 2217 0 0 0 2222 2233 0 0 0 0 0 0 0 0 0 0
2217 0 0 0 0 0 0 0 0 0 2218 0 0 0 0 0 0 0 0 0 0 0 0 0 0 0 2221 0 0 0 0
2218 0 0 0 0 0 0 0 0 0 0 0 0 0 0 0 2219 0 0 0 0 0 0 0 0 0 0 0 0 0 0
2219 0 0 0 0 0 0 0 0 0 0 0 0 0 0 2220 0 0 0 0 0 0 0 0 0 0 0 0 0 0 0
2220 0 0 0 0 0 0 0 0 0 0 0 0 0 0 0 0 0 0 0 0 0 0 0 0 0 0 0 0 0 1 companion
2221 0 0 0 0 0 0 0 0 0 0 0 0 0 0 0 0 0 0 0 0 0 0 0 0 0 0 0 0 0 1 company
2222 0 2223 0 0 0 2228 0 0 0 2229 0 0 0 0 0 0 0 0 0 0 0 0 0 0 0 0 0 0 0 0
2223 0 0 0 0 0 0 0 0 0 0 0 0 0 0 0 0 0 0 0 0 2224 0 0 0 0 0 0 0 0 0
2224 0 0 0 0 0 0 0 0 0 2225 0 0 0 0 0 0 0 0 0 0 0 0 0 0 0 0 0 0 0 0
2225 0 0 0 0 0 0 0 0 0 0 0 0 0 0 0 0 0 0 0 0 0 0 2226 0 0 0 0 0 0 0
2226 0 0 0 0 0 2227 0 0 0 0 0 0 0 0 0 0 0 0 0 0 0 0 0 0 0 0 0 0 0 0
2227 0 0 0 0 0 0 0 0 0 0 0 0 0 0 0 0 0 0 0 0 0 0 0 0 0 0 0 0 0 1 comparative
2228 0 0 0 0 0 0 0 0 0 0 0 0 0 0 0 0 0 0 0 0 0 0 0 0 0 0 0 0 0 1 compare
2229 0 0 0 0 0 0 0 0 0 0 0 0 0 0 0 0 0 0 0 2230 0 0 0 0 0 0 0 0 0 0
2230 0 0 0 0 0 0 0 0 0 0 0 0 0 0 0 2231 0 0 0 0 0 0 0 0 0 0 0 0 0 0
2231 0 0 0 0 0 0 0 0 0 0 0 0 0 0 2232 0 0 0 0 0 0 0 0 0 0 0 0 0 0 0
2232 0 0 0 0 0 0 0 0 0 0 0 0 0 0 0 0 0 0 0 0 0 0 0 0 0 0 0 0 0 1 comparison
2233 0 0 0 0 0 0 0 0 0 0 0 0 0 0 0 0 0 0 0 2234 0 0 0 0 0 0 0 0 0 0
2234 0 0 0 0 0 0 0 0 0 0 0 0 0 0 0 0 0 0 0 0 0 0 0 0 0 0 0 0 0 1 compass
2235 0 0 0 0 0 0 0 0 0 0 0 0 2236 0 0 0 0 0 0 0 2237 0 0 0 0 0 0 0 0 0
2236 0 0 0 0 0 0 0 0 0 0 0 0 0 0 0 0 0 0 0 0 0 0 0 0 0 0 0 0 0 1 compel
2237 0 0 0 0 0 2238 0 0 0 2241 0 0 0 0 0 0 0 0 0 0 0 0 0 0 0 0 0 0 0 0
2238 0 0 0 0 0 0 0 0 0 0 0 0 0 0 2239 0 0 0 0 0 0 0 0 0 0 0 0 0 0 1 compete
2239 0 0 0 0 0 0 0 0 0 0 0 0 0 0 0 0 0 0 0 0 2240 0 0 0 0 0 0 0 0 0
2240 0 0 0 0 0 0 0 0 0 0 0 0 0 0 0 0 0 0 0 0 0 0 0 0 0 0 0 0 0 1 competent
2241 0 0 0 0 0 0 0 0 0 0 0 0 0 0 0 0 0 0 0 0 2242 0 0 0 0 0 0 0 0 0
2242 0 0 0 0 0 0 0 0 0 2243 0 0 0 0 0 0 0 0 0 0 0 0 0 0 0 0 0 0 0 0
2243 0 0 0 0 0 0 0 0 0 0 0 0 0 0 0 2244 0 0 0 0 0 0 0 0 0 0 0 0 0 0
2244 0 0 0 0 0 0 0 0 0 0 0 0 0 0 2245 0 0 0 0 0 0 0 0 0 0 0 0 0 0 0
2245 0 0 0 0 0 0 0 0 0 0 0 0 0 0 0 0 0 0 0 0 0 0 0 0 0 0 0 0 0 1 competition
2246 0 0 0 0 0 0 0 0 0 0 0 0 2247 0 0 0 0 0 0 0 0 0 0 0 0 0 0 0 0 0
2247 0 0 0 0 0 2248 0 0 0 0 0 0 0 0 0 0 0 0 0 0 0 0 0 0 0 0 0 0 0 0
2248 0 0 0 0 0 0 0 0 0 0 0 0 0 0 0 0 0 0 0 0 0 0 0 0 0 0 0 0 0 1 compile
2249 0 2250 0 0 0 2254 0 0 0 2260 0 0 0 0 0 0 0 0 0 0 0 0 0 0 0 0 0 0 0 0
2250 0 0 0 0 0 0 0 0 0 2251 0 0 0 0 0 0 0 0 0 0 0 0 0 0 0 0 0 0 0 0
2251 0 0 0 0 0 0 0 0 0 0 0 0 0 0 2252 0 0 0 0 0 0 0 0 0 0 0 0 0 0 0
2252 0 0 0 0 0 0 0 0 0 0 0 0 0 0 0 0 0 0 0 0 2253 0 0 0 0 0 0 0 0 1 complain
2253 0 0 0 0 0 0 0 0 0 0 0 0 0 0 0 0 0 0 0 0 0 0 0 0 0 0 0 0 0 1 complaint
2254 0 0 0 0 0 0 0 0 0 0 0 0 0 0 0 0 0 0 0 0 2255 0 0 0 2259 0 0 0 0 0
2255 0 0 0 0 0 2256 0 0 0 0 0 0 0 0 0 0 0 0 0 0 0 0 0 0 0 0 0 0 0 0
2256 0 0 0 0 0 0 0 0 0 0 0 0 2257 0 0 0 0 0 0 0 0 0 0 0 0 0 0 0 0 1 complete
2257 0 0 0 0 0 0 0 0 0 0 0 0 0 0 0 0 0 0 0 0 0 0 0 0 0 2258 0 0 0 0
2258 0 0 0 0 0 0 0 0 0 0 0 0 0 0 0 0 0 0 0 0 0 0 0 0 0 0 0 0 0 1 completely
2259 0 0 0 0 0 0 0 0 0 0 0 0 0 0 0 0 0 0 0 0 0 0 0 0 0 0 0 0 0 1 complex
2260 0 0 0 2261 0 0 0 0 0 0 0 0 0 0 0 0 0 0 0 0 0 0 0 0 0 0 0 0 0 0
2261 0 2262 0 0 0 0 0 0 0 0 0 0 0 0 0 0 0 0 0 0 0 0 0 0 0 0 0 0 0 0
2262 0 0 0 0 0 0 0 0 0 0 0 0 0 0 0 0 0 0 0 0 2263 0 0 0 0 0 0 0 0 0
2263 0 0 0 0 0 2264 0 0 0 0 0 0 0 0 0 0 0 0 0 0 0 0 0 0 0 0 0 0 0 0
2264 0 0 0 0 2265 0 0 0 0 0 0 0 0 0 0 0 0 0 0 0 0 0 0 0 0 0 0 0 0 1 complicate
2265 0 0 0 0 0 0 0 0 0 0 0 0 0 0 0 0 0 0 0 0 0 0 0 0 0 0 0 0 0 1 complicated
2266 0 0 0 0 0 0 0 0 0 0 0 0 0 0 2267 0 0 0 0 2271 0 2278 0 0 0 0 0 0 0 0
2267 0 0 0 0 0 2268 0 0 0 0 0 0 0 0 0 0 0 0 0 0 0 0 0 0 0 0 0 0 0 0
2268 0 0 0 0 0 0 0 0 0 0 0 0 0 0 2269 0 0 0 0 0 0 0 0 0 0 0 0 0 0 0
2269 0 0 0 0 0 0 0 0 0 0 0 0 0 0 0 0 0 0 0 0 2270 0 0 0 0 0 0 0 0 0
2270 0 0 0 0 0 0 0 0 0 0 0 0 0 0 0 0 0 0 0 0 0 0 0 0 0 0 0 0 0 1 component
2271 0 0 0 0 0 2272 0 0 0 2273 0 0 0 0 0 0 0 0 0 0 0 0 0 0 0 0 0 0 0 0
2272 0 0 0 0 0 0 0 0 0 0 0 0 0 0 0 0 0 0 0 0 0 0 0 0 0 0 0 0 0 1 compose
2273 0 0 0 0 0 0 0 0 0 0 0 0 0 0 0 0 0 0 0 0 2274 0 0 0 0 0 0 0 0 0
2274 0 0 0 0 0 0 0 0 0 2275 0 0 0 0 0 0 0 0 0 0 0 0 0 0 0 0 0 0 0 0
2275 0 0 0 0 0 0 0 0 0 0 0 0 0 0 0 2276 0 0 0 0 0 0 0 0 0 0 0 0 0 0
2276 0 0 0 0 0 0 0 0 0 0 0 0 0 0 2277 0 0 0 0 0 0 0 0 0 0 0 0 0 0 0
2277 0 0 0 0 0 0 0 0 0 0 0 0 0 0 0 0 0 0 0 0 0 0 0 0 0 0 0 0 0 1 composition
2278 0 0 0 0 0 0 0 0 0 0 0 0 0 0 2279 0 0 0 0 0 0 0 0 0 0 0 0 0 0 0
2279 0 0 0 0 2280 0 0 0 0 0 0 0 0 0 0 0 0 0 0 0 0 0 0 0 0 0 0 0 0 0
2280 0 0 0 0 0 0 0 0 0 0 0 0 0 0 0 0 0 0 0 0 0 0 0 0 0 0 0 0 0 1 compound
2281 0 0 0 0 0 2282 0 0 0 2294 0 0 0 0 0 2297 0 0 0 0 0 0 0 0 0 0 0 0 0 0
2282 0 0 0 0 0 0 0 0 2283 0 0 0 0 0 0 0 0 0 0 2292 0 0 0 0 0 0 0 0 0 0
2283 0 0 0 0 0 2284 0 0 0 0 0 0 0 0 0 0 0 0 0 0 0 0 0 0 0 0 0 0 0 0
2284 0 0 0 0 0 0 0 0 0 0 0 0 0 0 2285 0 0 0 0 0 0 0 0 0 0 0 0 0 0 0
2285 0 0 0 0 0 0 0 0 0 0 0 0 0 0 0 0 0 0 0 2286 0 0 0 0 0 0 0 0 0 0
2286 0 0 0 0 0 0 0 0 0 2287 0 0 0 0 0 0 0 0 0 0 0 0 0 0 0 0 0 0 0 0
2287 0 0 0 0 0 0 0 0 0 0 0 0 0 0 0 2288 0 0 0 0 0 0 2290 0 0 0 0 0 0 0
2288 0 0 0 0 0 0 0 0 0 0 0 0 0 0 2289 0 0 0 0 0 0 0 0 0 0 0 0 0 0 0
2289 0 0 0 0 0 0 0 0 0 0 0 0 0 0 0 0 0 0 0 0 0 0 0 0 0 0 0 0 0 1 comprehension
2290 0 0 0 0 0 2291 0 0 0 0 0 0 0 0 0 0 0 0 0 0 0 0 0 0 0 0 0 0 0 0
2291 0 0 0 0 0 0 0 0 0 0 0 0 0 0 0 0 0 0 0 0 0 0 0 0 0 0 0 0 0 1 comprehensive
2292 0 0 0 0 0 0 0 0 0 0 0 0 0 0 0 0 0 0 0 2293 0 0 0 0 0 0 0 0 0 0
2293 0 0 0 0 0 0 0 0 0 0 0 0 0 0 0 0 0 0 0 0 0 0 0 0 0 0 0 0 0 1 compress
2294 0 0 0 0 0 0 0 0 0 0 0 0 0 0 0 0 0 0 0 2295 0 0 0 0 0 0 0 0 0 0
2295 0 0 0 0 0 2296 0 0 0 0 0 0 0 0 0 0 0 0 0 0 0 0 0 0 0 0 0 0 0 0
2296 0 0 0 0 0 0 0 0 0 0 0 0 0 0 0 0 0 0 0 0 0 0 0 0 0 0 0 0 0 1 comprise
2297 0 0 0 0 0 0 0 0 0 0 0 0 0 2298 0 0 0 0 0 0 0 0 0 0 0 0 0 0 0 0
2298 0 0 0 0 0 0 0 0 0 2299 0 0 0 0 0 0 0 0 0 0 0 0 0 0 0 0 0 0 0 0
2299 0 0 0 0 0 0 0 0 0 0 0 0 0 0 0 0 0 0 0 2300 0 0 0 0 0 0 0 0 0 0
2300 0 0 0 0 0 2301 0 0 0 0 0 0 0 0 0 0 0 0 0 0 0 0 0 0 0 0 0 0 0 0
2301 0 0 0 0 0 0 0 0 0 0 0 0 0 0 0 0 0 0 0 0 0 0 0 0 0 0 0 0 0 1 compromise
2302 0 0 0 0 0 0 0 0 0 0 0 0 0 0 0 0 0 0 0 0 2303 0 0 0 0 0 0 0 0 0
2303 0 0 0 0 0 2304 0 0 0 0 0 0 0 0 0 0 0 0 0 0 0 0 0 0 0 0 0 0 0 0
2304 0 0 0 0 0 0 0 0 0 0 0 0 0 0 0 0 0 0 2305 0 0 0 0 0 0 0 0 0 0 1 compute
2305 0 0 0 0 0 0 0 0 0 0 0 0 0 0 0 0 0 0 0 0 0 0 0 0 0 0 0 0 0 1 computer
2306 0 2307 0 0 0 0 0 0 0 0 0 0 0 0 0 0 0 0 0 0 0 0 0 0 0 0 0 0 0 0
2307 0 0 0 0 2308 0 0 0 0 0 0 0 0 0 0 0 0 0 0 0 0 0 0 0 0 0 0 0 0 0
2308 0 0 0 0 0 2309 0 0 0 0 0 0 0 0 0 0 0 0 0 0 0 0 0 0 0 0 0 0 0 0
2309 0 0 0 0 0 0 0 0 0 0 0 0 0 0 0 0 0 0 0 0 0 0 0 0 0 0 0 0 0 1 comrade
2310 0 0 0 2311 2344 0 2361 2391 0 0 2406 0 0 0 2414 0 0 2421 0 2427 2508 0 2563 0 0 0 0 0 0 0
2311 0 0 0 0 0 2312 0 0 0 0 0 0 2332 0 0 0 0 0 2340 0 0 0 0 0 0 0 0 0 0 0
2312 0 2313 0 0 0 0 0 0 0 0 0 0 0 0 2315 0 2324 0 2326 0 0 0 0 0 0 0 0 0 0 0
2313 0 0 0 0 0 0 0 0 0 0 0 0 2314 0 0 0 0 0 0 0 0 0 0 0 0 0 0 0 0 0
2314 0 0 0 0 0 0 0 0 0 0 0 0 0 0 0 0 0 0 0 0 0 0 0 0 0 0 0 0 0 1 conceal
2315 0 0 0 0 0 0 0 0 0 0 0 0 0 0 0 0 0 0 0 0 2316 0 0 0 0 0 0 0 0 0
2316 0 0 0 0 0 0 0 0 0 0 0 0 0 0 0 0 0 0 2317 0 0 0 0 0 0 0 0 0 0 0
2317 0 2318 0 0 0 0 0 0 0 0 0 0 0 0 0 0 0 0 0 0 0 0 0 0 0 0 0 0 0 0
2318 0 0 0 0 0 0 0 0 0 0 0 0 0 0 0 0 0 0 0 0 2319 0 0 0 0 0 0 0 0 0
2319 0 0 0 0 0 2320 0 0 0 2321 0 0 0 0 0 0 0 0 0 0 0 0 0 0 0 0 0 0 0 0
2320 0 0 0 0 0 0 0 0 0 0 0 0 0 0 0 0 0 0 0 0 0 0 0 0 0 0 0 0 0 1 concentrate
2321 0 0 0 0 0 0 0 0 0 0 0 0 0 0 0 2322 0 0 0 0 0 0 0 0 0 0 0 0 0 0
2322 0 0 0 0 0 0 0 0 0 0 0 0 0 0 2323 0 0 0 0 0 0 0 0 0 0 0 0 0 0 0
2323 0 0 0 0 0 0 0 0 0 0 0 0 0 0 0 0 0 0 0 0 0 0 0 0 0 0 0 0 0 1 concentration
2324 0 0 0 0 0 0 0 0 0 0 0 0 0 0 0 0 0 0 0 0 2325 0 0 0 0 0 0 0 0 0
2325 0 0 0 0 0 0 0 0 0 0 0 0 0 0 0 0 0 0 0 0 0 0 0 0 0 0 0 0 0 1 concept
2326 0 0 0 0 0 0 0 0 0 0 0 0 0 0 2327 0 0 0 0 0 2331 0 0 0 0 0 0 0 0 0
2327 0 0 0 0 0 0 0 0 0 2328 0 0 0 0 0 0 0 0 0 0 0 0 0 0 0 0 0 0 0 1 concern
2328 0 0 0 0 0 0 0 0 0 0 0 0 0 0 2329 0 0 0 0 0 0 0 0 0 0 0 0 0 0 0
2329 0 0 0 0 0 0 0 2330 0 0 0 0 0 0 0 0 0 0 0 0 0 0 0 0 0 0 0 0 0 0
2330 0 0 0 0 0 0 0 0 0 0 0 0 0 0 0 0 0 0 0 0 0 0 0 0 0 0 0 0 0 1 concerning
2331 0 0 0 0 0 0 0 0 0 0 0 0 0 0 0 0 0 0 0 0 0 0 0 0 0 0 0 0 0 1 concert
2332 0 0 0 0 0 0 0 0 0 0 0 0 0 0 0 0 0 0 0 0 0 2333 0 0 0 0 0 0 0 0
2333 0 0 0 0 2334 0 0 0 0 0 0 0 0 0 0 0 0 0 0 2336 0 0 0 0 0 0 0 0 0 0
2334 0 0 0 0 0 2335 0 0 0 0 0 0 0 0 0 0 0 0 0 0 0 0 0 0 0 0 0 0 0 0
2335 0 0 0 0 0 0 0 0 0 0 0 0 0 0 0 0 0 0 0 0 0 0 0 0 0 0 0 0 0 1 conclude
2336 0 0 0 0 0 0 0 0 0 2337 0 0 0 0 0 0 0 0 0 0 0 0 0 0 0 0 0 0 0 0
2337 0 0 0 0 0 0 0 0 0 0 0 0 0 0 0 2338 0 0 0 0 0 0 0 0 0 0 0 0 0 0
2338 0 0 0 0 0 0 0 0 0 0 0 0 0 0 2339 0 0 0 0 0 0 0 0 0 0 0 0 0 0 0
2339 0 0 0 0 0 0 0 0 0 0 0 0 0 0 0 0 0 0 0 0 0 0 0 0 0 0 0 0 0 1 conclusion
2340 0 0 0 0 0 2341 0 0 0 0 0 0 0 0 0 0 0 0 0 0 0 0 0 0 0 0 0 0 0 0
2341 0 0 0 0 0 0 0 0 0 0 0 0 0 0 0 0 0 0 0 0 2342 0 0 0 0 0 0 0 0 0
2342 0 0 0 0 0 2343 0 0 0 0 0 0 0 0 0 0 0 0 0 0 0 0 0 0 0 0 0 0 0 0
2343 0 0 0 0 0 0 0 0 0 0 0 0 0 0 0 0 0 0 0 0 0 0 0 0 0 0 0 0 0 1 concrete
2344 0 0 0 0 0 2345 0 0 0 2351 0 0 0 0 0 0 0 0 0 0 0 2356 0 0 0 0 0 0 0 0
2345 0 0 0 0 0 0 0 0 0 0 0 0 0 2346 2348 0 0 0 0 0 0 0 0 0 0 0 0 0 0 0
2346 0 0 0 0 0 0 0 0 0 0 0 0 0 0 2347 0 0 0 0 0 0 0 0 0 0 0 0 0 0 0
2347 0 0 0 0 0 0 0 0 0 0 0 0 0 0 0 0 0 0 0 0 0 0 0 0 0 0 0 0 0 1 condemn
2348 0 0 0 0 0 0 0 0 0 0 0 0 0 0 0 0 0 0 0 2349 0 0 0 0 0 0 0 0 0 0
2349 0 0 0 0 0 2350 0 0 0 0 0 0 0 0 0 0 0 0 0 0 0 0 0 0 0 0 0 0 0 0
2350 0 0 0 0 0 0 0 0 0 0 0 0 0 0 0 0 0 0 0 0 0 0 0 0 0 0 0 0 0 1 condense
2351 0 0 0 0 0 0 0 0 0 0 0 0 0 0 0 0 0 0 0 0 2352 0 0 0 0 0 0 0 0 0
2352 0 0 0 0 0 0 0 0 0 2353 0 0 0 0 0 0 0 0 0 0 0 0 0 0 0 0 0 0 0 0
2353 0 0 0 0 0 0 0 0 0 0 0 0 0 0 0 2354 0 0 0 0 0 0 0 0 0 0 0 0 0 0
2354 0 0 0 0 0 0 0 0 0 0 0 0 0 0 2355 0 0 0 0 0 0 0 0 0 0 0 0 0 0 0
2355 0 0 0 0 0 0 0 0 0 0 0 0 0 0 0 0 0 0 0 0 0 0 0 0 0 0 0 0 0 1 condition
2356 0 0 0 2357 0 0 0 0 0 0 0 0 0 0 0 0 0 0 0 0 0 0 0 0 0 0 0 0 0 0
2357 0 0 0 0 0 0 0 0 0 0 0 0 0 0 0 0 0 0 0 0 2358 0 0 0 0 0 0 0 0 0
2358 0 0 0 0 0 0 0 0 0 0 0 0 0 0 0 2359 0 0 0 0 0 0 0 0 0 0 0 0 0 1 conduct
2359 0 0 0 0 0 0 0 0 0 0 0 0 0 0 0 0 0 0 2360 0 0 0 0 0 0 0 0 0 0 0
2360 0 0 0 0 0 0 0 0 0 0 0 0 0 0 0 0 0 0 0 0 0 0 0 0 0 0 0 0 0 1 conductor
2361 0 0 0 0 0 2362 0 0 0 2370 0 0 2381 0 0 0 0 0 0 0 0 2385 0 0 0 0 0 0 0 0
2362 0 0 0 0 0 0 0 0 0 0 0 0 0 0 0 0 0 0 2363 2368 0 0 0 0 0 0 0 0 0 0
2363 0 0 0 0 0 2364 0 0 0 0 0 0 0 0 0 0 0 0 0 0 0 0 0 0 0 0 0 0 0 0
2364 0 0 0 0 0 0 0 0 0 0 0 0 0 0 2365 0 0 0 0 0 0 0 0 0 0 0 0 0 0 0
2365 0 0 0 2366 0 0 0 0 0 0 0 0 0 0 0 0 0 0 0 0 0 0 0 0 0 0 0 0 0 0
2366 0 0 0 0 0 2367 0 0 0 0 0 0 0 0 0 0 0 0 0 0 0 0 0 0 0 0 0 0 0 0
2367 0 0 0 0 0 0 0 0 0 0 0 0 0 0 0 0 0 0 0 0 0 0 0 0 0 0 0 0 0 1 conference
2368 0 0 0 0 0 0 0 0 0 0 0 0 0 0 0 0 0 0 0 2369 0 0 0 0 0 0 0 0 0 0
2369 0 0 0 0 0 0 0 0 0 0 0 0 0 0 0 0 0 0 0 0 0 0 0 0 0 0 0 0 0 1 confess
2370 0 0 0 0 2371 0 0 0 0 0 0 0 0 0 2377 0 0 0 2379 0 0 0 0 0 0 0 0 0 0 0
2371 0 0 0 0 0 2372 0 0 0 0 0 0 0 0 0 0 0 0 0 0 0 0 0 0 0 0 0 0 0 0
2372 0 0 0 0 0 0 0 0 0 0 0 0 0 0 2373 0 0 0 0 0 0 0 0 0 0 0 0 0 0 0
2373 0 0 0 2374 0 0 0 0 0 0 0 0 0 0 0 0 0 0 0 0 2376 0 0 0 0 0 0 0 0 0
2374 0 0 0 0 0 2375 0 0 0 0 0 0 0 0 0 0 0 0 0 0 0 0 0 0 0 0 0 0 0 0
2375 0 0 0 0 0 0 0 0 0 0 0 0 0 0 0 0 0 0 0 0 0 0 0 0 0 0 0 0 0 1 confidence
2376 0 0 0 0 0 0 0 0 0 0 0 0 0 0 0 0 0 0 0 0 0 0 0 0 0 0 0 0 0 1 confident
2377 0 0 0 0 0 2378 0 0 0 0 0 0 0 0 0 0 0 0 0 0 0 0 0 0 0 0 0 0 0 0
2378 0 0 0 0 0 0 0 0 0 0 0 0 0 0 0 0 0 0 0 0 0 0 0 0 0 0 0 0 0 1 confine
2379 0 0 0 0 0 0 0 0 0 0 0 0 0 2380 0 0 0 0 0 0 0 0 0 0 0 0 0 0 0 0
2380 0 0 0 0 0 0 0 0 0 0 0 0 0 0 0 0 0 0 0 0 0 0 0 0 0 0 0 0 0 1 confirm
2381 0 0 0 0 0 0 0 0 0 2382 0 0 0 0 0 0 0 0 0 0 0 0 0 0 0 0 0 0 0 0
2382 0 0 0 2383 0 0 0 0 0 0 0 0 0 0 0 0 0 0 0 0 0 0 0 0 0 0 0 0 0 0
2383 0 0 0 0 0 0 0 0 0 0 0 0 0 0 0 0 0 0 0 0 2384 0 0 0 0 0 0 0 0 0
2384 0 0 0 0 0 0 0 0 0 0 0 0 0 0 0 0 0 0 0 0 0 0 0 0 0 0 0 0 0 1 conflict
2385 0 0 0 0 0 0 0 0 0 0 0 0 0 0 0 0 0 0 0 2386 0 0 0 0 0 0 0 0 0 0
2386 0 0 0 0 0 2387 0 0 0 2388 0 0 0 0 0 0 0 0 0 0 0 0 0 0 0 0 0 0 0 0
2387 0 0 0 0 0 0 0 0 0 0 0 0 0 0 0 0 0 0 0 0 0 0 0 0 0 0 0 0 0 1 confuse
2388 0 0 0 0 0 0 0 0 0 0 0 0 0 0 0 2389 0 0 0 0 0 0 0 0 0 0 0 0 0 0
2389 0 0 0 0 0 0 0 0 0 0 0 0 0 0 2390 0 0 0 0 0 0 0 0 0 0 0 0 0 0 0
2390 0 0 0 0 0 0 0 0 0 0 0 0 0 0 0 0 0 0 0 0 0 0 0 0 0 0 0 0 0 1 confusion
2391 0 0 0 0 0 0 0 0 0 0 0 0 0 0 0 0 0 0 2392 0 0 0 0 0 0 0 0 0 0 0
2392 0 2393 0 0 0 2403 0 0 0 0 0 0 0 0 0 0 0 0 0 0 0 0 0 0 0 0 0 0 0 0
2393 0 0 0 0 0 0 0 0 0 0 0 0 0 0 0 0 0 0 0 0 2394 0 0 0 0 0 0 0 0 0
2394 0 0 0 0 0 0 0 0 0 0 0 0 0 0 0 0 0 0 0 0 0 2395 0 0 0 0 0 0 0 0
2395 0 0 0 0 0 0 0 0 0 0 0 0 2396 0 0 0 0 0 0 0 0 0 0 0 0 0 0 0 0 0
2396 0 2397 0 0 0 0 0 0 0 0 0 0 0 0 0 0 0 0 0 0 0 0 0 0 0 0 0 0 0 0
2397 0 0 0 0 0 0 0 0 0 0 0 0 0 0 0 0 0 0 0 0 2398 0 0 0 0 0 0 0 0 0
2398 0 0 0 0 0 2399 0 0 0 2400 0 0 0 0 0 0 0 0 0 0 0 0 0 0 0 0 0 0 0 0
2399 0 0 0 0 0 0 0 0 0 0 0 0 0 0 0 0 0 0 0 0 0 0 0 0 0 0 0 0 0 1 congratulate
2400 0 0 0 0 0 0 0 0 0 0 0 0 0 0 0 2401 0 0 0 0 0 0 0 0 0 0 0 0 0 0
2401 0 0 0 0 0 0 0 0 0 0 0 0 0 0 2402 0 0 0 0 0 0 0 0 0 0 0 0 0 0 0
2402 0 0 0 0 0 0 0 0 0 0 0 0 0 0 0 0 0 0 0 0 0 0 0 0 0 0 0 0 0 1 congratulation
2403 0 0 0 0 0 0 0 0 0 0 0 0 0 0 0 0 0 0 0 2404 0 0 0 0 0 0 0 0 0 0
2404 0 0 0 0 0 0 0 0 0 0 0 0 0 0 0 0 0 0 0 2405 0 0 0 0 0 0 0 0 0 0
2405 0 0 0 0 0 0 0 0 0 0 0 0 0 0 0 0 0 0 0 0 0 0 0 0 0 0 0 0 0 1 congress
2406 0 0 0 0 0 0 0 0 0 0 0 0 0 0 0 0 0 0 0 0 0 2407 0 0 0 0 0 0 0 0
2407 0 0 0 0 0 0 0 0 0 0 0 0 0 0 2408 0 0 0 0 0 0 0 0 0 0 0 0 0 0 0
2408 0 0 0 2409 0 0 0 0 0 0 0 0 0 0 0 0 0 0 0 0 0 0 0 0 0 0 0 0 0 0
2409 0 0 0 0 0 0 0 0 0 0 0 0 0 0 0 0 0 0 0 0 2410 0 0 0 0 0 0 0 0 0
2410 0 0 0 0 0 0 0 0 0 2411 0 0 0 0 0 0 0 0 0 0 0 0 0 0 0 0 0 0 0 0
2411 0 0 0 0 0 0 0 0 0 0 0 0 0 0 0 2412 0 0 0 0 0 0 0 0 0 0 0 0 0 0
2412 0 0 0 0 0 0 0 0 0 0 0 0 0 0 2413 0 0 0 0 0 0 0 0 0 0 0 0 0 0 0
2413 0 0 0 0 0 0 0 0 0 0 0 0 0 0 0 0 0 0 0 0 0 0 0 0 0 0 0 0 0 1 conjunction
2414 0 0 0 0 0 2415 0 0 0 0 0 0 0 0 0 0 0 0 0 0 0 0 0 0 0 0 0 0 0 0
2415 0 0 0 2416 0 0 0 0 0 0 0 0 0 0 0 0 0 0 0 0 0 0 0 0 0 0 0 0 0 0
2416 0 0 0 0 0 0 0 0 0 0 0 0 0 0 0 0 0 0 0 0 2417 0 0 0 0 0 0 0 0 0
2417 0 0 0 0 0 0 0 0 0 2418 0 0 0 0 0 0 0 0 0 0 0 0 0 0 0 0 0 0 0 1 connect
2418 0 0 0 0 0 0 0 0 0 0 0 0 0 0 0 2419 0 0 0 0 0 0 0 0 0 0 0 0 0 0
2419 0 0 0 0 0 0 0 0 0 0 0 0 0 0 2420 0 0 0 0 0 0 0 0 0 0 0 0 0 0 0
2420 0 0 0 0 0 0 0 0 0 0 0 0 0 0 0 0 0 0 0 0 0 0 0 0 0 0 0 0 0 1 connection
2421 0 0 0 0 0 0 0 0 0 0 0 0 0 0 0 0 0 0 0 0 0 2422 0 0 0 0 0 0 0 0
2422 0 0 0 0 0 2423 0 0 0 0 0 0 0 0 0 0 0 0 0 0 0 0 0 0 0 0 0 0 0 0
2423 0 0 0 0 0 0 0 0 0 0 0 0 0 0 0 0 0 0 2424 2425 0 0 0 0 0 0 0 0 0 0
2424 0 0 0 0 0 0 0 0 0 0 0 0 0 0 0 0 0 0 0 0 0 0 0 0 0 0 0 0 0 1 conquer
2425 0 0 0 0 0 0 0 0 0 0 0 0 0 0 0 0 0 0 0 0 2426 0 0 0 0 0 0 0 0 0
2426 0 0 0 0 0 0 0 0 0 0 0 0 0 0 0 0 0 0 0 0 0 0 0 0 0 0 0 0 0 1 conquest
2427 0 0 0 2428 0 2441 0 0 0 2462 0 0 0 0 0 0 0 0 0 0 2480 2498 0 0 0 0 0 0 0 0
2428 0 0 0 0 0 0 0 0 0 2429 0 0 0 0 0 0 0 0 0 0 0 0 0 0 0 0 0 0 0 0
2429 0 0 0 0 0 2430 0 0 0 0 0 0 0 0 0 2434 0 0 0 0 0 0 0 0 0 0 0 0 0 0
2430 0 0 0 0 0 0 0 0 0 0 0 0 0 0 2431 0 0 0 0 0 0 0 0 0 0 0 0 0 0 0
2431 0 0 0 2432 0 0 0 0 0 0 0 0 0 0 0 0 0 0 0 0 0 0 0 0 0 0 0 0 0 0
2432 0 0 0 0 0 2433 0 0 0 0 0 0 0 0 0 0 0 0 0 0 0 0 0 0 0 0 0 0 0 0
2433 0 0 0 0 0 0 0 0 0 0 0 0 0 0 0 0 0 0 0 0 0 0 0 0 0 0 0 0 0 1 conscience
2434 0 0 0 0 0 0 0 0 0 0 0 0 0 0 0 0 0 0 0 0 0 2435 0 0 0 0 0 0 0 0
2435 0 0 0 0 0 0 0 0 0 0 0 0 0 0 0 0 0 0 0 2436 0 0 0 0 0 0 0 0 0 0
2436 0 0 0 0 0 0 0 0 0 0 0 0 0 0 2437 0 0 0 0 0 0 0 0 0 0 0 0 0 0 1 conscious
2437 0 0 0 0 0 2438 0 0 0 0 0 0 0 0 0 0 0 0 0 0 0 0 0 0 0 0 0 0 0 0
2438 0 0 0 0 0 0 0 0 0 0 0 0 0 0 0 0 0 0 0 2439 0 0 0 0 0 0 0 0 0 0
2439 0 0 0 0 0 0 0 0 0 0 0 0 0 0 0 0 0 0 0 2440 0 0 0 0 0 0 0 0 0 0
2440 0 0 0 0 0 0 0 0 0 0 0 0 0 0 0 0 0 0 0 0 0 0 0 0 0 0 0 0 0 1 consciousness
2441 0 0 0 0 0 0 0 0 0 0 0 0 0 0 2442 0 0 2444 2453 0 0 0 0 0 0 0 0 0 0 0
2442 0 0 0 0 0 0 0 0 0 0 0 0 0 0 0 0 0 0 0 0 2443 0 0 0 0 0 0 0 0 0
2443 0 0 0 0 0 0 0 0 0 0 0 0 0 0 0 0 0 0 0 0 0 0 0 0 0 0 0 0 0 1 consent
2444 0 0 0 0 0 0 0 0 0 0 0 0 0 0 0 0 0 0 0 0 0 2445 0 0 0 0 0 0 0 0
2445 0 0 0 0 0 2446 0 0 0 0 0 0 0 0 0 0 0 0 0 0 0 0 0 0 0 0 0 0 0 0
2446 0 0 0 0 0 0 0 0 0 0 0 0 0 0 2447 0 0 0 0 0 0 0 0 0 0 0 0 0 0 0
2447 0 0 0 2448 0 0 0 0 0 0 0 0 0 0 0 0 0 0 0 0 2450 0 0 0 0 0 0 0 0 0
2448 0 0 0 0 0 2449 0 0 0 0 0 0 0 0 0 0 0 0 0 0 0 0 0 0 0 0 0 0 0 0
2449 0 0 0 0 0 0 0 0 0 0 0 0 0 0 0 0 0 0 0 0 0 0 0 0 0 0 0 0 0 1 consequence
2450 0 0 0 0 0 0 0 0 0 0 0 0 2451 0 0 0 0 0 0 0 0 0 0 0 0 0 0 0 0 0
2451 0 0 0 0 0 0 0 0 0 0 0 0 0 0 0 0 0 0 0 0 0 0 0 0 0 2452 0 0 0 0
2452 0 0 0 0 0 0 0 0 0 0 0 0 0 0 0 0 0 0 0 0 0 0 0 0 0 0 0 0 0 1 consequently
2453 0 0 0 0 0 0 0 0 0 0 0 0 0 0 0 0 0 0 0 0 0 0 2454 0 0 0 0 0 0 0
2454 0 2455 0 0 0 0 0 0 0 0 0 0 0 0 0 0 0 0 0 0 0 0 0 0 0 0 0 0 0 0
2455 0 0 0 0 0 0 0 0 0 0 0 0 0 0 0 0 0 0 0 0 2456 0 0 0 0 0 0 0 0 0
2456 0 0 0 0 0 0 0 0 0 2457 0 0 0 0 0 0 0 0 0 0 0 0 0 0 0 0 0 0 0 0
2457 0 0 0 0 0 0 0 0 0 0 0 0 0 0 0 2458 0 0 0 0 0 0 2460 0 0 0 0 0 0 0
2458 0 0 0 0 0 0 0 0 0 0 0 0 0 0 2459 0 0 0 0 0 0 0 0 0 0 0 0 0 0 0
2459 0 0 0 0 0 0 0 0 0 0 0 0 0 0 0 0 0 0 0 0 0 0 0 0 0 0 0 0 0 1 conservation
2460 0 0 0 0 0 2461 0 0 0 0 0 0 0 0 0 0 0 0 0 0 0 0 0 0 0 0 0 0 0 0
2461 0 0 0 0 0 0 0 0 0 0 0 0 0 0 0 0 0 0 0 0 0 0 0 0 0 0 0 0 0 1 conservative
2462 0 0 0 0 2463 0 0 0 0 0 0 0 0 0 0 0 0 0 0 2475 0 0 0 0 0 0 0 0 0 0
2463 0 0 0 0 0 2464 0 0 0 0 0 0 0 0 0 0 0 0 0 0 0 0 0 0 0 0 0 0 0 0
2464 0 0 0 0 0 0 0 0 0 0 0 0 0 0 0 0 0 0 2465 0 0 0 0 0 0 0 0 0 0 0
2465 0 2466 0 0 0 0 0 0 0 0 0 0 0 0 0 0 0 0 0 0 0 0 0 0 0 0 0 0 0 1 consider
2466 0 0 2467 0 0 0 0 0 0 0 0 0 0 0 0 0 0 0 0 0 2470 0 0 0 0 0 0 0 0 0
2467 0 0 0 0 0 0 0 0 0 0 0 0 2468 0 0 0 0 0 0 0 0 0 0 0 0 0 0 0 0 0
2468 0 0 0 0 0 2469 0 0 0 0 0 0 0 0 0 0 0 0 0 0 0 0 0 0 0 0 0 0 0 0
2469 0 0 0 0 0 0 0 0 0 0 0 0 0 0 0 0 0 0 0 0 0 0 0 0 0 0 0 0 0 1 considerable
2470 0 0 0 0 0 2471 0 0 0 2472 0 0 0 0 0 0 0 0 0 0 0 0 0 0 0 0 0 0 0 0
2471 0 0 0 0 0 0 0 0 0 0 0 0 0 0 0 0 0 0 0 0 0 0 0 0 0 0 0 0 0 1 considerate
2472 0 0 0 0 0 0 0 0 0 0 0 0 0 0 0 2473 0 0 0 0 0 0 0 0 0 0 0 0 0 0
2473 0 0 0 0 0 0 0 0 0 0 0 0 0 0 2474 0 0 0 0 0 0 0 0 0 0 0 0 0 0 0
2474 0 0 0 0 0 0 0 0 0 0 0 0 0 0 0 0 0 0 0 0 0 0 0 0 0 0 0 0 0 1 consideration
2475 0 0 0 0 0 0 0 0 0 0 0 0 0 0 0 0 0 0 0 0 2476 0 0 0 0 0 0 0 0 0
2476 0 0 0 0 0 2477 0 0 0 0 0 0 0 0 0 0 0 0 0 0 0 0 0 0 0 0 0 0 0 1 consist
2477 0 0 0 0 0 0 0 0 0 0 0 0 0 0 2478 0 0 0 0 0 0 0 0 0 0 0 0 0 0 0
2478 0 0 0 0 0 0 0 0 0 0 0 0 0 0 0 0 0 0 0 0 2479 0 0 0 0 0 0 0 0 0
2479 0 0 0 0 0 0 0 0 0 0 0 0 0 0 0 0 0 0 0 0 0 0 0 0 0 0 0 0 0 1 consistent
2480 0 2481 0 0 0 0 0 0 0 2484 0 0 0 0 0 0 0 0 2491 0 0 0 0 0 0 0 0 0 0 0
2481 0 0 0 0 0 0 0 0 0 0 0 0 0 0 2482 0 0 0 0 0 0 0 0 0 0 0 0 0 0 0
2482 0 0 0 0 0 0 0 0 0 0 0 0 0 0 0 0 0 0 0 0 2483 0 0 0 0 0 0 0 0 0
2483 0 0 0 0 0 0 0 0 0 0 0 0 0 0 0 0 0 0 0 0 0 0 0 0 0 0 0 0 0 1 constant
2484 0 0 0 0 0 0 0 0 0 0 0 0 0 0 0 0 0 0 0 0 2485 0 0 0 0 0 0 0 0 0
2485 0 0 0 0 0 0 0 0 0 0 0 0 0 0 0 0 0 0 0 0 0 2486 0 0 0 0 0 0 0 0
2486 0 0 0 0 0 0 0 0 0 0 0 0 0 0 0 0 0 0 0 0 2487 0 0 0 0 0 0 0 0 0
2487 0 0 0 0 0 0 0 0 0 2488 0 0 0 0 0 0 0 0 0 0 0 0 0 0 0 0 0 0 0 0
2488 0 0 0 0 0 0 0 0 0 0 0 0 0 0 0 2489 0 0 0 0 0 0 0 0 0 0 0 0 0 0
2489 0 0 0 0 0 0 0 0 0 0 0 0 0 0 2490 0 0 0 0 0 0 0 0 0 0 0 0 0 0 0
2490 0 0 0 0 0 0 0 0 0 0 0 0 0 0 0 0 0 0 0 0 0 0 0 0 0 0 0 0 0 1 constitution
2491 0 0 0 0 0 0 0 0 0 0 0 0 0 0 0 0 0 0 0 0 0 2492 0 0 0 0 0 0 0 0
2492 0 0 0 2493 0 0 0 0 0 0 0 0 0 0 0 0 0 0 0 0 0 0 0 0 0 0 0 0 0 0
2493 0 0 0 0 0 0 0 0 0 0 0 0 0 0 0 0 0 0 0 0 2494 0 0 0 0 0 0 0 0 0
2494 0 0 0 0 0 0 0 0 0 2495 0 0 0 0 0 0 0 0 0 0 0 0 0 0 0 0 0 0 0 1 construct
2495 0 0 0 0 0 0 0 0 0 0 0 0 0 0 0 2496 0 0 0 0 0 0 0 0 0 0 0 0 0 0
2496 0 0 0 0 0 0 0 0 0 0 0 0 0 0 2497 0 0 0 0 0 0 0 0 0 0 0 0 0 0 0
2497 0 0 0 0 0 0 0 0 0 0 0 0 0 0 0 0 0 0 0 0 0 0 0 0 0 0 0 0 0 1 construction
2498 0 0 0 0 0 0 0 0 0 0 0 0 2499 2501 0 0 0 0 0 0 0 0 0 0 0 0 0 0 0 0
2499 0 0 0 0 0 0 0 0 0 0 0 0 0 0 0 0 0 0 0 0 2500 0 0 0 0 0 0 0 0 0
2500 0 0 0 0 0 0 0 0 0 0 0 0 0 0 0 0 0 0 0 0 0 0 0 0 0 0 0 0 0 1 consult
2501 0 0 0 0 0 2502 0 0 0 0 0 0 0 0 0 0 2503 0 0 0 0 0 0 0 0 0 0 0 0 0
2502 0 0 0 0 0 0 0 0 0 0 0 0 0 0 0 0 0 0 0 0 0 0 0 0 0 0 0 0 0 1 consume
2503 0 0 0 0 0 0 0 0 0 0 0 0 0 0 0 0 0 0 0 0 2504 0 0 0 0 0 0 0 0 0
2504 0 0 0 0 0 0 0 0 0 2505 0 0 0 0 0 0 0 0 0 0 0 0 0 0 0 0 0 0 0 0
2505 0 0 0 0 0 0 0 0 0 0 0 0 0 0 0 2506 0 0 0 0 0 0 0 0 0 0 0 0 0 0
2506 0 0 0 0 0 0 0 0 0 0 0 0 0 0 2507 0 0 0 0 0 0 0 0 0 0 0 0 0 0 0
2507 0 0 0 0 0 0 0 0 0 0 0 0 0 0 0 0 0 0 0 0 0 0 0 0 0 0 0 0 0 1 consumption
2508 0 2509 0 0 0 2516 0 0 0 2529 0 0 0 0 0 0 0 0 2541 0 0 0 0 0 0 0 0 0 0 0
2509 0 0 0 2510 0 0 0 0 0 2512 0 0 0 0 0 0 0 0 0 0 0 0 0 0 0 0 0 0 0 0
2510 0 0 0 0 0 0 0 0 0 0 0 0 0 0 0 0 0 0 0 0 2511 0 0 0 0 0 0 0 0 0
2511 0 0 0 0 0 0 0 0 0 0 0 0 0 0 0 0 0 0 0 0 0 0 0 0 0 0 0 0 0 1 contact
2512 0 0 0 0 0 0 0 0 0 0 0 0 0 0 2513 0 0 0 0 0 0 0 0 0 0 0 0 0 0 0
2513 0 0 0 0 0 2514 0 0 0 0 0 0 0 0 0 0 0 0 0 0 0 0 0 0 0 0 0 0 0 1 contain
2514 0 0 0 0 0 0 0 0 0 0 0 0 0 0 0 0 0 0 2515 0 0 0 0 0 0 0 0 0 0 0
2515 0 0 0 0 0 0 0 0 0 0 0 0 0 0 0 0 0 0 0 0 0 0 0 0 0 0 0 0 0 1 container
2516 0 0 0 0 0 0 0 0 0 0 0 0 0 2517 2525 0 0 0 0 2527 0 0 0 0 0 0 0 0 0 0
2517 0 0 0 0 0 0 0 0 0 0 0 0 0 0 0 0 2518 0 0 0 0 0 0 0 0 0 0 0 0 0
2518 0 0 0 0 0 0 0 0 0 0 0 0 0 0 0 2519 0 0 0 0 2524 0 0 0 0 0 0 0 0 0
2519 0 0 0 0 0 0 0 0 0 0 0 0 0 0 0 0 0 0 2520 0 0 0 0 0 0 0 0 0 0 0
2520 0 2521 0 0 0 0 0 0 0 0 0 0 0 0 0 0 0 0 0 0 0 0 0 0 0 0 0 0 0 0
2521 0 0 0 0 0 0 0 0 0 0 0 0 0 0 0 0 0 0 2522 0 0 0 0 0 0 0 0 0 0 0
2522 0 0 0 0 0 0 0 0 0 0 0 0 0 0 0 0 0 0 0 0 0 0 0 0 0 2523 0 0 0 0
2523 0 0 0 0 0 0 0 0 0 0 0 0 0 0 0 0 0 0 0 0 0 0 0 0 0 0 0 0 0 1 contemporary
2524 0 0 0 0 0 0 0 0 0 0 0 0 0 0 0 0 0 0 0 0 0 0 0 0 0 0 0 0 0 1 contempt
2525 0 0 0 0 0 0 0 0 0 0 0 0 0 0 0 0 0 0 0 0 2526 0 0 0 0 0 0 0 0 0
2526 0 0 0 0 0 0 0 0 0 0 0 0 0 0 0 0 0 0 0 0 0 0 0 0 0 0 0 0 0 1 content
2527 0 0 0 0 0 0 0 0 0 0 0 0 0 0 0 0 0 0 0 0 2528 0 0 0 0 0 0 0 0 0
2528 0 0 0 0 0 0 0 0 0 0 0 0 0 0 0 0 0 0 0 0 0 0 0 0 0 0 0 0 0 1 contest
2529 0 0 0 0 0 0 0 0 0 0 0 0 0 0 2530 0 0 0 0 0 0 0 0 0 0 0 0 0 0 0
2530 0 0 0 0 0 2531 0 0 0 0 0 0 0 0 0 0 0 0 0 0 0 2534 0 0 0 0 0 0 0 0
2531 0 0 0 0 0 0 0 0 0 0 0 0 0 0 2532 0 0 0 0 0 0 0 0 0 0 0 0 0 0 0
2532 0 0 0 0 0 0 0 0 0 0 0 0 0 0 0 0 0 0 0 0 2533 0 0 0 0 0 0 0 0 0
2533 0 0 0 0 0 0 0 0 0 0 0 0 0 0 0 0 0 0 0 0 0 0 0 0 0 0 0 0 0 1 continent
2534 0 2535 0 0 0 2537 0 0 0 0 0 0 0 0 0 2538 0 0 0 0 0 0 0 0 0 0 0 0 0 0
2535 0 0 0 0 0 0 0 0 0 0 0 0 2536 0 0 0 0 0 0 0 0 0 0 0 0 0 0 0 0 0
2536 0 0 0 0 0 0 0 0 0 0 0 0 0 0 0 0 0 0 0 0 0 0 0 0 0 0 0 0 0 1 continual
2537 0 0 0 0 0 0 0 0 0 0 0 0 0 0 0 0 0 0 0 0 0 0 0 0 0 0 0 0 0 1 continue
2538 0 0 0 0 0 0 0 0 0 0 0 0 0 0 0 0 0 0 0 0 0 2539 0 0 0 0 0 0 0 0
2539 0 0 0 0 0 0 0 0 0 0 0 0 0 0 0 0 0 0 0 2540 0 0 0 0 0 0 0 0 0 0
2540 0 0 0 0 0 0 0 0 0 0 0 0 0 0 0 0 0 0 0 0 0 0 0 0 0 0 0 0 0 1 continuous
2541 0 2542 0 0 0 0 0 0 0 2556 0 0 0 0 0 2561 0 0 0 0 0 0 0 0 0 0 0 0 0 0
2542 0 0 0 2543 2545 0 0 0 0 0 0 0 0 0 0 0 0 0 2552 2554 0 0 0 0 0 0 0 0 0 0
2543 0 0 0 0 0 0 0 0 0 0 0 0 0 0 0 0 0 0 0 0 2544 0 0 0 0 0 0 0 0 0
2544 0 0 0 0 0 0 0 0 0 0 0 0 0 0 0 0 0 0 0 0 0 0 0 0 0 0 0 0 0 1 contract
2545 0 0 0 0 0 0 0 0 0 2546 0 0 0 0 0 0 0 0 0 0 0 0 0 0 0 0 0 0 0 0
2546 0 0 0 2547 0 0 0 0 0 0 0 0 0 0 0 0 0 0 0 0 0 0 0 0 0 0 0 0 0 0
2547 0 0 0 0 0 0 0 0 0 0 0 0 0 0 0 0 0 0 0 0 2548 0 0 0 0 0 0 0 0 0
2548 0 0 0 0 0 0 0 0 0 2549 0 0 0 0 0 0 0 0 0 0 0 0 0 0 0 0 0 0 0 0
2549 0 0 0 0 0 0 0 0 0 0 0 0 0 0 0 2550 0 0 0 0 0 0 0 0 0 0 0 0 0 0
2550 0 0 0 0 0 0 0 0 0 0 0 0 0 0 2551 0 0 0 0 0 0 0 0 0 0 0 0 0 0 0
2551 0 0 0 0 0 0 0 0 0 0 0 0 0 0 0 0 0 0 0 0 0 0 0 0 0 0 0 0 0 1 contradiction
2552 0 0 0 0 0 0 0 0 0 0 0 0 0 0 0 0 0 0 0 0 0 0 0 0 0 2553 0 0 0 0
2553 0 0 0 0 0 0 0 0 0 0 0 0 0 0 0 0 0 0 0 0 0 0 0 0 0 0 0 0 0 1 contrary
2554 0 0 0 0 0 0 0 0 0 0 0 0 0 0 0 0 0 0 0 0 2555 0 0 0 0 0 0 0 0 0
2555 0 0 0 0 0 0 0 0 0 0 0 0 0 0 0 0 0 0 0 0 0 0 0 0 0 0 0 0 0 1 contrast
2556 0 0 2557 0 0 0 0 0 0 0 0 0 0 0 0 0 0 0 0 0 0 0 0 0 0 0 0 0 0 0
2557 0 0 0 0 0 0 0 0 0 0 0 0 0 0 0 0 0 0 0 0 0 2558 0 0 0 0 0 0 0 0
2558 0 0 0 0 0 0 0 0 0 0 0 0 0 0 0 0 0 0 0 0 2559 0 0 0 0 0 0 0 0 0
2559 0 0 0 0 0 2560 0 0 0 0 0 0 0 0 0 0 0 0 0 0 0 0 0 0 0 0 0 0 0 0
2560 0 0 0 0 0 0 0 0 0 0 0 0 0 0 0 0 0 0 0 0 0 0 0 0 0 0 0 0 0 1 contribute
2561 0 0 0 0 0 0 0 0 0 0 0 0 2562 0 0 0 0 0 0 0 0 0 0 0 0 0 0 0 0 0
2562 0 0 0 0 0 0 0 0 0 0 0 0 0 0 0 0 0 0 0 0 0 0 0 0 0 0 0 0 0 1 control
2563 0 0 0 0 0 2564 0 0 0 2593 0 0 0 0 0 0 0 0 0 0 0 0 0 0 0 0 0 0 0 0
2564 0 0 0 0 0 0 0 0 0 0 0 0 0 0 2565 0 0 0 2578 0 0 0 0 0 0 2592 0 0 0 0
2565 0 0 0 0 0 0 0 0 0 2566 0 0 0 0 0 0 0 0 0 0 2572 0 0 0 0 0 0 0 0 0
2566 0 0 0 0 0 2567 0 0 0 0 0 0 0 0 0 0 0 0 0 0 0 0 0 0 0 0 0 0 0 0
2567 0 0 0 0 0 0 0 0 0 0 0 0 0 0 2568 0 0 0 0 0 0 0 0 0 0 0 0 0 0 0
2568 0 0 0 2569 0 0 0 0 0 0 0 0 0 0 0 0 0 0 0 0 2571 0 0 0 0 0 0 0 0 0
2569 0 0 0 0 0 2570 0 0 0 0 0 0 0 0 0 0 0 0 0 0 0 0 0 0 0 0 0 0 0 0
2570 0 0 0 0 0 0 0 0 0 0 0 0 0 0 0 0 0 0 0 0 0 0 0 0 0 0 0 0 0 1 convenience
2571 0 0 0 0 0 0 0 0 0 0 0 0 0 0 0 0 0 0 0 0 0 0 0 0 0 0 0 0 0 1 convenient
2572 0 0 0 0 0 0 0 0 0 2573 0 0 0 0 0 0 0 0 0 0 0 0 0 0 0 0 0 0 0 0
2573 0 0 0 0 0 0 0 0 0 0 0 0 0 0 0 2574 0 0 0 0 0 0 0 0 0 0 0 0 0 0
2574 0 0 0 0 0 0 0 0 0 0 0 0 0 0 2575 0 0 0 0 0 0 0 0 0 0 0 0 0 0 0
2575 0 2576 0 0 0 0 0 0 0 0 0 0 0 0 0 0 0 0 0 0 0 0 0 0 0 0 0 0 0 1 convention
2576 0 0 0 0 0 0 0 0 0 0 0 0 2577 0 0 0 0 0 0 0 0 0 0 0 0 0 0 0 0 0
2577 0 0 0 0 0 0 0 0 0 0 0 0 0 0 0 0 0 0 0 0 0 0 0 0 0 0 0 0 0 1 conventional
2578 0 0 0 0 0 0 0 0 0 0 0 0 0 0 0 0 0 0 0 2579 2591 0 0 0 0 0 0 0 0 0
2579 0 2580 0 0 0 2585 0 0 0 2588 0 0 0 0 0 0 0 0 0 0 0 0 0 0 0 0 0 0 0 0
2580 0 0 0 0 0 0 0 0 0 0 0 0 0 0 0 0 0 0 0 0 2581 0 0 0 0 0 0 0 0 0
2581 0 0 0 0 0 0 0 0 0 2582 0 0 0 0 0 0 0 0 0 0 0 0 0 0 0 0 0 0 0 0
2582 0 0 0 0 0 0 0 0 0 0 0 0 0 0 0 2583 0 0 0 0 0 0 0 0 0 0 0 0 0 0
2583 0 0 0 0 0 0 0 0 0 0 0 0 0 0 2584 0 0 0 0 0 0 0 0 0 0 0 0 0 0 0
2584 0 0 0 0 0 0 0 0 0 0 0 0 0 0 0 0 0 0 0 0 0 0 0 0 0 0 0 0 0 1 conversation
2585 0 0 0 0 0 0 0 0 0 0 0 0 2586 0 0 0 0 0 0 0 0 0 0 0 0 0 0 0 0 0
2586 0 0 0 0 0 0 0 0 0 0 0 0 0 0 0 0 0 0 0 0 0 0 0 0 0 2587 0 0 0 0
2587 0 0 0 0 0 0 0 0 0 0 0 0 0 0 0 0 0 0 0 0 0 0 0 0 0 0 0 0 0 1 conversely
2588 0 0 0 0 0 0 0 0 0 0 0 0 0 0 0 2589 0 0 0 0 0 0 0 0 0 0 0 0 0 0
2589 0 0 0 0 0 0 0 0 0 0 0 0 0 0 2590 0 0 0 0 0 0 0 0 0 0 0 0 0 0 0
2590 0 0 0 0 0 0 0 0 0 0 0 0 0 0 0 0 0 0 0 0 0 0 0 0 0 0 0 0 0 1 conversion
2591 0 0 0 0 0 0 0 0 0 0 0 0 0 0 0 0 0 0 0 0 0 0 0 0 0 0 0 0 0 1 convert
2592 0 0 0 0 0 0 0 0 0 0 0 0 0 0 0 0 0 0 0 0 0 0 0 0 0 0 0 0 0 1 convey
2593 0 0 0 0 0 0 0 0 0 0 0 0 0 0 2594 0 0 0 0 0 0 0 0 0 0 0 0 0 0 0
2594 0 0 0 2595 0 0 0 0 0 0 0 0 0 0 0 0 0 0 0 0 0 0 0 0 0 0 0 0 0 0
2595 0 0 0 0 0 2596 0 0 0 0 0 0 0 0 0 0 0 0 0 0 0 0 0 0 0 0 0 0 0 0
2596 0 0 0 0 0 0 0 0 0 0 0 0 0 0 0 0 0 0 0 0 0 0 0 0 0 0 0 0 0 1 convince
2597 0 0 0 0 0 0 0 0 0 0 0 2598 2599 0 0 0 2600 0 2606 0 0 0 0 0 0 0 0 0 0 0
2598 0 0 0 0 0 0 0 0 0 0 0 0 0 0 0 0 0 0 0 0 0 0 0 0 0 0 0 0 0 1 cook
2599 0 0 0 0 0 0 0 0 0 0 0 0 0 0 0 0 0 0 0 0 0 0 0 0 0 0 0 0 0 1 cool
2600 0 0 0 0 0 2601 0 0 0 0 0 0 0 0 0 0 0 0 0 0 0 0 0 0 0 0 0 0 0 0
2601 0 0 0 0 0 0 0 0 0 0 0 0 0 0 0 0 0 0 2602 0 0 0 0 0 0 0 0 0 0 0
2602 0 2603 0 0 0 0 0 0 0 0 0 0 0 0 0 0 0 0 0 0 0 0 0 0 0 0 0 0 0 0
2603 0 0 0 0 0 0 0 0 0 0 0 0 0 0 0 0 0 0 0 0 2604 0 0 0 0 0 0 0 0 0
2604 0 0 0 0 0 2605 0 0 0 0 0 0 0 0 0 0 0 0 0 0 0 0 0 0 0 0 0 0 0 0
2605 0 0 0 0 0 0 0 0 0 0 0 0 0 0 0 0 0 0 0 0 0 0 0 0 0 0 0 0 0 1 cooperate
2606 0 0 0 0 2607 0 0 0 0 0 0 0 0 0 0 0 0 0 0 0 0 0 0 0 0 0 0 0 0 0
2607 0 0 0 0 0 0 0 0 0 2608 0 0 0 0 0 0 0 0 0 0 0 0 0 0 0 0 0 0 0 0
2608 0 0 0 0 0 0 0 0 0 0 0 0 0 0 2609 0 0 0 0 0 0 0 0 0 0 0 0 0 0 0
2609 0 2610 0 0 0 0 0 0 0 0 0 0 0 0 0 0 0 0 0 0 0 0 0 0 0 0 0 0 0 0
2610 0 0 0 0 0 0 0 0 0 0 0 0 0 0 0 0 0 0 0 0 2611 0 0 0 0 0 0 0 0 0
2611 0 0 0 0 0 2612 0 0 0 0 0 0 0 0 0 0 0 0 0 0 0 0 0 0 0 0 0 0 0 0
2612 0 0 0 0 0 0 0 0 0 0 0 0 0 0 0 0 0 0 0 0 0 0 0 0 0 0 0 0 0 1 coordinate
2613 0 0 0 0 0 2614 0 0 0 0 0 0 0 0 0 0 2615 0 0 0 0 0 0 0 0 2618 0 0 0 0
2614 0 0 0 0 0 0 0 0 0 0 0 0 0 0 0 0 0 0 0 0 0 0 0 0 0 0 0 0 0 1 cope
2615 0 0 0 0 0 2616 0 0 0 0 0 0 0 0 0 0 0 0 0 0 0 0 0 0 0 0 0 0 0 0
2616 0 0 0 0 0 0 0 0 0 0 0 0 0 0 0 0 0 0 2617 0 0 0 0 0 0 0 0 0 0 0
2617 0 0 0 0 0 0 0 0 0 0 0 0 0 0 0 0 0 0 0 0 0 0 0 0 0 0 0 0 0 1 copper
2618 0 0 0 0 0 0 0 0 0 0 0 0 0 0 0 0 0 0 0 0 0 0 0 0 0 0 0 0 0 1 copy
2619 0 0 0 0 2620 2624 0 0 0 0 0 0 0 0 2625 0 2628 0 2636 0 0 0 0 0 0 0 0 0 0 0
2620 0 0 0 0 0 0 0 0 0 2621 0 0 0 0 0 0 0 0 0 0 0 0 0 0 0 0 0 0 0 1 cord
2621 0 2622 0 0 0 0 0 0 0 0 0 0 0 0 0 0 0 0 0 0 0 0 0 0 0 0 0 0 0 0
2622 0 0 0 0 0 0 0 0 0 0 0 0 2623 0 0 0 0 0 0 0 0 0 0 0 0 0 0 0 0 0
2623 0 0 0 0 0 0 0 0 0 0 0 0 0 0 0 0 0 0 0 0 0 0 0 0 0 0 0 0 0 1 cordial
2624 0 0 0 0 0 0 0 0 0 0 0 0 0 0 0 0 0 0 0 0 0 0 0 0 0 0 0 0 0 1 core
2625 0 0 0 0 0 2626 0 0 0 0 0 0 0 0 0 0 0 0 0 0 0 0 0 0 0 0 0 0 0 1 corn
2626 0 0 0 0 0 0 0 0 0 0 0 0 0 0 0 0 0 0 2627 0 0 0 0 0 0 0 0 0 0 0
2627 0 0 0 0 0 0 0 0 0 0 0 0 0 0 0 0 0 0 0 0 0 0 0 0 0 0 0 0 0 1 corner
2628 0 0 0 0 0 0 0 0 0 0 0 0 0 0 0 2629 0 0 0 0 0 0 0 0 0 0 0 0 0 0
2629 0 0 0 0 0 0 0 0 0 0 0 0 0 0 0 0 0 0 2630 0 0 0 0 0 0 0 0 0 0 0
2630 0 2631 0 0 0 0 0 0 0 0 0 0 0 0 0 0 0 0 0 0 0 0 0 0 0 0 0 0 0 0
2631 0 0 0 0 0 0 0 0 0 0 0 0 0 0 0 0 0 0 0 0 2632 0 0 0 0 0 0 0 0 0
2632 0 0 0 0 0 0 0 0 0 2633 0 0 0 0 0 0 0 0 0 0 0 0 0 0 0 0 0 0 0 0
2633 0 0 0 0 0 0 0 0 0 0 0 0 0 0 0 2634 0 0 0 0 0 0 0 0 0 0 0 0 0 0
2634 0 0 0 0 0 0 0 0 0 0 0 0 0 0 2635 0 0 0 0 0 0 0 0 0 0 0 0 0 0 0
2635 0 0 0 0 0 0 0 0 0 0 0 0 0 0 0 0 0 0 0 0 0 0 0 0 0 0 0 0 0 1 corporation
2636 0 0 0 0 0 2637 0 0 0 2654 0 0 0 0 0 0 0 0 0 0 0 0 0 0 0 0 0 0 0 0
2637 0 0 0 2638 0 0 0 0 0 0 0 0 0 0 0 0 0 0 0 2643 0 0 0 0 0 0 0 0 0 0
2638 0 0 0 0 0 0 0 0 0 0 0 0 0 0 0 0 0 0 0 0 2639 0 0 0 0 0 0 0 0 0
2639 0 0 0 0 0 0 0 0 0 2640 0 0 0 0 0 0 0 0 0 0 0 0 0 0 0 0 0 0 0 1 correct
2640 0 0 0 0 0 0 0 0 0 0 0 0 0 0 0 2641 0 0 0 0 0 0 0 0 0 0 0 0 0 0
2641 0 0 0 0 0 0 0 0 0 0 0 0 0 0 2642 0 0 0 0 0 0 0 0 0 0 0 0 0 0 0
2642 0 0 0 0 0 0 0 0 0 0 0 0 0 0 0 0 0 0 0 0 0 0 0 0 0 0 0 0 0 1 correction
2643 0 0 0 0 0 0 0 0 0 0 0 0 0 0 0 0 2644 0 0 0 0 0 0 0 0 0 0 0 0 0
2644 0 0 0 0 0 0 0 0 0 0 0 0 0 0 0 2645 0 0 0 0 0 0 0 0 0 0 0 0 0 0
2645 0 0 0 0 0 0 0 0 0 0 0 0 0 0 2646 0 0 0 0 0 0 0 0 0 0 0 0 0 0 0
2646 0 0 0 0 2647 0 0 0 0 0 0 0 0 0 0 0 0 0 0 0 0 0 0 0 0 0 0 0 0 0
2647 0 0 0 0 0 2648 0 0 0 2651 0 0 0 0 0 0 0 0 0 0 0 0 0 0 0 0 0 0 0 1 correspond
2648 0 0 0 0 0 0 0 0 0 0 0 0 0 0 2649 0 0 0 0 0 0 0 0 0 0 0 0 0 0 0
2649 0 0 0 0 0 0 0 0 0 0 0 0 0 0 0 0 0 0 0 0 2650 0 0 0 0 0 0 0 0 0
2650 0 0 0 0 0 0 0 0 0 0 0 0 0 0 0 0 0 0 0 0 0 0 0 0 0 0 0 0 0 1 correspondent
2651 0 0 0 0 0 0 0 0 0 0 0 0 0 0 2652 0 0 0 0 0 0 0 0 0 0 0 0 0 0 0
2652 0 0 0 0 0 0 0 2653 0 0 0 0 0 0 0 0 0 0 0 0 0 0 0 0 0 0 0 0 0 0
2653 0 0 0 0 0 0 0 0 0 0 0 0 0 0 0 0 0 0 0 0 0 0 0 0 0 0 0 0 0 1 corresponding
2654 0 0 0 0 2655 0 0 0 0 0 0 0 0 0 0 0 0 0 0 0 0 0 0 0 0 0 0 0 0 0
2655 0 0 0 0 0 0 0 0 0 0 0 0 0 0 0 2656 0 0 0 0 0 0 0 0 0 0 0 0 0 0
2656 0 0 0 0 0 0 0 0 0 0 0 0 0 0 0 0 0 0 2657 0 0 0 0 0 0 0 0 0 0 0
2657 0 0 0 0 0 0 0 0 0 0 0 0 0 0 0 0 0 0 0 0 0 0 0 0 0 0 0 0 0 1 corridor
2658 0 0 0 0 0 0 0 0 0 0 0 0 0 0 0 0 0 0 0 0 2659 0 0 0 0 0 0 0 0 0
2659 0 0 0 0 0 0 0 0 0 0 0 0 2660 0 0 0 0 0 0 0 0 0 0 0 0 0 0 0 0 1 cost
2660 0 0 0 0 0 0 0 0 0 0 0 0 0 0 0 0 0 0 0 0 0 0 0 0 0 2661 0 0 0 0
2661 0 0 0 0 0 0 0 0 0 0 0 0 0 0 0 0 0 0 0 0 0 0 0 0 0 0 0 0 0 1 costly
2662 0 0 0 0 0 0 0 0 0 0 0 0 0 0 0 0 0 0 0 0 2663 0 0 0 0 0 0 0 0 0
2663 0 2664 0 0 0 0 0 0 0 0 0 0 0 0 0 2667 0 0 0 0 0 0 0 0 0 0 0 0 0 0
2664 0 0 0 0 0 0 0 2665 0 0 0 0 0 0 0 0 0 0 0 0 0 0 0 0 0 0 0 0 0 0
2665 0 0 0 0 0 2666 0 0 0 0 0 0 0 0 0 0 0 0 0 0 0 0 0 0 0 0 0 0 0 0
2666 0 0 0 0 0 0 0 0 0 0 0 0 0 0 0 0 0 0 0 0 0 0 0 0 0 0 0 0 0 1 cottage
2667 0 0 0 0 0 0 0 0 0 0 0 0 0 0 2668 0 0 0 0 0 0 0 0 0 0 0 0 0 0 0
2668 0 0 0 0 0 0 0 0 0 0 0 0 0 0 0 0 0 0 0 0 0 0 0 0 0 0 0 0 0 1 cotton
2669 0 0 0 0 0 0 0 2670 0 0 0 0 2672 0 2674 0 2688 0 2691 2698 0 0 0 0 0 0 0 0 0 0
2670 0 0 0 0 0 0 0 0 2671 0 0 0 0 0 0 0 0 0 0 0 0 0 0 0 0 0 0 0 0 0
2671 0 0 0 0 0 0 0 0 0 0 0 0 0 0 0 0 0 0 0 0 0 0 0 0 0 0 0 0 0 1 cough
2672 0 0 0 0 2673 0 0 0 0 0 0 0 0 0 0 0 0 0 0 0 0 0 0 0 0 0 0 0 0 0
2673 0 0 0 0 0 0 0 0 0 0 0 0 0 0 0 0 0 0 0 0 0 0 0 0 0 0 0 0 0 1 could
2674 0 0 0 2675 0 0 0 0 0 0 0 0 0 0 0 0 0 0 0 0 2678 0 0 0 0 0 0 0 0 0
2675 0 0 0 0 0 0 0 0 0 2676 0 0 0 0 0 0 0 0 0 0 0 0 0 0 0 0 0 0 0 0
2676 0 0 0 0 0 0 0 0 0 0 0 0 2677 0 0 0 0 0 0 0 0 0 0 0 0 0 0 0 0 0
2677 0 0 0 0 0 0 0 0 0 0 0 0 0 0 0 0 0 0 0 0 0 0 0 0 0 0 0 0 0 1 council
2678 0 0 0 0 0 2679 0 0 0 0 0 0 0 0 0 0 0 0 2681 0 0 0 0 0 0 2687 0 0 0 1 count
2679 0 0 0 0 0 0 0 0 0 0 0 0 0 0 0 0 0 0 2680 0 0 0 0 0 0 0 0 0 0 0
2680 0 0 0 0 0 0 0 0 0 0 0 0 0 0 0 0 0 0 0 0 0 0 0 0 0 0 0 0 0 1 counter
2681 0 0 0 0 0 0 0 0 0 0 0 0 0 0 0 0 0 0 0 0 0 0 0 0 0 2682 0 0 0 0
2682 0 0 0 0 0 0 0 0 0 0 0 0 0 0 0 0 0 0 0 2683 0 0 0 0 0 0 0 0 0 1 country
2683 0 0 0 0 0 0 0 0 0 2684 0 0 0 0 0 0 0 0 0 0 0 0 0 0 0 0 0 0 0 0
2684 0 0 0 0 2685 0 0 0 0 0 0 0 0 0 0 0 0 0 0 0 0 0 0 0 0 0 0 0 0 0
2685 0 0 0 0 0 2686 0 0 0 0 0 0 0 0 0 0 0 0 0 0 0 0 0 0 0 0 0 0 0 0
2686 0 0 0 0 0 0 0 0 0 0 0 0 0 0 0 0 0 0 0 0 0 0 0 0 0 0 0 0 0 1 countryside
2687 0 0 0 0 0 0 0 0 0 0 0 0 0 0 0 0 0 0 0 0 0 0 0 0 0 0 0 0 0 1 county
2688 0 0 0 0 0 0 0 0 0 0 0 0 2689 0 0 0 0 0 0 0 0 0 0 0 0 0 0 0 0 0
2689 0 0 0 0 0 2690 0 0 0 0 0 0 0 0 0 0 0 0 0 0 0 0 0 0 0 0 0 0 0 0
2690 0 0 0 0 0 0 0 0 0 0 0 0 0 0 0 0 0 0 0 0 0 0 0 0 0 0 0 0 0 1 couple
2691 0 2692 0 0 0 0 0 0 0 0 0 0 0 0 0 0 0 0 0 2695 2697 0 0 0 0 0 0 0 0 0
2692 0 0 0 0 0 0 0 2693 0 0 0 0 0 0 0 0 0 0 0 0 0 0 0 0 0 0 0 0 0 0
2693 0 0 0 0 0 2694 0 0 0 0 0 0 0 0 0 0 0 0 0 0 0 0 0 0 0 0 0 0 0 0
2694 0 0 0 0 0 0 0 0 0 0 0 0 0 0 0 0 0 0 0 0 0 0 0 0 0 0 0 0 0 1 courage
2695 0 0 0 0 0 2696 0 0 0 0 0 0 0 0 0 0 0 0 0 0 0 0 0 0 0 0 0 0 0 0
2696 0 0 0 0 0 0 0 0 0 0 0 0 0 0 0 0 0 0 0 0 0 0 0 0 0 0 0 0 0 1 course
2697 0 0 0 0 0 0 0 0 0 0 0 0 0 0 0 0 0 0 0 0 0 0 0 0 0 0 0 0 0 1 court
2698 0 0 0 0 0 0 0 0 0 2699 0 0 0 0 0 0 0 0 0 0 0 0 0 0 0 0 0 0 0 0
2699 0 0 0 0 0 0 0 0 0 0 0 0 0 0 2700 0 0 0 0 0 0 0 0 0 0 0 0 0 0 0
2700 0 0 0 0 0 0 0 0 0 0 0 0 0 0 0 0 0 0 0 0 0 0 0 0 0 0 0 0 0 1 cousin
2701 0 0 0 0 0 2702 0 0 0 0 0 0 0 0 0 0 0 0 0 0 0 0 0 0 0 0 0 0 0 0
2702 0 0 0 0 0 0 0 0 0 0 0 0 0 0 0 0 0 0 2703 0 0 0 0 0 0 0 0 0 0 0
2703 0 0 0 0 0 0 0 0 0 0 0 0 0 0 0 0 0 0 0 0 0 0 0 0 0 0 0 0 0 1 cover
2704 0 2705 0 0 0 0 0 0 0 0 0 0 0 0 0 0 0 0 0 0 0 0 0 0 0 0 0 0 0 1 cow
2705 0 0 0 0 0 0 0 0 0 0 0 0 0 0 0 0 0 0 2706 0 0 0 0 0 0 0 0 0 0 0
2706 0 0 0 0 2707 0 0 0 0 0 0 0 0 0 0 0 0 0 0 0 0 0 0 0 0 0 0 0 0 0
2707 0 0 0 0 0 0 0 0 0 0 0 0 0 0 0 0 0 0 0 0 0 0 0 0 0 0 0 0 0 1 coward
2708 0 2709 0 0 0 2722 0 0 0 2739 0 0 0 0 0 2767 0 0 0 0 0 2774 0 0 0 2782 0 0 0 0
2709 0 0 0 2710 0 0 2712 0 0 0 0 0 0 0 2714 0 0 0 0 2716 0 0 0 2718 0 0 2720 0 0 0
2710 0 0 0 0 0 0 0 0 0 0 0 2711 0 0 0 0 0 0 0 0 0 0 0 0 0 0 0 0 0 0
2711 0 0 0 0 0 0 0 0 0 0 0 0 0 0 0 0 0 0 0 0 0 0 0 0 0 0 0 0 0 1 crack
2712 0 0 0 0 0 0 0 0 0 0 0 0 0 0 0 0 0 0 0 0 2713 0 0 0 0 0 0 0 0 0
2713 0 0 0 0 0 0 0 0 0 0 0 0 0 0 0 0 0 0 0 0 0 0 0 0 0 0 0 0 0 1 craft
2714 0 0 0 0 0 2715 0 0 0 0 0 0 0 0 0 0 0 0 0 0 0 0 0 0 0 0 0 0 0 0
2715 0 0 0 0 0 0 0 0 0 0 0 0 0 0 0 0 0 0 0 0 0 0 0 0 0 0 0 0 0 1 crane
2716 0 0 0 0 0 0 0 0 2717 0 0 0 0 0 0 0 0 0 0 0 0 0 0 0 0 0 0 0 0 0
2717 0 0 0 0 0 0 0 0 0 0 0 0 0 0 0 0 0 0 0 0 0 0 0 0 0 0 0 0 0 1 crash
2718 0 0 0 0 0 0 0 0 0 0 0 0 2719 0 0 0 0 0 0 0 0 0 0 0 0 0 0 0 0 0
2719 0 0 0 0 0 0 0 0 0 0 0 0 0 0 0 0 0 0 0 0 0 0 0 0 0 0 0 0 0 1 crawl
2720 0 0 0 0 0 0 0 0 0 0 0 0 0 0 0 0 0 0 0 0 0 0 0 0 0 2721 0 0 0 0
2721 0 0 0 0 0 0 0 0 0 0 0 0 0 0 0 0 0 0 0 0 0 0 0 0 0 0 0 0 0 1 crazy
2722 0 2723 0 0 2733 2736 0 0 0 0 0 0 0 0 0 0 0 0 0 0 0 0 0 2738 0 0 0 0 0 0
2723 0 0 0 0 0 0 0 0 0 0 0 0 0 2724 0 0 0 0 0 0 2725 0 0 0 0 0 0 0 0 0
2724 0 0 0 0 0 0 0 0 0 0 0 0 0 0 0 0 0 0 0 0 0 0 0 0 0 0 0 0 0 1 cream
2725 0 0 0 0 0 2726 0 0 0 2727 0 0 0 0 0 0 0 0 0 0 0 2730 0 0 0 0 0 0 0 0
2726 0 0 0 0 0 0 0 0 0 0 0 0 0 0 0 0 0 0 0 0 0 0 0 0 0 0 0 0 0 1 create
2727 0 0 0 0 0 0 0 0 0 0 0 0 0 0 0 0 0 0 0 0 0 0 2728 0 0 0 0 0 0 0
2728 0 0 0 0 0 2729 0 0 0 0 0 0 0 0 0 0 0 0 0 0 0 0 0 0 0 0 0 0 0 0
2729 0 0 0 0 0 0 0 0 0 0 0 0 0 0 0 0 0 0 0 0 0 0 0 0 0 0 0 0 0 1 creative
2730 0 0 0 0 0 0 0 0 0 0 0 0 0 0 0 0 0 0 2731 0 0 0 0 0 0 0 0 0 0 0
2731 0 0 0 0 0 2732 0 0 0 0 0 0 0 0 0 0 0 0 0 0 0 0 0 0 0 0 0 0 0 0
2732 0 0 0 0 0 0 0 0 0 0 0 0 0 0 0 0 0 0 0 0 0 0 0 0 0 0 0 0 0 1 creature
2733 0 0 0 0 0 0 0 0 0 2734 0 0 0 0 0 0 0 0 0 0 0 0 0 0 0 0 0 0 0 0
2734 0 0 0 0 0 0 0 0 0 0 0 0 0 0 0 0 0 0 0 0 2735 0 0 0 0 0 0 0 0 0
2735 0 0 0 0 0 0 0 0 0 0 0 0 0 0 0 0 0 0 0 0 0 0 0 0 0 0 0 0 0 1 credit
2736 0 0 0 0 0 0 0 0 0 0 0 0 0 0 0 0 2737 0 0 0 0 0 0 0 0 0 0 0 0 0
2737 0 0 0 0 0 0 0 0 0 0 0 0 0 0 0 0 0 0 0 0 0 0 0 0 0 0 0 0 0 1 creep
2738 0 0 0 0 0 0 0 0 0 0 0 0 0 0 0 0 0 0 0 0 0 0 0 0 0 0 0 0 0 1 crew
2739 0 0 0 2740 0 0 0 0 0 0 0 0 0 2744 0 0 2750 0 0 2754 2757 0 0 0 0 0 0 0 0 0
2740 0 0 0 0 0 0 0 0 0 0 0 2741 0 0 0 0 0 0 0 0 0 0 0 0 0 0 0 0 0 0
2741 0 0 0 0 0 2742 0 0 0 0 0 0 0 0 0 0 0 0 0 0 0 0 0 0 0 0 0 0 0 0
2742 0 0 0 0 0 0 0 0 0 0 0 0 0 0 0 0 0 0 0 0 2743 0 0 0 0 0 0 0 0 0
2743 0 0 0 0 0 0 0 0 0 0 0 0 0 0 0 0 0 0 0 0 0 0 0 0 0 0 0 0 0 1 cricket
2744 0 0 0 0 0 2745 0 0 0 2746 0 0 0 0 0 0 0 0 0 0 0 0 0 0 0 0 0 0 0 0
2745 0 0 0 0 0 0 0 0 0 0 0 0 0 0 0 0 0 0 0 0 0 0 0 0 0 0 0 0 0 1 crime
2746 0 0 0 0 0 0 0 0 0 0 0 0 0 0 2747 0 0 0 0 0 0 0 0 0 0 0 0 0 0 0
2747 0 2748 0 0 0 0 0 0 0 0 0 0 0 0 0 0 0 0 0 0 0 0 0 0 0 0 0 0 0 0
2748 0 0 0 0 0 0 0 0 0 0 0 0 2749 0 0 0 0 0 0 0 0 0 0 0 0 0 0 0 0 0
2749 0 0 0 0 0 0 0 0 0 0 0 0 0 0 0 0 0 0 0 0 0 0 0 0 0 0 0 0 0 1 criminal
2750 0 0 0 0 0 0 0 0 0 0 0 0 0 0 0 0 2751 0 0 0 0 0 0 0 0 0 0 0 0 0
2751 0 0 0 0 0 0 0 0 0 0 0 0 2752 0 0 0 0 0 0 0 0 0 0 0 0 0 0 0 0 0
2752 0 0 0 0 0 2753 0 0 0 0 0 0 0 0 0 0 0 0 0 0 0 0 0 0 0 0 0 0 0 0
2753 0 0 0 0 0 0 0 0 0 0 0 0 0 0 0 0 0 0 0 0 0 0 0 0 0 0 0 0 0 1 cripple
2754 0 0 0 0 0 0 0 0 0 2755 0 0 0 0 0 0 0 0 0 0 0 0 0 0 0 0 0 0 0 0
2755 0 0 0 0 0 0 0 0 0 0 0 0 0 0 0 0 0 0 0 2756 0 0 0 0 0 0 0 0 0 0
2756 0 0 0 0 0 0 0 0 0 0 0 0 0 0 0 0 0 0 0 0 0 0 0 0 0 0 0 0 0 1 crisis
2757 0 0 0 0 0 0 0 0 0 2758 0 0 0 0 0 0 0 0 0 0 0 0 0 0 0 0 0 0 0 0
2758 0 0 0 2759 0 0 0 0 0 0 0 0 0 0 0 0 0 0 0 0 0 0 0 0 0 0 0 0 0 0
2759 0 2760 0 0 0 0 0 0 0 2762 0 0 0 0 0 0 0 0 0 0 0 0 0 0 0 0 0 0 0 1 critic
2760 0 0 0 0 0 0 0 0 0 0 0 0 2761 0 0 0 0 0 0 0 0 0 0 0 0 0 0 0 0 0
2761 0 0 0 0 0 0 0 0 0 0 0 0 0 0 0 0 0 0 0 0 0 0 0 0 0 0 0 0 0 1 critical
2762 0 0 0 0 0 0 0 0 0 0 0 0 0 0 0 0 0 0 0 2763 0 0 0 0 0 0 2765 0 0 0
2763 0 0 0 0 0 0 0 0 0 0 0 0 0 2764 0 0 0 0 0 0 0 0 0 0 0 0 0 0 0 0
2764 0 0 0 0 0 0 0 0 0 0 0 0 0 0 0 0 0 0 0 0 0 0 0 0 0 0 0 0 0 1 criticism
2765 0 0 0 0 0 2766 0 0 0 0 0 0 0 0 0 0 0 0 0 0 0 0 0 0 0 0 0 0 0 0
2766 0 0 0 0 0 0 0 0 0 0 0 0 0 0 0 0 0 0 0 0 0 0 0 0 0 0 0 0 0 1 criticize
2767 0 0 0 0 0 0 0 0 0 0 0 0 0 0 0 0 2768 0 0 2769 0 0 0 2771 0 0 0 0 0 0
2768 0 0 0 0 0 0 0 0 0 0 0 0 0 0 0 0 0 0 0 0 0 0 0 0 0 0 0 0 0 1 crop
2769 0 0 0 0 0 0 0 0 0 0 0 0 0 0 0 0 0 0 0 2770 0 0 0 0 0 0 0 0 0 0
2770 0 0 0 0 0 0 0 0 0 0 0 0 0 0 0 0 0 0 0 0 0 0 0 0 0 0 0 0 0 1 cross
2771 0 0 0 0 2772 0 0 0 0 0 0 0 0 0 2773 0 0 0 0 0 0 0 0 0 0 0 0 0 0 1 crow
2772 0 0 0 0 0 0 0 0 0 0 0 0 0 0 0 0 0 0 0 0 0 0 0 0 0 0 0 0 0 1 crowd
2773 0 0 0 0 0 0 0 0 0 0 0 0 0 0 0 0 0 0 0 0 0 0 0 0 0 0 0 0 0 1 crown
2774 0 0 0 0 2775 2777 0 0 0 0 0 0 0 0 0 0 0 0 0 2779 0 0 0 0 0 0 0 0 0 0
2775 0 0 0 0 0 2776 0 0 0 0 0 0 0 0 0 0 0 0 0 0 0 0 0 0 0 0 0 0 0 0
2776 0 0 0 0 0 0 0 0 0 0 0 0 0 0 0 0 0 0 0 0 0 0 0 0 0 0 0 0 0 1 crude
2777 0 0 0 0 0 0 0 0 0 0 0 0 2778 0 0 0 0 0 0 0 0 0 0 0 0 0 0 0 0 0
2778 0 0 0 0 0 0 0 0 0 0 0 0 0 0 0 0 0 0 0 0 0 0 0 0 0 0 0 0 0 1 cruel
2779 0 0 0 0 0 0 0 0 2780 0 0 0 0 0 0 0 0 0 0 0 2781 0 0 0 0 0 0 0 0 0
2780 0 0 0 0 0 0 0 0 0 0 0 0 0 0 0 0 0 0 0 0 0 0 0 0 0 0 0 0 0 1 crush
2781 0 0 0 0 0 0 0 0 0 0 0 0 0 0 0 0 0 0 0 0 0 0 0 0 0 0 0 0 0 1 crust
2782 0 0 0 0 0 0 0 0 0 0 0 0 0 0 0 0 0 0 0 2783 0 0 0 0 0 0 0 0 0 1 cry
2783 0 0 0 0 0 0 0 0 0 0 0 0 0 0 0 0 0 0 0 0 2784 0 0 0 0 0 0 0 0 0
2784 0 2785 0 0 0 0 0 0 0 0 0 0 0 0 0 0 0 0 0 0 0 0 0 0 0 0 0 0 0 0
2785 0 0 0 0 0 0 0 0 0 0 0 0 2786 0 0 0 0 0 0 0 0 0 0 0 0 0 0 0 0 0
2786 0 0 0 0 0 0 0 0 0 0 0 0 0 0 0 0 0 0 0 0 0 0 0 0 0 0 0 0 0 1 crystal
2787 0 0 2788 2792 0 0 0 0 0 0 0 0 2798 0 2808 0 2813 0 2819 2842 2852 0 0 0 0 0 0 0 0 0
2788 0 0 0 0 0 2789 0 0 0 2790 0 0 0 0 0 0 0 0 0 0 0 0 0 0 0 0 0 0 0 0
2789 0 0 0 0 0 0 0 0 0 0 0 0 0 0 0 0 0 0 0 0 0 0 0 0 0 0 0 0 0 1 cube
2790 0 0 0 2791 0 0 0 0 0 0 0 0 0 0 0 0 0 0 0 0 0 0 0 0 0 0 0 0 0 0
2791 0 0 0 0 0 0 0 0 0 0 0 0 0 0 0 0 0 0 0 0 0 0 0 0 0 0 0 0 0 1 cubic
2792 0 0 0 0 0 0 0 0 0 0 0 0 0 0 0 0 0 0 0 0 0 2793 0 0 0 0 0 0 0 0
2793 0 0 0 0 0 0 0 0 0 0 0 0 0 2794 0 0 0 0 0 0 0 0 0 0 0 0 0 0 0 0
2794 0 0 2795 0 0 0 0 0 0 0 0 0 0 0 0 0 0 0 0 0 0 0 0 0 0 0 0 0 0 0
2795 0 0 0 0 0 2796 0 0 0 0 0 0 0 0 0 0 0 0 0 0 0 0 0 0 0 0 0 0 0 0
2796 0 0 0 0 0 0 0 0 0 0 0 0 0 0 0 0 0 0 2797 0 0 0 0 0 0 0 0 0 0 0
2797 0 0 0 0 0 0 0 0 0 0 0 0 0 0 0 0 0 0 0 0 0 0 0 0 0 0 0 0 0 1 cucumber
2798 0 0 0 0 0 0 0 0 0 0 0 0 0 0 0 0 0 0 0 0 2799 0 0 0 0 0 0 0 0 0
2799 0 0 0 0 0 0 0 0 0 2800 0 0 0 0 0 0 0 0 0 0 0 2805 0 0 0 0 0 0 0 0
2800 0 0 0 0 0 0 0 0 0 0 0 0 0 0 0 0 0 0 0 0 0 0 2801 0 0 0 0 0 0 0
2801 0 2802 0 0 0 0 0 0 0 0 0 0 0 0 0 0 0 0 0 0 0 0 0 0 0 0 0 0 0 0
2802 0 0 0 0 0 0 0 0 0 0 0 0 0 0 0 0 0 0 0 0 2803 0 0 0 0 0 0 0 0 0
2803 0 0 0 0 0 2804 0 0 0 0 0 0 0 0 0 0 0 0 0 0 0 0 0 0 0 0 0 0 0 0
2804 0 0 0 0 0 0 0 0 0 0 0 0 0 0 0 0 0 0 0 0 0 0 0 0 0 0 0 0 0 1 cultivate
2805 0 0 0 0 0 0 0 0 0 0 0 0 0 0 0 0 0 0 2806 0 0 0 0 0 0 0 0 0 0 0
2806 0 0 0 0 0 2807 0 0 0 0 0 0 0 0 0 0 0 0 0 0 0 0 0 0 0 0 0 0 0 0
2807 0 0 0 0 0 0 0 0 0 0 0 0 0 0 0 0 0 0 0 0 0 0 0 0 0 0 0 0 0 1 culture
2808 0 0 0 0 0 0 0 0 0 0 0 0 0 0 2809 0 0 0 0 0 0 0 0 0 0 0 0 0 0 0
2809 0 0 0 0 0 0 0 0 0 2810 0 0 0 0 0 0 0 0 0 0 0 0 0 0 0 0 0 0 0 0
2810 0 0 0 0 0 0 0 0 0 0 0 0 0 0 2811 0 0 0 0 0 0 0 0 0 0 0 0 0 0 0
2811 0 0 0 0 0 0 0 2812 0 0 0 0 0 0 0 0 0 0 0 0 0 0 0 0 0 0 0 0 0 0
2812 0 0 0 0 0 0 0 0 0 0 0 0 0 0 0 0 0 0 0 0 0 0 0 0 0 0 0 0 0 1 cunning
2813 0 0 2814 0 0 0 0 0 0 0 0 0 0 0 0 0 0 0 0 0 0 0 0 0 0 0 0 0 0 1 cup
2814 0 0 0 0 0 0 0 0 0 0 0 0 0 0 0 2815 0 0 0 0 0 0 0 0 0 0 0 0 0 0
2815 0 2816 0 0 0 0 0 0 0 0 0 0 0 0 0 0 0 0 0 0 0 0 0 0 0 0 0 0 0 0
2816 0 0 0 0 0 0 0 0 0 0 0 0 0 0 0 0 0 0 2817 0 0 0 0 0 0 0 0 0 0 0
2817 0 0 0 0 2818 0 0 0 0 0 0 0 0 0 0 0 0 0 0 0 0 0 0 0 0 0 0 0 0 0
2818 0 0 0 0 0 0 0 0 0 0 0 0 0 0 0 0 0 0 0 0 0 0 0 0 0 0 0 0 0 1 cupboard
2819 0 0 0 0 0 2820 0 0 0 2821 0 0 2829 0 0 0 0 0 2830 2834 2836 0 2840 0 0 0 0 0 0 0
2820 0 0 0 0 0 0 0 0 0 0 0 0 0 0 0 0 0 0 0 0 0 0 0 0 0 0 0 0 0 1 cure
2821 0 0 0 0 0 0 0 0 0 0 0 0 0 0 0 2822 0 0 0 0 0 0 0 0 0 0 0 0 0 0
2822 0 0 0 0 0 0 0 0 0 0 0 0 0 0 0 0 0 0 0 2823 0 2827 0 0 0 0 0 0 0 0
2823 0 0 0 0 0 0 0 0 0 2824 0 0 0 0 0 0 0 0 0 0 0 0 0 0 0 0 0 0 0 0
2824 0 0 0 0 0 0 0 0 0 0 0 0 0 0 0 0 0 0 0 0 2825 0 0 0 0 0 0 0 0 0
2825 0 0 0 0 0 0 0 0 0 0 0 0 0 0 0 0 0 0 0 0 0 0 0 0 0 2826 0 0 0 0
2826 0 0 0 0 0 0 0 0 0 0 0 0 0 0 0 0 0 0 0 0 0 0 0 0 0 0 0 0 0 1 curiosity
2827 0 0 0 0 0 0 0 0 0 0 0 0 0 0 0 0 0 0 0 2828 0 0 0 0 0 0 0 0 0 0
2828 0 0 0 0 0 0 0 0 0 0 0 0 0 0 0 0 0 0 0 0 0 0 0 0 0 0 0 0 0 1 curious
2829 0 0 0 0 0 0 0 0 0 0 0 0 0 0 0 0 0 0 0 0 0 0 0 0 0 0 0 0 0 1 curl
2830 0 0 0 0 0 2831 0 0 0 0 0 0 0 0 0 0 0 0 0 0 0 0 0 0 0 0 0 0 0 0
2831 0 0 0 0 0 0 0 0 0 0 0 0 0 0 2832 0 0 0 0 0 0 0 0 0 0 0 0 0 0 0
2832 0 0 0 0 0 0 0 0 0 0 0 0 0 0 0 0 0 0 0 0 2833 0 0 0 0 0 0 0 0 0
2833 0 0 0 0 0 0 0 0 0 0 0 0 0 0 0 0 0 0 0 0 0 0 0 0 0 0 0 0 0 1 current
2834 0 0 0 0 0 2835 0 0 0 0 0 0 0 0 0 0 0 0 0 0 0 0 0 0 0 0 0 0 0 0
2835 0 0 0 0 0 0 0 0 0 0 0 0 0 0 0 0 0 0 0 0 0 0 0 0 0 0 0 0 0 1 curse
2836 0 2837 0 0 0 0 0 0 0 0 0 0 0 0 0 0 0 0 0 0 0 0 0 0 0 0 0 0 0 0
2837 0 0 0 0 0 0 0 0 0 2838 0 0 0 0 0 0 0 0 0 0 0 0 0 0 0 0 0 0 0 0
2838 0 0 0 0 0 0 0 0 0 0 0 0 0 0 2839 0 0 0 0 0 0 0 0 0 0 0 0 0 0 0
2839 0 0 0 0 0 0 0 0 0 0 0 0 0 0 0 0 0 0 0 0 0 0 0 0 0 0 0 0 0 1 curtain
2840 0 0 0 0 0 2841 0 0 0 0 0 0 0 0 0 0 0 0 0 0 0 0 0 0 0 0 0 0 0 0
2841 0 0 0 0 0 0 0 0 0 0 0 0 0 0 0 0 0 0 0 0 0 0 0 0 0 0 0 0 0 1 curve
2842 0 0 0 0 0 0 0 0 2843 0 0 0 0 0 0 0 0 0 0 0 2847 0 0 0 0 0 0 0 0 0
2843 0 0 0 0 0 0 0 0 0 2844 0 0 0 0 0 0 0 0 0 0 0 0 0 0 0 0 0 0 0 0
2844 0 0 0 0 0 0 0 0 0 0 0 0 0 0 0 2845 0 0 0 0 0 0 0 0 0 0 0 0 0 0
2845 0 0 0 0 0 0 0 0 0 0 0 0 0 0 2846 0 0 0 0 0 0 0 0 0 0 0 0 0 0 0
2846 0 0 0 0 0 0 0 0 0 0 0 0 0 0 0 0 0 0 0 0 0 0 0 0 0 0 0 0 0 1 cushion
2847 0 0 0 0 0 0 0 0 0 0 0 0 0 0 0 2848 0 0 0 0 0 0 0 0 0 0 0 0 0 0
2848 0 0 0 0 0 0 0 0 0 0 0 0 0 2849 0 0 0 0 0 0 0 0 0 0 0 0 0 0 0 0
2849 0 0 0 0 0 2850 0 0 0 0 0 0 0 0 0 0 0 0 0 0 0 0 0 0 0 0 0 0 0 1 custom
2850 0 0 0 0 0 0 0 0 0 0 0 0 0 0 0 0 0 0 2851 0 0 0 0 0 0 0 0 0 0 0
2851 0 0 0 0 0 0 0 0 0 0 0 0 0 0 0 0 0 0 0 0 0 0 0 0 0 0 0 0 0 1 customer
2852 0 0 0 0 0 0 0 0 0 0 0 0 0 0 0 0 0 0 0 0 0 0 0 0 0 0 0 0 0 1 cut
2853 0 0 0 2854 0 0 0 0 0 0 0 0 0 0 0 0 0 0 0 0 0 0 0 0 0 0 0 0 0 0
2854 0 0 0 0 0 0 0 0 0 0 0 0 2855 0 0 0 0 0 0 0 0 0 0 0 0 0 0 0 0 0
2855 0 0 0 0 0 2856 0 0 0 0 0 0 0 0 0 0 0 0 0 0 0 0 0 0 0 0 0 0 0 0
2856 0 0 0 0 0 0 0 0 0 0 0 0 0 0 0 0 0 0 0 0 0 0 0 0 0 0 0 0 0 1 cycle
2857 0 2858 0 0 0 2907 0 0 0 3180 0 0 0 0 0 3448 0 0 3513 0 0 3564 0 3590 0 3597 0 0 0 0
2858 0 0 0 0 0 0 0 0 0 2859 0 0 0 2864 2869 0 0 0 2878 2888 2890 2893 0 2899 0 2901 0 0 0 0
2859 0 0 0 0 0 0 0 0 0 0 0 0 2860 0 0 0 0 0 2862 0 0 0 0 0 0 0 0 0 0 0
2860 0 0 0 0 0 0 0 0 0 0 0 0 0 0 0 0 0 0 0 0 0 0 0 0 0 2861 0 0 0 0
2861 0 0 0 0 0 0 0 0 0 0 0 0 0 0 0 0 0 0 0 0 0 0 0 0 0 0 0 0 0 1 daily
2862 0 0 0 0 0 0 0 0 0 0 0 0 0 0 0 0 0 0 0 0 0 0 0 0 0 2863 0 0 0 0
2863 0 0 0 0 0 0 0 0 0 0 0 0 0 0 0 0 0 0 0 0 0 0 0 0 0 0 0 0 0 1 dairy
2864 0 2865 0 0 0 0 0 0 0 0 0 0 0 0 0 0 2868 0 0 0 0 0 0 0 0 0 0 0 0 1 dam
2865 0 0 0 0 0 0 0 2866 0 0 0 0 0 0 0 0 0 0 0 0 0 0 0 0 0 0 0 0 0 0
2866 0 0 0 0 0 2867 0 0 0 0 0 0 0 0 0 0 0 0 0 0 0 0 0 0 0 0 0 0 0 0
2867 0 0 0 0 0 0 0 0 0 0 0 0 0 0 0 0 0 0 0 0 0 0 0 0 0 0 0 0 0 1 damage
2868 0 0 0 0 0 0 0 0 0 0 0 0 0 0 0 0 0 0 0 0 0 0 0 0 0 0 0 0 0 1 damp
2869 0 0 0 2870 0 0 0 2872 0 0 0 0 0 0 0 0 0 0 0 0 0 0 0 0 0 0 0 0 0 0
2870 0 0 0 0 0 2871 0 0 0 0 0 0 0 0 0 0 0 0 0 0 0 0 0 0 0 0 0 0 0 0
2871 0 0 0 0 0 0 0 0 0 0 0 0 0 0 0 0 0 0 0 0 0 0 0 0 0 0 0 0 0 1 dance
2872 0 0 0 0 0 2873 0 0 0 0 0 0 0 0 0 0 0 0 0 0 0 0 0 0 0 0 0 0 0 0
2873 0 0 0 0 0 0 0 0 0 0 0 0 0 0 0 0 0 0 2874 0 0 0 0 0 0 0 0 0 0 0
2874 0 0 0 0 0 0 0 0 0 0 0 0 0 0 0 2875 0 0 0 0 0 0 0 0 0 0 0 0 0 1 danger
2875 0 0 0 0 0 0 0 0 0 0 0 0 0 0 0 0 0 0 0 0 0 2876 0 0 0 0 0 0 0 0
2876 0 0 0 0 0 0 0 0 0 0 0 0 0 0 0 0 0 0 0 2877 0 0 0 0 0 0 0 0 0 0
2877 0 0 0 0 0 0 0 0 0 0 0 0 0 0 0 0 0 0 0 0 0 0 0 0 0 0 0 0 0 1 dangerous
2878 0 0 0 0 0 2879 0 0 0 2880 0 2883 2884 0 0 0 0 0 0 0 0 0 0 0 0 0 0 0 0 0
2879 0 0 0 0 0 0 0 0 0 0 0 0 0 0 0 0 0 0 0 0 0 0 0 0 0 0 0 0 0 1 dare
2880 0 0 0 0 0 0 0 0 0 0 0 0 0 0 2881 0 0 0 0 0 0 0 0 0 0 0 0 0 0 0
2881 0 0 0 0 0 0 0 2882 0 0 0 0 0 0 0 0 0 0 0 0 0 0 0 0 0 0 0 0 0 0
2882 0 0 0 0 0 0 0 0 0 0 0 0 0 0 0 0 0 0 0 0 0 0 0 0 0 0 0 0 0 1 daring
2883 0 0 0 0 0 0 0 0 0 0 0 0 0 0 0 0 0 0 0 0 0 0 0 0 0 0 0 0 0 1 dark
2884 0 0 0 0 0 0 0 0 0 2885 0 0 0 0 0 0 0 0 0 0 0 0 0 0 0 0 0 0 0 0
2885 0 0 0 0 0 0 0 0 0 0 0 0 0 0 2886 0 0 0 0 0 0 0 0 0 0 0 0 0 0 0
2886 0 0 0 0 0 0 0 2887 0 0 0 0 0 0 0 0 0 0 0 0 0 0 0 0 0 0 0 0 0 0
2887 0 0 0 0 0 0 0 0 0 0 0 0 0 0 0 0 0 0 0 0 0 0 0 0 0 0 0 0 0 1 darling
2888 0 0 0 0 0 0 0 0 2889 0 0 0 0 0 0 0 0 0 0 0 0 0 0 0 0 0 0 0 0 0
2889 0 0 0 0 0 0 0 0 0 0 0 0 0 0 0 0 0 0 0 0 0 0 0 0 0 0 0 0 0 1 dash
2890 0 2891 0 0 0 2892 0 0 0 0 0 0 0 0 0 0 0 0 0 0 0 0 0 0 0 0 0 0 0 0
2891 0 0 0 0 0 0 0 0 0 0 0 0 0 0 0 0 0 0 0 0 0 0 0 0 0 0 0 0 0 1 data
2892 0 0 0 0 0 0 0 0 0 0 0 0 0 0 0 0 0 0 0 0 0 0 0 0 0 0 0 0 0 1 date
2893 0 0 0 0 0 0 0 2894 0 0 0 0 0 0 0 0 0 0 0 0 0 0 0 0 0 0 0 0 0 0
2894 0 0 0 0 0 0 0 0 2895 0 0 0 0 0 0 0 0 0 0 0 0 0 0 0 0 0 0 0 0 0
2895 0 0 0 0 0 0 0 0 0 0 0 0 0 0 0 0 0 0 0 0 2896 0 0 0 0 0 0 0 0 0
2896 0 0 0 0 0 2897 0 0 0 0 0 0 0 0 0 0 0 0 0 0 0 0 0 0 0 0 0 0 0 0
2897 0 0 0 0 0 0 0 0 0 0 0 0 0 0 0 0 0 0 2898 0 0 0 0 0 0 0 0 0 0 0
2898 0 0 0 0 0 0 0 0 0 0 0 0 0 0 0 0 0 0 0 0 0 0 0 0 0 0 0 0 0 1 daughter
2899 0 0 0 0 0 0 0 0 0 0 0 0 0 0 2900 0 0 0 0 0 0 0 0 0 0 0 0 0 0 0
2900 0 0 0 0 0 0 0 0 0 0 0 0 0 0 0 0 0 0 0 0 0 0 0 0 0 0 0 0 0 1 dawn
2901 0 0 0 0 0 0 0 0 0 0 0 0 2902 0 0 0 0 0 0 0 0 0 0 0 0 0 0 0 0 1 day
2902 0 0 0 0 0 0 0 0 0 2903 0 0 0 0 0 0 0 0 0 0 0 0 0 0 0 0 0 0 0 0
2903 0 0 0 0 0 0 0 2904 0 0 0 0 0 0 0 0 0 0 0 0 0 0 0 0 0 0 0 0 0 0
2904 0 0 0 0 0 0 0 0 2905 0 0 0 0 0 0 0 0 0 0 0 0 0 0 0 0 0 0 0 0 0
2905 0 0 0 0 0 0 0 0 0 0 0 0 0 0 0 0 0 0 0 0 2906 0 0 0 0 0 0 0 0 0
2906 0 0 0 0 0 0 0 0 0 0 0 0 0 0 0 0 0 0 0 0 0 0 0 0 0 0 0 0 0 1 daylight
2907 0 2908 2917 2922 2960 2964 2970 2991 0 0 0 0 2995 3023 3043 0 3050 0 3077 3081 3141 0 3161 3179 0 0 0 0 0 0
2908 0 0 0 0 2909 0 2912 0 0 0 0 0 2913 0 0 0 0 0 2914 0 2915 0 0 0 0 0 0 0 0 0
2909 0 0 0 0 0 0 0 0 0 0 0 0 2910 0 0 0 0 0 0 0 0 0 0 0 0 0 0 0 0 1 dead
2910 0 0 0 0 0 0 0 0 0 0 0 0 0 0 0 0 0 0 0 0 0 0 0 0 0 2911 0 0 0 0
2911 0 0 0 0 0 0 0 0 0 0 0 0 0 0 0 0 0 0 0 0 0 0 0 0 0 0 0 0 0 1 deadly
2912 0 0 0 0 0 0 0 0 0 0 0 0 0 0 0 0 0 0 0 0 0 0 0 0 0 0 0 0 0 1 deaf
2913 0 0 0 0 0 0 0 0 0 0 0 0 0 0 0 0 0 0 0 0 0 0 0 0 0 0 0 0 0 1 deal
2914 0 0 0 0 0 0 0 0 0 0 0 0 0 0 0 0 0 0 0 0 0 0 0 0 0 0 0 0 0 1 dear
2915 0 0 0 0 0 0 0 0 2916 0 0 0 0 0 0 0 0 0 0 0 0 0 0 0 0 0 0 0 0 0
2916 0 0 0 0 0 0 0 0 0 0 0 0 0 0 0 0 0 0 0 0 0 0 0 0 0 0 0 0 0 1 death
2917 0 2918 0 0 0 0 0 0 0 0 0 0 0 0 0 0 0 0 0 0 2921 0 0 0 0 0 0 0 0 0
2918 0 0 0 0 0 0 0 0 0 0 0 0 0 0 0 0 0 0 0 0 2919 0 0 0 0 0 0 0 0 0
2919 0 0 0 0 0 2920 0 0 0 0 0 0 0 0 0 0 0 0 0 0 0 0 0 0 0 0 0 0 0 0
2920 0 0 0 0 0 0 0 0 0 0 0 0 0 0 0 0 0 0 0 0 0 0 0 0 0 0 0 0 0 1 debate
2921 0 0 0 0 0 0 0 0 0 0 0 0 0 0 0 0 0 0 0 0 0 0 0 0 0 0 0 0 0 1 debt
2922 0 2923 0 0 0 2927 0 0 0 2938 0 2945 2946 0 0 2950 0 0 2955 0 0 0 0 0 0 0 0 0 0 0
2923 0 0 0 0 2924 0 0 0 0 0 0 0 0 0 0 0 0 0 0 0 0 0 0 0 0 2926 0 0 0 0
2924 0 0 0 0 0 2925 0 0 0 0 0 0 0 0 0 0 0 0 0 0 0 0 0 0 0 0 0 0 0 0
2925 0 0 0 0 0 0 0 0 0 0 0 0 0 0 0 0 0 0 0 0 0 0 0 0 0 0 0 0 0 1 decade
2926 0 0 0 0 0 0 0 0 0 0 0 0 0 0 0 0 0 0 0 0 0 0 0 0 0 0 0 0 0 1 decay
2927 0 0 0 0 0 0 0 0 0 2928 0 0 0 2932 2936 0 0 0 0 0 0 0 0 0 0 0 0 0 0 0
2928 0 0 0 0 0 0 0 0 0 0 0 0 0 0 0 0 0 0 0 0 2929 0 2930 0 0 0 0 0 0 0
2929 0 0 0 0 0 0 0 0 0 0 0 0 0 0 0 0 0 0 0 0 0 0 0 0 0 0 0 0 0 1 deceit
2930 0 0 0 0 0 2931 0 0 0 0 0 0 0 0 0 0 0 0 0 0 0 0 0 0 0 0 0 0 0 0
2931 0 0 0 0 0 0 0 0 0 0 0 0 0 0 0 0 0 0 0 0 0 0 0 0 0 0 0 0 0 1 deceive
2932 0 0 2933 0 0 0 0 0 0 0 0 0 0 0 0 0 0 0 0 0 0 0 0 0 0 0 0 0 0 0
2933 0 0 0 0 0 2934 0 0 0 0 0 0 0 0 0 0 0 0 0 0 0 0 0 0 0 0 0 0 0 0
2934 0 0 0 0 0 0 0 0 0 0 0 0 0 0 0 0 0 0 2935 0 0 0 0 0 0 0 0 0 0 0
2935 0 0 0 0 0 0 0 0 0 0 0 0 0 0 0 0 0 0 0 0 0 0 0 0 0 0 0 0 0 1 December
2936 0 0 0 0 0 0 0 0 0 0 0 0 0 0 0 0 0 0 0 0 2937 0 0 0 0 0 0 0 0 0
2937 0 0 0 0 0 0 0 0 0 0 0 0 0 0 0 0 0 0 0 0 0 0 0 0 0 0 0 0 0 1 decent
2938 0 0 0 0 2939 0 0 0 0 0 0 0 0 0 0 0 0 0 0 2941 0 0 0 0 0 0 0 0 0 0
2939 0 0 0 0 0 2940 0 0 0 0 0 0 0 0 0 0 0 0 0 0 0 0 0 0 0 0 0 0 0 0
2940 0 0 0 0 0 0 0 0 0 0 0 0 0 0 0 0 0 0 0 0 0 0 0 0 0 0 0 0 0 1 decide
2941 0 0 0 0 0 0 0 0 0 2942 0 0 0 0 0 0 0 0 0 0 0 0 0 0 0 0 0 0 0 0
2942 0 0 0 0 0 0 0 0 0 0 0 0 0 0 0 2943 0 0 0 0 0 0 0 0 0 0 0 0 0 0
2943 0 0 0 0 0 0 0 0 0 0 0 0 0 0 2944 0 0 0 0 0 0 0 0 0 0 0 0 0 0 0
2944 0 0 0 0 0 0 0 0 0 0 0 0 0 0 0 0 0 0 0 0 0 0 0 0 0 0 0 0 0 1 decision
2945 0 0 0 0 0 0 0 0 0 0 0 0 0 0 0 0 0 0 0 0 0 0 0 0 0 0 0 0 0 1 deck
2946 0 2947 0 0 0 0 0 0 0 0 0 0 0 0 0 0 0 0 0 0 0 0 0 0 0 0 0 0 0 0
2947 0 0 0 0 0 0 0 0 0 0 0 0 0 0 0 0 0 0 2948 0 0 0 0 0 0 0 0 0 0 0
2948 0 0 0 0 0 2949 0 0 0 0 0 0 0 0 0 0 0 0 0 0 0 0 0 0 0 0 0 0 0 0
2949 0 0 0 0 0 0 0 0 0 0 0 0 0 0 0 0 0 0 0 0 0 0 0 0 0 0 0 0 0 1 declare
2950 0 0 0 0 0 0 0 0 0 0 0 0 0 0 0 0 0 0 2951 0 0 0 0 0 0 0 0 0 0 0
2951 0 2952 0 0 0 0 0 0 0 0 0 0 0 0 0 0 0 0 0 0 0 0 0 0 0 0 0 0 0 0
2952 0 0 0 0 0 0 0 0 0 0 0 0 0 0 0 0 0 0 0 0 2953 0 0 0 0 0 0 0 0 0
2953 0 0 0 0 0 2954 0 0 0 0 0 0 0 0 0 0 0 0 0 0 0 0 0 0 0 0 0 0 0 0
2954 0 0 0 0 0 0 0 0 0 0 0 0 0 0 0 0 0 0 0 0 0 0 0 0 0 0 0 0 0 1 decorate
2955 0 0 0 0 0 2956 0 0 0 0 0 0 0 0 0 0 0 0 0 0 0 0 0 0 0 0 0 0 0 0
2956 0 2957 0 0 0 0 0 0 0 0 0 0 0 0 0 0 0 0 0 0 0 0 0 0 0 0 0 0 0 0
2957 0 0 0 0 0 0 0 0 0 0 0 0 0 0 0 0 0 0 0 2958 0 0 0 0 0 0 0 0 0 0
2958 0 0 0 0 0 2959 0 0 0 0 0 0 0 0 0 0 0 0 0 0 0 0 0 0 0 0 0 0 0 0
2959 0 0 0 0 0 0 0 0 0 0 0 0 0 0 0 0 0 0 0 0 0 0 0 0 0 0 0 0 0 1 decrease
2960 0 0 0 0 0 0 0 0 0 0 0 0 0 0 0 0 0 0 0 0 0 2961 0 0 0 0 0 0 0 0
2961 0 0 0 2962 0 0 0 0 0 0 0 0 0 0 0 0 0 0 0 0 0 0 0 0 0 0 0 0 0 0
2962 0 0 0 0 0 2963 0 0 0 0 0 0 0 0 0 0 0 0 0 0 0 0 0 0 0 0 0 0 0 0
2963 0 0 0 0 0 0 0 0 0 0 0 0 0 0 0 0 0 0 0 0 0 0 0 0 0 0 0 0 0 1 deduce
2964 0 0 0 0 2965 0 0 0 0 0 0 0 0 0 0 0 2966 0 2969 0 0 0 0 0 0 0 0 0 0 0
2965 0 0 0 0 0 0 0 0 0 0 0 0 0 0 0 0 0 0 0 0 0 0 0 0 0 0 0 0 0 1 deed
2966 0 0 0 0 0 2967 0 0 0 0 0 0 0 0 0 0 0 0 0 0 0 0 0 0 0 0 0 0 0 1 deep
2967 0 0 0 0 0 0 0 0 0 0 0 0 0 0 2968 0 0 0 0 0 0 0 0 0 0 0 0 0 0 0
2968 0 0 0 0 0 0 0 0 0 0 0 0 0 0 0 0 0 0 0 0 0 0 0 0 0 0 0 0 0 1 deepen
2969 0 0 0 0 0 0 0 0 0 0 0 0 0 0 0 0 0 0 0 0 0 0 0 0 0 0 0 0 0 1 deer
2970 0 0 0 0 0 2971 0 0 0 2980 0 0 0 0 0 0 0 0 0 0 0 0 0 0 0 0 0 0 0 0
2971 0 2972 0 2974 0 0 0 0 0 0 0 0 0 0 2976 0 0 0 0 0 0 0 0 0 0 0 0 0 0 0
2972 0 0 0 0 0 0 0 0 0 0 0 0 0 0 0 0 0 0 0 0 2973 0 0 0 0 0 0 0 0 0
2973 0 0 0 0 0 0 0 0 0 0 0 0 0 0 0 0 0 0 0 0 0 0 0 0 0 0 0 0 0 1 defeat
2974 0 0 0 0 0 0 0 0 0 0 0 0 0 0 0 0 0 0 0 0 2975 0 0 0 0 0 0 0 0 0
2975 0 0 0 0 0 0 0 0 0 0 0 0 0 0 0 0 0 0 0 0 0 0 0 0 0 0 0 0 0 1 defect
2976 0 0 0 2977 2979 0 0 0 0 0 0 0 0 0 0 0 0 0 0 0 0 0 0 0 0 0 0 0 0 0
2977 0 0 0 0 0 2978 0 0 0 0 0 0 0 0 0 0 0 0 0 0 0 0 0 0 0 0 0 0 0 0
2978 0 0 0 0 0 0 0 0 0 0 0 0 0 0 0 0 0 0 0 0 0 0 0 0 0 0 0 0 0 1 defence
2979 0 0 0 0 0 0 0 0 0 0 0 0 0 0 0 0 0 0 0 0 0 0 0 0 0 0 0 0 0 1 defend
2980 0 0 0 0 0 0 0 0 0 0 0 0 0 0 2981 0 0 0 0 0 0 0 0 0 0 0 0 0 0 0
2981 0 0 0 0 0 2982 0 0 0 2983 0 0 0 0 0 0 0 0 0 0 0 0 0 0 0 0 0 0 0 0
2982 0 0 0 0 0 0 0 0 0 0 0 0 0 0 0 0 0 0 0 0 0 0 0 0 0 0 0 0 0 1 define
2983 0 0 0 0 0 0 0 0 0 0 0 0 0 0 0 0 0 0 0 0 2984 0 0 0 0 0 0 0 0 0
2984 0 0 0 0 0 2985 0 0 0 2988 0 0 0 0 0 0 0 0 0 0 0 0 0 0 0 0 0 0 0 0
2985 0 0 0 0 0 0 0 0 0 0 0 0 2986 0 0 0 0 0 0 0 0 0 0 0 0 0 0 0 0 1 definite
2986 0 0 0 0 0 0 0 0 0 0 0 0 0 0 0 0 0 0 0 0 0 0 0 0 0 2987 0 0 0 0
2987 0 0 0 0 0 0 0 0 0 0 0 0 0 0 0 0 0 0 0 0 0 0 0 0 0 0 0 0 0 1 definitely
2988 0 0 0 0 0 0 0 0 0 0 0 0 0 0 0 2989 0 0 0 0 0 0 0 0 0 0 0 0 0 0
2989 0 0 0 0 0 0 0 0 0 0 0 0 0 0 2990 0 0 0 0 0 0 0 0 0 0 0 0 0 0 0
2990 0 0 0 0 0 0 0 0 0 0 0 0 0 0 0 0 0 0 0 0 0 0 0 0 0 0 0 0 0 1 definition
2991 0 0 0 0 0 0 0 0 0 0 0 0 0 0 0 0 0 0 2992 0 0 0 0 0 0 0 0 0 0 0
2992 0 0 0 0 0 2993 0 0 0 0 0 0 0 0 0 0 0 0 0 0 0 0 0 0 0 0 0 0 0 0
2993 0 0 0 0 0 2994 0 0 0 0 0 0 0 0 0 0 0 0 0 0 0 0 0 0 0 0 0 0 0 0
2994 0 0 0 0 0 0 0 0 0 0 0 0 0 0 0 0 0 0 0 0 0 0 0 0 0 0 0 0 0 1 degree
2995 0 2996 0 0 0 2998 0 0 0 3007 0 0 0 0 0 0 0 0 0 0 0 0 0 0 0 0 0 0 0 0
2996 0 0 0 0 0 0 0 0 0 0 0 0 0 0 0 0 0 0 0 0 0 0 0 0 0 2997 0 0 0 0
2997 0 0 0 0 0 0 0 0 0 0 0 0 0 0 0 0 0 0 0 0 0 0 0 0 0 0 0 0 0 1 delay
2998 0 0 0 0 0 0 0 3001 0 0 0 0 0 0 0 0 0 0 0 0 2999 0 0 0 0 0 0 0 0 0
2999 0 0 0 0 0 3000 0 0 0 0 0 0 0 0 0 0 0 0 0 0 0 0 0 0 0 0 0 0 0 0
3000 0 0 0 0 0 0 0 0 0 0 0 0 0 0 0 0 0 0 0 0 0 0 0 0 0 0 0 0 0 1 delete
3001 0 3002 0 0 0 0 0 0 0 0 0 0 0 0 0 0 0 0 0 0 0 0 0 0 0 0 0 0 0 0
3002 0 0 0 0 0 0 0 0 0 0 0 0 0 0 0 0 0 0 0 0 3003 0 0 0 0 0 0 0 0 0
3003 0 0 0 0 0 0 0 0 0 3004 0 0 0 0 0 0 0 0 0 0 0 0 0 0 0 0 0 0 0 0
3004 0 0 0 0 0 0 0 0 0 0 0 0 0 0 0 3005 0 0 0 0 0 0 0 0 0 0 0 0 0 0
3005 0 0 0 0 0 0 0 0 0 0 0 0 0 0 3006 0 0 0 0 0 0 0 0 0 0 0 0 0 0 0
3006 0 0 0 0 0 0 0 0 0 0 0 0 0 0 0 0 0 0 0 0 0 0 0 0 0 0 0 0 0 1 delegation
3007 0 0 0 3008 0 0 0 3016 0 0 0 0 0 0 0 0 0 0 0 0 0 0 3019 0 0 0 0 0 0 0
3008 0 3009 0 0 0 0 0 0 0 3012 0 0 0 0 0 0 0 0 0 0 0 0 0 0 0 0 0 0 0 0
3009 0 0 0 0 0 0 0 0 0 0 0 0 0 0 0 0 0 0 0 0 3010 0 0 0 0 0 0 0 0 0
3010 0 0 0 0 0 3011 0 0 0 0 0 0 0 0 0 0 0 0 0 0 0 0 0 0 0 0 0 0 0 0
3011 0 0 0 0 0 0 0 0 0 0 0 0 0 0 0 0 0 0 0 0 0 0 0 0 0 0 0 0 0 1 delicate
3012 0 0 0 0 0 0 0 0 0 0 0 0 0 0 0 3013 0 0 0 0 0 0 0 0 0 0 0 0 0 0
3013 0 0 0 0 0 0 0 0 0 0 0 0 0 0 0 0 0 0 0 0 0 3014 0 0 0 0 0 0 0 0
3014 0 0 0 0 0 0 0 0 0 0 0 0 0 0 0 0 0 0 0 3015 0 0 0 0 0 0 0 0 0 0
3015 0 0 0 0 0 0 0 0 0 0 0 0 0 0 0 0 0 0 0 0 0 0 0 0 0 0 0 0 0 1 delicious
3016 0 0 0 0 0 0 0 0 3017 0 0 0 0 0 0 0 0 0 0 0 0 0 0 0 0 0 0 0 0 0
3017 0 0 0 0 0 0 0 0 0 0 0 0 0 0 0 0 0 0 0 0 3018 0 0 0 0 0 0 0 0 0
3018 0 0 0 0 0 0 0 0 0 0 0 0 0 0 0 0 0 0 0 0 0 0 0 0 0 0 0 0 0 1 delight
3019 0 0 0 0 0 3020 0 0 0 0 0 0 0 0 0 0 0 0 0 0 0 0 0 0 0 0 0 0 0 0
3020 0 0 0 0 0 0 0 0 0 0 0 0 0 0 0 0 0 0 3021 0 0 0 0 0 0 0 0 0 0 0
3021 0 0 0 0 0 0 0 0 0 0 0 0 0 0 0 0 0 0 0 0 0 0 0 0 0 3022 0 0 0 1 deliver
3022 0 0 0 0 0 0 0 0 0 0 0 0 0 0 0 0 0 0 0 0 0 0 0 0 0 0 0 0 0 1 delivery
3023 0 3024 0 0 0 0 0 0 0 0 0 0 0 0 0 3027 0 0 0 0 0 0 0 0 0 0 0 0 0 0
3024 0 0 0 0 0 0 0 0 0 0 0 0 0 0 3025 0 0 0 0 0 0 0 0 0 0 0 0 0 0 0
3025 0 0 0 0 3026 0 0 0 0 0 0 0 0 0 0 0 0 0 0 0 0 0 0 0 0 0 0 0 0 0
3026 0 0 0 0 0 0 0 0 0 0 0 0 0 0 0 0 0 0 0 0 0 0 0 0 0 0 0 0 0 1 demand
3027 0 0 0 3028 0 0 0 0 0 0 0 0 0 0 3036 0 0 0 0 0 0 0 0 0 0 0 0 0 0 0
3028 0 0 0 0 0 0 0 0 0 0 0 0 0 0 0 0 0 0 3029 0 0 0 0 0 0 0 0 0 0 0
3029 0 3030 0 0 0 0 0 0 0 0 0 0 0 0 0 0 0 0 0 0 0 0 0 0 0 0 0 0 0 0
3030 0 0 0 3031 0 0 0 0 0 0 0 0 0 0 0 0 0 0 0 0 3033 0 0 0 0 0 0 0 0 0
3031 0 0 0 0 0 0 0 0 0 0 0 0 0 0 0 0 0 0 0 0 0 0 0 0 0 3032 0 0 0 0
3032 0 0 0 0 0 0 0 0 0 0 0 0 0 0 0 0 0 0 0 0 0 0 0 0 0 0 0 0 0 1 democracy
3033 0 0 0 0 0 0 0 0 0 3034 0 0 0 0 0 0 0 0 0 0 0 0 0 0 0 0 0 0 0 0
3034 0 0 0 3035 0 0 0 0 0 0 0 0 0 0 0 0 0 0 0 0 0 0 0 0 0 0 0 0 0 0
3035 0 0 0 0 0 0 0 0 0 0 0 0 0 0 0 0 0 0 0 0 0 0 0 0 0 0 0 0 0 1 democratic
3036 0 0 0 0 0 0 0 0 0 0 0 0 0 0 0 0 0 0 0 3037 0 0 0 0 0 0 0 0 0 0
3037 0 0 0 0 0 0 0 0 0 0 0 0 0 0 0 0 0 0 0 0 3038 0 0 0 0 0 0 0 0 0
3038 0 0 0 0 0 0 0 0 0 0 0 0 0 0 0 0 0 0 3039 0 0 0 0 0 0 0 0 0 0 0
3039 0 3040 0 0 0 0 0 0 0 0 0 0 0 0 0 0 0 0 0 0 0 0 0 0 0 0 0 0 0 0
3040 0 0 0 0 0 0 0 0 0 0 0 0 0 0 0 0 0 0 0 0 3041 0 0 0 0 0 0 0 0 0
3041 0 0 0 0 0 3042 0 0 0 0 0 0 0 0 0 0 0 0 0 0 0 0 0 0 0 0 0 0 0 0
3042 0 0 0 0 0 0 0 0 0 0 0 0 0 0 0 0 0 0 0 0 0 0 0 0 0 0 0 0 0 1 demonstrate
3043 0 0 0 0 0 0 0 0 0 0 0 0 0 0 0 0 0 0 0 3044 0 0 0 0 0 3049 0 0 0 0
3044 0 0 0 0 0 3045 0 0 0 3046 0 0 0 0 0 0 0 0 0 0 0 0 0 0 0 0 0 0 0 0
3045 0 0 0 0 0 0 0 0 0 0 0 0 0 0 0 0 0 0 0 0 0 0 0 0 0 0 0 0 0 1 dense
3046 0 0 0 0 0 0 0 0 0 0 0 0 0 0 0 0 0 0 0 0 3047 0 0 0 0 0 0 0 0 0
3047 0 0 0 0 0 0 0 0 0 0 0 0 0 0 0 0 0 0 0 0 0 0 0 0 0 3048 0 0 0 0
3048 0 0 0 0 0 0 0 0 0 0 0 0 0 0 0 0 0 0 0 0 0 0 0 0 0 0 0 0 0 1 density
3049 0 0 0 0 0 0 0 0 0 0 0 0 0 0 0 0 0 0 0 0 0 0 0 0 0 0 0 0 0 1 deny
3050 0 3051 0 0 0 3061 0 0 0 0 0 0 0 0 0 3067 0 0 3071 0 3075 0 0 0 0 0 0 0 0 0
3051 0 0 0 0 0 0 0 0 0 0 0 0 0 0 0 0 0 0 3052 0 0 0 0 0 0 0 0 0 0 0
3052 0 0 0 0 0 0 0 0 0 0 0 0 0 0 0 0 0 0 0 0 3053 0 0 0 0 0 0 0 0 0
3053 0 0 0 0 0 0 0 0 0 0 0 0 0 3054 0 0 0 0 0 0 0 3058 0 0 0 0 0 0 0 1 depart
3054 0 0 0 0 0 3055 0 0 0 0 0 0 0 0 0 0 0 0 0 0 0 0 0 0 0 0 0 0 0 0
3055 0 0 0 0 0 0 0 0 0 0 0 0 0 0 3056 0 0 0 0 0 0 0 0 0 0 0 0 0 0 0
3056 0 0 0 0 0 0 0 0 0 0 0 0 0 0 0 0 0 0 0 0 3057 0 0 0 0 0 0 0 0 0
3057 0 0 0 0 0 0 0 0 0 0 0 0 0 0 0 0 0 0 0 0 0 0 0 0 0 0 0 0 0 1 department
3058 0 0 0 0 0 0 0 0 0 0 0 0 0 0 0 0 0 0 3059 0 0 0 0 0 0 0 0 0 0 0
3059 0 0 0 0 0 3060 0 0 0 0 0 0 0 0 0 0 0 0 0 0 0 0 0 0 0 0 0 0 0 0
3060 0 0 0 0 0 0 0 0 0 0 0 0 0 0 0 0 0 0 0 0 0 0 0 0 0 0 0 0 0 1 departure
3061 0 0 0 0 0 0 0 0 0 0 0 0 0 0 3062 0 0 0 0 0 0 0 0 0 0 0 0 0 0 0
3062 0 0 0 0 3063 0 0 0 0 0 0 0 0 0 0 0 0 0 0 0 0 0 0 0 0 0 0 0 0 0
3063 0 0 0 0 0 3064 0 0 0 0 0 0 0 0 0 0 0 0 0 0 0 0 0 0 0 0 0 0 0 1 depend
3064 0 0 0 0 0 0 0 0 0 0 0 0 0 0 3065 0 0 0 0 0 0 0 0 0 0 0 0 0 0 0
3065 0 0 0 0 0 0 0 0 0 0 0 0 0 0 0 0 0 0 0 0 3066 0 0 0 0 0 0 0 0 0
3066 0 0 0 0 0 0 0 0 0 0 0 0 0 0 0 0 0 0 0 0 0 0 0 0 0 0 0 0 0 1 dependent
3067 0 0 0 0 0 0 0 0 0 0 0 0 0 0 0 0 0 0 0 3068 0 0 0 0 0 0 0 0 0 0
3068 0 0 0 0 0 0 0 0 0 3069 0 0 0 0 0 0 0 0 0 0 0 0 0 0 0 0 0 0 0 0
3069 0 0 0 0 0 0 0 0 0 0 0 0 0 0 0 0 0 0 0 0 3070 0 0 0 0 0 0 0 0 0
3070 0 0 0 0 0 0 0 0 0 0 0 0 0 0 0 0 0 0 0 0 0 0 0 0 0 0 0 0 0 1 deposit
3071 0 0 0 0 0 3072 0 0 0 0 0 0 0 0 0 0 0 0 0 0 0 0 0 0 0 0 0 0 0 0
3072 0 0 0 0 0 0 0 0 0 0 0 0 0 0 0 0 0 0 0 3073 0 0 0 0 0 0 0 0 0 0
3073 0 0 0 0 0 0 0 0 0 0 0 0 0 0 0 0 0 0 0 3074 0 0 0 0 0 0 0 0 0 0
3074 0 0 0 0 0 0 0 0 0 0 0 0 0 0 0 0 0 0 0 0 0 0 0 0 0 0 0 0 0 1 depress
3075 0 0 0 0 0 0 0 0 3076 0 0 0 0 0 0 0 0 0 0 0 0 0 0 0 0 0 0 0 0 0
3076 0 0 0 0 0 0 0 0 0 0 0 0 0 0 0 0 0 0 0 0 0 0 0 0 0 0 0 0 0 1 depth
3077 0 0 0 0 0 0 0 0 0 3078 0 0 0 0 0 0 0 0 0 0 0 0 0 0 0 0 0 0 0 0
3078 0 0 0 0 0 0 0 0 0 0 0 0 0 0 0 0 0 0 0 0 0 0 3079 0 0 0 0 0 0 0
3079 0 0 0 0 0 3080 0 0 0 0 0 0 0 0 0 0 0 0 0 0 0 0 0 0 0 0 0 0 0 0
3080 0 0 0 0 0 0 0 0 0 0 0 0 0 0 0 0 0 0 0 0 0 0 0 0 0 0 0 0 0 1 derive
3081 0 0 0 3082 0 3095 0 0 0 3100 0 3109 0 0 0 0 3110 0 0 0 3124 0 0 0 0 0 0 0 0 0
3082 0 0 0 0 0 3083 0 0 0 0 0 0 0 0 0 0 0 0 3086 0 0 0 0 0 0 0 0 0 0 0
3083 0 0 0 0 0 0 0 0 0 0 0 0 0 0 3084 0 0 0 0 0 0 0 0 0 0 0 0 0 0 0
3084 0 0 0 0 3085 0 0 0 0 0 0 0 0 0 0 0 0 0 0 0 0 0 0 0 0 0 0 0 0 0
3085 0 0 0 0 0 0 0 0 0 0 0 0 0 0 0 0 0 0 0 0 0 0 0 0 0 0 0 0 0 1 descend
3086 0 0 0 0 0 0 0 0 0 3087 0 0 0 0 0 0 0 0 0 0 0 0 0 0 0 0 0 0 0 0
3087 0 0 3088 0 0 0 0 0 0 0 0 0 0 0 0 0 3090 0 0 0 0 0 0 0 0 0 0 0 0 0
3088 0 0 0 0 0 3089 0 0 0 0 0 0 0 0 0 0 0 0 0 0 0 0 0 0 0 0 0 0 0 0
3089 0 0 0 0 0 0 0 0 0 0 0 0 0 0 0 0 0 0 0 0 0 0 0 0 0 0 0 0 0 1 describe
3090 0 0 0 0 0 0 0 0 0 0 0 0 0 0 0 0 0 0 0 0 3091 0 0 0 0 0 0 0 0 0
3091 0 0 0 0 0 0 0 0 0 3092 0 0 0 0 0 0 0 0 0 0 0 0 0 0 0 0 0 0 0 0
3092 0 0 0 0 0 0 0 0 0 0 0 0 0 0 0 3093 0 0 0 0 0 0 0 0 0 0 0 0 0 0
3093 0 0 0 0 0 0 0 0 0 0 0 0 0 0 3094 0 0 0 0 0 0 0 0 0 0 0 0 0 0 0
3094 0 0 0 0 0 0 0 0 0 0 0 0 0 0 0 0 0 0 0 0 0 0 0 0 0 0 0 0 0 1 description
3095 0 0 0 0 0 0 0 0 0 0 0 0 0 0 0 0 0 0 3096 0 0 0 0 0 0 0 0 0 0 0
3096 0 0 0 0 0 0 0 0 0 0 0 0 0 0 0 0 0 0 0 0 3097 0 3098 0 0 0 0 0 0 0
3097 0 0 0 0 0 0 0 0 0 0 0 0 0 0 0 0 0 0 0 0 0 0 0 0 0 0 0 0 0 1 desert
3098 0 0 0 0 0 3099 0 0 0 0 0 0 0 0 0 0 0 0 0 0 0 0 0 0 0 0 0 0 0 0
3099 0 0 0 0 0 0 0 0 0 0 0 0 0 0 0 0 0 0 0 0 0 0 0 0 0 0 0 0 0 1 deserve
3100 0 0 0 0 0 0 0 3101 0 0 0 0 0 0 0 0 0 0 3103 0 0 0 0 0 0 0 0 0 0 0
3101 0 0 0 0 0 0 0 0 0 0 0 0 0 0 3102 0 0 0 0 0 0 0 0 0 0 0 0 0 0 0
3102 0 0 0 0 0 0 0 0 0 0 0 0 0 0 0 0 0 0 0 0 0 0 0 0 0 0 0 0 0 1 design
3103 0 3104 0 0 0 3108 0 0 0 0 0 0 0 0 0 0 0 0 0 0 0 0 0 0 0 0 0 0 0 0
3104 0 0 3105 0 0 0 0 0 0 0 0 0 0 0 0 0 0 0 0 0 0 0 0 0 0 0 0 0 0 0
3105 0 0 0 0 0 0 0 0 0 0 0 0 3106 0 0 0 0 0 0 0 0 0 0 0 0 0 0 0 0 0
3106 0 0 0 0 0 3107 0 0 0 0 0 0 0 0 0 0 0 0 0 0 0 0 0 0 0 0 0 0 0 0
3107 0 0 0 0 0 0 0 0 0 0 0 0 0 0 0 0 0 0 0 0 0 0 0 0 0 0 0 0 0 1 desirable
3108 0 0 0 0 0 0 0 0 0 0 0 0 0 0 0 0 0 0 0 0 0 0 0 0 0 0 0 0 0 1 desire
3109 0 0 0 0 0 0 0 0 0 0 0 0 0 0 0 0 0 0 0 0 0 0 0 0 0 0 0 0 0 1 desk
3110 0 3111 0 0 0 3114 0 0 0 3119 0 0 0 0 0 0 0 0 0 0 0 0 0 0 0 0 0 0 0 0
3111 0 0 0 0 0 0 0 0 0 3112 0 0 0 0 0 0 0 0 0 0 0 0 0 0 0 0 0 0 0 0
3112 0 0 0 0 0 0 0 0 0 0 0 0 0 0 0 0 0 0 3113 0 0 0 0 0 0 0 0 0 0 0
3113 0 0 0 0 0 0 0 0 0 0 0 0 0 0 0 0 0 0 0 0 0 0 0 0 0 0 0 0 0 1 despair
3114 0 0 0 0 0 0 0 0 0 0 0 0 0 0 0 0 0 0 3115 0 0 0 0 0 0 0 0 0 0 0
3115 0 3116 0 0 0 0 0 0 0 0 0 0 0 0 0 0 0 0 0 0 0 0 0 0 0 0 0 0 0 0
3116 0 0 0 0 0 0 0 0 0 0 0 0 0 0 0 0 0 0 0 0 3117 0 0 0 0 0 0 0 0 0
3117 0 0 0 0 0 3118 0 0 0 0 0 0 0 0 0 0 0 0 0 0 0 0 0 0 0 0 0 0 0 0
3118 0 0 0 0 0 0 0 0 0 0 0 0 0 0 0 0 0 0 0 0 0 0 0 0 0 0 0 0 0 1 desperate
3119 0 0 0 0 0 0 0 0 0 0 0 0 0 0 0 0 0 0 0 3120 3122 0 0 0 0 0 0 0 0 0
3120 0 0 0 0 0 3121 0 0 0 0 0 0 0 0 0 0 0 0 0 0 0 0 0 0 0 0 0 0 0 0
3121 0 0 0 0 0 0 0 0 0 0 0 0 0 0 0 0 0 0 0 0 0 0 0 0 0 0 0 0 0 1 despise
3122 0 0 0 0 0 3123 0 0 0 0 0 0 0 0 0 0 0 0 0 0 0 0 0 0 0 0 0 0 0 0
3123 0 0 0 0 0 0 0 0 0 0 0 0 0 0 0 0 0 0 0 0 0 0 0 0 0 0 0 0 0 1 despite
3124 0 0 0 0 0 0 0 0 0 3125 0 0 0 0 0 0 0 0 3132 0 0 0 0 0 0 0 0 0 0 0
3125 0 0 0 0 0 0 0 0 0 0 0 0 0 0 3126 0 0 0 0 0 0 0 0 0 0 0 0 0 0 0
3126 0 3127 0 0 0 0 0 0 0 0 0 0 0 0 0 0 0 0 0 0 0 0 0 0 0 0 0 0 0 0
3127 0 0 0 0 0 0 0 0 0 0 0 0 0 0 0 0 0 0 0 0 3128 0 0 0 0 0 0 0 0 0
3128 0 0 0 0 0 0 0 0 0 3129 0 0 0 0 0 0 0 0 0 0 0 0 0 0 0 0 0 0 0 0
3129 0 0 0 0 0 0 0 0 0 0 0 0 0 0 0 3130 0 0 0 0 0 0 0 0 0 0 0 0 0 0
3130 0 0 0 0 0 0 0 0 0 0 0 0 0 0 3131 0 0 0 0 0 0 0 0 0 0 0 0 0 0 0
3131 0 0 0 0 0 0 0 0 0 0 0 0 0 0 0 0 0 0 0 0 0 0 0 0 0 0 0 0 0 1 destination
3132 0 0 0 0 0 0 0 0 0 0 0 0 0 0 0 3133 0 0 0 0 0 3135 0 0 0 0 0 0 0 0
3133 0 0 0 0 0 0 0 0 0 0 0 0 0 0 0 0 0 0 0 0 0 0 0 0 0 3134 0 0 0 0
3134 0 0 0 0 0 0 0 0 0 0 0 0 0 0 0 0 0 0 0 0 0 0 0 0 0 0 0 0 0 1 destroy
3135 0 0 0 3136 0 0 0 0 0 0 0 0 0 0 0 0 0 0 0 0 0 0 0 0 0 0 0 0 0 0
3136 0 0 0 0 0 0 0 0 0 0 0 0 0 0 0 0 0 0 0 0 3137 0 0 0 0 0 0 0 0 0
3137 0 0 0 0 0 0 0 0 0 3138 0 0 0 0 0 0 0 0 0 0 0 0 0 0 0 0 0 0 0 0
3138 0 0 0 0 0 0 0 0 0 0 0 0 0 0 0 3139 0 0 0 0 0 0 0 0 0 0 0 0 0 0
3139 0 0 0 0 0 0 0 0 0 0 0 0 0 0 3140 0 0 0 0 0 0 0 0 0 0 0 0 0 0 0
3140 0 0 0 0 0 0 0 0 0 0 0 0 0 0 0 0 0 0 0 0 0 0 0 0 0 0 0 0 0 1 destruction
3141 0 3142 0 0 0 3145 0 0 0 0 0 0 0 0 0 0 0 0 0 0 0 0 0 0 0 0 0 0 0 0
3142 0 0 0 0 0 0 0 0 0 3143 0 0 0 0 0 0 0 0 0 0 0 0 0 0 0 0 0 0 0 0
3143 0 0 0 0 0 0 0 0 0 0 0 0 3144 0 0 0 0 0 0 0 0 0 0 0 0 0 0 0 0 0
3144 0 0 0 0 0 0 0 0 0 0 0 0 0 0 0 0 0 0 0 0 0 0 0 0 0 0 0 0 0 1 detail
3145 0 0 0 3146 0 0 0 0 0 0 0 0 0 0 0 0 0 0 3151 0 0 0 0 0 0 0 0 0 0 0
3146 0 0 0 0 0 0 0 0 0 0 0 0 0 0 0 0 0 0 0 0 3147 0 0 0 0 0 0 0 0 0
3147 0 0 0 0 0 0 0 0 0 3148 0 0 0 0 0 0 0 0 0 0 0 0 0 0 0 0 0 0 0 1 detect
3148 0 0 0 0 0 0 0 0 0 0 0 0 0 0 0 3149 0 0 0 0 0 0 0 0 0 0 0 0 0 0
3149 0 0 0 0 0 0 0 0 0 0 0 0 0 0 3150 0 0 0 0 0 0 0 0 0 0 0 0 0 0 0
3150 0 0 0 0 0 0 0 0 0 0 0 0 0 0 0 0 0 0 0 0 0 0 0 0 0 0 0 0 0 1 detection
3151 0 0 0 0 0 0 0 0 0 0 0 0 0 3152 0 0 0 0 0 0 0 0 0 0 0 0 0 0 0 0
3152 0 0 0 0 0 0 0 0 0 3153 0 0 0 0 0 0 0 0 0 0 0 0 0 0 0 0 0 0 0 0
3153 0 0 0 0 0 0 0 0 0 0 0 0 0 0 3154 0 0 0 0 0 0 0 0 0 0 0 0 0 0 0
3154 0 3155 0 0 0 3160 0 0 0 0 0 0 0 0 0 0 0 0 0 0 0 0 0 0 0 0 0 0 0 0
3155 0 0 0 0 0 0 0 0 0 0 0 0 0 0 0 0 0 0 0 0 3156 0 0 0 0 0 0 0 0 0
3156 0 0 0 0 0 0 0 0 0 3157 0 0 0 0 0 0 0 0 0 0 0 0 0 0 0 0 0 0 0 0
3157 0 0 0 0 0 0 0 0 0 0 0 0 0 0 0 3158 0 0 0 0 0 0 0 0 0 0 0 0 0 0
3158 0 0 0 0 0 0 0 0 0 0 0 0 0 0 3159 0 0 0 0 0 0 0 0 0 0 0 0 0 0 0
3159 0 0 0 0 0 0 0 0 0 0 0 0 0 0 0 0 0 0 0 0 0 0 0 0 0 0 0 0 0 1 determination
3160 0 0 0 0 0 0 0 0 0 0 0 0 0 0 0 0 0 0 0 0 0 0 0 0 0 0 0 0 0 1 determine
3161 0 0 0 0 0 3162 0 0 0 3170 0 0 0 0 0 3176 0 0 0 0 0 0 0 0 0 0 0 0 0 0
3162 0 0 0 0 0 0 0 0 0 0 0 0 3163 0 0 0 0 0 0 0 0 0 0 0 0 0 0 0 0 0
3163 0 0 0 0 0 0 0 0 0 0 0 0 0 0 0 3164 0 0 0 0 0 0 0 0 0 0 0 0 0 0
3164 0 0 0 0 0 0 0 0 0 0 0 0 0 0 0 0 3165 0 0 0 0 0 0 0 0 0 0 0 0 0
3165 0 0 0 0 0 0 0 0 0 0 0 0 0 3166 0 0 0 0 0 0 0 0 0 0 0 0 0 0 0 1 develop
3166 0 0 0 0 0 3167 0 0 0 0 0 0 0 0 0 0 0 0 0 0 0 0 0 0 0 0 0 0 0 0
3167 0 0 0 0 0 0 0 0 0 0 0 0 0 0 3168 0 0 0 0 0 0 0 0 0 0 0 0 0 0 0
3168 0 0 0 0 0 0 0 0 0 0 0 0 0 0 0 0 0 0 0 0 3169 0 0 0 0 0 0 0 0 0
3169 0 0 0 0 0 0 0 0 0 0 0 0 0 0 0 0 0 0 0 0 0 0 0 0 0 0 0 0 0 1 development
3170 0 0 0 3171 0 0 0 0 0 0 0 0 3173 0 0 0 0 0 0 3174 0 0 0 0 0 0 0 0 0 0
3171 0 0 0 0 0 3172 0 0 0 0 0 0 0 0 0 0 0 0 0 0 0 0 0 0 0 0 0 0 0 0
3172 0 0 0 0 0 0 0 0 0 0 0 0 0 0 0 0 0 0 0 0 0 0 0 0 0 0 0 0 0 1 device
3173 0 0 0 0 0 0 0 0 0 0 0 0 0 0 0 0 0 0 0 0 0 0 0 0 0 0 0 0 0 1 devil
3174 0 0 0 0 0 3175 0 0 0 0 0 0 0 0 0 0 0 0 0 0 0 0 0 0 0 0 0 0 0 0
3175 0 0 0 0 0 0 0 0 0 0 0 0 0 0 0 0 0 0 0 0 0 0 0 0 0 0 0 0 0 1 devise
3176 0 0 0 0 0 0 0 0 0 0 0 0 0 0 0 0 0 0 0 0 3177 0 0 0 0 0 0 0 0 0
3177 0 0 0 0 0 3178 0 0 0 0 0 0 0 0 0 0 0 0 0 0 0 0 0 0 0 0 0 0 0 0
3178 0 0 0 0 0 0 0 0 0 0 0 0 0 0 0 0 0 0 0 0 0 0 0 0 0 0 0 0 0 1 devote
3179 0 0 0 0 0 0 0 0 0 0 0 0 0 0 0 0 0 0 0 0 0 0 0 0 0 0 0 0 0 1 dew
3180 0 3181 0 3202 0 3216 3217 3232 0 0 0 0 3240 3246 3253 0 3257 0 3258 3271 3429 0 3432 0 0 0 0 0 0 0
3181 0 0 0 0 0 0 0 3182 0 0 0 0 3186 3192 0 0 0 0 3200 0 0 0 0 0 0 0 0 0 0 0
3182 0 0 0 0 0 0 0 0 0 0 0 0 0 0 0 0 0 0 3183 0 0 0 0 0 0 0 0 0 0 0
3183 0 3184 0 0 0 0 0 0 0 0 0 0 0 0 0 0 0 0 0 0 0 0 0 0 0 0 0 0 0 0
3184 0 0 0 0 0 0 0 0 0 0 0 0 0 3185 0 0 0 0 0 0 0 0 0 0 0 0 0 0 0 0
3185 0 0 0 0 0 0 0 0 0 0 0 0 0 0 0 0 0 0 0 0 0 0 0 0 0 0 0 0 0 1 diagram
3186 0 0 0 0 0 3187 0 0 0 0 0 0 0 0 0 3190 0 0 0 0 0 0 0 0 0 0 0 0 0 1 dial
3187 0 0 0 3188 0 0 0 0 0 0 0 0 0 0 0 0 0 0 0 0 0 0 0 0 0 0 0 0 0 0
3188 0 0 0 0 0 0 0 0 0 0 0 0 0 0 0 0 0 0 0 0 3189 0 0 0 0 0 0 0 0 0
3189 0 0 0 0 0 0 0 0 0 0 0 0 0 0 0 0 0 0 0 0 0 0 0 0 0 0 0 0 0 1 dialect
3190 0 0 0 0 0 0 0 3191 0 0 0 0 0 0 0 0 0 0 0 0 0 0 0 0 0 0 0 0 0 0
3191 0 0 0 0 0 0 0 0 0 0 0 0 0 0 0 0 0 0 0 0 0 0 0 0 0 0 0 0 0 1 dialog
3192 0 0 0 0 0 3193 0 0 0 0 0 0 0 0 0 3197 0 0 0 0 0 0 0 0 0 0 0 0 0 0
3193 0 0 0 0 0 0 0 0 0 0 0 0 0 0 0 0 0 0 0 0 3194 0 0 0 0 0 0 0 0 0
3194 0 0 0 0 0 3195 0 0 0 0 0 0 0 0 0 0 0 0 0 0 0 0 0 0 0 0 0 0 0 0
3195 0 0 0 0 0 0 0 0 0 0 0 0 0 0 0 0 0 0 3196 0 0 0 0 0 0 0 0 0 0 0
3196 0 0 0 0 0 0 0 0 0 0 0 0 0 0 0 0 0 0 0 0 0 0 0 0 0 0 0 0 0 1 diameter
3197 0 0 0 0 0 0 0 0 0 0 0 0 0 0 3198 0 0 0 0 0 0 0 0 0 0 0 0 0 0 0
3198 0 0 0 0 3199 0 0 0 0 0 0 0 0 0 0 0 0 0 0 0 0 0 0 0 0 0 0 0 0 0
3199 0 0 0 0 0 0 0 0 0 0 0 0 0 0 0 0 0 0 0 0 0 0 0 0 0 0 0 0 0 1 diamond
3200 0 0 0 0 0 0 0 0 0 0 0 0 0 0 0 0 0 0 0 0 0 0 0 0 0 3201 0 0 0 0
3201 0 0 0 0 0 0 0 0 0 0 0 0 0 0 0 0 0 0 0 0 0 0 0 0 0 0 0 0 0 1 diary
3202 0 0 0 0 0 0 0 0 0 0 0 0 0 0 0 0 0 0 0 0 3203 0 0 0 0 0 0 0 0 0
3203 0 3204 0 0 0 0 0 0 0 3210 0 0 0 0 0 0 0 0 0 0 0 0 0 0 0 0 0 0 0 0
3204 0 0 0 0 0 0 0 0 0 0 0 0 0 0 0 0 0 0 0 0 3205 0 0 0 0 0 0 0 0 0
3205 0 0 0 0 0 3206 0 0 0 3207 0 0 0 0 0 0 0 0 0 0 0 0 0 0 0 0 0 0 0 0
3206 0 0 0 0 0 0 0 0 0 0 0 0 0 0 0 0 0 0 0 0 0 0 0 0 0 0 0 0 0 1 dictate
3207 0 0 0 0 0 0 0 0 0 0 0 0 0 0 0 3208 0 0 0 0 0 0 0 0 0 0 0 0 0 0
3208 0 0 0 0 0 0 0 0 0 0 0 0 0 0 3209 0 0 0 0 0 0 0 0 0 0 0 0 0 0 0
3209 0 0 0 0 0 0 0 0 0 0 0 0 0 0 0 0 0 0 0 0 0 0 0 0 0 0 0 0 0 1 dictation
3210 0 0 0 0 0 0 0 0 0 0 0 0 0 0 0 3211 0 0 0 0 0 0 0 0 0 0 0 0 0 0
3211 0 0 0 0 0 0 0 0 0 0 0 0 0 0 3212 0 0 0 0 0 0 0 0 0 0 0 0 0 0 0
3212 0 3213 0 0 0 0 0 0 0 0 0 0 0 0 0 0 0 0 0 0 0 0 0 0 0 0 0 0 0 0
3213 0 0 0 0 0 0 0 0 0 0 0 0 0 0 0 0 0 0 3214 0 0 0 0 0 0 0 0 0 0 0
3214 0 0 0 0 0 0 0 0 0 0 0 0 0 0 0 0 0 0 0 0 0 0 0 0 0 3215 0 0 0 0
3215 0 0 0 0 0 0 0 0 0 0 0 0 0 0 0 0 0 0 0 0 0 0 0 0 0 0 0 0 0 1 dictionary
3216 0 0 0 0 0 0 0 0 0 0 0 0 0 0 0 0 0 0 0 0 0 0 0 0 0 0 0 0 0 1 die
3217 0 0 0 0 0 0 3218 0 0 0 0 0 0 0 0 0 0 0 0 0 0 0 0 0 0 0 0 0 0 0
3218 0 0 0 0 0 3219 0 0 0 3226 0 0 0 0 0 0 0 0 0 0 0 0 0 0 0 0 0 0 0 0
3219 0 0 0 0 0 0 0 0 0 0 0 0 0 0 0 0 0 0 3220 0 0 0 0 0 0 0 0 0 0 0
3220 0 0 0 0 0 3221 0 0 0 0 0 0 0 0 0 0 0 0 0 0 0 0 0 0 0 0 0 0 0 1 differ
3221 0 0 0 0 0 0 0 0 0 0 0 0 0 0 3222 0 0 0 0 0 0 0 0 0 0 0 0 0 0 0
3222 0 0 0 3223 0 0 0 0 0 0 0 0 0 0 0 0 0 0 0 0 3225 0 0 0 0 0 0 0 0 0
3223 0 0 0 0 0 3224 0 0 0 0 0 0 0 0 0 0 0 0 0 0 0 0 0 0 0 0 0 0 0 0
3224 0 0 0 0 0 0 0 0 0 0 0 0 0 0 0 0 0 0 0 0 0 0 0 0 0 0 0 0 0 1 difference
3225 0 0 0 0 0 0 0 0 0 0 0 0 0 0 0 0 0 0 0 0 0 0 0 0 0 0 0 0 0 1 different
3226 0 0 0 3227 0 0 0 0 0 0 0 0 0 0 0 0 0 0 0 0 0 0 0 0 0 0 0 0 0 0
3227 0 0 0 0 0 0 0 0 0 0 0 0 0 0 0 0 0 0 0 0 0 3228 0 0 0 0 0 0 0 0
3228 0 0 0 0 0 0 0 0 0 0 0 0 3229 0 0 0 0 0 0 0 0 0 0 0 0 0 0 0 0 0
3229 0 0 0 0 0 0 0 0 0 0 0 0 0 0 0 0 0 0 0 0 3230 0 0 0 0 0 0 0 0 0
3230 0 0 0 0 0 0 0 0 0 0 0 0 0 0 0 0 0 0 0 0 0 0 0 0 0 3231 0 0 0 1 difficult
3231 0 0 0 0 0 0 0 0 0 0 0 0 0 0 0 0 0 0 0 0 0 0 0 0 0 0 0 0 0 1 difficulty
3232 0 0 0 0 0 3233 0 0 0 3236 0 0 0 0 0 0 0 0 0 0 0 0 0 0 0 0 0 0 0 1 dig
3233 0 0 0 0 0 0 0 0 0 0 0 0 0 0 0 0 0 0 0 3234 0 0 0 0 0 0 0 0 0 0
3234 0 0 0 0 0 0 0 0 0 0 0 0 0 0 0 0 0 0 0 0 3235 0 0 0 0 0 0 0 0 0
3235 0 0 0 0 0 0 0 0 0 0 0 0 0 0 0 0 0 0 0 0 0 0 0 0 0 0 0 0 0 1 digest
3236 0 0 0 0 0 0 0 0 0 0 0 0 0 0 0 0 0 0 0 0 3237 0 0 0 0 0 0 0 0 0
3237 0 3238 0 0 0 0 0 0 0 0 0 0 0 0 0 0 0 0 0 0 0 0 0 0 0 0 0 0 0 0
3238 0 0 0 0 0 0 0 0 0 0 0 0 3239 0 0 0 0 0 0 0 0 0 0 0 0 0 0 0 0 0
3239 0 0 0 0 0 0 0 0 0 0 0 0 0 0 0 0 0 0 0 0 0 0 0 0 0 0 0 0 0 1 digital
3240 0 0 0 0 0 0 0 0 0 3241 0 0 0 0 0 0 0 0 0 0 0 0 0 0 0 0 0 0 0 0
3241 0 0 0 0 0 0 0 3242 0 0 0 0 0 0 0 0 0 0 0 0 0 0 0 0 0 0 0 0 0 0
3242 0 0 0 0 0 3243 0 0 0 0 0 0 0 0 0 0 0 0 0 0 0 0 0 0 0 0 0 0 0 0
3243 0 0 0 0 0 0 0 0 0 0 0 0 0 0 3244 0 0 0 0 0 0 0 0 0 0 0 0 0 0 0
3244 0 0 0 0 0 0 0 0 0 0 0 0 0 0 0 0 0 0 0 0 3245 0 0 0 0 0 0 0 0 0
3245 0 0 0 0 0 0 0 0 0 0 0 0 0 0 0 0 0 0 0 0 0 0 0 0 0 0 0 0 0 1 diligent
3246 0 0 0 0 0 3247 0 0 0 0 0 0 0 0 0 0 0 0 0 0 0 0 0 0 0 0 0 0 0 1 dim
3247 0 0 0 0 0 0 0 0 0 0 0 0 0 0 3248 0 0 0 0 0 0 0 0 0 0 0 0 0 0 0
3248 0 0 0 0 0 0 0 0 0 0 0 0 0 0 0 0 0 0 0 3249 0 0 0 0 0 0 0 0 0 0
3249 0 0 0 0 0 0 0 0 0 3250 0 0 0 0 0 0 0 0 0 0 0 0 0 0 0 0 0 0 0 0
3250 0 0 0 0 0 0 0 0 0 0 0 0 0 0 0 3251 0 0 0 0 0 0 0 0 0 0 0 0 0 0
3251 0 0 0 0 0 0 0 0 0 0 0 0 0 0 3252 0 0 0 0 0 0 0 0 0 0 0 0 0 0 0
3252 0 0 0 0 0 0 0 0 0 0 0 0 0 0 0 0 0 0 0 0 0 0 0 0 0 0 0 0 0 1 dimension
3253 0 0 0 0 0 0 0 0 0 0 0 0 0 0 3254 0 0 0 0 0 0 0 0 0 0 0 0 0 0 0
3254 0 0 0 0 0 3255 0 0 0 0 0 0 0 0 0 0 0 0 0 0 0 0 0 0 0 0 0 0 0 0
3255 0 0 0 0 0 0 0 0 0 0 0 0 0 0 0 0 0 0 3256 0 0 0 0 0 0 0 0 0 0 0
3256 0 0 0 0 0 0 0 0 0 0 0 0 0 0 0 0 0 0 0 0 0 0 0 0 0 0 0 0 0 1 dinner
3257 0 0 0 0 0 0 0 0 0 0 0 0 0 0 0 0 0 0 0 0 0 0 0 0 0 0 0 0 0 1 dip
3258 0 0 0 0 0 3259 0 0 0 0 0 0 0 0 0 0 0 0 0 0 3269 0 0 0 0 0 0 0 0 0
3259 0 0 0 3260 0 0 0 0 0 0 0 0 0 0 0 0 0 0 0 0 0 0 0 0 0 0 0 0 0 0
3260 0 0 0 0 0 0 0 0 0 0 0 0 0 0 0 0 0 0 0 0 3261 0 0 0 0 0 0 0 0 0
3261 0 0 0 0 0 0 0 0 0 3262 0 0 3265 0 0 3267 0 0 0 0 0 0 0 0 0 0 0 0 0 1 direct
3262 0 0 0 0 0 0 0 0 0 0 0 0 0 0 0 3263 0 0 0 0 0 0 0 0 0 0 0 0 0 0
3263 0 0 0 0 0 0 0 0 0 0 0 0 0 0 3264 0 0 0 0 0 0 0 0 0 0 0 0 0 0 0
3264 0 0 0 0 0 0 0 0 0 0 0 0 0 0 0 0 0 0 0 0 0 0 0 0 0 0 0 0 0 1 direction
3265 0 0 0 0 0 0 0 0 0 0 0 0 0 0 0 0 0 0 0 0 0 0 0 0 0 3266 0 0 0 0
3266 0 0 0 0 0 0 0 0 0 0 0 0 0 0 0 0 0 0 0 0 0 0 0 0 0 0 0 0 0 1 directly
3267 0 0 0 0 0 0 0 0 0 0 0 0 0 0 0 0 0 0 3268 0 0 0 0 0 0 0 0 0 0 0
3268 0 0 0 0 0 0 0 0 0 0 0 0 0 0 0 0 0 0 0 0 0 0 0 0 0 0 0 0 0 1 director
3269 0 0 0 0 0 0 0 0 0 0 0 0 0 0 0 0 0 0 0 0 0 0 0 0 0 3270 0 0 0 1 dirt
3270 0 0 0 0 0 0 0 0 0 0 0 0 0 0 0 0 0 0 0 0 0 0 0 0 0 0 0 0 0 1 dirty
3271 0 3272 0 3302 0 3337 0 3341 3348 0 0 3301 3354 3358 0 3362 3367 0 0 3383 3394 0 0 0 0 0 0 0 0 0
3272 0 0 3273 0 3276 0 0 3284 0 0 0 0 0 0 0 0 3288 0 0 3297 0 0 0 0 0 0 0 0 0 0
3273 0 0 0 0 0 0 0 0 0 0 0 0 3274 0 0 0 0 0 0 0 0 0 0 0 0 0 0 0 0 0
3274 0 0 0 0 0 3275 0 0 0 0 0 0 0 0 0 0 0 0 0 0 0 0 0 0 0 0 0 0 0 0
3275 0 0 0 0 0 0 0 0 0 0 0 0 0 0 0 0 0 0 0 0 0 0 0 0 0 0 0 0 0 1 disable
3276 0 0 0 0 0 0 0 0 0 0 0 0 0 0 0 0 0 0 0 0 0 0 3277 0 0 0 0 0 0 0
3277 0 3278 0 0 0 0 0 0 0 0 0 0 0 0 0 0 0 0 0 0 0 0 0 0 0 0 0 0 0 0
3278 0 0 0 0 0 0 0 0 0 0 0 0 0 0 3279 0 0 0 0 0 0 0 0 0 0 0 0 0 0 0
3279 0 0 0 0 0 0 0 0 0 0 0 0 0 0 0 0 0 0 0 0 3280 0 0 0 0 0 0 0 0 0
3280 0 3281 0 0 0 0 0 0 0 0 0 0 0 0 0 0 0 0 0 0 0 0 0 0 0 0 0 0 0 0
3281 0 0 0 0 0 0 0 3282 0 0 0 0 0 0 0 0 0 0 0 0 0 0 0 0 0 0 0 0 0 0
3282 0 0 0 0 0 3283 0 0 0 0 0 0 0 0 0 0 0 0 0 0 0 0 0 0 0 0 0 0 0 0
3283 0 0 0 0 0 0 0 0 0 0 0 0 0 0 0 0 0 0 0 0 0 0 0 0 0 0 0 0 0 1 disadvantage
3284 0 0 0 0 0 0 0 0 0 0 0 0 0 0 0 0 0 0 3285 0 0 0 0 0 0 0 0 0 0 0
3285 0 0 0 0 0 3286 0 0 0 0 0 0 0 0 0 0 0 0 0 0 0 0 0 0 0 0 0 0 0 0
3286 0 0 0 0 0 3287 0 0 0 0 0 0 0 0 0 0 0 0 0 0 0 0 0 0 0 0 0 0 0 0
3287 0 0 0 0 0 0 0 0 0 0 0 0 0 0 0 0 0 0 0 0 0 0 0 0 0 0 0 0 0 1 disagree
3288 0 0 0 0 0 0 0 0 0 0 0 0 0 0 0 0 3289 0 0 0 0 0 0 0 0 0 0 0 0 0
3289 0 0 0 0 0 3290 0 0 0 0 0 0 0 0 0 3293 0 0 0 0 0 0 0 0 0 0 0 0 0 0
3290 0 3291 0 0 0 0 0 0 0 0 0 0 0 0 0 0 0 0 0 0 0 0 0 0 0 0 0 0 0 0
3291 0 0 0 0 0 0 0 0 0 0 0 0 0 0 0 0 0 0 3292 0 0 0 0 0 0 0 0 0 0 0
3292 0 0 0 0 0 0 0 0 0 0 0 0 0 0 0 0 0 0 0 0 0 0 0 0 0 0 0 0 0 1 disappear
3293 0 0 0 0 0 0 0 0 0 3294 0 0 0 0 0 0 0 0 0 0 0 0 0 0 0 0 0 0 0 0
3294 0 0 0 0 0 0 0 0 0 0 0 0 0 0 3295 0 0 0 0 0 0 0 0 0 0 0 0 0 0 0
3295 0 0 0 0 0 0 0 0 0 0 0 0 0 0 0 0 0 0 0 0 3296 0 0 0 0 0 0 0 0 0
3296 0 0 0 0 0 0 0 0 0 0 0 0 0 0 0 0 0 0 0 0 0 0 0 0 0 0 0 0 0 1 disappoint
3297 0 0 0 0 0 0 0 0 0 0 0 0 0 0 0 0 0 0 0 0 3298 0 0 0 0 0 0 0 0 0
3298 0 0 0 0 0 3299 0 0 0 0 0 0 0 0 0 0 0 0 0 0 0 0 0 0 0 0 0 0 0 0
3299 0 0 0 0 0 0 0 0 0 0 0 0 0 0 0 0 0 0 3300 0 0 0 0 0 0 0 0 0 0 0
3300 0 0 0 0 0 0 0 0 0 0 0 0 0 0 0 0 0 0 0 0 0 0 0 0 0 0 0 0 0 1 disaster
3301 0 0 0 0 0 0 0 0 0 0 0 0 0 0 0 0 0 0 0 0 0 0 0 0 0 0 0 0 0 1 disk
3302 0 3303 0 0 0 0 0 0 3306 3311 0 0 3317 0 0 3321 0 0 0 0 0 3331 0 0 0 0 0 0 0 0
3303 0 0 0 0 0 0 0 0 0 0 0 0 0 0 0 0 0 0 3304 0 0 0 0 0 0 0 0 0 0 0
3304 0 0 0 0 3305 0 0 0 0 0 0 0 0 0 0 0 0 0 0 0 0 0 0 0 0 0 0 0 0 0
3305 0 0 0 0 0 0 0 0 0 0 0 0 0 0 0 0 0 0 0 0 0 0 0 0 0 0 0 0 0 1 discard
3306 0 3307 0 0 0 0 0 0 0 0 0 0 0 0 0 0 0 0 0 0 0 0 0 0 0 0 0 0 0 0
3307 0 0 0 0 0 0 0 0 0 0 0 0 0 0 0 0 0 0 3308 0 0 0 0 0 0 0 0 0 0 0
3308 0 0 0 0 0 0 0 3309 0 0 0 0 0 0 0 0 0 0 0 0 0 0 0 0 0 0 0 0 0 0
3309 0 0 0 0 0 3310 0 0 0 0 0 0 0 0 0 0 0 0 0 0 0 0 0 0 0 0 0 0 0 0
3310 0 0 0 0 0 0 0 0 0 0 0 0 0 0 0 0 0 0 0 0 0 0 0 0 0 0 0 0 0 1 discharge
3311 0 0 0 0 0 0 0 0 0 0 0 0 0 0 0 0 3312 0 0 0 0 0 0 0 0 0 0 0 0 0
3312 0 0 0 0 0 0 0 0 0 0 0 0 3313 0 0 0 0 0 0 0 0 0 0 0 0 0 0 0 0 0
3313 0 0 0 0 0 0 0 0 0 3314 0 0 0 0 0 0 0 0 0 0 0 0 0 0 0 0 0 0 0 0
3314 0 0 0 0 0 0 0 0 0 0 0 0 0 0 3315 0 0 0 0 0 0 0 0 0 0 0 0 0 0 0
3315 0 0 0 0 0 3316 0 0 0 0 0 0 0 0 0 0 0 0 0 0 0 0 0 0 0 0 0 0 0 0
3316 0 0 0 0 0 0 0 0 0 0 0 0 0 0 0 0 0 0 0 0 0 0 0 0 0 0 0 0 0 1 discipline
3317 0 0 0 0 0 0 0 0 0 0 0 0 0 0 0 3318 0 0 0 0 0 0 0 0 0 0 0 0 0 0
3318 0 0 0 0 0 0 0 0 0 0 0 0 0 0 0 0 0 0 0 3319 0 0 0 0 0 0 0 0 0 0
3319 0 0 0 0 0 3320 0 0 0 0 0 0 0 0 0 0 0 0 0 0 0 0 0 0 0 0 0 0 0 0
3320 0 0 0 0 0 0 0 0 0 0 0 0 0 0 0 0 0 0 0 0 0 0 0 0 0 0 0 0 0 1 disclose
3321 0 0 0 0 0 0 0 0 0 0 0 0 0 0 0 0 0 0 0 0 0 3322 3327 0 0 0 0 0 0 0
3322 0 0 0 0 0 0 0 0 0 0 0 0 0 0 0 0 0 0 3323 0 0 0 0 0 0 0 0 0 0 0
3323 0 3324 0 0 0 0 0 0 0 0 0 0 0 0 0 0 0 0 0 0 0 0 0 0 0 0 0 0 0 0
3324 0 0 0 0 0 0 0 3325 0 0 0 0 0 0 0 0 0 0 0 0 0 0 0 0 0 0 0 0 0 0
3325 0 0 0 0 0 3326 0 0 0 0 0 0 0 0 0 0 0 0 0 0 0 0 0 0 0 0 0 0 0 0
3326 0 0 0 0 0 0 0 0 0 0 0 0 0 0 0 0 0 0 0 0 0 0 0 0 0 0 0 0 0 1 discourage
3327 0 0 0 0 0 3328 0 0 0 0 0 0 0 0 0 0 0 0 0 0 0 0 0 0 0 0 0 0 0 0
3328 0 0 0 0 0 0 0 0 0 0 0 0 0 0 0 0 0 0 3329 0 0 0 0 0 0 0 0 0 0 0
3329 0 0 0 0 0 0 0 0 0 0 0 0 0 0 0 0 0 0 0 0 0 0 0 0 0 3330 0 0 0 1 discover
3330 0 0 0 0 0 0 0 0 0 0 0 0 0 0 0 0 0 0 0 0 0 0 0 0 0 0 0 0 0 1 discovery
3331 0 0 0 0 0 0 0 0 0 0 0 0 0 0 0 0 0 0 0 3332 0 0 0 0 0 0 0 0 0 0
3332 0 0 0 0 0 0 0 0 0 0 0 0 0 0 0 0 0 0 0 3333 0 0 0 0 0 0 0 0 0 0
3333 0 0 0 0 0 0 0 0 0 3334 0 0 0 0 0 0 0 0 0 0 0 0 0 0 0 0 0 0 0 1 discuss
3334 0 0 0 0 0 0 0 0 0 0 0 0 0 0 0 3335 0 0 0 0 0 0 0 0 0 0 0 0 0 0
3335 0 0 0 0 0 0 0 0 0 0 0 0 0 0 3336 0 0 0 0 0 0 0 0 0 0 0 0 0 0 0
3336 0 0 0 0 0 0 0 0 0 0 0 0 0 0 0 0 0 0 0 0 0 0 0 0 0 0 0 0 0 1 discussion
3337 0 3338 0 0 0 0 0 0 0 0 0 0 0 0 0 0 0 0 0 0 0 0 0 0 0 0 0 0 0 0
3338 0 0 0 0 0 0 0 0 0 0 0 0 0 0 0 0 0 0 0 3339 0 0 0 0 0 0 0 0 0 0
3339 0 0 0 0 0 3340 0 0 0 0 0 0 0 0 0 0 0 0 0 0 0 0 0 0 0 0 0 0 0 0
3340 0 0 0 0 0 0 0 0 0 0 0 0 0 0 0 0 0 0 0 0 0 0 0 0 0 0 0 0 0 1 disease
3341 0 0 0 0 0 0 0 0 0 0 0 0 0 0 0 0 0 0 0 0 0 3342 0 0 0 0 0 0 0 0
3342 0 0 0 0 0 0 0 0 0 3343 0 0 0 0 0 0 0 0 0 3346 0 0 0 0 0 0 0 0 0 0
3343 0 0 0 0 0 0 0 0 0 0 0 0 0 0 0 0 0 0 0 3344 0 0 0 0 0 0 0 0 0 0
3344 0 0 0 0 0 3345 0 0 0 0 0 0 0 0 0 0 0 0 0 0 0 0 0 0 0 0 0 0 0 0
3345 0 0 0 0 0 0 0 0 0 0 0 0 0 0 0 0 0 0 0 0 0 0 0 0 0 0 0 0 0 1 disguise
3346 0 0 0 0 0 0 0 0 0 0 0 0 0 0 0 0 0 0 0 0 3347 0 0 0 0 0 0 0 0 0
3347 0 0 0 0 0 0 0 0 0 0 0 0 0 0 0 0 0 0 0 0 0 0 0 0 0 0 0 0 0 1 disgust
3348 0 0 0 0 0 0 0 0 0 0 0 0 0 0 0 3349 0 0 0 0 0 0 0 0 0 0 0 0 0 1 dish
3349 0 0 0 0 0 0 0 0 0 0 0 0 0 0 3350 0 0 0 0 0 0 0 0 0 0 0 0 0 0 0
3350 0 0 0 0 0 0 0 0 0 0 0 0 0 0 0 3351 0 0 0 0 0 0 0 0 0 0 0 0 0 0
3351 0 0 0 0 0 0 0 0 0 0 0 0 0 0 0 0 0 0 0 0 0 3352 0 0 0 0 0 0 0 0
3352 0 0 0 0 0 0 0 0 0 0 0 0 0 0 0 0 0 0 3353 0 0 0 0 0 0 0 0 0 0 0
3353 0 0 0 0 0 0 0 0 0 0 0 0 0 0 0 0 0 0 0 0 0 0 0 0 0 0 0 0 0 1 dishonour
3354 0 0 0 0 0 0 0 0 0 3355 0 0 0 0 0 0 0 0 0 0 0 0 0 0 0 0 0 0 0 0
3355 0 0 0 0 0 0 0 0 0 0 0 3356 0 0 0 0 0 0 0 0 0 0 0 0 0 0 0 0 0 0
3356 0 0 0 0 0 3357 0 0 0 0 0 0 0 0 0 0 0 0 0 0 0 0 0 0 0 0 0 0 0 0
3357 0 0 0 0 0 0 0 0 0 0 0 0 0 0 0 0 0 0 0 0 0 0 0 0 0 0 0 0 0 1 dislike
3358 0 0 0 0 0 0 0 0 0 3359 0 0 0 0 0 0 0 0 0 0 0 0 0 0 0 0 0 0 0 0
3359 0 0 0 0 0 0 0 0 0 0 0 0 0 0 0 0 0 0 0 3360 0 0 0 0 0 0 0 0 0 0
3360 0 0 0 0 0 0 0 0 0 0 0 0 0 0 0 0 0 0 0 3361 0 0 0 0 0 0 0 0 0 0
3361 0 0 0 0 0 0 0 0 0 0 0 0 0 0 0 0 0 0 0 0 0 0 0 0 0 0 0 0 0 1 dismiss
3362 0 0 0 0 0 0 0 0 0 0 0 0 0 0 0 0 0 0 3363 0 0 0 0 0 0 0 0 0 0 0
3363 0 0 0 0 3364 0 0 0 0 0 0 0 0 0 0 0 0 0 0 0 0 0 0 0 0 0 0 0 0 0
3364 0 0 0 0 0 3365 0 0 0 0 0 0 0 0 0 0 0 0 0 0 0 0 0 0 0 0 0 0 0 0
3365 0 0 0 0 0 0 0 0 0 0 0 0 0 0 0 0 0 0 3366 0 0 0 0 0 0 0 0 0 0 0
3366 0 0 0 0 0 0 0 0 0 0 0 0 0 0 0 0 0 0 0 0 0 0 0 0 0 0 0 0 0 1 disorder
3367 0 0 0 0 0 0 0 0 0 0 0 0 3368 0 0 3371 0 0 0 0 0 3380 0 0 0 0 0 0 0 0
3368 0 3369 0 0 0 3376 0 0 0 0 0 0 0 0 0 0 0 0 0 0 0 0 0 0 0 0 0 0 0 0
3369 0 0 0 0 0 0 0 0 0 0 0 0 0 0 0 0 0 0 0 0 0 0 0 0 0 3370 0 0 0 0
3370 0 0 0 0 0 0 0 0 0 0 0 0 0 0 0 0 0 0 0 0 0 0 0 0 0 0 0 0 0 1 display
3371 0 0 0 0 0 0 0 0 0 0 0 0 0 0 0 0 0 0 0 3372 0 0 0 0 0 0 0 0 0 0
3372 0 3373 0 0 0 3375 0 0 0 0 0 0 0 0 0 0 0 0 0 0 0 0 0 0 0 0 0 0 0 0
3373 0 0 0 0 0 0 0 0 0 0 0 0 3374 0 0 0 0 0 0 0 0 0 0 0 0 0 0 0 0 0
3374 0 0 0 0 0 0 0 0 0 0 0 0 0 0 0 0 0 0 0 0 0 0 0 0 0 0 0 0 0 1 disposal
3375 0 0 0 0 0 0 0 0 0 0 0 0 0 0 0 0 0 0 0 0 0 0 0 0 0 0 0 0 0 1 dispose
3376 0 3377 0 0 0 0 0 0 0 0 0 0 0 0 0 0 0 0 0 0 0 0 0 0 0 0 0 0 0 0
3377 0 0 0 0 0 0 0 0 0 0 0 0 0 0 0 0 0 0 0 3378 0 0 0 0 0 0 0 0 0 0
3378 0 0 0 0 0 3379 0 0 0 0 0 0 0 0 0 0 0 0 0 0 0 0 0 0 0 0 0 0 0 0
3379 0 0 0 0 0 0 0 0 0 0 0 0 0 0 0 0 0 0 0 0 0 0 0 0 0 0 0 0 0 1 displease
3380 0 0 0 0 0 0 0 0 0 0 0 0 0 0 0 0 0 0 0 0 3381 0 0 0 0 0 0 0 0 0
3381 0 0 0 0 0 3382 0 0 0 0 0 0 0 0 0 0 0 0 0 0 0 0 0 0 0 0 0 0 0 0
3382 0 0 0 0 0 0 0 0 0 0 0 0 0 0 0 0 0 0 0 0 0 0 0 0 0 0 0 0 0 1 dispute
3383 0 3384 0 0 0 0 0 0 0 0 0 0 0 0 0 3390 0 0 0 0 0 0 0 0 0 0 0 0 0 0
3384 0 0 0 0 0 0 0 0 0 0 0 0 0 0 0 0 0 0 0 0 3385 0 0 0 0 0 0 0 0 0
3385 0 0 0 0 0 0 0 0 0 3386 0 0 0 0 0 0 0 0 0 0 0 0 0 0 0 0 0 0 0 0
3386 0 0 0 0 0 0 0 0 0 0 0 0 0 0 0 0 0 0 0 3387 0 0 0 0 0 0 0 0 0 0
3387 0 0 0 0 0 0 3388 0 0 0 0 0 0 0 0 0 0 0 0 0 0 0 0 0 0 0 0 0 0 0
3388 0 0 0 0 0 0 0 0 0 0 0 0 0 0 0 0 0 0 0 0 0 0 0 0 0 3389 0 0 0 0
3389 0 0 0 0 0 0 0 0 0 0 0 0 0 0 0 0 0 0 0 0 0 0 0 0 0 0 0 0 0 1 dissatisfy
3390 0 0 0 0 0 0 0 0 0 0 0 0 3391 0 0 0 0 0 0 0 0 0 0 0 0 0 0 0 0 0
3391 0 0 0 0 0 0 0 0 0 0 0 0 0 0 0 0 0 0 0 0 0 0 3392 0 0 0 0 0 0 0
3392 0 0 0 0 0 3393 0 0 0 0 0 0 0 0 0 0 0 0 0 0 0 0 0 0 0 0 0 0 0 0
3393 0 0 0 0 0 0 0 0 0 0 0 0 0 0 0 0 0 0 0 0 0 0 0 0 0 0 0 0 0 1 dissolve
3394 0 3395 0 0 0 0 0 0 0 3400 0 0 0 0 0 0 0 0 3412 0 0 3426 0 0 0 0 0 0 0 0
3395 0 0 0 0 0 0 0 0 0 0 0 0 0 0 3396 0 0 0 0 0 0 0 0 0 0 0 0 0 0 0
3396 0 0 0 3397 0 0 0 0 0 0 0 0 0 0 0 0 0 0 0 0 3399 0 0 0 0 0 0 0 0 0
3397 0 0 0 0 0 3398 0 0 0 0 0 0 0 0 0 0 0 0 0 0 0 0 0 0 0 0 0 0 0 0
3398 0 0 0 0 0 0 0 0 0 0 0 0 0 0 0 0 0 0 0 0 0 0 0 0 0 0 0 0 0 1 distance
3399 0 0 0 0 0 0 0 0 0 0 0 0 0 0 0 0 0 0 0 0 0 0 0 0 0 0 0 0 0 1 distant
3400 0 0 0 0 0 0 0 0 0 0 0 0 0 0 3401 0 0 0 0 0 0 0 0 0 0 0 0 0 0 0
3401 0 0 0 3402 0 0 0 3407 0 0 0 0 0 0 0 0 0 0 0 0 0 0 0 0 0 0 0 0 0 0
3402 0 0 0 0 0 0 0 0 0 0 0 0 0 0 0 0 0 0 0 0 3403 0 0 0 0 0 0 0 0 0
3403 0 0 0 0 0 0 0 0 0 3404 0 0 0 0 0 0 0 0 0 0 0 0 0 0 0 0 0 0 0 1 distinct
3404 0 0 0 0 0 0 0 0 0 0 0 0 0 0 0 3405 0 0 0 0 0 0 0 0 0 0 0 0 0 0
3405 0 0 0 0 0 0 0 0 0 0 0 0 0 0 3406 0 0 0 0 0 0 0 0 0 0 0 0 0 0 0
3406 0 0 0 0 0 0 0 0 0 0 0 0 0 0 0 0 0 0 0 0 0 0 0 0 0 0 0 0 0 1 distinction
3407 0 0 0 0 0 0 0 0 0 0 0 0 0 0 0 0 0 0 0 0 0 3408 0 0 0 0 0 0 0 0
3408 0 0 0 0 0 0 0 0 0 3409 0 0 0 0 0 0 0 0 0 0 0 0 0 0 0 0 0 0 0 0
3409 0 0 0 0 0 0 0 0 0 0 0 0 0 0 0 0 0 0 0 3410 0 0 0 0 0 0 0 0 0 0
3410 0 0 0 0 0 0 0 0 3411 0 0 0 0 0 0 0 0 0 0 0 0 0 0 0 0 0 0 0 0 0
3411 0 0 0 0 0 0 0 0 0 0 0 0 0 0 0 0 0 0 0 0 0 0 0 0 0 0 0 0 0 1 distinguish
3412 0 0 0 0 0 3413 0 0 0 3416 0 0 0 0 0 0 0 0 0 0 0 0 0 0 0 0 0 0 0 0
3413 0 0 0 0 0 0 0 0 0 0 0 0 0 0 0 0 0 0 0 3414 0 0 0 0 0 0 0 0 0 0
3414 0 0 0 0 0 0 0 0 0 0 0 0 0 0 0 0 0 0 0 3415 0 0 0 0 0 0 0 0 0 0
3415 0 0 0 0 0 0 0 0 0 0 0 0 0 0 0 0 0 0 0 0 0 0 0 0 0 0 0 0 0 1 distress
3416 0 0 3417 3424 0 0 0 0 0 0 0 0 0 0 0 0 0 0 0 0 0 0 0 0 0 0 0 0 0 0
3417 0 0 0 0 0 0 0 0 0 0 0 0 0 0 0 0 0 0 0 0 0 3418 0 0 0 0 0 0 0 0
3418 0 0 0 0 0 0 0 0 0 0 0 0 0 0 0 0 0 0 0 0 3419 0 0 0 0 0 0 0 0 0
3419 0 0 0 0 0 3420 0 0 0 3421 0 0 0 0 0 0 0 0 0 0 0 0 0 0 0 0 0 0 0 0
3420 0 0 0 0 0 0 0 0 0 0 0 0 0 0 0 0 0 0 0 0 0 0 0 0 0 0 0 0 0 1 distribute
3421 0 0 0 0 0 0 0 0 0 0 0 0 0 0 0 3422 0 0 0 0 0 0 0 0 0 0 0 0 0 0
3422 0 0 0 0 0 0 0 0 0 0 0 0 0 0 3423 0 0 0 0 0 0 0 0 0 0 0 0 0 0 0
3423 0 0 0 0 0 0 0 0 0 0 0 0 0 0 0 0 0 0 0 0 0 0 0 0 0 0 0 0 0 1 distribution
3424 0 0 0 0 0 0 0 0 0 0 0 0 0 0 0 0 0 0 0 0 3425 0 0 0 0 0 0 0 0 0
3425 0 0 0 0 0 0 0 0 0 0 0 0 0 0 0 0 0 0 0 0 0 0 0 0 0 0 0 0 0 1 district
3426 0 0 0 0 0 0 0 0 0 0 0 0 0 0 0 0 0 0 3427 0 0 0 0 0 0 0 0 0 0 0
3427 0 0 3428 0 0 0 0 0 0 0 0 0 0 0 0 0 0 0 0 0 0 0 0 0 0 0 0 0 0 0
3428 0 0 0 0 0 0 0 0 0 0 0 0 0 0 0 0 0 0 0 0 0 0 0 0 0 0 0 0 0 1 disturb
3429 0 0 0 3430 0 0 0 0 0 0 0 0 0 0 0 0 0 0 0 0 0 0 0 0 0 0 0 0 0 0
3430 0 0 0 0 0 0 0 0 3431 0 0 0 0 0 0 0 0 0 0 0 0 0 0 0 0 0 0 0 0 0
3431 0 0 0 0 0 0 0 0 0 0 0 0 0 0 0 0 0 0 0 0 0 0 0 0 0 0 0 0 0 1 ditch
3432 0 0 0 0 0 3433 0 0 0 3437 0 0 0 0 0 3444 0 0 0 0 0 0 0 0 0 0 0 0 0 0
3433 0 0 0 0 0 0 0 0 0 0 0 0 0 0 0 0 0 0 3434 0 0 0 0 0 0 0 0 0 0 1 dive
3434 0 0 0 0 0 0 0 0 0 0 0 0 0 0 0 0 0 0 0 3435 0 0 0 0 0 0 0 0 0 0
3435 0 0 0 0 0 3436 0 0 0 0 0 0 0 0 0 0 0 0 0 0 0 0 0 0 0 0 0 0 0 0
3436 0 0 0 0 0 0 0 0 0 0 0 0 0 0 0 0 0 0 0 0 0 0 0 0 0 0 0 0 0 1 diverse
3437 0 0 0 0 3438 0 0 0 0 0 0 0 0 0 0 0 0 0 0 3440 0 0 0 0 0 0 0 0 0 0
3438 0 0 0 0 0 3439 0 0 0 0 0 0 0 0 0 0 0 0 0 0 0 0 0 0 0 0 0 0 0 0
3439 0 0 0 0 0 0 0 0 0 0 0 0 0 0 0 0 0 0 0 0 0 0 0 0 0 0 0 0 0 1 divide
3440 0 0 0 0 0 0 0 0 0 3441 0 0 0 0 0 0 0 0 0 0 0 0 0 0 0 0 0 0 0 0
3441 0 0 0 0 0 0 0 0 0 0 0 0 0 0 0 3442 0 0 0 0 0 0 0 0 0 0 0 0 0 0
3442 0 0 0 0 0 0 0 0 0 0 0 0 0 0 3443 0 0 0 0 0 0 0 0 0 0 0 0 0 0 0
3443 0 0 0 0 0 0 0 0 0 0 0 0 0 0 0 0 0 0 0 0 0 0 0 0 0 0 0 0 0 1 division
3444 0 0 0 0 0 0 0 0 0 0 0 0 0 0 0 0 0 0 3445 0 0 0 0 0 0 0 0 0 0 0
3445 0 0 0 3446 0 0 0 0 0 0 0 0 0 0 0 0 0 0 0 0 0 0 0 0 0 0 0 0 0 0
3446 0 0 0 0 0 3447 0 0 0 0 0 0 0 0 0 0 0 0 0 0 0 0 0 0 0 0 0 0 0 0
3447 0 0 0 0 0 0 0 0 0 0 0 0 0 0 0 0 0 0 0 0 0 0 0 0 0 0 0 0 0 1 divorce
3448 0 0 0 3449 0 0 0 3459 0 0 0 0 3460 3464 3470 3474 0 0 3476 3483 3485 3486 0 3498 0 0 3510 0 0 1 do
3449 0 0 0 0 0 0 0 0 0 0 0 3450 0 0 0 0 0 0 0 0 3451 3454 0 0 0 0 0 0 0 0
3450 0 0 0 0 0 0 0 0 0 0 0 0 0 0 0 0 0 0 0 0 0 0 0 0 0 0 0 0 0 1 dock
3451 0 0 0 0 0 0 0 0 0 0 0 0 0 0 0 3452 0 0 0 0 0 0 0 0 0 0 0 0 0 0
3452 0 0 0 0 0 0 0 0 0 0 0 0 0 0 0 0 0 0 3453 0 0 0 0 0 0 0 0 0 0 0
3453 0 0 0 0 0 0 0 0 0 0 0 0 0 0 0 0 0 0 0 0 0 0 0 0 0 0 0 0 0 1 doctor
3454 0 0 0 0 0 0 0 0 0 0 0 0 0 3455 0 0 0 0 0 0 0 0 0 0 0 0 0 0 0 0
3455 0 0 0 0 0 3456 0 0 0 0 0 0 0 0 0 0 0 0 0 0 0 0 0 0 0 0 0 0 0 0
3456 0 0 0 0 0 0 0 0 0 0 0 0 0 0 3457 0 0 0 0 0 0 0 0 0 0 0 0 0 0 0
3457 0 0 0 0 0 0 0 0 0 0 0 0 0 0 0 0 0 0 0 0 3458 0 0 0 0 0 0 0 0 0
3458 0 0 0 0 0 0 0 0 0 0 0 0 0 0 0 0 0 0 0 0 0 0 0 0 0 0 0 0 0 1 document
3459 0 0 0 0 0 0 0 0 0 0 0 0 0 0 0 0 0 0 0 0 0 0 0 0 0 0 0 0 0 1 dog
3460 0 0 0 0 0 0 0 0 0 0 0 0 3461 0 0 0 0 0 0 0 0 0 0 0 0 0 0 0 0 0
3461 0 3462 0 0 0 0 0 0 0 0 0 0 0 0 0 0 0 0 0 0 0 0 0 0 0 0 0 0 0 0
3462 0 0 0 0 0 0 0 0 0 0 0 0 0 0 0 0 0 0 3463 0 0 0 0 0 0 0 0 0 0 0
3463 0 0 0 0 0 0 0 0 0 0 0 0 0 0 0 0 0 0 0 0 0 0 0 0 0 0 0 0 0 1 dollar
3464 0 0 0 0 0 3465 0 0 0 0 0 0 0 0 0 0 0 0 0 0 0 0 0 0 0 0 0 0 0 0
3465 0 0 0 0 0 0 0 0 0 0 0 0 0 0 0 0 0 0 0 3466 0 0 0 0 0 0 0 0 0 0
3466 0 0 0 0 0 0 0 0 0 0 0 0 0 0 0 0 0 0 0 0 3467 0 0 0 0 0 0 0 0 0
3467 0 0 0 0 0 0 0 0 0 3468 0 0 0 0 0 0 0 0 0 0 0 0 0 0 0 0 0 0 0 0
3468 0 0 0 3469 0 0 0 0 0 0 0 0 0 0 0 0 0 0 0 0 0 0 0 0 0 0 0 0 0 0
3469 0 0 0 0 0 0 0 0 0 0 0 0 0 0 0 0 0 0 0 0 0 0 0 0 0 0 0 0 0 1 domestic
3470 0 0 0 0 0 0 0 0 0 0 0 3471 0 0 0 0 0 0 0 0 0 0 0 0 0 0 0 0 0 0
3471 0 0 0 0 0 3472 0 0 0 0 0 0 0 0 0 0 0 0 0 0 0 0 0 0 0 0 0 0 0 0
3472 0 0 0 0 0 0 0 0 0 0 0 0 0 0 0 0 0 0 0 0 0 0 0 0 0 3473 0 0 0 0
3473 0 0 0 0 0 0 0 0 0 0 0 0 0 0 0 0 0 0 0 0 0 0 0 0 0 0 0 0 0 1 donkey
3474 0 0 0 0 0 0 0 0 0 0 0 0 0 0 0 0 0 0 3475 0 0 0 0 0 0 0 0 0 0 0
3475 0 0 0 0 0 0 0 0 0 0 0 0 0 0 0 0 0 0 0 0 0 0 0 0 0 0 0 0 0 1 door
3476 0 0 0 0 0 0 0 0 0 0 0 0 0 3477 0 0 0 0 0 0 0 0 0 0 0 0 0 0 0 0
3477 0 0 0 0 0 0 0 0 0 3478 0 0 0 0 0 0 0 0 0 0 0 0 0 0 0 0 0 0 0 1 dorm
3478 0 0 0 0 0 0 0 0 0 0 0 0 0 0 0 0 0 0 0 0 3479 0 0 0 0 0 0 0 0 0
3479 0 0 0 0 0 0 0 0 0 0 0 0 0 0 0 3480 0 0 0 0 0 0 0 0 0 0 0 0 0 0
3480 0 0 0 0 0 0 0 0 0 0 0 0 0 0 0 0 0 0 3481 0 0 0 0 0 0 0 0 0 0 0
3481 0 0 0 0 0 0 0 0 0 0 0 0 0 0 0 0 0 0 0 0 0 0 0 0 0 3482 0 0 0 0
3482 0 0 0 0 0 0 0 0 0 0 0 0 0 0 0 0 0 0 0 0 0 0 0 0 0 0 0 0 0 1 dormitory
3483 0 0 0 0 0 3484 0 0 0 0 0 0 0 0 0 0 0 0 0 0 0 0 0 0 0 0 0 0 0 0
3484 0 0 0 0 0 0 0 0 0 0 0 0 0 0 0 0 0 0 0 0 0 0 0 0 0 0 0 0 0 1 dose
3485 0 0 0 0 0 0 0 0 0 0 0 0 0 0 0 0 0 0 0 0 0 0 0 0 0 0 0 0 0 1 dot
3486 0 0 3487 0 0 0 0 0 0 0 0 0 0 0 0 0 0 0 0 0 0 0 0 0 0 0 0 0 0 0
3487 0 0 0 0 0 0 0 0 0 0 0 0 3488 0 0 0 0 0 0 0 3490 0 0 0 0 0 0 0 0 0
3488 0 0 0 0 0 3489 0 0 0 0 0 0 0 0 0 0 0 0 0 0 0 0 0 0 0 0 0 0 0 0
3489 0 0 0 0 0 0 0 0 0 0 0 0 0 0 0 0 0 0 0 0 0 0 0 0 0 0 0 0 0 1 double
3490 0 0 0 0 0 0 3491 0 0 0 0 0 3494 0 0 0 0 0 0 0 0 0 0 0 0 0 0 0 0 1 doubt
3491 0 0 0 0 0 0 0 0 0 0 0 0 0 0 0 0 0 0 0 0 0 3492 0 0 0 0 0 0 0 0
3492 0 0 0 0 0 0 0 0 0 0 0 0 3493 0 0 0 0 0 0 0 0 0 0 0 0 0 0 0 0 0
3493 0 0 0 0 0 0 0 0 0 0 0 0 0 0 0 0 0 0 0 0 0 0 0 0 0 0 0 0 0 1 doubtful
3494 0 0 0 0 0 3495 0 0 0 0 0 0 0 0 0 0 0 0 0 0 0 0 0 0 0 0 0 0 0 0
3495 0 0 0 0 0 0 0 0 0 0 0 0 0 0 0 0 0 0 0 3496 0 0 0 0 0 0 0 0 0 0
3496 0 0 0 0 0 0 0 0 0 0 0 0 0 0 0 0 0 0 0 3497 0 0 0 0 0 0 0 0 0 0
3497 0 0 0 0 0 0 0 0 0 0 0 0 0 0 0 0 0 0 0 0 0 0 0 0 0 0 0 0 0 1 doubtless
3498 0 0 0 0 0 0 0 0 0 0 0 0 0 0 3499 0 0 0 0 0 0 0 0 0 0 0 0 0 0 0
3499 0 0 0 0 0 0 0 0 0 0 0 0 0 0 0 0 0 0 0 3500 0 0 0 3506 0 0 0 0 0 1 down
3500 0 0 0 0 0 0 0 0 0 0 0 0 0 0 0 0 0 0 0 0 3501 0 0 0 0 0 0 0 0 0
3501 0 3502 0 0 0 0 0 0 0 0 0 0 0 0 0 0 0 0 0 0 0 0 0 0 0 0 0 0 0 0
3502 0 0 0 0 0 0 0 0 0 3503 0 0 0 0 0 0 0 0 0 0 0 0 0 0 0 0 0 0 0 0
3503 0 0 0 0 0 0 0 0 0 0 0 0 0 0 0 0 0 0 3504 0 0 0 0 0 0 0 0 0 0 0
3504 0 0 0 0 0 0 0 0 0 0 0 0 0 0 0 0 0 0 0 3505 0 0 0 0 0 0 0 0 0 0
3505 0 0 0 0 0 0 0 0 0 0 0 0 0 0 0 0 0 0 0 0 0 0 0 0 0 0 0 0 0 1 downstairs
3506 0 3507 0 0 0 0 0 0 0 0 0 0 0 0 0 0 0 0 0 0 0 0 0 0 0 0 0 0 0 0
3507 0 0 0 0 0 0 0 0 0 0 0 0 0 0 0 0 0 0 3508 0 0 0 0 0 0 0 0 0 0 0
3508 0 0 0 0 3509 0 0 0 0 0 0 0 0 0 0 0 0 0 0 0 0 0 0 0 0 0 0 0 0 0
3509 0 0 0 0 0 0 0 0 0 0 0 0 0 0 0 0 0 0 0 0 0 0 0 0 0 0 0 0 0 1 downward
3510 0 0 0 0 0 3511 0 0 0 0 0 0 0 0 0 0 0 0 0 0 0 0 0 0 0 0 0 0 0 0
3511 0 0 0 0 0 0 0 0 0 0 0 0 0 0 3512 0 0 0 0 0 0 0 0 0 0 0 0 0 0 0
3512 0 0 0 0 0 0 0 0 0 0 0 0 0 0 0 0 0 0 0 0 0 0 0 0 0 0 0 0 0 1 dozen
3513 0 3514 0 0 0 3533 0 0 0 3539 0 0 0 0 0 3550 0 0 0 0 0 3558 0 0 0 3563 0 0 0 0
3514 0 0 0 0 0 0 3515 3517 0 3520 0 0 0 3522 0 0 0 0 0 0 0 0 0 3527 0 0 0 0 0 0
3515 0 0 0 0 0 0 0 0 0 0 0 0 0 0 0 0 0 0 0 0 3516 0 0 0 0 0 0 0 0 0
3516 0 0 0 0 0 0 0 0 0 0 0 0 0 0 0 0 0 0 0 0 0 0 0 0 0 0 0 0 0 1 draft
3517 0 0 0 0 0 0 0 0 0 0 0 0 0 0 0 3518 0 0 0 0 0 0 0 0 0 0 0 0 0 1 drag
3518 0 0 0 0 0 0 0 0 0 0 0 0 0 0 3519 0 0 0 0 0 0 0 0 0 0 0 0 0 0 0
3519 0 0 0 0 0 0 0 0 0 0 0 0 0 0 0 0 0 0 0 0 0 0 0 0 0 0 0 0 0 1 dragon
3520 0 0 0 0 0 0 0 0 0 0 0 0 0 0 3521 0 0 0 0 0 0 0 0 0 0 0 0 0 0 0
3521 0 0 0 0 0 0 0 0 0 0 0 0 0 0 0 0 0 0 0 0 0 0 0 0 0 0 0 0 0 1 drain
3522 0 3523 0 0 0 0 0 0 0 0 0 0 0 0 0 0 0 0 0 0 0 0 0 0 0 0 0 0 0 0
3523 0 0 0 0 0 0 0 0 0 0 0 0 0 0 0 0 0 0 0 0 3524 0 0 0 0 0 0 0 0 1 drama
3524 0 0 0 0 0 0 0 0 0 3525 0 0 0 0 0 0 0 0 0 0 0 0 0 0 0 0 0 0 0 0
3525 0 0 0 3526 0 0 0 0 0 0 0 0 0 0 0 0 0 0 0 0 0 0 0 0 0 0 0 0 0 0
3526 0 0 0 0 0 0 0 0 0 0 0 0 0 0 0 0 0 0 0 0 0 0 0 0 0 0 0 0 0 1 dramatic
3527 0 0 0 0 0 3528 0 0 0 3530 0 0 0 0 0 0 0 0 0 0 0 0 0 0 0 0 0 0 0 1 draw
3528 0 0 0 0 0 0 0 0 0 0 0 0 0 0 0 0 0 0 3529 0 0 0 0 0 0 0 0 0 0 0
3529 0 0 0 0 0 0 0 0 0 0 0 0 0 0 0 0 0 0 0 0 0 0 0 0 0 0 0 0 0 1 drawer
3530 0 0 0 0 0 0 0 0 0 0 0 0 0 0 3531 0 0 0 0 0 0 0 0 0 0 0 0 0 0 0
3531 0 0 0 0 0 0 0 3532 0 0 0 0 0 0 0 0 0 0 0 0 0 0 0 0 0 0 0 0 0 0
3532 0 0 0 0 0 0 0 0 0 0 0 0 0 0 0 0 0 0 0 0 0 0 0 0 0 0 0 0 0 1 drawing
3533 0 3534 0 0 0 0 0 0 0 0 0 0 0 0 0 0 0 0 0 3537 0 0 0 0 0 0 0 0 0 0
3534 0 0 0 0 3535 0 0 0 0 0 0 0 0 3536 0 0 0 0 0 0 0 0 0 0 0 0 0 0 0 0
3535 0 0 0 0 0 0 0 0 0 0 0 0 0 0 0 0 0 0 0 0 0 0 0 0 0 0 0 0 0 1 dread
3536 0 0 0 0 0 0 0 0 0 0 0 0 0 0 0 0 0 0 0 0 0 0 0 0 0 0 0 0 0 1 dream
3537 0 0 0 0 0 0 0 0 0 0 0 0 0 0 0 0 0 0 0 3538 0 0 0 0 0 0 0 0 0 0
3538 0 0 0 0 0 0 0 0 0 0 0 0 0 0 0 0 0 0 0 0 0 0 0 0 0 0 0 0 0 1 dress
3539 0 0 0 0 0 0 3540 0 0 0 0 0 3542 0 3544 0 3546 0 0 0 0 0 3547 0 0 0 0 0 0 0
3540 0 0 0 0 0 0 0 0 0 0 0 0 0 0 0 0 0 0 0 0 3541 0 0 0 0 0 0 0 0 0
3541 0 0 0 0 0 0 0 0 0 0 0 0 0 0 0 0 0 0 0 0 0 0 0 0 0 0 0 0 0 1 drift
3542 0 0 0 0 0 0 0 0 0 0 0 0 3543 0 0 0 0 0 0 0 0 0 0 0 0 0 0 0 0 0
3543 0 0 0 0 0 0 0 0 0 0 0 0 0 0 0 0 0 0 0 0 0 0 0 0 0 0 0 0 0 1 drill
3544 0 0 0 0 0 0 0 0 0 0 0 3545 0 0 0 0 0 0 0 0 0 0 0 0 0 0 0 0 0 0
3545 0 0 0 0 0 0 0 0 0 0 0 0 0 0 0 0 0 0 0 0 0 0 0 0 0 0 0 0 0 1 drink
3546 0 0 0 0 0 0 0 0 0 0 0 0 0 0 0 0 0 0 0 0 0 0 0 0 0 0 0 0 0 1 drip
3547 0 0 0 0 0 3548 0 0 0 0 0 0 0 0 0 0 0 0 0 0 0 0 0 0 0 0 0 0 0 0
3548 0 0 0 0 0 0 0 0 0 0 0 0 0 0 0 0 0 0 3549 0 0 0 0 0 0 0 0 0 0 1 drive
3549 0 0 0 0 0 0 0 0 0 0 0 0 0 0 0 0 0 0 0 0 0 0 0 0 0 0 0 0 0 1 driver
3550 0 0 0 0 0 0 0 0 0 0 0 0 0 0 0 0 3551 0 0 0 0 3552 0 3556 0 0 0 0 0 0
3551 0 0 0 0 0 0 0 0 0 0 0 0 0 0 0 0 0 0 0 0 0 0 0 0 0 0 0 0 0 1 drop
3552 0 0 0 0 0 0 0 3553 0 0 0 0 0 0 0 0 0 0 0 0 0 0 0 0 0 0 0 0 0 0
3553 0 0 0 0 0 0 0 0 3554 0 0 0 0 0 0 0 0 0 0 0 0 0 0 0 0 0 0 0 0 0
3554 0 0 0 0 0 0 0 0 0 0 0 0 0 0 0 0 0 0 0 0 3555 0 0 0 0 0 0 0 0 0
3555 0 0 0 0 0 0 0 0 0 0 0 0 0 0 0 0 0 0 0 0 0 0 0 0 0 0 0 0 0 1 drought
3556 0 0 0 0 0 0 0 0 0 0 0 0 0 0 3557 0 0 0 0 0 0 0 0 0 0 0 0 0 0 0
3557 0 0 0 0 0 0 0 0 0 0 0 0 0 0 0 0 0 0 0 0 0 0 0 0 0 0 0 0 0 1 drown
3558 0 0 0 0 0 0 0 3559 0 0 0 0 0 3560 3561 0 0 0 0 0 0 0 0 0 0 0 0 0 0 0
3559 0 0 0 0 0 0 0 0 0 0 0 0 0 0 0 0 0 0 0 0 0 0 0 0 0 0 0 0 0 1 drug
3560 0 0 0 0 0 0 0 0 0 0 0 0 0 0 0 0 0 0 0 0 0 0 0 0 0 0 0 0 0 1 drum
3561 0 0 0 0 0 0 0 0 0 0 0 3562 0 0 0 0 0 0 0 0 0 0 0 0 0 0 0 0 0 0
3562 0 0 0 0 0 0 0 0 0 0 0 0 0 0 0 0 0 0 0 0 0 0 0 0 0 0 0 0 0 1 drunk
3563 0 0 0 0 0 0 0 0 0 0 0 0 0 0 0 0 0 0 0 0 0 0 0 0 0 0 0 0 0 1 dry
3564 0 0 0 3565 0 3567 0 0 0 0 0 0 3568 3570 0 0 0 0 3573 3585 3588 0 0 0 0 0 0 0 0 0
3565 0 0 0 0 0 0 0 0 0 0 0 3566 0 0 0 0 0 0 0 0 0 0 0 0 0 0 0 0 0 0
3566 0 0 0 0 0 0 0 0 0 0 0 0 0 0 0 0 0 0 0 0 0 0 0 0 0 0 0 0 0 1 duck
3567 0 0 0 0 0 0 0 0 0 0 0 0 0 0 0 0 0 0 0 0 0 0 0 0 0 0 0 0 0 1 due
3568 0 0 0 0 0 0 0 0 0 0 0 0 3569 0 0 0 0 0 0 0 0 0 0 0 0 0 0 0 0 0
3569 0 0 0 0 0 0 0 0 0 0 0 0 0 0 0 0 0 0 0 0 0 0 0 0 0 0 0 0 0 1 dull
3570 0 0 3571 0 0 0 0 0 0 0 0 0 0 0 0 0 3572 0 0 0 0 0 0 0 0 0 0 0 0 0
3571 0 0 0 0 0 0 0 0 0 0 0 0 0 0 0 0 0 0 0 0 0 0 0 0 0 0 0 0 0 1 dumb
3572 0 0 0 0 0 0 0 0 0 0 0 0 0 0 0 0 0 0 0 0 0 0 0 0 0 0 0 0 0 1 dump
3573 0 3574 0 0 0 0 0 0 0 3582 0 0 0 0 0 0 0 0 0 0 0 0 0 0 0 0 0 0 0 0
3574 0 0 3575 0 0 0 0 0 0 0 0 0 0 0 0 0 0 0 0 0 3578 0 0 0 0 0 0 0 0 0
3575 0 0 0 0 0 0 0 0 0 0 0 0 3576 0 0 0 0 0 0 0 0 0 0 0 0 0 0 0 0 0
3576 0 0 0 0 0 3577 0 0 0 0 0 0 0 0 0 0 0 0 0 0 0 0 0 0 0 0 0 0 0 0
3577 0 0 0 0 0 0 0 0 0 0 0 0 0 0 0 0 0 0 0 0 0 0 0 0 0 0 0 0 0 1 durable
3578 0 0 0 0 0 0 0 0 0 3579 0 0 0 0 0 0 0 0 0 0 0 0 0 0 0 0 0 0 0 0
3579 0 0 0 0 0 0 0 0 0 0 0 0 0 0 0 3580 0 0 0 0 0 0 0 0 0 0 0 0 0 0
3580 0 0 0 0 0 0 0 0 0 0 0 0 0 0 3581 0 0 0 0 0 0 0 0 0 0 0 0 0 0 0
3581 0 0 0 0 0 0 0 0 0 0 0 0 0 0 0 0 0 0 0 0 0 0 0 0 0 0 0 0 0 1 duration
3582 0 0 0 0 0 0 0 0 0 0 0 0 0 0 3583 0 0 0 0 0 0 0 0 0 0 0 0 0 0 0
3583 0 0 0 0 0 0 0 3584 0 0 0 0 0 0 0 0 0 0 0 0 0 0 0 0 0 0 0 0 0 0
3584 0 0 0 0 0 0 0 0 0 0 0 0 0 0 0 0 0 0 0 0 0 0 0 0 0 0 0 0 0 1 during
3585 0 0 0 0 0 0 0 0 0 0 0 3586 0 0 0 0 0 0 0 0 3587 0 0 0 0 0 0 0 0 0
3586 0 0 0 0 0 0 0 0 0 0 0 0 0 0 0 0 0 0 0 0 0 0 0 0 0 0 0 0 0 1 dusk
3587 0 0 0 0 0 0 0 0 0 0 0 0 0 0 0 0 0 0 0 0 0 0 0 0 0 0 0 0 0 1 dust
3588 0 0 0 0 0 0 0 0 0 0 0 0 0 0 0 0 0 0 0 0 0 0 0 0 0 3589 0 0 0 0
3589 0 0 0 0 0 0 0 0 0 0 0 0 0 0 0 0 0 0 0 0 0 0 0 0 0 0 0 0 0 1 duty
3590 0 0 0 0 0 3591 0 0 0 0 0 0 0 0 0 0 0 0 0 0 0 0 0 0 0 0 0 0 0 0
3591 0 0 0 0 0 0 0 0 0 0 0 0 3592 0 0 0 0 0 0 0 0 0 0 0 0 0 0 0 0 0
3592 0 0 0 0 0 0 0 0 0 0 0 0 3593 0 0 0 0 0 0 0 0 0 0 0 0 0 0 0 0 0
3593 0 0 0 0 0 0 0 0 0 3594 0 0 0 0 0 0 0 0 0 0 0 0 0 0 0 0 0 0 0 0
3594 0 0 0 0 0 0 0 0 0 0 0 0 0 0 3595 0 0 0 0 0 0 0 0 0 0 0 0 0 0 0
3595 0 0 0 0 0 0 0 3596 0 0 0 0 0 0 0 0 0 0 0 0 0 0 0 0 0 0 0 0 0 0
3596 0 0 0 0 0 0 0 0 0 0 0 0 0 0 0 0 0 0 0 0 0 0 0 0 0 0 0 0 0 1 dwelling
3597 0 0 0 0 0 3598 0 0 0 3599 0 0 0 0 3602 0 0 0 0 0 0 0 0 0 0 0 0 0 0 0
3598 0 0 0 0 0 0 0 0 0 0 0 0 0 0 0 0 0 0 0 0 0 0 0 0 0 0 0 0 0 1 dye
3599 0 0 0 0 0 0 0 0 0 0 0 0 0 0 3600 0 0 0 0 0 0 0 0 0 0 0 0 0 0 0
3600 0 0 0 0 0 0 0 3601 0 0 0 0 0 0 0 0 0 0 0 0 0 0 0 0 0 0 0 0 0 0
3601 0 0 0 0 0 0 0 0 0 0 0 0 0 0 0 0 0 0 0 0 0 0 0 0 0 0 0 0 0 1 dying
3602 0 3603 0 0 0 0 0 0 0 0 0 0 0 0 0 0 0 0 0 0 0 0 0 0 0 0 0 0 0 0
3603 0 0 0 0 0 0 0 0 0 0 0 0 0 3604 0 0 0 0 0 0 0 0 0 0 0 0 0 0 0 0
3604 0 0 0 0 0 0 0 0 0 3605 0 0 0 0 0 0 0 0 0 0 0 0 0 0 0 0 0 0 0 0
3605 0 0 0 3606 0 0 0 0 0 0 0 0 0 0 0 0 0 0 0 0 0 0 0 0 0 0 0 0 0 0
3606 0 0 0 0 0 0 0 0 0 0 0 0 0 0 0 0 0 0 0 0 0 0 0 0 0 0 0 0 0 1 dynamic
3607 0 3608 0 3641 3653 0 3671 3690 0 3692 0 0 3705 3780 3835 0 0 3964 3987 3995 0 4033 4040 0 4103 4324 0 0 0 0
3608 0 0 0 3609 0 0 0 3611 0 0 0 0 0 0 0 0 0 0 3616 3630 3640 0 0 0 0 0 0 0 0 0
3609 0 0 0 0 0 0 0 0 3610 0 0 0 0 0 0 0 0 0 0 0 0 0 0 0 0 0 0 0 0 0
3610 0 0 0 0 0 0 0 0 0 0 0 0 0 0 0 0 0 0 0 0 0 0 0 0 0 0 0 0 0 1 each
3611 0 0 0 0 0 3612 0 0 0 0 0 0 3614 0 0 0 0 0 0 0 0 0 0 0 0 0 0 0 0 0
3612 0 0 0 0 0 0 0 0 0 0 0 0 0 0 0 0 0 0 3613 0 0 0 0 0 0 0 0 0 0 0
3613 0 0 0 0 0 0 0 0 0 0 0 0 0 0 0 0 0 0 0 0 0 0 0 0 0 0 0 0 0 1 eager
3614 0 0 0 0 0 3615 0 0 0 0 0 0 0 0 0 0 0 0 0 0 0 0 0 0 0 0 0 0 0 0
3615 0 0 0 0 0 0 0 0 0 0 0 0 0 0 0 0 0 0 0 0 0 0 0 0 0 0 0 0 0 1 eagle
3616 0 0 0 0 0 0 0 0 0 0 0 0 3617 0 3619 0 0 0 0 0 3623 0 0 0 0 0 0 0 0 1 ear
3617 0 0 0 0 0 0 0 0 0 0 0 0 0 0 0 0 0 0 0 0 0 0 0 0 0 3618 0 0 0 0
3618 0 0 0 0 0 0 0 0 0 0 0 0 0 0 0 0 0 0 0 0 0 0 0 0 0 0 0 0 0 1 early
3619 0 0 0 0 0 3620 0 0 0 0 0 0 0 0 0 0 0 0 0 0 0 0 0 0 0 0 0 0 0 1 earn
3620 0 0 0 0 0 0 0 0 0 0 0 0 0 0 0 0 0 0 0 3621 0 0 0 0 0 0 0 0 0 0
3621 0 0 0 0 0 0 0 0 0 0 0 0 0 0 0 0 0 0 0 0 3622 0 0 0 0 0 0 0 0 0
3622 0 0 0 0 0 0 0 0 0 0 0 0 0 0 0 0 0 0 0 0 0 0 0 0 0 0 0 0 0 1 earnest
3623 0 0 0 0 0 0 0 0 3624 0 0 0 0 0 0 0 0 0 0 0 0 0 0 0 0 0 0 0 0 0
3624 0 0 0 0 0 0 0 0 0 0 0 0 0 0 0 0 0 3625 0 0 0 0 0 0 0 0 0 0 0 1 earth
3625 0 0 0 0 0 0 0 0 0 0 0 0 0 0 0 0 0 0 0 0 0 3626 0 0 0 0 0 0 0 0
3626 0 3627 0 0 0 0 0 0 0 0 0 0 0 0 0 0 0 0 0 0 0 0 0 0 0 0 0 0 0 0
3627 0 0 0 0 0 0 0 0 0 0 0 3628 0 0 0 0 0 0 0 0 0 0 0 0 0 0 0 0 0 0
3628 0 0 0 0 0 3629 0 0 0 0 0 0 0 0 0 0 0 0 0 0 0 0 0 0 0 0 0 0 0 0
3629 0 0 0 0 0 0 0 0 0 0 0 0 0 0 0 0 0 0 0 0 0 0 0 0 0 0 0 0 0 1 earthquake
3630 0 0 0 0 0 3631 0 0 0 3632 0 0 0 0 0 0 0 0 0 0 3635 0 0 0 0 3639 0 0 0 0
3631 0 0 0 0 0 0 0 0 0 0 0 0 0 0 0 0 0 0 0 0 0 0 0 0 0 0 0 0 0 1 ease
3632 0 0 0 0 0 0 0 0 0 0 0 0 3633 0 0 0 0 0 0 0 0 0 0 0 0 0 0 0 0 0
3633 0 0 0 0 0 0 0 0 0 0 0 0 0 0 0 0 0 0 0 0 0 0 0 0 0 3634 0 0 0 0
3634 0 0 0 0 0 0 0 0 0 0 0 0 0 0 0 0 0 0 0 0 0 0 0 0 0 0 0 0 0 1 easily
3635 0 0 0 0 0 3636 0 0 0 0 0 0 0 0 0 0 0 0 0 0 0 0 0 0 0 0 0 0 0 1 east
3636 0 0 0 0 0 0 0 0 0 0 0 0 0 0 0 0 0 0 3637 0 0 0 0 0 0 0 0 0 0 0
3637 0 0 0 0 0 0 0 0 0 0 0 0 0 0 3638 0 0 0 0 0 0 0 0 0 0 0 0 0 0 0
3638 0 0 0 0 0 0 0 0 0 0 0 0 0 0 0 0 0 0 0 0 0 0 0 0 0 0 0 0 0 1 eastern
3639 0 0 0 0 0 0 0 0 0 0 0 0 0 0 0 0 0 0 0 0 0 0 0 0 0 0 0 0 0 1 easy
3640 0 0 0 0 0 0 0 0 0 0 0 0 0 0 0 0 0 0 0 0 0 0 0 0 0 0 0 0 0 1 eat
3641 0 0 0 0 0 0 0 0 3642 0 0 0 0 0 0 3644 0 0 0 0 0 0 0 0 0 0 0 0 0 0
3642 0 0 0 0 0 0 0 0 0 0 0 0 0 0 0 3643 0 0 0 0 0 0 0 0 0 0 0 0 0 0
3643 0 0 0 0 0 0 0 0 0 0 0 0 0 0 0 0 0 0 0 0 0 0 0 0 0 0 0 0 0 1 echo
3644 0 0 0 0 0 0 0 0 0 0 0 0 0 0 3645 0 0 0 0 0 0 0 0 0 0 0 0 0 0 0
3645 0 0 0 0 0 0 0 0 0 0 0 0 0 0 0 3646 0 0 0 0 0 0 0 0 0 0 0 0 0 0
3646 0 0 0 0 0 0 0 0 0 0 0 0 0 3647 0 0 0 0 0 0 0 0 0 0 0 0 0 0 0 0
3647 0 0 0 0 0 0 0 0 0 3648 0 0 0 0 0 0 0 0 0 0 0 0 0 0 0 3652 0 0 0 0
3648 0 0 0 3649 0 0 0 0 0 0 0 0 0 0 0 0 0 0 0 0 0 0 0 0 0 0 0 0 0 0
3649 0 3650 0 0 0 0 0 0 0 0 0 0 0 0 0 0 0 0 0 0 0 0 0 0 0 0 0 0 0 1 economic
3650 0 0 0 0 0 0 0 0 0 0 0 0 3651 0 0 0 0 0 0 0 0 0 0 0 0 0 0 0 0 0
3651 0 0 0 0 0 0 0 0 0 0 0 0 0 0 0 0 0 0 0 0 0 0 0 0 0 0 0 0 0 1 economical
3652 0 0 0 0 0 0 0 0 0 0 0 0 0 0 0 0 0 0 0 0 0 0 0 0 0 0 0 0 0 1 economy
3653 0 0 0 0 0 0 0 3654 0 3656 0 0 0 0 0 0 0 0 0 0 0 3663 0 0 0 0 0 0 0 0
3654 0 0 0 0 0 3655 0 0 0 0 0 0 0 0 0 0 0 0 0 0 0 0 0 0 0 0 0 0 0 0
3655 0 0 0 0 0 0 0 0 0 0 0 0 0 0 0 0 0 0 0 0 0 0 0 0 0 0 0 0 0 1 edge
3656 0 0 0 0 0 0 0 0 0 0 0 0 0 0 0 0 0 0 0 0 3657 0 0 0 0 0 0 0 0 0
3657 0 0 0 0 0 0 0 0 0 3658 0 0 0 0 0 3661 0 0 0 0 0 0 0 0 0 0 0 0 0 0
3658 0 0 0 0 0 0 0 0 0 0 0 0 0 0 0 3659 0 0 0 0 0 0 0 0 0 0 0 0 0 0
3659 0 0 0 0 0 0 0 0 0 0 0 0 0 0 3660 0 0 0 0 0 0 0 0 0 0 0 0 0 0 0
3660 0 0 0 0 0 0 0 0 0 0 0 0 0 0 0 0 0 0 0 0 0 0 0 0 0 0 0 0 0 1 edition
3661 0 0 0 0 0 0 0 0 0 0 0 0 0 0 0 0 0 0 3662 0 0 0 0 0 0 0 0 0 0 0
3662 0 0 0 0 0 0 0 0 0 0 0 0 0 0 0 0 0 0 0 0 0 0 0 0 0 0 0 0 0 1 editor
3663 0 0 0 3664 0 0 0 0 0 0 0 0 0 0 0 0 0 0 0 0 0 0 0 0 0 0 0 0 0 0
3664 0 3665 0 0 0 0 0 0 0 0 0 0 0 0 0 0 0 0 0 0 0 0 0 0 0 0 0 0 0 0
3665 0 0 0 0 0 0 0 0 0 0 0 0 0 0 0 0 0 0 0 0 3666 0 0 0 0 0 0 0 0 0
3666 0 0 0 0 0 3667 0 0 0 3668 0 0 0 0 0 0 0 0 0 0 0 0 0 0 0 0 0 0 0 0
3667 0 0 0 0 0 0 0 0 0 0 0 0 0 0 0 0 0 0 0 0 0 0 0 0 0 0 0 0 0 1 educate
3668 0 0 0 0 0 0 0 0 0 0 0 0 0 0 0 3669 0 0 0 0 0 0 0 0 0 0 0 0 0 0
3669 0 0 0 0 0 0 0 0 0 0 0 0 0 0 3670 0 0 0 0 0 0 0 0 0 0 0 0 0 0 0
3670 0 0 0 0 0 0 0 0 0 0 0 0 0 0 0 0 0 0 0 0 0 0 0 0 0 0 0 0 0 1 education
3671 0 0 0 0 0 0 3672 0 0 0 0 0 0 0 0 0 0 0 0 0 0 0 0 0 0 0 0 0 0 0
3672 0 0 0 0 0 3673 0 0 0 3679 0 0 0 0 0 3687 0 0 0 0 0 0 0 0 0 0 0 0 0 0
3673 0 0 0 3674 0 0 0 0 0 0 0 0 0 0 0 0 0 0 0 0 0 0 0 0 0 0 0 0 0 0
3674 0 0 0 0 0 0 0 0 0 0 0 0 0 0 0 0 0 0 0 0 3675 0 0 0 0 0 0 0 0 0
3675 0 0 0 0 0 0 0 0 0 3676 0 0 0 0 0 0 0 0 0 0 0 0 0 0 0 0 0 0 0 1 effect
3676 0 0 0 0 0 0 0 0 0 0 0 0 0 0 0 0 0 0 0 0 0 0 3677 0 0 0 0 0 0 0
3677 0 0 0 0 0 3678 0 0 0 0 0 0 0 0 0 0 0 0 0 0 0 0 0 0 0 0 0 0 0 0
3678 0 0 0 0 0 0 0 0 0 0 0 0 0 0 0 0 0 0 0 0 0 0 0 0 0 0 0 0 0 1 effective
3679 0 0 0 3680 0 0 0 0 0 0 0 0 0 0 0 0 0 0 0 0 0 0 0 0 0 0 0 0 0 0
3680 0 0 0 0 0 0 0 0 0 3681 0 0 0 0 0 0 0 0 0 0 0 0 0 0 0 0 0 0 0 0
3681 0 0 0 0 0 3682 0 0 0 0 0 0 0 0 0 0 0 0 0 0 0 0 0 0 0 0 0 0 0 0
3682 0 0 0 0 0 0 0 0 0 0 0 0 0 0 3683 0 0 0 0 0 0 0 0 0 0 0 0 0 0 0
3683 0 0 0 3684 0 0 0 0 0 0 0 0 0 0 0 0 0 0 0 0 3686 0 0 0 0 0 0 0 0 0
3684 0 0 0 0 0 0 0 0 0 0 0 0 0 0 0 0 0 0 0 0 0 0 0 0 0 3685 0 0 0 0
3685 0 0 0 0 0 0 0 0 0 0 0 0 0 0 0 0 0 0 0 0 0 0 0 0 0 0 0 0 0 1 efficiency
3686 0 0 0 0 0 0 0 0 0 0 0 0 0 0 0 0 0 0 0 0 0 0 0 0 0 0 0 0 0 1 efficient
3687 0 0 0 0 0 0 0 0 0 0 0 0 0 0 0 0 0 0 3688 0 0 0 0 0 0 0 0 0 0 0
3688 0 0 0 0 0 0 0 0 0 0 0 0 0 0 0 0 0 0 0 0 3689 0 0 0 0 0 0 0 0 0
3689 0 0 0 0 0 0 0 0 0 0 0 0 0 0 0 0 0 0 0 0 0 0 0 0 0 0 0 0 0 1 effort
3690 0 0 0 0 0 0 0 3691 0 0 0 0 0 0 0 0 0 0 0 0 0 0 0 0 0 0 0 0 0 0
3691 0 0 0 0 0 0 0 0 0 0 0 0 0 0 0 0 0 0 0 0 0 0 0 0 0 0 0 0 0 1 egg
3692 0 0 0 0 0 0 0 3693 0 0 0 0 0 0 0 0 0 0 0 0 3701 0 0 0 0 0 0 0 0 0
3693 0 0 0 0 0 0 0 0 3694 0 0 0 0 0 0 0 0 0 0 0 0 0 0 0 0 0 0 0 0 0
3694 0 0 0 0 0 0 0 0 0 0 0 0 0 0 0 0 0 0 0 0 3695 0 0 0 0 0 0 0 0 0
3695 0 0 0 0 0 3696 0 0 3699 0 0 0 0 0 0 0 0 0 0 0 0 0 0 0 0 3700 0 0 0 1 eight
3696 0 0 0 0 0 3697 0 0 0 0 0 0 0 0 0 0 0 0 0 0 0 0 0 0 0 0 0 0 0 0
3697 0 0 0 0 0 0 0 0 0 0 0 0 0 0 3698 0 0 0 0 0 0 0 0 0 0 0 0 0 0 0
3698 0 0 0 0 0 0 0 0 0 0 0 0 0 0 0 0 0 0 0 0 0 0 0 0 0 0 0 0 0 1 eighteen
3699 0 0 0 0 0 0 0 0 0 0 0 0 0 0 0 0 0 0 0 0 0 0 0 0 0 0 0 0 0 1 eighth
3700 0 0 0 0 0 0 0 0 0 0 0 0 0 0 0 0 0 0 0 0 0 0 0 0 0 0 0 0 0 1 eighty
3701 0 0 0 0 0 0 0 0 3702 0 0 0 0 0 0 0 0 0 0 0 0 0 0 0 0 0 0 0 0 0
3702 0 0 0 0 0 3703 0 0 0 0 0 0 0 0 0 0 0 0 0 0 0 0 0 0 0 0 0 0 0 0
3703 0 0 0 0 0 0 0 0 0 0 0 0 0 0 0 0 0 0 3704 0 0 0 0 0 0 0 0 0 0 0
3704 0 0 0 0 0 0 0 0 0 0 0 0 0 0 0 0 0 0 0 0 0 0 0 0 0 0 0 0 0 1 either
3705 0 3706 3717 0 3720 3723 0 0 0 3763 0 0 0 0 0 0 0 0 0 3773 0 0 0 0 0 0 0 0 0 0
3706 0 0 3707 0 0 0 0 0 0 0 0 0 0 0 0 0 0 0 0 3713 0 0 0 0 0 0 0 0 0 0
3707 0 0 0 0 0 0 0 0 0 0 0 0 0 0 0 3708 0 0 0 0 0 0 0 0 0 0 0 0 0 0
3708 0 0 0 0 0 0 0 0 0 0 0 0 0 0 0 0 0 0 3709 0 0 0 0 0 0 0 0 0 0 0
3709 0 3710 0 0 0 0 0 0 0 0 0 0 0 0 0 0 0 0 0 0 0 0 0 0 0 0 0 0 0 0
3710 0 0 0 0 0 0 0 0 0 0 0 0 0 0 0 0 0 0 0 0 3711 0 0 0 0 0 0 0 0 0
3711 0 0 0 0 0 3712 0 0 0 0 0 0 0 0 0 0 0 0 0 0 0 0 0 0 0 0 0 0 0 0
3712 0 0 0 0 0 0 0 0 0 0 0 0 0 0 0 0 0 0 0 0 0 0 0 0 0 0 0 0 0 1 elaborate
3713 0 0 0 0 0 0 0 0 0 0 0 0 0 0 0 0 0 0 0 0 3714 0 0 0 0 0 0 0 0 0
3714 0 0 0 0 0 0 0 0 0 3715 0 0 0 0 0 0 0 0 0 0 0 0 0 0 0 0 0 0 0 0
3715 0 0 0 3716 0 0 0 0 0 0 0 0 0 0 0 0 0 0 0 0 0 0 0 0 0 0 0 0 0 0
3716 0 0 0 0 0 0 0 0 0 0 0 0 0 0 0 0 0 0 0 0 0 0 0 0 0 0 0 0 0 1 elastic
3717 0 0 0 0 0 0 0 0 0 0 0 0 0 0 0 3718 0 0 0 0 0 0 0 0 0 0 0 0 0 0
3718 0 0 0 0 0 0 0 0 0 0 0 0 0 0 0 0 0 0 0 0 0 0 0 3719 0 0 0 0 0 0
3719 0 0 0 0 0 0 0 0 0 0 0 0 0 0 0 0 0 0 0 0 0 0 0 0 0 0 0 0 0 1 elbow
3720 0 0 0 0 0 3721 0 0 0 0 0 0 0 0 0 0 0 0 0 0 0 0 0 0 0 0 0 0 0 0
3721 0 0 0 0 0 0 0 0 0 0 0 0 0 0 0 0 0 0 3722 0 0 0 0 0 0 0 0 0 0 0
3722 0 0 0 0 0 0 0 0 0 0 0 0 0 0 0 0 0 0 0 0 0 0 0 0 0 0 0 0 0 1 elder
3723 0 0 0 3724 0 0 0 0 0 0 0 0 0 3742 0 0 3749 0 0 0 0 0 3754 0 0 0 0 0 0 0
3724 0 0 0 0 0 0 0 0 0 0 0 0 0 0 0 0 0 0 0 0 3725 0 0 0 0 0 0 0 0 0
3725 0 0 0 0 0 0 0 0 0 3726 0 0 0 0 0 0 0 0 3729 0 0 0 0 0 0 0 0 0 0 1 elect
3726 0 0 0 0 0 0 0 0 0 0 0 0 0 0 0 3727 0 0 0 0 0 0 0 0 0 0 0 0 0 0
3727 0 0 0 0 0 0 0 0 0 0 0 0 0 0 3728 0 0 0 0 0 0 0 0 0 0 0 0 0 0 0
3728 0 0 0 0 0 0 0 0 0 0 0 0 0 0 0 0 0 0 0 0 0 0 0 0 0 0 0 0 0 1 election
3729 0 0 0 0 0 0 0 0 0 3730 0 0 0 0 0 3737 0 0 0 0 0 0 0 0 0 0 0 0 0 0
3730 0 0 0 3731 0 0 0 0 0 0 0 0 0 0 0 0 0 0 0 0 0 0 0 0 0 0 0 0 0 0
3731 0 3732 0 0 0 0 0 0 0 3734 0 0 0 0 0 0 0 0 0 0 0 0 0 0 0 0 0 0 0 1 electric
3732 0 0 0 0 0 0 0 0 0 0 0 0 3733 0 0 0 0 0 0 0 0 0 0 0 0 0 0 0 0 0
3733 0 0 0 0 0 0 0 0 0 0 0 0 0 0 0 0 0 0 0 0 0 0 0 0 0 0 0 0 0 1 electrical
3734 0 0 0 0 0 0 0 0 0 0 0 0 0 0 0 0 0 0 0 0 3735 0 0 0 0 0 0 0 0 0
3735 0 0 0 0 0 0 0 0 0 0 0 0 0 0 0 0 0 0 0 0 0 0 0 0 0 3736 0 0 0 0
3736 0 0 0 0 0 0 0 0 0 0 0 0 0 0 0 0 0 0 0 0 0 0 0 0 0 0 0 0 0 1 electricity
3737 0 0 0 0 0 0 0 0 0 0 0 0 0 0 3738 0 0 0 0 0 0 0 0 0 0 0 0 0 0 0
3738 0 0 0 0 0 0 0 0 0 3739 0 0 0 0 0 0 0 0 0 0 0 0 0 0 0 0 0 0 0 1 electron
3739 0 0 0 3740 0 0 0 0 0 0 0 0 0 0 0 0 0 0 0 0 0 0 0 0 0 0 0 0 0 0
3740 0 0 0 0 0 0 0 0 0 0 0 0 0 0 0 0 0 0 0 3741 0 0 0 0 0 0 0 0 0 1 electronic
3741 0 0 0 0 0 0 0 0 0 0 0 0 0 0 0 0 0 0 0 0 0 0 0 0 0 0 0 0 0 1 electronics
3742 0 0 0 0 0 3743 0 0 0 0 0 0 0 0 0 0 0 0 0 0 0 0 0 0 0 0 0 0 0 0
3743 0 0 0 0 0 0 0 0 0 0 0 0 0 0 3744 0 0 0 0 0 0 0 0 0 0 0 0 0 0 0
3744 0 0 0 0 0 0 0 0 0 0 0 0 0 0 0 0 0 0 0 0 3745 0 0 0 0 0 0 0 0 0
3745 0 3746 0 0 0 0 0 0 0 0 0 0 0 0 0 0 0 0 0 0 0 0 0 0 0 0 0 0 0 1 element
3746 0 0 0 0 0 0 0 0 0 0 0 0 0 0 0 0 0 0 3747 0 0 0 0 0 0 0 0 0 0 0
3747 0 0 0 0 0 0 0 0 0 0 0 0 0 0 0 0 0 0 0 0 0 0 0 0 0 3748 0 0 0 0
3748 0 0 0 0 0 0 0 0 0 0 0 0 0 0 0 0 0 0 0 0 0 0 0 0 0 0 0 0 0 1 elementary
3749 0 0 0 0 0 0 0 0 3750 0 0 0 0 0 0 0 0 0 0 0 0 0 0 0 0 0 0 0 0 0
3750 0 3751 0 0 0 0 0 0 0 0 0 0 0 0 0 0 0 0 0 0 0 0 0 0 0 0 0 0 0 0
3751 0 0 0 0 0 0 0 0 0 0 0 0 0 0 3752 0 0 0 0 0 0 0 0 0 0 0 0 0 0 0
3752 0 0 0 0 0 0 0 0 0 0 0 0 0 0 0 0 0 0 0 0 3753 0 0 0 0 0 0 0 0 0
3753 0 0 0 0 0 0 0 0 0 0 0 0 0 0 0 0 0 0 0 0 0 0 0 0 0 0 0 0 0 1 elephant
3754 0 3755 0 0 0 3759 0 0 0 0 0 0 0 0 0 0 0 0 0 0 0 0 0 0 0 0 0 0 0 0
3755 0 0 0 0 0 0 0 0 0 0 0 0 0 0 0 0 0 0 0 0 3756 0 0 0 0 0 0 0 0 0
3756 0 0 0 0 0 0 0 0 0 0 0 0 0 0 0 3757 0 0 0 0 0 0 0 0 0 0 0 0 0 0
3757 0 0 0 0 0 0 0 0 0 0 0 0 0 0 0 0 0 0 3758 0 0 0 0 0 0 0 0 0 0 0
3758 0 0 0 0 0 0 0 0 0 0 0 0 0 0 0 0 0 0 0 0 0 0 0 0 0 0 0 0 0 1 elevator
3759 0 0 0 0 0 0 0 0 0 0 0 0 0 0 3760 0 0 0 0 0 0 0 0 0 0 0 0 0 0 0
3760 0 0 0 0 0 0 0 0 0 0 0 0 0 0 0 0 0 0 0 0 3761 0 0 0 0 0 0 0 0 1 eleven
3761 0 0 0 0 0 0 0 0 3762 0 0 0 0 0 0 0 0 0 0 0 0 0 0 0 0 0 0 0 0 0
3762 0 0 0 0 0 0 0 0 0 0 0 0 0 0 0 0 0 0 0 0 0 0 0 0 0 0 0 0 0 1 eleventh
3763 0 0 0 0 0 0 0 0 0 0 0 0 0 3764 0 0 0 0 0 0 0 0 0 0 0 0 0 0 0 0
3764 0 0 0 0 0 0 0 0 0 3765 0 0 0 0 0 0 0 0 0 0 0 0 0 0 0 0 0 0 0 0
3765 0 0 0 0 0 0 0 0 0 0 0 0 0 0 3766 0 0 0 0 0 0 0 0 0 0 0 0 0 0 0
3766 0 3767 0 0 0 0 0 0 0 0 0 0 0 0 0 0 0 0 0 0 0 0 0 0 0 0 0 0 0 0
3767 0 0 0 0 0 0 0 0 0 0 0 0 0 0 0 0 0 0 0 0 3768 0 0 0 0 0 0 0 0 0
3768 0 0 0 0 0 3769 0 0 0 3770 0 0 0 0 0 0 0 0 0 0 0 0 0 0 0 0 0 0 0 0
3769 0 0 0 0 0 0 0 0 0 0 0 0 0 0 0 0 0 0 0 0 0 0 0 0 0 0 0 0 0 1 eliminate
3770 0 0 0 0 0 0 0 0 0 0 0 0 0 0 0 3771 0 0 0 0 0 0 0 0 0 0 0 0 0 0
3771 0 0 0 0 0 0 0 0 0 0 0 0 0 0 3772 0 0 0 0 0 0 0 0 0 0 0 0 0 0 0
3772 0 0 0 0 0 0 0 0 0 0 0 0 0 0 0 0 0 0 0 0 0 0 0 0 0 0 0 0 0 1 elimination
3773 0 0 0 0 0 3774 0 0 0 0 0 0 0 0 0 0 0 0 0 0 0 0 0 0 0 0 0 0 0 0
3774 0 0 0 0 0 0 0 0 0 0 0 0 0 0 0 0 0 0 0 0 0 0 0 3775 0 0 0 0 0 1 else
3775 0 0 0 0 0 0 0 0 3776 0 0 0 0 0 0 0 0 0 0 0 0 0 0 0 0 0 0 0 0 0
3776 0 0 0 0 0 3777 0 0 0 0 0 0 0 0 0 0 0 0 0 0 0 0 0 0 0 0 0 0 0 0
3777 0 0 0 0 0 0 0 0 0 0 0 0 0 0 0 0 0 0 3778 0 0 0 0 0 0 0 0 0 0 0
3778 0 0 0 0 0 3779 0 0 0 0 0 0 0 0 0 0 0 0 0 0 0 0 0 0 0 0 0 0 0 0
3779 0 0 0 0 0 0 0 0 0 0 0 0 0 0 0 0 0 0 0 0 0 0 0 0 0 0 0 0 0 1 elsewhere
3780 0 0 3781 0 0 3792 0 0 0 3799 0 0 0 0 0 3801 3808 0 0 0 0 0 0 0 0 0 0 0 0 0
3781 0 3782 0 0 0 0 0 0 0 0 0 0 0 0 0 0 0 0 3788 0 0 0 0 0 0 0 0 0 0 0
3782 0 0 0 0 0 0 0 0 0 0 0 0 0 0 0 0 0 0 3783 0 0 0 0 0 0 0 0 0 0 0
3783 0 0 0 0 0 0 0 0 0 0 0 0 0 0 0 0 0 0 3784 0 0 0 0 0 0 0 0 0 0 0
3784 0 3785 0 0 0 0 0 0 0 0 0 0 0 0 0 0 0 0 0 0 0 0 0 0 0 0 0 0 0 0
3785 0 0 0 0 0 0 0 0 0 0 0 0 0 0 0 0 0 0 0 3786 0 0 0 0 0 0 0 0 0 0
3786 0 0 0 0 0 0 0 0 0 0 0 0 0 0 0 0 0 0 0 3787 0 0 0 0 0 0 0 0 0 0
3787 0 0 0 0 0 0 0 0 0 0 0 0 0 0 0 0 0 0 0 0 0 0 0 0 0 0 0 0 0 1 embarrass
3788 0 3789 0 0 0 0 0 0 0 0 0 0 0 0 0 0 0 0 0 0 0 0 0 0 0 0 0 0 0 0
3789 0 0 0 3790 0 0 0 0 0 0 0 0 0 0 0 0 0 0 0 0 0 0 0 0 0 0 0 0 0 0
3790 0 0 0 0 0 3791 0 0 0 0 0 0 0 0 0 0 0 0 0 0 0 0 0 0 0 0 0 0 0 0
3791 0 0 0 0 0 0 0 0 0 0 0 0 0 0 0 0 0 0 0 0 0 0 0 0 0 0 0 0 0 1 embrace
3792 0 0 0 0 0 0 0 0 0 0 0 0 0 0 0 0 0 0 3793 0 0 0 0 0 0 0 0 0 0 0
3793 0 0 0 0 0 0 0 3794 0 0 0 0 0 0 0 0 0 0 0 0 0 0 0 0 0 0 0 0 0 0
3794 0 0 0 0 0 3795 0 0 0 0 0 0 0 0 0 0 0 0 0 0 0 0 0 0 0 0 0 0 0 0
3795 0 0 0 0 0 0 0 0 0 0 0 0 0 0 3796 0 0 0 0 0 0 0 0 0 0 0 0 0 0 1 emerge
3796 0 0 0 3797 0 0 0 0 0 0 0 0 0 0 0 0 0 0 0 0 0 0 0 0 0 0 0 0 0 0
3797 0 0 0 0 0 0 0 0 0 0 0 0 0 0 0 0 0 0 0 0 0 0 0 0 0 3798 0 0 0 0
3798 0 0 0 0 0 0 0 0 0 0 0 0 0 0 0 0 0 0 0 0 0 0 0 0 0 0 0 0 0 1 emergency
3799 0 0 0 0 0 0 0 0 0 0 0 0 0 0 0 0 0 0 0 0 3800 0 0 0 0 0 0 0 0 0
3800 0 0 0 0 0 0 0 0 0 0 0 0 0 0 0 0 0 0 0 0 0 0 0 0 0 0 0 0 0 1 emit
3801 0 0 0 0 0 0 0 0 0 0 0 0 0 0 0 0 0 0 0 0 3802 0 0 0 0 0 0 0 0 0
3802 0 0 0 0 0 0 0 0 0 3803 0 0 0 0 0 0 0 0 0 0 0 0 0 0 0 0 0 0 0 0
3803 0 0 0 0 0 0 0 0 0 0 0 0 0 0 0 3804 0 0 0 0 0 0 0 0 0 0 0 0 0 0
3804 0 0 0 0 0 0 0 0 0 0 0 0 0 0 3805 0 0 0 0 0 0 0 0 0 0 0 0 0 0 0
3805 0 3806 0 0 0 0 0 0 0 0 0 0 0 0 0 0 0 0 0 0 0 0 0 0 0 0 0 0 0 1 emotion
3806 0 0 0 0 0 0 0 0 0 0 0 0 3807 0 0 0 0 0 0 0 0 0 0 0 0 0 0 0 0 0
3807 0 0 0 0 0 0 0 0 0 0 0 0 0 0 0 0 0 0 0 0 0 0 0 0 0 0 0 0 0 1 emotional
3808 0 0 0 0 0 3809 0 0 3813 3820 0 0 3823 0 0 0 0 0 0 0 3833 0 0 0 0 0 0 0 0 0
3809 0 0 0 0 0 0 0 0 0 0 0 0 0 0 0 0 0 0 3810 0 0 0 0 0 0 0 0 0 0 0
3810 0 0 0 0 0 0 0 0 0 0 0 0 0 0 0 3811 0 0 0 0 0 0 0 0 0 0 0 0 0 0
3811 0 0 0 0 0 0 0 0 0 0 0 0 0 0 0 0 0 0 3812 0 0 0 0 0 0 0 0 0 0 0
3812 0 0 0 0 0 0 0 0 0 0 0 0 0 0 0 0 0 0 0 0 0 0 0 0 0 0 0 0 0 1 emperor
3813 0 3814 0 0 0 0 0 0 0 0 0 0 0 0 0 0 0 0 0 0 0 0 0 0 0 0 0 0 0 0
3814 0 0 0 0 0 0 0 0 0 0 0 0 0 0 0 0 0 0 0 3815 0 0 0 0 0 0 0 0 0 0
3815 0 0 0 0 0 0 0 0 0 3816 0 0 0 0 0 0 0 0 0 0 0 0 0 0 0 0 0 0 0 0
3816 0 0 0 0 0 0 0 0 0 0 0 0 0 0 0 0 0 0 0 3817 0 0 0 0 0 0 3818 0 0 0
3817 0 0 0 0 0 0 0 0 0 0 0 0 0 0 0 0 0 0 0 0 0 0 0 0 0 0 0 0 0 1 emphasis
3818 0 0 0 0 0 3819 0 0 0 0 0 0 0 0 0 0 0 0 0 0 0 0 0 0 0 0 0 0 0 0
3819 0 0 0 0 0 0 0 0 0 0 0 0 0 0 0 0 0 0 0 0 0 0 0 0 0 0 0 0 0 1 emphasize
3820 0 0 0 0 0 0 0 0 0 0 0 0 0 0 0 0 0 0 3821 0 0 0 0 0 0 0 0 0 0 0
3821 0 0 0 0 0 3822 0 0 0 0 0 0 0 0 0 0 0 0 0 0 0 0 0 0 0 0 0 0 0 0
3822 0 0 0 0 0 0 0 0 0 0 0 0 0 0 0 0 0 0 0 0 0 0 0 0 0 0 0 0 0 1 empire
3823 0 0 0 0 0 0 0 0 0 0 0 0 0 0 0 3824 0 0 0 0 0 0 0 0 0 0 0 0 0 0
3824 0 0 0 0 0 0 0 0 0 0 0 0 0 0 0 0 0 0 0 0 0 0 0 0 0 3825 0 0 0 0
3825 0 0 0 0 0 3826 0 0 0 0 0 0 0 3829 0 0 0 0 0 0 0 0 0 0 0 0 0 0 0 1 employ
3826 0 0 0 0 0 3827 0 0 0 0 0 0 0 0 0 0 0 0 3828 0 0 0 0 0 0 0 0 0 0 0
3827 0 0 0 0 0 0 0 0 0 0 0 0 0 0 0 0 0 0 0 0 0 0 0 0 0 0 0 0 0 1 employee
3828 0 0 0 0 0 0 0 0 0 0 0 0 0 0 0 0 0 0 0 0 0 0 0 0 0 0 0 0 0 1 employer
3829 0 0 0 0 0 3830 0 0 0 0 0 0 0 0 0 0 0 0 0 0 0 0 0 0 0 0 0 0 0 0
3830 0 0 0 0 0 0 0 0 0 0 0 0 0 0 3831 0 0 0 0 0 0 0 0 0 0 0 0 0 0 0
3831 0 0 0 0 0 0 0 0 0 0 0 0 0 0 0 0 0 0 0 0 3832 0 0 0 0 0 0 0 0 0
3832 0 0 0 0 0 0 0 0 0 0 0 0 0 0 0 0 0 0 0 0 0 0 0 0 0 0 0 0 0 1 employment
3833 0 0 0 0 0 0 0 0 0 0 0 0 0 0 0 0 0 0 0 0 0 0 0 0 0 3834 0 0 0 0
3834 0 0 0 0 0 0 0 0 0 0 0 0 0 0 0 0 0 0 0 0 0 0 0 0 0 0 0 0 0 1 empty
3835 0 3836 0 3840 3855 3866 3872 3877 0 0 3899 0 3902 0 0 3907 0 0 0 3916 3920 0 3949 0 0 0 0 0 0 0
3836 0 0 3837 0 0 0 0 0 0 0 0 0 0 0 0 0 0 0 0 0 0 0 0 0 0 0 0 0 0 0
3837 0 0 0 0 0 0 0 0 0 0 0 0 3838 0 0 0 0 0 0 0 0 0 0 0 0 0 0 0 0 0
3838 0 0 0 0 0 3839 0 0 0 0 0 0 0 0 0 0 0 0 0 0 0 0 0 0 0 0 0 0 0 0
3839 0 0 0 0 0 0 0 0 0 0 0 0 0 0 0 0 0 0 0 0 0 0 0 0 0 0 0 0 0 1 enable
3840 0 0 0 0 0 0 0 0 0 0 0 0 3841 0 0 3845 0 0 0 0 0 0 0 0 0 0 0 0 0 0
3841 0 0 0 0 0 0 0 0 0 0 0 0 0 0 0 3842 0 0 0 0 0 0 0 0 0 0 0 0 0 0
3842 0 0 0 0 0 0 0 0 0 0 0 0 0 0 0 0 0 0 0 3843 0 0 0 0 0 0 0 0 0 0
3843 0 0 0 0 0 3844 0 0 0 0 0 0 0 0 0 0 0 0 0 0 0 0 0 0 0 0 0 0 0 0
3844 0 0 0 0 0 0 0 0 0 0 0 0 0 0 0 0 0 0 0 0 0 0 0 0 0 0 0 0 0 1 enclose
3845 0 0 0 0 0 0 0 0 0 0 0 0 0 0 0 0 0 0 0 0 0 3846 0 0 0 0 0 0 0 0
3846 0 0 0 0 0 0 0 0 0 0 0 0 0 0 3847 0 0 0 3851 0 0 0 0 0 0 0 0 0 0 0
3847 0 0 0 0 0 0 0 0 0 0 0 0 0 0 0 0 0 0 0 0 3848 0 0 0 0 0 0 0 0 0
3848 0 0 0 0 0 3849 0 0 0 0 0 0 0 0 0 0 0 0 0 0 0 0 0 0 0 0 0 0 0 0
3849 0 0 0 0 0 0 0 0 0 0 0 0 0 0 0 0 0 0 3850 0 0 0 0 0 0 0 0 0 0 0
3850 0 0 0 0 0 0 0 0 0 0 0 0 0 0 0 0 0 0 0 0 0 0 0 0 0 0 0 0 0 1 encounter
3851 0 3852 0 0 0 0 0 0 0 0 0 0 0 0 0 0 0 0 0 0 0 0 0 0 0 0 0 0 0 0
3852 0 0 0 0 0 0 0 3853 0 0 0 0 0 0 0 0 0 0 0 0 0 0 0 0 0 0 0 0 0 0
3853 0 0 0 0 0 3854 0 0 0 0 0 0 0 0 0 0 0 0 0 0 0 0 0 0 0 0 0 0 0 0
3854 0 0 0 0 0 0 0 0 0 0 0 0 0 0 0 0 0 0 0 0 0 0 0 0 0 0 0 0 0 1 encourage
3855 0 0 0 0 0 0 0 0 0 3856 0 0 3859 0 0 0 0 0 0 0 0 3863 0 0 0 0 0 0 0 1 end
3856 0 0 0 0 0 0 0 0 0 0 0 0 0 0 3857 0 0 0 0 0 0 0 0 0 0 0 0 0 0 0
3857 0 0 0 0 0 0 0 3858 0 0 0 0 0 0 0 0 0 0 0 0 0 0 0 0 0 0 0 0 0 0
3858 0 0 0 0 0 0 0 0 0 0 0 0 0 0 0 0 0 0 0 0 0 0 0 0 0 0 0 0 0 1 ending
3859 0 0 0 0 0 3860 0 0 0 0 0 0 0 0 0 0 0 0 0 0 0 0 0 0 0 0 0 0 0 0
3860 0 0 0 0 0 0 0 0 0 0 0 0 0 0 0 0 0 0 0 3861 0 0 0 0 0 0 0 0 0 0
3861 0 0 0 0 0 0 0 0 0 0 0 0 0 0 0 0 0 0 0 3862 0 0 0 0 0 0 0 0 0 0
3862 0 0 0 0 0 0 0 0 0 0 0 0 0 0 0 0 0 0 0 0 0 0 0 0 0 0 0 0 0 1 endless
3863 0 0 0 0 0 0 0 0 0 0 0 0 0 0 0 0 0 0 3864 0 0 0 0 0 0 0 0 0 0 0
3864 0 0 0 0 0 3865 0 0 0 0 0 0 0 0 0 0 0 0 0 0 0 0 0 0 0 0 0 0 0 0
3865 0 0 0 0 0 0 0 0 0 0 0 0 0 0 0 0 0 0 0 0 0 0 0 0 0 0 0 0 0 1 endure
3866 0 0 0 0 0 0 0 0 0 0 0 0 0 3867 0 0 0 0 3869 0 0 0 0 0 0 0 0 0 0 0
3867 0 0 0 0 0 0 0 0 0 0 0 0 0 0 0 0 0 0 0 0 0 0 0 0 0 3868 0 0 0 0
3868 0 0 0 0 0 0 0 0 0 0 0 0 0 0 0 0 0 0 0 0 0 0 0 0 0 0 0 0 0 1 enemy
3869 0 0 0 0 0 0 0 3870 0 0 0 0 0 0 0 0 0 0 0 0 0 0 0 0 0 0 0 0 0 0
3870 0 0 0 0 0 0 0 0 0 0 0 0 0 0 0 0 0 0 0 0 0 0 0 0 0 3871 0 0 0 0
3871 0 0 0 0 0 0 0 0 0 0 0 0 0 0 0 0 0 0 0 0 0 0 0 0 0 0 0 0 0 1 energy
3872 0 0 0 0 0 0 0 0 0 0 0 0 0 0 0 3873 0 0 0 0 0 0 0 0 0 0 0 0 0 0
3873 0 0 0 0 0 0 0 0 0 0 0 0 0 0 0 0 0 0 3874 0 0 0 0 0 0 0 0 0 0 0
3874 0 0 0 3875 0 0 0 0 0 0 0 0 0 0 0 0 0 0 0 0 0 0 0 0 0 0 0 0 0 0
3875 0 0 0 0 0 3876 0 0 0 0 0 0 0 0 0 0 0 0 0 0 0 0 0 0 0 0 0 0 0 0
3876 0 0 0 0 0 0 0 0 0 0 0 0 0 0 0 0 0 0 0 0 0 0 0 0 0 0 0 0 0 1 enforce
3877 0 3878 0 0 0 0 0 0 0 3881 0 0 3889 0 0 0 0 0 0 0 0 0 0 0 0 0 0 0 0 0
3878 0 0 0 0 0 0 0 3879 0 0 0 0 0 0 0 0 0 0 0 0 0 0 0 0 0 0 0 0 0 0
3879 0 0 0 0 0 3880 0 0 0 0 0 0 0 0 0 0 0 0 0 0 0 0 0 0 0 0 0 0 0 0
3880 0 0 0 0 0 0 0 0 0 0 0 0 0 0 0 0 0 0 0 0 0 0 0 0 0 0 0 0 0 1 engage
3881 0 0 0 0 0 0 0 0 0 0 0 0 0 0 3882 0 0 0 0 0 0 0 0 0 0 0 0 0 0 0
3882 0 0 0 0 0 3883 0 0 0 0 0 0 0 0 0 0 0 0 0 0 0 0 0 0 0 0 0 0 0 0
3883 0 0 0 0 0 3884 0 0 0 0 0 0 0 0 0 0 0 0 0 0 0 0 0 0 0 0 0 0 0 1 engine
3884 0 0 0 0 0 0 0 0 0 0 0 0 0 0 0 0 0 0 3885 0 0 0 0 0 0 0 0 0 0 0
3885 0 0 0 0 0 0 0 0 0 3886 0 0 0 0 0 0 0 0 0 0 0 0 0 0 0 0 0 0 0 1 engineer
3886 0 0 0 0 0 0 0 0 0 0 0 0 0 0 3887 0 0 0 0 0 0 0 0 0 0 0 0 0 0 0
3887 0 0 0 0 0 0 0 3888 0 0 0 0 0 0 0 0 0 0 0 0 0 0 0 0 0 0 0 0 0 0
3888 0 0 0 0 0 0 0 0 0 0 0 0 0 0 0 0 0 0 0 0 0 0 0 0 0 0 0 0 0 1 engineering
3889 0 3890 0 0 0 0 0 0 0 3893 0 0 0 0 0 0 0 0 0 0 0 0 0 0 0 0 0 0 0 0
3890 0 0 0 0 0 0 0 0 0 0 0 0 0 0 3891 0 0 0 0 0 0 0 0 0 0 0 0 0 0 0
3891 0 0 0 0 3892 0 0 0 0 0 0 0 0 0 0 0 0 0 0 0 0 0 0 0 0 0 0 0 0 0
3892 0 0 0 0 0 0 0 0 0 0 0 0 0 0 0 0 0 0 0 0 0 0 0 0 0 0 0 0 0 1 England
3893 0 0 0 0 0 0 0 0 0 0 0 0 0 0 0 0 0 0 0 3894 0 0 0 0 0 0 0 0 0 0
3894 0 0 0 0 0 0 0 0 3895 0 0 0 0 0 0 0 0 0 0 0 0 0 0 0 0 0 0 0 0 0
3895 0 0 0 0 0 0 0 0 0 0 0 0 0 3896 0 0 0 0 0 0 0 0 0 0 0 0 0 0 0 1 English
3896 0 3897 0 0 0 0 0 0 0 0 0 0 0 0 0 0 0 0 0 0 0 0 0 0 0 0 0 0 0 0
3897 0 0 0 0 0 0 0 0 0 0 0 0 0 0 3898 0 0 0 0 0 0 0 0 0 0 0 0 0 0 0
3898 0 0 0 0 0 0 0 0 0 0 0 0 0 0 0 0 0 0 0 0 0 0 0 0 0 0 0 0 0 1 Englishman
3899 0 0 0 0 0 0 0 0 0 0 0 0 0 0 0 3900 0 0 0 0 0 0 0 0 0 0 0 0 0 0
3900 0 0 0 0 0 0 0 0 0 0 0 0 0 0 0 0 0 0 0 0 0 0 0 0 0 3901 0 0 0 0
3901 0 0 0 0 0 0 0 0 0 0 0 0 0 0 0 0 0 0 0 0 0 0 0 0 0 0 0 0 0 1 enjoy
3902 0 3903 0 0 0 0 0 0 0 0 0 0 0 0 0 0 0 0 0 0 0 0 0 0 0 0 0 0 0 0
3903 0 0 0 0 0 0 0 0 0 0 0 0 0 0 0 0 0 0 3904 0 0 0 0 0 0 0 0 0 0 0
3904 0 0 0 0 0 0 0 3905 0 0 0 0 0 0 0 0 0 0 0 0 0 0 0 0 0 0 0 0 0 0
3905 0 0 0 0 0 3906 0 0 0 0 0 0 0 0 0 0 0 0 0 0 0 0 0 0 0 0 0 0 0 0
3906 0 0 0 0 0 0 0 0 0 0 0 0 0 0 0 0 0 0 0 0 0 0 0 0 0 0 0 0 0 1 enlarge
3907 0 0 0 0 0 0 0 0 0 0 0 0 0 0 0 0 0 0 3908 0 0 3913 0 0 0 0 0 0 0 0
3908 0 0 0 0 0 0 0 0 0 0 0 0 0 3909 0 0 0 0 0 0 0 0 0 0 0 0 0 0 0 0
3909 0 0 0 0 0 0 0 0 0 0 0 0 0 0 0 3910 0 0 0 0 0 0 0 0 0 0 0 0 0 0
3910 0 0 0 0 0 0 0 0 0 0 0 0 0 0 0 0 0 0 0 0 0 3911 0 0 0 0 0 0 0 0
3911 0 0 0 0 0 0 0 0 0 0 0 0 0 0 0 0 0 0 0 3912 0 0 0 0 0 0 0 0 0 0
3912 0 0 0 0 0 0 0 0 0 0 0 0 0 0 0 0 0 0 0 0 0 0 0 0 0 0 0 0 0 1 enormous
3913 0 0 0 0 0 0 0 3914 0 0 0 0 0 0 0 0 0 0 0 0 0 0 0 0 0 0 0 0 0 0
3914 0 0 0 0 0 0 0 0 3915 0 0 0 0 0 0 0 0 0 0 0 0 0 0 0 0 0 0 0 0 0
3915 0 0 0 0 0 0 0 0 0 0 0 0 0 0 0 0 0 0 0 0 0 0 0 0 0 0 0 0 0 1 enough
3916 0 0 0 0 0 0 0 0 0 0 0 0 0 0 0 0 0 0 0 0 0 3917 0 0 0 0 0 0 0 0
3917 0 0 0 0 0 0 0 0 0 0 0 0 0 0 0 0 0 0 3918 0 0 0 0 0 0 0 0 0 0 0
3918 0 0 0 0 0 3919 0 0 0 0 0 0 0 0 0 0 0 0 0 0 0 0 0 0 0 0 0 0 0 0
3919 0 0 0 0 0 0 0 0 0 0 0 0 0 0 0 0 0 0 0 0 0 0 0 0 0 0 0 0 0 1 ensure
3920 0 0 0 0 0 3921 0 0 3927 3937 0 0 0 0 0 0 0 0 3943 0 0 0 0 0 0 0 0 0 0 0
3921 0 0 0 0 0 0 0 0 0 0 0 0 0 0 0 0 0 0 3922 0 0 0 0 0 0 0 0 0 0 0
3922 0 0 0 0 0 0 0 0 0 0 0 0 0 0 0 0 0 0 0 0 3923 0 0 0 0 0 0 0 0 1 enter
3923 0 3924 0 0 0 0 0 0 0 0 0 0 0 0 0 0 0 0 0 0 0 0 0 0 0 0 0 0 0 0
3924 0 0 0 0 0 0 0 0 0 3925 0 0 0 0 0 0 0 0 0 0 0 0 0 0 0 0 0 0 0 0
3925 0 0 0 0 0 0 0 0 0 0 0 0 0 0 3926 0 0 0 0 0 0 0 0 0 0 0 0 0 0 0
3926 0 0 0 0 0 0 0 0 0 0 0 0 0 0 0 0 0 0 0 0 0 0 0 0 0 0 0 0 0 1 entertain
3927 0 0 0 0 0 0 0 0 0 0 0 0 0 0 0 0 0 0 0 0 0 3928 0 0 0 0 0 0 0 0
3928 0 0 0 0 0 0 0 0 0 0 0 0 0 0 0 0 0 0 0 3929 0 0 0 0 0 0 0 0 0 0
3929 0 0 0 0 0 0 0 0 0 3930 0 0 0 0 0 0 0 0 0 0 0 0 0 0 0 0 0 0 0 0
3930 0 3931 0 0 0 0 0 0 0 0 0 0 0 0 0 0 0 0 0 0 0 0 0 0 0 0 0 0 0 0
3931 0 0 0 0 0 0 0 0 0 0 0 0 0 0 0 0 0 0 0 3932 0 0 0 0 0 0 0 0 0 0
3932 0 0 0 0 0 0 0 0 0 0 0 0 0 3933 0 0 0 0 0 0 3934 0 0 0 0 0 0 0 0 0
3933 0 0 0 0 0 0 0 0 0 0 0 0 0 0 0 0 0 0 0 0 0 0 0 0 0 0 0 0 0 1 enthusiasm
3934 0 0 0 0 0 0 0 0 0 3935 0 0 0 0 0 0 0 0 0 0 0 0 0 0 0 0 0 0 0 0
3935 0 0 0 3936 0 0 0 0 0 0 0 0 0 0 0 0 0 0 0 0 0 0 0 0 0 0 0 0 0 0
3936 0 0 0 0 0 0 0 0 0 0 0 0 0 0 0 0 0 0 0 0 0 0 0 0 0 0 0 0 0 1 enthusiastic
3937 0 0 0 0 0 0 0 0 0 0 0 0 0 0 0 0 0 0 3938 0 3940 0 0 0 0 0 0 0 0 0
3938 0 0 0 0 0 3939 0 0 0 0 0 0 0 0 0 0 0 0 0 0 0 0 0 0 0 0 0 0 0 0
3939 0 0 0 0 0 0 0 0 0 0 0 0 0 0 0 0 0 0 0 0 0 0 0 0 0 0 0 0 0 1 entire
3940 0 0 0 0 0 0 0 0 0 0 0 0 3941 0 0 0 0 0 0 0 0 0 0 0 0 0 0 0 0 0
3941 0 0 0 0 0 3942 0 0 0 0 0 0 0 0 0 0 0 0 0 0 0 0 0 0 0 0 0 0 0 0
3942 0 0 0 0 0 0 0 0 0 0 0 0 0 0 0 0 0 0 0 0 0 0 0 0 0 0 0 0 0 1 entitle
3943 0 3944 0 0 0 0 0 0 0 0 0 0 0 0 0 0 0 0 0 0 0 0 0 0 0 3948 0 0 0 0
3944 0 0 0 0 0 0 0 0 0 0 0 0 0 0 3945 0 0 0 0 0 0 0 0 0 0 0 0 0 0 0
3945 0 0 0 3946 0 0 0 0 0 0 0 0 0 0 0 0 0 0 0 0 0 0 0 0 0 0 0 0 0 0
3946 0 0 0 0 0 3947 0 0 0 0 0 0 0 0 0 0 0 0 0 0 0 0 0 0 0 0 0 0 0 0
3947 0 0 0 0 0 0 0 0 0 0 0 0 0 0 0 0 0 0 0 0 0 0 0 0 0 0 0 0 0 1 entrance
3948 0 0 0 0 0 0 0 0 0 0 0 0 0 0 0 0 0 0 0 0 0 0 0 0 0 0 0 0 0 1 entry
3949 0 0 0 0 0 3950 0 0 0 3955 0 0 0 0 0 0 0 0 0 0 0 0 0 0 0 3963 0 0 0 0
3950 0 0 0 0 0 0 0 0 0 0 0 0 3951 0 0 0 0 0 0 0 0 0 0 0 0 0 0 0 0 0
3951 0 0 0 0 0 0 0 0 0 0 0 0 0 0 0 3952 0 0 0 0 0 0 0 0 0 0 0 0 0 0
3952 0 0 0 0 0 0 0 0 0 0 0 0 0 0 0 0 3953 0 0 0 0 0 0 0 0 0 0 0 0 0
3953 0 0 0 0 0 3954 0 0 0 0 0 0 0 0 0 0 0 0 0 0 0 0 0 0 0 0 0 0 0 0
3954 0 0 0 0 0 0 0 0 0 0 0 0 0 0 0 0 0 0 0 0 0 0 0 0 0 0 0 0 0 1 envelope
3955 0 0 0 0 0 0 0 0 0 0 0 0 0 0 0 0 0 0 3956 0 0 0 0 0 0 0 0 0 0 0
3956 0 0 0 0 0 0 0 0 0 0 0 0 0 0 0 3957 0 0 0 0 0 0 0 0 0 0 0 0 0 0
3957 0 0 0 0 0 0 0 0 0 0 0 0 0 0 3958 0 0 0 0 0 0 0 0 0 0 0 0 0 0 0
3958 0 0 0 0 0 0 0 0 0 0 0 0 0 3959 0 0 0 0 0 0 0 0 0 0 0 0 0 0 0 0
3959 0 0 0 0 0 3960 0 0 0 0 0 0 0 0 0 0 0 0 0 0 0 0 0 0 0 0 0 0 0 0
3960 0 0 0 0 0 0 0 0 0 0 0 0 0 0 3961 0 0 0 0 0 0 0 0 0 0 0 0 0 0 0
3961 0 0 0 0 0 0 0 0 0 0 0 0 0 0 0 0 0 0 0 0 3962 0 0 0 0 0 0 0 0 0
3962 0 0 0 0 0 0 0 0 0 0 0 0 0 0 0 0 0 0 0 0 0 0 0 0 0 0 0 0 0 1 environment
3963 0 0 0 0 0 0 0 0 0 0 0 0 0 0 0 0 0 0 0 0 0 0 0 0 0 0 0 0 0 1 envy
3964 0 0 0 0 0 0 0 0 0 0 0 0 0 0 0 0 0 0 0 0 0 3965 0 0 0 0 0 0 0 0
3965 0 3966 0 0 0 0 0 0 0 3975 0 0 0 0 0 0 0 0 0 0 0 0 0 0 0 0 0 0 0 0
3966 0 0 0 0 0 0 0 0 0 0 0 0 3967 0 0 0 0 0 0 0 3971 0 0 0 0 0 0 0 0 0
3967 0 0 0 0 0 0 0 0 0 3968 0 0 0 0 0 0 0 0 0 0 0 0 0 0 0 0 0 0 0 1 equal
3968 0 0 0 0 0 0 0 0 0 0 0 0 0 0 0 0 0 0 0 0 3969 0 0 0 0 0 0 0 0 0
3969 0 0 0 0 0 0 0 0 0 0 0 0 0 0 0 0 0 0 0 0 0 0 0 0 0 3970 0 0 0 0
3970 0 0 0 0 0 0 0 0 0 0 0 0 0 0 0 0 0 0 0 0 0 0 0 0 0 0 0 0 0 1 equality
3971 0 0 0 0 0 0 0 0 0 3972 0 0 0 0 0 0 0 0 0 0 0 0 0 0 0 0 0 0 0 0
3972 0 0 0 0 0 0 0 0 0 0 0 0 0 0 0 3973 0 0 0 0 0 0 0 0 0 0 0 0 0 0
3973 0 0 0 0 0 0 0 0 0 0 0 0 0 0 3974 0 0 0 0 0 0 0 0 0 0 0 0 0 0 0
3974 0 0 0 0 0 0 0 0 0 0 0 0 0 0 0 0 0 0 0 0 0 0 0 0 0 0 0 0 0 1 equation
3975 0 0 0 0 0 0 0 0 0 0 0 0 0 0 0 0 3976 0 0 0 0 0 3981 0 0 0 0 0 0 0
3976 0 0 0 0 0 0 0 0 0 0 0 0 0 3977 0 0 0 0 0 0 0 0 0 0 0 0 0 0 0 1 equip
3977 0 0 0 0 0 3978 0 0 0 0 0 0 0 0 0 0 0 0 0 0 0 0 0 0 0 0 0 0 0 0
3978 0 0 0 0 0 0 0 0 0 0 0 0 0 0 3979 0 0 0 0 0 0 0 0 0 0 0 0 0 0 0
3979 0 0 0 0 0 0 0 0 0 0 0 0 0 0 0 0 0 0 0 0 3980 0 0 0 0 0 0 0 0 0
3980 0 0 0 0 0 0 0 0 0 0 0 0 0 0 0 0 0 0 0 0 0 0 0 0 0 0 0 0 0 1 equipment
3981 0 3982 0 0 0 0 0 0 0 0 0 0 0 0 0 0 0 0 0 0 0 0 0 0 0 0 0 0 0 0
3982 0 0 0 0 0 0 0 0 0 0 0 0 3983 0 0 0 0 0 0 0 0 0 0 0 0 0 0 0 0 0
3983 0 0 0 0 0 3984 0 0 0 0 0 0 0 0 0 0 0 0 0 0 0 0 0 0 0 0 0 0 0 0
3984 0 0 0 0 0 0 0 0 0 0 0 0 0 0 3985 0 0 0 0 0 0 0 0 0 0 0 0 0 0 0
3985 0 0 0 0 0 0 0 0 0 0 0 0 0 0 0 0 0 0 0 0 3986 0 0 0 0 0 0 0 0 0
3986 0 0 0 0 0 0 0 0 0 0 0 0 0 0 0 0 0 0 0 0 0 0 0 0 0 0 0 0 0 1 equivalent
3987 0 3988 0 0 0 3989 0 0 0 0 0 0 0 0 0 0 0 0 3992 0 0 0 0 0 0 0 0 0 0 0
3988 0 0 0 0 0 0 0 0 0 0 0 0 0 0 0 0 0 0 0 0 0 0 0 0 0 0 0 0 0 1 era
3989 0 0 0 3990 0 0 0 0 0 0 0 0 0 0 0 0 0 0 0 0 0 0 0 0 0 0 0 0 0 0
3990 0 0 0 0 0 0 0 0 0 0 0 0 0 0 0 0 0 0 0 0 3991 0 0 0 0 0 0 0 0 0
3991 0 0 0 0 0 0 0 0 0 0 0 0 0 0 0 0 0 0 0 0 0 0 0 0 0 0 0 0 0 1 erect
3992 0 0 0 0 0 0 0 0 0 0 0 0 0 0 0 3993 0 0 0 0 0 0 0 0 0 0 0 0 0 0
3993 0 0 0 0 0 0 0 0 0 0 0 0 0 0 0 0 0 0 3994 0 0 0 0 0 0 0 0 0 0 0
3994 0 0 0 0 0 0 0 0 0 0 0 0 0 0 0 0 0 0 0 0 0 0 0 0 0 0 0 0 0 1 error
3995 0 0 0 3996 0 0 0 0 0 0 0 0 0 0 0 0 4000 0 0 4008 4017 0 0 0 0 0 0 0 0 0
3996 0 3997 0 0 0 0 0 0 0 0 0 0 0 0 0 0 0 0 0 0 0 0 0 0 0 0 0 0 0 0
3997 0 0 0 0 0 0 0 0 0 0 0 0 0 0 0 0 3998 0 0 0 0 0 0 0 0 0 0 0 0 0
3998 0 0 0 0 0 3999 0 0 0 0 0 0 0 0 0 0 0 0 0 0 0 0 0 0 0 0 0 0 0 0
3999 0 0 0 0 0 0 0 0 0 0 0 0 0 0 0 0 0 0 0 0 0 0 0 0 0 0 0 0 0 1 escape
4000 0 0 0 0 0 4001 0 0 0 0 0 0 0 0 0 0 0 0 0 0 0 0 0 0 0 0 0 0 0 0
4001 0 0 0 4002 0 0 0 0 0 0 0 0 0 0 0 0 0 0 0 0 0 0 0 0 0 0 0 0 0 0
4002 0 0 0 0 0 0 0 0 0 4003 0 0 0 0 0 0 0 0 0 0 0 0 0 0 0 0 0 0 0 0
4003 0 4004 0 0 0 0 0 0 0 0 0 0 0 0 0 0 0 0 0 0 0 0 0 0 0 0 0 0 0 0
4004 0 0 0 0 0 0 0 0 0 0 0 0 4005 0 0 0 0 0 0 0 0 0 0 0 0 0 0 0 0 0
4005 0 0 0 0 0 0 0 0 0 0 0 0 4006 0 0 0 0 0 0 0 0 0 0 0 0 0 0 0 0 0
4006 0 0 0 0 0 0 0 0 0 0 0 0 0 0 0 0 0 0 0 0 0 0 0 0 0 4007 0 0 0 0
4007 0 0 0 0 0 0 0 0 0 0 0 0 0 0 0 0 0 0 0 0 0 0 0 0 0 0 0 0 0 1 especially
4008 0 4009 0 0 0 4011 0 0 0 0 0 0 0 0 0 0 0 0 0 0 0 0 0 0 0 0 0 0 0 0
4009 0 0 0 0 0 0 0 0 0 0 0 0 0 0 0 0 0 0 0 0 0 0 0 0 0 4010 0 0 0 0
4010 0 0 0 0 0 0 0 0 0 0 0 0 0 0 0 0 0 0 0 0 0 0 0 0 0 0 0 0 0 1 essay
4011 0 0 0 0 0 0 0 0 0 0 0 0 0 0 4012 0 0 0 0 0 0 0 0 0 0 0 0 0 0 0
4012 0 0 0 0 0 0 0 0 0 0 0 0 0 0 0 0 0 0 0 0 4013 0 0 0 0 0 0 0 0 0
4013 0 0 0 0 0 0 0 0 0 4014 0 0 0 0 0 0 0 0 0 0 0 0 0 0 0 0 0 0 0 0
4014 0 4015 0 0 0 0 0 0 0 0 0 0 0 0 0 0 0 0 0 0 0 0 0 0 0 0 0 0 0 0
4015 0 0 0 0 0 0 0 0 0 0 0 0 4016 0 0 0 0 0 0 0 0 0 0 0 0 0 0 0 0 0
4016 0 0 0 0 0 0 0 0 0 0 0 0 0 0 0 0 0 0 0 0 0 0 0 0 0 0 0 0 0 1 essential
4017 0 4018 0 0 0 0 0 0 0 4028 0 0 0 0 0 0 0 0 0 0 0 0 0 0 0 0 0 0 0 0
4018 0 0 4019 0 0 0 0 0 0 0 0 0 0 0 0 0 0 0 0 0 0 0 0 0 0 0 0 0 0 0
4019 0 0 0 0 0 0 0 0 0 0 0 0 4020 0 0 0 0 0 0 0 0 0 0 0 0 0 0 0 0 0
4020 0 0 0 0 0 0 0 0 0 4021 0 0 0 0 0 0 0 0 0 0 0 0 0 0 0 0 0 0 0 0
4021 0 0 0 0 0 0 0 0 0 0 0 0 0 0 0 0 0 0 0 4022 0 0 0 0 0 0 0 0 0 0
4022 0 0 0 0 0 0 0 0 4023 0 0 0 0 0 0 0 0 0 0 0 0 0 0 0 0 0 0 0 0 0
4023 0 0 0 0 0 0 0 0 0 0 0 0 0 4024 0 0 0 0 0 0 0 0 0 0 0 0 0 0 0 1 establish
4024 0 0 0 0 0 4025 0 0 0 0 0 0 0 0 0 0 0 0 0 0 0 0 0 0 0 0 0 0 0 0
4025 0 0 0 0 0 0 0 0 0 0 0 0 0 0 4026 0 0 0 0 0 0 0 0 0 0 0 0 0 0 0
4026 0 0 0 0 0 0 0 0 0 0 0 0 0 0 0 0 0 0 0 0 4027 0 0 0 0 0 0 0 0 0
4027 0 0 0 0 0 0 0 0 0 0 0 0 0 0 0 0 0 0 0 0 0 0 0 0 0 0 0 0 0 1 establishment
4028 0 0 0 0 0 0 0 0 0 0 0 0 0 4029 0 0 0 0 0 0 0 0 0 0 0 0 0 0 0 0
4029 0 4030 0 0 0 0 0 0 0 0 0 0 0 0 0 0 0 0 0 0 0 0 0 0 0 0 0 0 0 0
4030 0 0 0 0 0 0 0 0 0 0 0 0 0 0 0 0 0 0 0 0 4031 0 0 0 0 0 0 0 0 0
4031 0 0 0 0 0 4032 0 0 0 0 0 0 0 0 0 0 0 0 0 0 0 0 0 0 0 0 0 0 0 0
4032 0 0 0 0 0 0 0 0 0 0 0 0 0 0 0 0 0 0 0 0 0 0 0 0 0 0 0 0 0 1 estimate
4033 0 0 0 0 0 0 0 0 0 0 0 0 0 0 0 0 0 0 4034 0 0 0 0 0 0 0 0 0 0 0
4034 0 0 0 0 0 0 0 0 0 0 0 0 0 0 0 4035 0 0 0 0 0 0 0 0 0 0 0 0 0 0
4035 0 0 0 0 0 0 0 0 0 0 0 0 0 0 0 0 4036 0 0 0 0 0 0 0 0 0 0 0 0 0
4036 0 0 0 0 0 4037 0 0 0 0 0 0 0 0 0 0 0 0 0 0 0 0 0 0 0 0 0 0 0 0
4037 0 4038 0 0 0 0 0 0 0 0 0 0 0 0 0 0 0 0 0 0 0 0 0 0 0 0 0 0 0 1 Europe
4038 0 0 0 0 0 0 0 0 0 0 0 0 0 0 4039 0 0 0 0 0 0 0 0 0 0 0 0 0 0 0
4039 0 0 0 0 0 0 0 0 0 0 0 0 0 0 0 0 0 0 0 0 0 0 0 0 0 0 0 0 0 1 European
4040 0 4041 0 0 0 4053 0 0 0 4086 0 0 0 0 0 4094 0 0 0 0 0 0 0 0 0 0 0 0 0 0
4041 0 0 0 0 0 0 0 0 0 0 0 0 4042 0 0 0 4047 0 0 0 0 0 0 0 0 0 0 0 0 0
4042 0 0 0 0 0 0 0 0 0 0 0 0 0 0 0 0 0 0 0 0 0 4043 0 0 0 0 0 0 0 0
4043 0 4044 0 0 0 0 0 0 0 0 0 0 0 0 0 0 0 0 0 0 0 0 0 0 0 0 0 0 0 0
4044 0 0 0 0 0 0 0 0 0 0 0 0 0 0 0 0 0 0 0 0 4045 0 0 0 0 0 0 0 0 0
4045 0 0 0 0 0 4046 0 0 0 0 0 0 0 0 0 0 0 0 0 0 0 0 0 0 0 0 0 0 0 0
4046 0 0 0 0 0 0 0 0 0 0 0 0 0 0 0 0 0 0 0 0 0 0 0 0 0 0 0 0 0 1 evaluate
4047 0 0 0 0 0 0 0 0 0 0 0 0 0 0 0 4048 0 0 0 0 0 0 0 0 0 0 0 0 0 0
4048 0 0 0 0 0 0 0 0 0 0 0 0 0 0 0 0 0 0 4049 0 0 0 0 0 0 0 0 0 0 0
4049 0 4050 0 0 0 0 0 0 0 0 0 0 0 0 0 0 0 0 0 0 0 0 0 0 0 0 0 0 0 0
4050 0 0 0 0 0 0 0 0 0 0 0 0 0 0 0 0 0 0 0 0 4051 0 0 0 0 0 0 0 0 0
4051 0 0 0 0 0 4052 0 0 0 0 0 0 0 0 0 0 0 0 0 0 0 0 0 0 0 0 0 0 0 0
4052 0 0 0 0 0 0 0 0 0 0 0 0 0 0 0 0 0 0 0 0 0 0 0 0 0 0 0 0 0 1 evaporate
4053 0 0 0 0 0 0 0 0 0 0 0 0 0 0 4054 0 0 0 4064 0 0 0 0 0 0 0 0 0 0 1 eve
4054 0 0 0 0 0 0 0 0 0 4055 0 0 0 0 0 0 0 0 0 0 4058 0 0 0 0 0 0 0 0 1 even
4055 0 0 0 0 0 0 0 0 0 0 0 0 0 0 4056 0 0 0 0 0 0 0 0 0 0 0 0 0 0 0
4056 0 0 0 0 0 0 0 4057 0 0 0 0 0 0 0 0 0 0 0 0 0 0 0 0 0 0 0 0 0 0
4057 0 0 0 0 0 0 0 0 0 0 0 0 0 0 0 0 0 0 0 0 0 0 0 0 0 0 0 0 0 1 evening
4058 0 0 0 0 0 0 0 0 0 0 0 0 0 0 0 0 0 0 0 0 0 4059 0 0 0 0 0 0 0 1 event
4059 0 4060 0 0 0 0 0 0 0 0 0 0 0 0 0 0 0 0 0 0 0 0 0 0 0 0 0 0 0 0
4060 0 0 0 0 0 0 0 0 0 0 0 0 4061 0 0 0 0 0 0 0 0 0 0 0 0 0 0 0 0 0
4061 0 0 0 0 0 0 0 0 0 0 0 0 4062 0 0 0 0 0 0 0 0 0 0 0 0 0 0 0 0 0
4062 0 0 0 0 0 0 0 0 0 0 0 0 0 0 0 0 0 0 0 0 0 0 0 0 0 4063 0 0 0 0
4063 0 0 0 0 0 0 0 0 0 0 0 0 0 0 0 0 0 0 0 0 0 0 0 0 0 0 0 0 0 1 eventually
4064 0 0 0 0 0 0 0 0 0 0 0 0 0 0 0 0 0 0 0 0 0 0 0 0 0 4065 0 0 0 1 ever
4065 0 0 4066 0 4070 0 0 0 0 0 0 0 0 0 0 4073 0 0 0 0 4076 0 0 4081 0 0 0 0 0 1 every
4066 0 0 0 0 0 0 0 0 0 0 0 0 0 0 0 4067 0 0 0 0 0 0 0 0 0 0 0 0 0 0
4067 0 0 0 0 4068 0 0 0 0 0 0 0 0 0 0 0 0 0 0 0 0 0 0 0 0 0 0 0 0 0
4068 0 0 0 0 0 0 0 0 0 0 0 0 0 0 0 0 0 0 0 0 0 0 0 0 0 4069 0 0 0 0
4069 0 0 0 0 0 0 0 0 0 0 0 0 0 0 0 0 0 0 0 0 0 0 0 0 0 0 0 0 0 1 everybody
4070 0 4071 0 0 0 0 0 0 0 0 0 0 0 0 0 0 0 0 0 0 0 0 0 0 0 0 0 0 0 0
4071 0 0 0 0 0 0 0 0 0 0 0 0 0 0 0 0 0 0 0 0 0 0 0 0 0 4072 0 0 0 0
4072 0 0 0 0 0 0 0 0 0 0 0 0 0 0 0 0 0 0 0 0 0 0 0 0 0 0 0 0 0 1 everyday
4073 0 0 0 0 0 0 0 0 0 0 0 0 0 0 4074 0 0 0 0 0 0 0 0 0 0 0 0 0 0 0
4074 0 0 0 0 0 4075 0 0 0 0 0 0 0 0 0 0 0 0 0 0 0 0 0 0 0 0 0 0 0 0
4075 0 0 0 0 0 0 0 0 0 0 0 0 0 0 0 0 0 0 0 0 0 0 0 0 0 0 0 0 0 1 everyone
4076 0 0 0 0 0 0 0 0 4077 0 0 0 0 0 0 0 0 0 0 0 0 0 0 0 0 0 0 0 0 0
4077 0 0 0 0 0 0 0 0 0 4078 0 0 0 0 0 0 0 0 0 0 0 0 0 0 0 0 0 0 0 0
4078 0 0 0 0 0 0 0 0 0 0 0 0 0 0 4079 0 0 0 0 0 0 0 0 0 0 0 0 0 0 0
4079 0 0 0 0 0 0 0 4080 0 0 0 0 0 0 0 0 0 0 0 0 0 0 0 0 0 0 0 0 0 0
4080 0 0 0 0 0 0 0 0 0 0 0 0 0 0 0 0 0 0 0 0 0 0 0 0 0 0 0 0 0 1 everything
4081 0 0 0 0 0 0 0 0 4082 0 0 0 0 0 0 0 0 0 0 0 0 0 0 0 0 0 0 0 0 0
4082 0 0 0 0 0 4083 0 0 0 0 0 0 0 0 0 0 0 0 0 0 0 0 0 0 0 0 0 0 0 0
4083 0 0 0 0 0 0 0 0 0 0 0 0 0 0 0 0 0 0 4084 0 0 0 0 0 0 0 0 0 0 0
4084 0 0 0 0 0 4085 0 0 0 0 0 0 0 0 0 0 0 0 0 0 0 0 0 0 0 0 0 0 0 0
4085 0 0 0 0 0 0 0 0 0 0 0 0 0 0 0 0 0 0 0 0 0 0 0 0 0 0 0 0 0 1 everywhere
4086 0 0 0 0 4087 0 0 0 0 0 0 0 4093 0 0 0 0 0 0 0 0 0 0 0 0 0 0 0 0 0
4087 0 0 0 0 0 4088 0 0 0 0 0 0 0 0 0 0 0 0 0 0 0 0 0 0 0 0 0 0 0 0
4088 0 0 0 0 0 0 0 0 0 0 0 0 0 0 4089 0 0 0 0 0 0 0 0 0 0 0 0 0 0 0
4089 0 0 0 4090 0 0 0 0 0 0 0 0 0 0 0 0 0 0 0 0 4092 0 0 0 0 0 0 0 0 0
4090 0 0 0 0 0 4091 0 0 0 0 0 0 0 0 0 0 0 0 0 0 0 0 0 0 0 0 0 0 0 0
4091 0 0 0 0 0 0 0 0 0 0 0 0 0 0 0 0 0 0 0 0 0 0 0 0 0 0 0 0 0 1 evidence
4092 0 0 0 0 0 0 0 0 0 0 0 0 0 0 0 0 0 0 0 0 0 0 0 0 0 0 0 0 0 1 evident
4093 0 0 0 0 0 0 0 0 0 0 0 0 0 0 0 0 0 0 0 0 0 0 0 0 0 0 0 0 0 1 evil
4094 0 0 0 0 0 0 0 0 0 0 0 0 4095 0 0 0 0 0 0 0 0 0 0 0 0 0 0 0 0 0
4095 0 0 0 0 0 0 0 0 0 0 0 0 0 0 0 0 0 0 0 0 0 4096 4101 0 0 0 0 0 0 0
4096 0 0 0 0 0 0 0 0 0 0 0 0 0 0 0 0 0 0 0 0 4097 0 0 0 0 0 0 0 0 0
4097 0 0 0 0 0 0 0 0 0 4098 0 0 0 0 0 0 0 0 0 0 0 0 0 0 0 0 0 0 0 0
4098 0 0 0 0 0 0 0 0 0 0 0 0 0 0 0 4099 0 0 0 0 0 0 0 0 0 0 0 0 0 0
4099 0 0 0 0 0 0 0 0 0 0 0 0 0 0 4100 0 0 0 0 0 0 0 0 0 0 0 0 0 0 0
4100 0 0 0 0 0 0 0 0 0 0 0 0 0 0 0 0 0 0 0 0 0 0 0 0 0 0 0 0 0 1 evolution
4101 0 0 0 0 0 4102 0 0 0 0 0 0 0 0 0 0 0 0 0 0 0 0 0 0 0 0 0 0 0 0
4102 0 0 0 0 0 0 0 0 0 0 0 0 0 0 0 0 0 0 0 0 0 0 0 0 0 0 0 0 0 1 evolve
4103 0 4104 0 4128 0 4184 0 0 4198 4210 0 0 0 0 0 0 4218 0 0 0 4291 0 0 0 0 0 0 0 0 0
4104 0 0 0 4105 0 0 0 4109 0 0 0 0 0 4116 0 0 0 0 0 0 0 0 0 0 0 0 0 0 0 0
4105 0 0 0 0 0 0 0 0 0 0 0 0 0 0 0 0 0 0 0 0 4106 0 0 0 0 0 0 0 0 0
4106 0 0 0 0 0 0 0 0 0 0 0 0 4107 0 0 0 0 0 0 0 0 0 0 0 0 0 0 0 0 1 exact
4107 0 0 0 0 0 0 0 0 0 0 0 0 0 0 0 0 0 0 0 0 0 0 0 0 0 4108 0 0 0 0
4108 0 0 0 0 0 0 0 0 0 0 0 0 0 0 0 0 0 0 0 0 0 0 0 0 0 0 0 0 0 1 exactly
4109 0 0 0 0 0 0 0 4110 0 0 0 0 0 0 0 0 0 0 0 0 0 0 0 0 0 0 0 0 0 0
4110 0 0 0 0 0 4111 0 0 0 0 0 0 0 0 0 0 0 0 0 0 0 0 0 0 0 0 0 0 0 0
4111 0 0 0 0 0 0 0 0 0 0 0 0 0 0 0 0 0 0 4112 0 0 0 0 0 0 0 0 0 0 0
4112 0 4113 0 0 0 0 0 0 0 0 0 0 0 0 0 0 0 0 0 0 0 0 0 0 0 0 0 0 0 0
4113 0 0 0 0 0 0 0 0 0 0 0 0 0 0 0 0 0 0 0 0 4114 0 0 0 0 0 0 0 0 0
4114 0 0 0 0 0 4115 0 0 0 0 0 0 0 0 0 0 0 0 0 0 0 0 0 0 0 0 0 0 0 0
4115 0 0 0 0 0 0 0 0 0 0 0 0 0 0 0 0 0 0 0 0 0 0 0 0 0 0 0 0 0 1 exaggerate
4116 0 0 0 0 0 0 0 0 0 4117 0 0 0 0 0 0 4125 0 0 0 0 0 0 0 0 0 0 0 0 1 exam
4117 0 0 0 0 0 0 0 0 0 0 0 0 0 0 4118 0 0 0 0 0 0 0 0 0 0 0 0 0 0 0
4118 0 4119 0 0 0 4124 0 0 0 0 0 0 0 0 0 0 0 0 0 0 0 0 0 0 0 0 0 0 0 0
4119 0 0 0 0 0 0 0 0 0 0 0 0 0 0 0 0 0 0 0 0 4120 0 0 0 0 0 0 0 0 0
4120 0 0 0 0 0 0 0 0 0 4121 0 0 0 0 0 0 0 0 0 0 0 0 0 0 0 0 0 0 0 0
4121 0 0 0 0 0 0 0 0 0 0 0 0 0 0 0 4122 0 0 0 0 0 0 0 0 0 0 0 0 0 0
4122 0 0 0 0 0 0 0 0 0 0 0 0 0 0 4123 0 0 0 0 0 0 0 0 0 0 0 0 0 0 0
4123 0 0 0 0 0 0 0 0 0 0 0 0 0 0 0 0 0 0 0 0 0 0 0 0 0 0 0 0 0 1 examination
4124 0 0 0 0 0 0 0 0 0 0 0 0 0 0 0 0 0 0 0 0 0 0 0 0 0 0 0 0 0 1 examine
4125 0 0 0 0 0 0 0 0 0 0 0 0 4126 0 0 0 0 0 0 0 0 0 0 0 0 0 0 0 0 0
4126 0 0 0 0 0 4127 0 0 0 0 0 0 0 0 0 0 0 0 0 0 0 0 0 0 0 0 0 0 0 0
4127 0 0 0 0 0 0 0 0 0 0 0 0 0 0 0 0 0 0 0 0 0 0 0 0 0 0 0 0 0 1 example
4128 0 0 0 0 0 4129 0 0 4152 4157 0 0 4163 0 0 0 0 0 0 0 0 4176 0 0 0 0 0 0 0 0
4129 0 0 0 0 0 4130 0 0 0 0 0 0 4137 0 0 0 4142 0 0 4147 0 0 0 0 0 0 0 0 0 0
4130 0 0 0 0 4131 0 0 0 0 0 0 0 0 0 0 0 0 0 0 0 0 0 0 0 0 0 0 0 0 0
4131 0 0 0 0 0 0 0 0 0 4132 0 0 0 0 0 0 0 0 0 0 0 0 0 0 0 0 0 0 0 1 exceed
4132 0 0 0 0 0 0 0 0 0 0 0 0 0 0 4133 0 0 0 0 0 0 0 0 0 0 0 0 0 0 0
4133 0 0 0 0 0 0 0 4134 0 0 0 0 0 0 0 0 0 0 0 0 0 0 0 0 0 0 0 0 0 0
4134 0 0 0 0 0 0 0 0 0 0 0 0 4135 0 0 0 0 0 0 0 0 0 0 0 0 0 0 0 0 0
4135 0 0 0 0 0 0 0 0 0 0 0 0 0 0 0 0 0 0 0 0 0 0 0 0 0 4136 0 0 0 0
4136 0 0 0 0 0 0 0 0 0 0 0 0 0 0 0 0 0 0 0 0 0 0 0 0 0 0 0 0 0 1 exceedingly
4137 0 0 0 0 0 0 0 0 0 0 0 0 4138 0 0 0 0 0 0 0 0 0 0 0 0 0 0 0 0 0
4138 0 0 0 0 0 4139 0 0 0 0 0 0 0 0 0 0 0 0 0 0 0 0 0 0 0 0 0 0 0 0
4139 0 0 0 0 0 0 0 0 0 0 0 0 0 0 4140 0 0 0 0 0 0 0 0 0 0 0 0 0 0 0
4140 0 0 0 0 0 0 0 0 0 0 0 0 0 0 0 0 0 0 0 0 4141 0 0 0 0 0 0 0 0 0
4141 0 0 0 0 0 0 0 0 0 0 0 0 0 0 0 0 0 0 0 0 0 0 0 0 0 0 0 0 0 1 excellent
4142 0 0 0 0 0 0 0 0 0 0 0 0 0 0 0 0 0 0 0 0 4143 0 0 0 0 0 0 0 0 0
4143 0 0 0 0 0 0 0 0 0 4144 0 0 0 0 0 0 0 0 0 0 0 0 0 0 0 0 0 0 0 1 except
4144 0 0 0 0 0 0 0 0 0 0 0 0 0 0 0 4145 0 0 0 0 0 0 0 0 0 0 0 0 0 0
4145 0 0 0 0 0 0 0 0 0 0 0 0 0 0 4146 0 0 0 0 0 0 0 0 0 0 0 0 0 0 0
4146 0 0 0 0 0 0 0 0 0 0 0 0 0 0 0 0 0 0 0 0 0 0 0 0 0 0 0 0 0 1 exception
4147 0 0 0 0 0 0 0 0 0 0 0 0 0 0 0 0 0 0 0 4148 0 0 0 0 0 0 0 0 0 0
4148 0 0 0 0 0 0 0 0 0 4149 0 0 0 0 0 0 0 0 0 0 0 0 0 0 0 0 0 0 0 1 excess
4149 0 0 0 0 0 0 0 0 0 0 0 0 0 0 0 0 0 0 0 0 0 0 4150 0 0 0 0 0 0 0
4150 0 0 0 0 0 4151 0 0 0 0 0 0 0 0 0 0 0 0 0 0 0 0 0 0 0 0 0 0 0 0
4151 0 0 0 0 0 0 0 0 0 0 0 0 0 0 0 0 0 0 0 0 0 0 0 0 0 0 0 0 0 1 excessive
4152 0 4153 0 0 0 0 0 0 0 0 0 0 0 0 0 0 0 0 0 0 0 0 0 0 0 0 0 0 0 0
4153 0 0 0 0 0 0 0 0 0 0 0 0 0 0 4154 0 0 0 0 0 0 0 0 0 0 0 0 0 0 0
4154 0 0 0 0 0 0 0 4155 0 0 0 0 0 0 0 0 0 0 0 0 0 0 0 0 0 0 0 0 0 0
4155 0 0 0 0 0 4156 0 0 0 0 0 0 0 0 0 0 0 0 0 0 0 0 0 0 0 0 0 0 0 0
4156 0 0 0 0 0 0 0 0 0 0 0 0 0 0 0 0 0 0 0 0 0 0 0 0 0 0 0 0 0 1 exchange
4157 0 0 0 0 0 0 0 0 0 0 0 0 0 0 0 0 0 0 0 0 4158 0 0 0 0 0 0 0 0 0
4158 0 0 0 0 0 4159 0 0 0 4160 0 0 0 0 0 0 0 0 0 0 0 0 0 0 0 0 0 0 0 0
4159 0 0 0 0 0 0 0 0 0 0 0 0 0 0 0 0 0 0 0 0 0 0 0 0 0 0 0 0 0 1 excite
4160 0 0 0 0 0 0 0 0 0 0 0 0 0 0 4161 0 0 0 0 0 0 0 0 0 0 0 0 0 0 0
4161 0 0 0 0 0 0 0 4162 0 0 0 0 0 0 0 0 0 0 0 0 0 0 0 0 0 0 0 0 0 0
4162 0 0 0 0 0 0 0 0 0 0 0 0 0 0 0 0 0 0 0 0 0 0 0 0 0 0 0 0 0 1 exciting
4163 0 4164 0 0 0 0 0 0 0 0 0 0 0 0 0 0 0 0 0 0 0 4167 0 0 0 0 0 0 0 0
4164 0 0 0 0 0 0 0 0 0 4165 0 0 0 0 0 0 0 0 0 0 0 0 0 0 0 0 0 0 0 0
4165 0 0 0 0 0 0 0 0 0 0 0 0 0 4166 0 0 0 0 0 0 0 0 0 0 0 0 0 0 0 0
4166 0 0 0 0 0 0 0 0 0 0 0 0 0 0 0 0 0 0 0 0 0 0 0 0 0 0 0 0 0 1 exclaim
4167 0 0 0 0 4168 0 0 0 0 0 0 0 0 0 0 0 0 0 0 4170 0 0 0 0 0 0 0 0 0 0
4168 0 0 0 0 0 4169 0 0 0 0 0 0 0 0 0 0 0 0 0 0 0 0 0 0 0 0 0 0 0 0
4169 0 0 0 0 0 0 0 0 0 0 0 0 0 0 0 0 0 0 0 0 0 0 0 0 0 0 0 0 0 1 exclude
4170 0 0 0 0 0 0 0 0 0 4171 0 0 0 0 0 0 0 0 0 0 0 0 0 0 0 0 0 0 0 0
4171 0 0 0 0 0 0 0 0 0 0 0 0 0 0 0 0 0 0 0 0 0 0 4172 0 0 0 0 0 0 0
4172 0 0 0 0 0 4173 0 0 0 0 0 0 0 0 0 0 0 0 0 0 0 0 0 0 0 0 0 0 0 0
4173 0 0 0 0 0 0 0 0 0 0 0 0 4174 0 0 0 0 0 0 0 0 0 0 0 0 0 0 0 0 0
4174 0 0 0 0 0 0 0 0 0 0 0 0 0 0 0 0 0 0 0 0 0 0 0 0 0 4175 0 0 0 0
4175 0 0 0 0 0 0 0 0 0 0 0 0 0 0 0 0 0 0 0 0 0 0 0 0 0 0 0 0 0 1 exclusively
4176 0 0 0 0 0 0 0 0 0 0 0 0 0 0 0 0 0 0 4177 4182 0 0 0 0 0 0 0 0 0 0
4177 0 0 0 0 0 0 0 0 0 0 0 0 0 0 0 0 0 0 0 4178 0 0 0 0 0 0 0 0 0 0
4178 0 0 0 0 0 0 0 0 0 4179 0 0 0 0 0 0 0 0 0 0 0 0 0 0 0 0 0 0 0 0
4179 0 0 0 0 0 0 0 0 0 0 0 0 0 0 0 4180 0 0 0 0 0 0 0 0 0 0 0 0 0 0
4180 0 0 0 0 0 0 0 0 0 0 0 0 0 0 4181 0 0 0 0 0 0 0 0 0 0 0 0 0 0 0
4181 0 0 0 0 0 0 0 0 0 0 0 0 0 0 0 0 0 0 0 0 0 0 0 0 0 0 0 0 0 1 excursion
4182 0 0 0 0 0 4183 0 0 0 0 0 0 0 0 0 0 0 0 0 0 0 0 0 0 0 0 0 0 0 0
4183 0 0 0 0 0 0 0 0 0 0 0 0 0 0 0 0 0 0 0 0 0 0 0 0 0 0 0 0 0 1 excuse
4184 0 0 0 4185 0 0 0 0 0 0 0 0 0 0 0 0 0 0 4192 0 0 0 0 0 0 0 0 0 0 0
4185 0 0 0 0 0 0 0 0 0 0 0 0 0 0 0 0 0 0 0 0 0 4186 0 0 0 0 0 0 0 0
4186 0 0 0 0 0 0 0 0 0 0 0 0 0 0 0 0 0 0 0 0 4187 0 0 0 0 0 0 0 0 0
4187 0 0 0 0 0 4188 0 0 0 4189 0 0 0 0 0 0 0 0 0 0 0 0 0 0 0 0 0 0 0 0
4188 0 0 0 0 0 0 0 0 0 0 0 0 0 0 0 0 0 0 0 0 0 0 0 0 0 0 0 0 0 1 execute
4189 0 0 0 0 0 0 0 0 0 0 0 0 0 0 0 0 0 0 0 0 0 0 4190 0 0 0 0 0 0 0
4190 0 0 0 0 0 4191 0 0 0 0 0 0 0 0 0 0 0 0 0 0 0 0 0 0 0 0 0 0 0 0
4191 0 0 0 0 0 0 0 0 0 0 0 0 0 0 0 0 0 0 0 0 0 0 0 0 0 0 0 0 0 1 executive
4192 0 0 0 4193 0 0 0 0 0 0 0 0 0 0 0 0 0 0 0 0 4197 0 0 0 0 0 0 0 0 0
4193 0 0 0 0 0 0 0 0 0 4194 0 0 0 0 0 0 0 0 0 0 0 0 0 0 0 0 0 0 0 0
4194 0 0 0 0 0 0 0 0 0 0 0 0 0 0 0 0 0 0 0 4195 0 0 0 0 0 0 0 0 0 0
4195 0 0 0 0 0 4196 0 0 0 0 0 0 0 0 0 0 0 0 0 0 0 0 0 0 0 0 0 0 0 0
4196 0 0 0 0 0 0 0 0 0 0 0 0 0 0 0 0 0 0 0 0 0 0 0 0 0 0 0 0 0 1 exercise
4197 0 0 0 0 0 0 0 0 0 0 0 0 0 0 0 0 0 0 0 0 0 0 0 0 0 0 0 0 0 1 exert
4198 0 4199 0 0 0 0 0 0 0 4203 0 0 0 0 0 0 0 0 0 0 0 0 0 0 0 0 0 0 0 0
4199 0 0 0 0 0 0 0 0 0 0 0 0 0 0 0 0 0 0 0 0 0 4200 0 0 0 0 0 0 0 0
4200 0 0 0 0 0 0 0 0 0 0 0 0 0 0 0 0 0 0 0 4201 0 0 0 0 0 0 0 0 0 0
4201 0 0 0 0 0 0 0 0 0 0 0 0 0 0 0 0 0 0 0 0 4202 0 0 0 0 0 0 0 0 0
4202 0 0 0 0 0 0 0 0 0 0 0 0 0 0 0 0 0 0 0 0 0 0 0 0 0 0 0 0 0 1 exhaust
4203 0 0 4204 0 0 0 0 0 0 0 0 0 0 0 0 0 0 0 0 0 0 0 0 0 0 0 0 0 0 0
4204 0 0 0 0 0 0 0 0 0 4205 0 0 0 0 0 0 0 0 0 0 0 0 0 0 0 0 0 0 0 0
4205 0 0 0 0 0 0 0 0 0 0 0 0 0 0 0 0 0 0 0 0 4206 0 0 0 0 0 0 0 0 0
4206 0 0 0 0 0 0 0 0 0 4207 0 0 0 0 0 0 0 0 0 0 0 0 0 0 0 0 0 0 0 1 exhibit
4207 0 0 0 0 0 0 0 0 0 0 0 0 0 0 0 4208 0 0 0 0 0 0 0 0 0 0 0 0 0 0
4208 0 0 0 0 0 0 0 0 0 0 0 0 0 0 4209 0 0 0 0 0 0 0 0 0 0 0 0 0 0 0
4209 0 0 0 0 0 0 0 0 0 0 0 0 0 0 0 0 0 0 0 0 0 0 0 0 0 0 0 0 0 1 exhibition
4210 0 0 0 0 0 0 0 0 0 0 0 0 0 0 0 0 0 0 0 4211 4217 0 0 0 0 0 0 0 0 0
4211 0 0 0 0 0 0 0 0 0 0 0 0 0 0 0 0 0 0 0 0 4212 0 0 0 0 0 0 0 0 0
4212 0 0 0 0 0 4213 0 0 0 0 0 0 0 0 0 0 0 0 0 0 0 0 0 0 0 0 0 0 0 1 exist
4213 0 0 0 0 0 0 0 0 0 0 0 0 0 0 4214 0 0 0 0 0 0 0 0 0 0 0 0 0 0 0
4214 0 0 0 4215 0 0 0 0 0 0 0 0 0 0 0 0 0 0 0 0 0 0 0 0 0 0 0 0 0 0
4215 0 0 0 0 0 4216 0 0 0 0 0 0 0 0 0 0 0 0 0 0 0 0 0 0 0 0 0 0 0 0
4216 0 0 0 0 0 0 0 0 0 0 0 0 0 0 0 0 0 0 0 0 0 0 0 0 0 0 0 0 0 1 existence
4217 0 0 0 0 0 0 0 0 0 0 0 0 0 0 0 0 0 0 0 0 0 0 0 0 0 0 0 0 0 1 exit
4218 0 4219 0 0 0 4226 0 0 0 0 0 0 4253 0 0 4276 0 0 4284 0 0 0 0 0 0 0 0 0 0 0
4219 0 0 0 0 0 0 0 0 0 0 0 0 0 0 4220 0 0 0 0 0 0 0 0 0 0 0 0 0 0 0
4220 0 0 0 0 4221 0 0 0 0 0 0 0 0 0 0 0 0 0 0 4222 0 0 0 0 0 0 0 0 0 0
4221 0 0 0 0 0 0 0 0 0 0 0 0 0 0 0 0 0 0 0 0 0 0 0 0 0 0 0 0 0 1 expand
4222 0 0 0 0 0 0 0 0 0 4223 0 0 0 0 0 0 0 0 0 0 0 0 0 0 0 0 0 0 0 0
4223 0 0 0 0 0 0 0 0 0 0 0 0 0 0 0 4224 0 0 0 0 0 0 0 0 0 0 0 0 0 0
4224 0 0 0 0 0 0 0 0 0 0 0 0 0 0 4225 0 0 0 0 0 0 0 0 0 0 0 0 0 0 0
4225 0 0 0 0 0 0 0 0 0 0 0 0 0 0 0 0 0 0 0 0 0 0 0 0 0 0 0 0 0 1 expansion
4226 0 0 0 4227 0 0 0 0 0 0 0 0 0 0 4234 0 0 0 4240 0 0 0 0 0 0 0 0 0 0 0
4227 0 0 0 0 0 0 0 0 0 0 0 0 0 0 0 0 0 0 0 0 4228 0 0 0 0 0 0 0 0 0
4228 0 4229 0 0 0 0 0 0 0 0 0 0 0 0 0 0 0 0 0 0 0 0 0 0 0 0 0 0 0 1 expect
4229 0 0 0 0 0 0 0 0 0 0 0 0 0 0 0 0 0 0 0 0 4230 0 0 0 0 0 0 0 0 0
4230 0 0 0 0 0 0 0 0 0 4231 0 0 0 0 0 0 0 0 0 0 0 0 0 0 0 0 0 0 0 0
4231 0 0 0 0 0 0 0 0 0 0 0 0 0 0 0 4232 0 0 0 0 0 0 0 0 0 0 0 0 0 0
4232 0 0 0 0 0 0 0 0 0 0 0 0 0 0 4233 0 0 0 0 0 0 0 0 0 0 0 0 0 0 0
4233 0 0 0 0 0 0 0 0 0 0 0 0 0 0 0 0 0 0 0 0 0 0 0 0 0 0 0 0 0 1 expectation
4234 0 0 0 0 0 0 0 0 0 0 0 0 0 0 0 0 0 0 0 4235 0 0 0 0 0 0 0 0 0 0
4235 0 0 0 0 0 4236 0 0 0 4237 0 0 0 0 0 0 0 0 0 0 0 0 0 0 0 0 0 0 0 0
4236 0 0 0 0 0 0 0 0 0 0 0 0 0 0 0 0 0 0 0 0 0 0 0 0 0 0 0 0 0 1 expense
4237 0 0 0 0 0 0 0 0 0 0 0 0 0 0 0 0 0 0 0 0 0 0 4238 0 0 0 0 0 0 0
4238 0 0 0 0 0 4239 0 0 0 0 0 0 0 0 0 0 0 0 0 0 0 0 0 0 0 0 0 0 0 0
4239 0 0 0 0 0 0 0 0 0 0 0 0 0 0 0 0 0 0 0 0 0 0 0 0 0 0 0 0 0 1 expensive
4240 0 0 0 0 0 0 0 0 0 4241 0 0 0 0 0 0 0 0 0 0 4252 0 0 0 0 0 0 0 0 0
4241 0 0 0 0 0 4242 0 0 0 0 0 0 0 4246 0 0 0 0 0 0 0 0 0 0 0 0 0 0 0 0
4242 0 0 0 0 0 0 0 0 0 0 0 0 0 0 4243 0 0 0 0 0 0 0 0 0 0 0 0 0 0 0
4243 0 0 0 4244 0 0 0 0 0 0 0 0 0 0 0 0 0 0 0 0 0 0 0 0 0 0 0 0 0 0
4244 0 0 0 0 0 4245 0 0 0 0 0 0 0 0 0 0 0 0 0 0 0 0 0 0 0 0 0 0 0 0
4245 0 0 0 0 0 0 0 0 0 0 0 0 0 0 0 0 0 0 0 0 0 0 0 0 0 0 0 0 0 1 experience
4246 0 0 0 0 0 4247 0 0 0 0 0 0 0 0 0 0 0 0 0 0 0 0 0 0 0 0 0 0 0 0
4247 0 0 0 0 0 0 0 0 0 0 0 0 0 0 4248 0 0 0 0 0 0 0 0 0 0 0 0 0 0 0
4248 0 0 0 0 0 0 0 0 0 0 0 0 0 0 0 0 0 0 0 0 4249 0 0 0 0 0 0 0 0 0
4249 0 4250 0 0 0 0 0 0 0 0 0 0 0 0 0 0 0 0 0 0 0 0 0 0 0 0 0 0 0 1 experiment
4250 0 0 0 0 0 0 0 0 0 0 0 0 4251 0 0 0 0 0 0 0 0 0 0 0 0 0 0 0 0 0
4251 0 0 0 0 0 0 0 0 0 0 0 0 0 0 0 0 0 0 0 0 0 0 0 0 0 0 0 0 0 1 experimental
4252 0 0 0 0 0 0 0 0 0 0 0 0 0 0 0 0 0 0 0 0 0 0 0 0 0 0 0 0 0 1 expert
4253 0 4254 0 0 0 0 0 0 0 0 0 0 0 0 0 4263 0 0 0 0 0 0 0 0 0 0 0 0 0 0
4254 0 0 0 0 0 0 0 0 0 4255 0 0 0 0 4257 0 0 0 0 0 0 0 0 0 0 0 0 0 0 0
4255 0 0 0 0 0 0 0 0 0 0 0 0 0 0 4256 0 0 0 0 0 0 0 0 0 0 0 0 0 0 0
4256 0 0 0 0 0 0 0 0 0 0 0 0 0 0 0 0 0 0 0 0 0 0 0 0 0 0 0 0 0 1 explain
4257 0 4258 0 0 0 0 0 0 0 0 0 0 0 0 0 0 0 0 0 0 0 0 0 0 0 0 0 0 0 0
4258 0 0 0 0 0 0 0 0 0 0 0 0 0 0 0 0 0 0 0 0 4259 0 0 0 0 0 0 0 0 0
4259 0 0 0 0 0 0 0 0 0 4260 0 0 0 0 0 0 0 0 0 0 0 0 0 0 0 0 0 0 0 0
4260 0 0 0 0 0 0 0 0 0 0 0 0 0 0 0 4261 0 0 0 0 0 0 0 0 0 0 0 0 0 0
4261 0 0 0 0 0 0 0 0 0 0 0 0 0 0 4262 0 0 0 0 0 0 0 0 0 0 0 0 0 0 0
4262 0 0 0 0 0 0 0 0 0 0 0 0 0 0 0 0 0 0 0 0 0 0 0 0 0 0 0 0 0 1 explanation
4263 0 0 0 0 4264 0 0 0 0 4266 0 0 0 0 0 0 0 0 4268 4270 0 0 0 0 0 0 0 0 0 0
4264 0 0 0 0 0 4265 0 0 0 0 0 0 0 0 0 0 0 0 0 0 0 0 0 0 0 0 0 0 0 0
4265 0 0 0 0 0 0 0 0 0 0 0 0 0 0 0 0 0 0 0 0 0 0 0 0 0 0 0 0 0 1 explode
4266 0 0 0 0 0 0 0 0 0 0 0 0 0 0 0 0 0 0 0 0 4267 0 0 0 0 0 0 0 0 0
4267 0 0 0 0 0 0 0 0 0 0 0 0 0 0 0 0 0 0 0 0 0 0 0 0 0 0 0 0 0 1 exploit
4268 0 0 0 0 0 4269 0 0 0 0 0 0 0 0 0 0 0 0 0 0 0 0 0 0 0 0 0 0 0 0
4269 0 0 0 0 0 0 0 0 0 0 0 0 0 0 0 0 0 0 0 0 0 0 0 0 0 0 0 0 0 1 explore
4270 0 0 0 0 0 0 0 0 0 4271 0 0 0 0 0 0 0 0 0 0 0 0 0 0 0 0 0 0 0 0
4271 0 0 0 0 0 0 0 0 0 0 0 0 0 0 0 4272 0 0 0 0 0 0 4274 0 0 0 0 0 0 0
4272 0 0 0 0 0 0 0 0 0 0 0 0 0 0 4273 0 0 0 0 0 0 0 0 0 0 0 0 0 0 0
4273 0 0 0 0 0 0 0 0 0 0 0 0 0 0 0 0 0 0 0 0 0 0 0 0 0 0 0 0 0 1 explosion
4274 0 0 0 0 0 4275 0 0 0 0 0 0 0 0 0 0 0 0 0 0 0 0 0 0 0 0 0 0 0 0
4275 0 0 0 0 0 0 0 0 0 0 0 0 0 0 0 0 0 0 0 0 0 0 0 0 0 0 0 0 0 1 explosive
4276 0 0 0 0 0 0 0 0 0 0 0 0 0 0 0 0 0 0 4277 4279 0 0 0 0 0 0 0 0 0 0
4277 0 0 0 0 0 0 0 0 0 0 0 0 0 0 0 0 0 0 0 0 4278 0 0 0 0 0 0 0 0 0
4278 0 0 0 0 0 0 0 0 0 0 0 0 0 0 0 0 0 0 0 0 0 0 0 0 0 0 0 0 0 1 export
4279 0 0 0 0 0 4280 0 0 0 0 0 0 0 0 0 0 0 0 0 0 0 4281 0 0 0 0 0 0 0 0
4280 0 0 0 0 0 0 0 0 0 0 0 0 0 0 0 0 0 0 0 0 0 0 0 0 0 0 0 0 0 1 expose
4281 0 0 0 0 0 0 0 0 0 0 0 0 0 0 0 0 0 0 4282 0 0 0 0 0 0 0 0 0 0 0
4282 0 0 0 0 0 4283 0 0 0 0 0 0 0 0 0 0 0 0 0 0 0 0 0 0 0 0 0 0 0 0
4283 0 0 0 0 0 0 0 0 0 0 0 0 0 0 0 0 0 0 0 0 0 0 0 0 0 0 0 0 0 1 exposure
4284 0 0 0 0 0 4285 0 0 0 0 0 0 0 0 0 0 0 0 0 0 0 0 0 0 0 0 0 0 0 0
4285 0 0 0 0 0 0 0 0 0 0 0 0 0 0 0 0 0 0 0 4286 0 0 0 0 0 0 0 0 0 0
4286 0 0 0 0 0 0 0 0 0 0 0 0 0 0 0 0 0 0 0 4287 0 0 0 0 0 0 0 0 0 0
4287 0 0 0 0 0 0 0 0 0 4288 0 0 0 0 0 0 0 0 0 0 0 0 0 0 0 0 0 0 0 1 express
4288 0 0 0 0 0 0 0 0 0 0 0 0 0 0 0 4289 0 0 0 0 0 0 0 0 0 0 0 0 0 0
4289 0 0 0 0 0 0 0 0 0 0 0 0 0 0 4290 0 0 0 0 0 0 0 0 0 0 0 0 0 0 0
4290 0 0 0 0 0 0 0 0 0 0 0 0 0 0 0 0 0 0 0 0 0 0 0 0 0 0 0 0 0 1 expression
4291 0 0 0 0 0 4292 0 0 0 0 0 0 0 0 0 0 0 0 4309 0 0 0 0 0 0 0 0 0 0 0
4292 0 0 0 0 0 0 0 0 0 0 0 0 0 0 4293 0 0 0 4302 0 0 0 0 0 0 0 0 0 0 0
4293 0 0 0 0 4294 0 0 0 0 0 0 0 0 0 0 0 0 0 0 4295 4301 0 0 0 0 0 0 0 0 0
4294 0 0 0 0 0 0 0 0 0 0 0 0 0 0 0 0 0 0 0 0 0 0 0 0 0 0 0 0 0 1 extend
4295 0 0 0 0 0 0 0 0 0 4296 0 0 0 0 0 0 0 0 0 0 0 0 0 0 0 0 0 0 0 0
4296 0 0 0 0 0 0 0 0 0 0 0 0 0 0 0 4297 0 0 0 0 0 0 4299 0 0 0 0 0 0 0
4297 0 0 0 0 0 0 0 0 0 0 0 0 0 0 4298 0 0 0 0 0 0 0 0 0 0 0 0 0 0 0
4298 0 0 0 0 0 0 0 0 0 0 0 0 0 0 0 0 0 0 0 0 0 0 0 0 0 0 0 0 0 1 extension
4299 0 0 0 0 0 4300 0 0 0 0 0 0 0 0 0 0 0 0 0 0 0 0 0 0 0 0 0 0 0 0
4300 0 0 0 0 0 0 0 0 0 0 0 0 0 0 0 0 0 0 0 0 0 0 0 0 0 0 0 0 0 1 extensive
4301 0 0 0 0 0 0 0 0 0 0 0 0 0 0 0 0 0 0 0 0 0 0 0 0 0 0 0 0 0 1 extent
4302 0 0 0 0 0 0 0 0 0 4303 0 0 0 0 4306 0 0 0 0 0 0 0 0 0 0 0 0 0 0 0
4303 0 0 0 0 0 0 0 0 0 0 0 0 0 0 0 4304 0 0 0 0 0 0 0 0 0 0 0 0 0 0
4304 0 0 0 0 0 0 0 0 0 0 0 0 0 0 0 0 0 0 4305 0 0 0 0 0 0 0 0 0 0 0
4305 0 0 0 0 0 0 0 0 0 0 0 0 0 0 0 0 0 0 0 0 0 0 0 0 0 0 0 0 0 1 exterior
4306 0 4307 0 0 0 0 0 0 0 0 0 0 0 0 0 0 0 0 0 0 0 0 0 0 0 0 0 0 0 0
4307 0 0 0 0 0 0 0 0 0 0 0 0 4308 0 0 0 0 0 0 0 0 0 0 0 0 0 0 0 0 0
4308 0 0 0 0 0 0 0 0 0 0 0 0 0 0 0 0 0 0 0 0 0 0 0 0 0 0 0 0 0 1 external
4309 0 4310 0 0 0 4319 0 0 0 0 0 0 0 0 0 0 0 0 0 0 0 0 0 0 0 0 0 0 0 0
4310 0 0 0 0 0 0 0 0 0 0 0 0 0 0 0 4311 0 0 0 0 0 0 0 0 0 0 0 0 0 1 extra
4311 0 0 0 0 0 0 0 0 0 0 0 0 0 0 0 0 0 0 4312 0 0 0 0 0 0 0 0 0 0 0
4312 0 0 0 0 4313 0 0 0 0 0 0 0 0 0 0 0 0 0 0 0 0 0 0 0 0 0 0 0 0 0
4313 0 0 0 0 0 0 0 0 0 4314 0 0 0 0 0 0 0 0 0 0 0 0 0 0 0 0 0 0 0 0
4314 0 0 0 0 0 0 0 0 0 0 0 0 0 0 4315 0 0 0 0 0 0 0 0 0 0 0 0 0 0 0
4315 0 4316 0 0 0 0 0 0 0 0 0 0 0 0 0 0 0 0 0 0 0 0 0 0 0 0 0 0 0 0
4316 0 0 0 0 0 0 0 0 0 0 0 0 0 0 0 0 0 0 4317 0 0 0 0 0 0 0 0 0 0 0
4317 0 0 0 0 0 0 0 0 0 0 0 0 0 0 0 0 0 0 0 0 0 0 0 0 0 4318 0 0 0 0
4318 0 0 0 0 0 0 0 0 0 0 0 0 0 0 0 0 0 0 0 0 0 0 0 0 0 0 0 0 0 1 extraordinary
4319 0 0 0 0 0 0 0 0 0 0 0 0 0 4320 0 0 0 0 0 0 0 0 0 0 0 0 0 0 0 0
4320 0 0 0 0 0 4321 0 0 0 0 0 0 0 0 0 0 0 0 0 0 0 0 0 0 0 0 0 0 0 0
4321 0 0 0 0 0 0 0 0 0 0 0 0 4322 0 0 0 0 0 0 0 0 0 0 0 0 0 0 0 0 1 extreme
4322 0 0 0 0 0 0 0 0 0 0 0 0 0 0 0 0 0 0 0 0 0 0 0 0 0 4323 0 0 0 0
4323 0 0 0 0 0 0 0 0 0 0 0 0 0 0 0 0 0 0 0 0 0 0 0 0 0 0 0 0 0 1 extremely
4324 0 0 0 0 0 4325 0 0 0 0 0 0 0 0 0 0 0 0 0 0 0 0 0 0 0 0 0 0 0 0
4325 0 0 0 0 0 0 0 0 0 0 0 0 0 0 0 0 0 0 0 4326 0 0 0 0 0 0 0 0 0 1 eye
4326 0 0 0 0 0 0 0 0 0 4327 0 0 0 0 0 0 0 0 0 0 0 0 0 0 0 0 0 0 0 0
4327 0 0 0 0 0 0 0 4328 0 0 0 0 0 0 0 0 0 0 0 0 0 0 0 0 0 0 0 0 0 0
4328 0 0 0 0 0 0 0 0 4329 0 0 0 0 0 0 0 0 0 0 0 0 0 0 0 0 0 0 0 0 0
4329 0 0 0 0 0 0 0 0 0 0 0 0 0 0 0 0 0 0 0 0 4330 0 0 0 0 0 0 0 0 0
4330 0 0 0 0 0 0 0 0 0 0 0 0 0 0 0 0 0 0 0 0 0 0 0 0 0 0 0 0 0 1 eyesight
4331 0 4332 0 0 0 4450 0 0 0 4526 0 0 4603 0 0 4656 0 0 4774 0 0 4867 0 0 0 0 0 0 0 0
4332 0 0 0 4333 4347 0 0 0 4349 4357 0 0 4372 4376 4389 0 0 0 4392 4405 4417 4435 4439 0 0 0 0 0 0 0
4333 0 0 0 0 0 0 0 0 0 4334 0 0 0 0 0 0 0 0 0 0 4339 4343 0 0 0 0 0 0 0 0
4334 0 0 0 0 0 0 0 0 0 0 0 0 4335 0 0 0 0 0 0 0 0 0 0 0 0 0 0 0 0 0
4335 0 0 0 0 0 0 0 0 0 4336 0 0 0 0 0 0 0 0 0 0 0 0 0 0 0 0 0 0 0 0
4336 0 0 0 0 0 0 0 0 0 0 0 0 0 0 0 0 0 0 0 0 4337 0 0 0 0 0 0 0 0 0
4337 0 0 0 0 0 0 0 0 0 0 0 0 0 0 0 0 0 0 0 0 0 0 0 0 0 4338 0 0 0 0
4338 0 0 0 0 0 0 0 0 0 0 0 0 0 0 0 0 0 0 0 0 0 0 0 0 0 0 0 0 0 1 facility
4339 0 0 0 0 0 0 0 0 0 0 0 0 0 0 0 4340 0 0 0 0 0 0 0 0 0 0 0 0 0 1 fact
4340 0 0 0 0 0 0 0 0 0 0 0 0 0 0 0 0 0 0 4341 0 0 0 0 0 0 0 0 0 0 0
4341 0 0 0 0 0 0 0 0 0 0 0 0 0 0 0 0 0 0 0 0 0 0 0 0 0 4342 0 0 0 1 factor
4342 0 0 0 0 0 0 0 0 0 0 0 0 0 0 0 0 0 0 0 0 0 0 0 0 0 0 0 0 0 1 factory
4343 0 0 0 0 0 0 0 0 0 0 0 0 4344 0 0 0 0 0 0 0 0 0 0 0 0 0 0 0 0 0
4344 0 0 0 0 0 0 0 0 0 0 0 0 0 0 0 0 0 0 0 0 4345 0 0 0 0 0 0 0 0 0
4345 0 0 0 0 0 0 0 0 0 0 0 0 0 0 0 0 0 0 0 0 0 0 0 0 0 4346 0 0 0 0
4346 0 0 0 0 0 0 0 0 0 0 0 0 0 0 0 0 0 0 0 0 0 0 0 0 0 0 0 0 0 1 faculty
4347 0 0 0 0 0 4348 0 0 0 0 0 0 0 0 0 0 0 0 0 0 0 0 0 0 0 0 0 0 0 0
4348 0 0 0 0 0 0 0 0 0 0 0 0 0 0 0 0 0 0 0 0 0 0 0 0 0 0 0 0 0 1 fade
4349 0 0 0 0 0 0 0 0 0 0 0 0 0 0 0 0 0 0 4350 0 0 0 0 0 0 0 0 0 0 0
4350 0 0 0 0 0 4351 0 0 0 0 0 0 0 0 0 0 0 0 0 0 0 0 0 0 0 0 0 0 0 0
4351 0 0 0 0 0 0 0 0 0 0 0 0 0 0 4352 0 0 0 0 0 0 0 0 0 0 0 0 0 0 0
4352 0 0 0 0 0 0 0 0 4353 0 0 0 0 0 0 0 0 0 0 0 0 0 0 0 0 0 0 0 0 0
4353 0 0 0 0 0 4354 0 0 0 0 0 0 0 0 0 0 0 0 0 0 0 0 0 0 0 0 0 0 0 0
4354 0 0 0 0 0 0 0 0 0 4355 0 0 0 0 0 0 0 0 0 0 0 0 0 0 0 0 0 0 0 0
4355 0 0 0 0 0 0 0 0 0 0 0 0 0 0 0 0 0 0 0 0 4356 0 0 0 0 0 0 0 0 0
4356 0 0 0 0 0 0 0 0 0 0 0 0 0 0 0 0 0 0 0 0 0 0 0 0 0 0 0 0 0 1 Fahrenheit
4357 0 0 0 0 0 0 0 0 0 0 0 0 4358 0 4362 0 0 0 4364 0 4367 0 0 0 0 0 0 0 0 0
4358 0 0 0 0 0 0 0 0 0 0 0 0 0 0 0 0 0 0 0 0 0 4359 0 0 0 0 0 0 0 1 fail
4359 0 0 0 0 0 0 0 0 0 0 0 0 0 0 0 0 0 0 4360 0 0 0 0 0 0 0 0 0 0 0
4360 0 0 0 0 0 4361 0 0 0 0 0 0 0 0 0 0 0 0 0 0 0 0 0 0 0 0 0 0 0 0
4361 0 0 0 0 0 0 0 0 0 0 0 0 0 0 0 0 0 0 0 0 0 0 0 0 0 0 0 0 0 1 failure
4362 0 0 0 0 0 0 0 0 0 0 0 0 0 0 0 0 0 0 0 0 4363 0 0 0 0 0 0 0 0 0
4363 0 0 0 0 0 0 0 0 0 0 0 0 0 0 0 0 0 0 0 0 0 0 0 0 0 0 0 0 0 1 faint
4364 0 0 0 0 0 0 0 0 0 0 0 0 4365 0 0 0 0 0 0 0 0 0 0 0 0 0 0 0 0 1 fair
4365 0 0 0 0 0 0 0 0 0 0 0 0 0 0 0 0 0 0 0 0 0 0 0 0 0 4366 0 0 0 0
4366 0 0 0 0 0 0 0 0 0 0 0 0 0 0 0 0 0 0 0 0 0 0 0 0 0 0 0 0 0 1 fairly
4367 0 0 0 0 0 0 0 0 4368 0 0 0 0 0 0 0 0 0 0 0 0 0 0 0 0 0 0 0 0 0
4368 0 0 0 0 0 0 4369 0 0 0 0 0 0 0 0 0 0 0 0 0 0 0 0 0 0 0 0 0 0 1 faith
4369 0 0 0 0 0 0 0 0 0 0 0 0 0 0 0 0 0 0 0 0 0 4370 0 0 0 0 0 0 0 0
4370 0 0 0 0 0 0 0 0 0 0 0 0 4371 0 0 0 0 0 0 0 0 0 0 0 0 0 0 0 0 0
4371 0 0 0 0 0 0 0 0 0 0 0 0 0 0 0 0 0 0 0 0 0 0 0 0 0 0 0 0 0 1 faithful
4372 0 0 0 0 0 0 0 0 0 0 0 0 4373 0 0 0 0 0 0 4374 0 0 0 0 0 0 0 0 0 0
4373 0 0 0 0 0 0 0 0 0 0 0 0 0 0 0 0 0 0 0 0 0 0 0 0 0 0 0 0 0 1 fall
4374 0 0 0 0 0 4375 0 0 0 0 0 0 0 0 0 0 0 0 0 0 0 0 0 0 0 0 0 0 0 0
4375 0 0 0 0 0 0 0 0 0 0 0 0 0 0 0 0 0 0 0 0 0 0 0 0 0 0 0 0 0 1 false
4376 0 0 0 0 0 4377 0 0 0 4378 0 0 0 0 0 4386 0 0 0 0 0 0 0 0 0 0 0 0 0 0
4377 0 0 0 0 0 0 0 0 0 0 0 0 0 0 0 0 0 0 0 0 0 0 0 0 0 0 0 0 0 1 fame
4378 0 0 0 0 0 0 0 0 0 0 0 0 4379 0 4384 0 0 0 0 0 0 0 0 0 0 0 0 0 0 0
4379 0 0 0 0 0 0 0 0 0 4380 0 0 0 0 0 0 0 0 0 0 0 0 0 0 0 4383 0 0 0 0
4380 0 4381 0 0 0 0 0 0 0 0 0 0 0 0 0 0 0 0 0 0 0 0 0 0 0 0 0 0 0 0
4381 0 0 0 0 0 0 0 0 0 0 0 0 0 0 0 0 0 0 4382 0 0 0 0 0 0 0 0 0 0 0
4382 0 0 0 0 0 0 0 0 0 0 0 0 0 0 0 0 0 0 0 0 0 0 0 0 0 0 0 0 0 1 familiar
4383 0 0 0 0 0 0 0 0 0 0 0 0 0 0 0 0 0 0 0 0 0 0 0 0 0 0 0 0 0 1 family
4384 0 0 0 0 0 4385 0 0 0 0 0 0 0 0 0 0 0 0 0 0 0 0 0 0 0 0 0 0 0 0
4385 0 0 0 0 0 0 0 0 0 0 0 0 0 0 0 0 0 0 0 0 0 0 0 0 0 0 0 0 0 1 famine
4386 0 0 0 0 0 0 0 0 0 0 0 0 0 0 0 0 0 0 0 0 0 4387 0 0 0 0 0 0 0 0
4387 0 0 0 0 0 0 0 0 0 0 0 0 0 0 0 0 0 0 0 4388 0 0 0 0 0 0 0 0 0 0
4388 0 0 0 0 0 0 0 0 0 0 0 0 0 0 0 0 0 0 0 0 0 0 0 0 0 0 0 0 0 1 famous
4389 0 0 0 4390 0 0 0 0 0 0 0 0 0 0 0 0 0 0 0 0 0 0 0 0 0 0 0 0 0 1 fan
4390 0 0 0 0 0 0 0 0 0 0 0 0 0 0 0 0 0 0 0 0 0 0 0 0 0 4391 0 0 0 0
4391 0 0 0 0 0 0 0 0 0 0 0 0 0 0 0 0 0 0 0 0 0 0 0 0 0 0 0 0 0 1 fancy
4392 0 0 0 0 0 4393 0 0 0 0 0 0 0 4398 0 0 0 0 0 0 4401 0 0 0 0 0 0 0 0 1 far
4393 0 0 0 0 0 0 0 0 0 0 0 0 0 0 0 0 0 0 0 0 0 0 0 4394 0 0 0 0 0 1 fare
4394 0 0 0 0 0 4395 0 0 0 0 0 0 0 0 0 0 0 0 0 0 0 0 0 0 0 0 0 0 0 0
4395 0 0 0 0 0 0 0 0 0 0 0 0 4396 0 0 0 0 0 0 0 0 0 0 0 0 0 0 0 0 0
4396 0 0 0 0 0 0 0 0 0 0 0 0 4397 0 0 0 0 0 0 0 0 0 0 0 0 0 0 0 0 0
4397 0 0 0 0 0 0 0 0 0 0 0 0 0 0 0 0 0 0 0 0 0 0 0 0 0 0 0 0 0 1 farewell
4398 0 0 0 0 0 4399 0 0 0 0 0 0 0 0 0 0 0 0 0 0 0 0 0 0 0 0 0 0 0 1 farm
4399 0 0 0 0 0 0 0 0 0 0 0 0 0 0 0 0 0 0 4400 0 0 0 0 0 0 0 0 0 0 0
4400 0 0 0 0 0 0 0 0 0 0 0 0 0 0 0 0 0 0 0 0 0 0 0 0 0 0 0 0 0 1 farmer
4401 0 0 0 0 0 0 0 0 4402 0 0 0 0 0 0 0 0 0 0 0 0 0 0 0 0 0 0 0 0 0
4402 0 0 0 0 0 4403 0 0 0 0 0 0 0 0 0 0 0 0 0 0 0 0 0 0 0 0 0 0 0 0
4403 0 0 0 0 0 0 0 0 0 0 0 0 0 0 0 0 0 0 4404 0 0 0 0 0 0 0 0 0 0 0
4404 0 0 0 0 0 0 0 0 0 0 0 0 0 0 0 0 0 0 0 0 0 0 0 0 0 0 0 0 0 1 farther
4405 0 0 0 0 0 0 0 0 4406 0 0 0 0 0 0 0 0 0 0 0 4414 0 0 0 0 0 0 0 0 0
4406 0 0 0 0 0 0 0 0 0 4407 0 0 0 0 0 0 0 0 0 0 0 0 0 0 0 0 0 0 0 0
4407 0 0 0 0 0 0 0 0 0 0 0 0 0 0 0 4408 0 0 0 0 0 0 0 0 0 0 0 0 0 0
4408 0 0 0 0 0 0 0 0 0 0 0 0 0 0 4409 0 0 0 0 0 0 0 0 0 0 0 0 0 0 0
4409 0 4410 0 0 0 0 0 0 0 0 0 0 0 0 0 0 0 0 0 0 0 0 0 0 0 0 0 0 0 1 fashion
4410 0 0 4411 0 0 0 0 0 0 0 0 0 0 0 0 0 0 0 0 0 0 0 0 0 0 0 0 0 0 0
4411 0 0 0 0 0 0 0 0 0 0 0 0 4412 0 0 0 0 0 0 0 0 0 0 0 0 0 0 0 0 0
4412 0 0 0 0 0 4413 0 0 0 0 0 0 0 0 0 0 0 0 0 0 0 0 0 0 0 0 0 0 0 0
4413 0 0 0 0 0 0 0 0 0 0 0 0 0 0 0 0 0 0 0 0 0 0 0 0 0 0 0 0 0 1 fashionable
4414 0 0 0 0 0 4415 0 0 0 0 0 0 0 0 0 0 0 0 0 0 0 0 0 0 0 0 0 0 0 1 fast
4415 0 0 0 0 0 0 0 0 0 0 0 0 0 0 4416 0 0 0 0 0 0 0 0 0 0 0 0 0 0 0
4416 0 0 0 0 0 0 0 0 0 0 0 0 0 0 0 0 0 0 0 0 0 0 0 0 0 0 0 0 0 1 fasten
4417 0 4418 0 0 0 4420 0 0 4421 4431 0 0 0 0 0 0 0 0 0 0 0 0 0 0 0 0 0 0 0 0
4418 0 0 0 0 0 0 0 0 0 0 0 0 4419 0 0 0 0 0 0 0 0 0 0 0 0 0 0 0 0 0
4419 0 0 0 0 0 0 0 0 0 0 0 0 0 0 0 0 0 0 0 0 0 0 0 0 0 0 0 0 0 1 fatal
4420 0 0 0 0 0 0 0 0 0 0 0 0 0 0 0 0 0 0 0 0 0 0 0 0 0 0 0 0 0 1 fate
4421 0 0 0 0 0 4422 0 0 0 0 0 0 0 0 0 0 0 0 0 0 0 0 0 0 0 0 0 0 0 0
4422 0 0 0 0 0 0 0 0 0 0 0 0 0 0 0 0 0 0 4423 0 0 0 0 0 0 0 0 0 0 0
4423 0 0 0 0 0 0 0 0 0 0 0 0 0 0 0 0 0 0 0 0 0 0 0 0 0 0 0 0 4424 1 father
4424 0 0 0 0 0 0 0 0 0 4425 0 0 0 0 0 0 0 0 0 0 0 0 0 0 0 0 0 0 0 0
4425 0 0 0 0 0 0 0 0 0 0 0 0 0 0 4426 0 0 0 0 0 0 0 0 0 0 0 0 0 0 0
4426 0 0 0 0 0 0 0 0 0 0 0 0 0 0 0 0 0 0 0 0 0 0 0 0 0 0 0 0 4427 0
4427 0 0 0 0 0 0 0 0 0 0 0 0 4428 0 0 0 0 0 0 0 0 0 0 0 0 0 0 0 0 0
4428 0 4429 0 0 0 0 0 0 0 0 0 0 0 0 0 0 0 0 0 0 0 0 0 0 0 0 0 0 0 0
4429 0 0 0 0 0 0 0 0 0 0 0 0 0 0 0 0 0 0 0 0 0 0 0 4430 0 0 0 0 0 0
4430 0 0 0 0 0 0 0 0 0 0 0 0 0 0 0 0 0 0 0 0 0 0 0 0 0 0 0 0 0 1 father-in-law
4431 0 0 0 0 0 0 0 4432 0 0 0 0 0 0 0 0 0 0 0 0 0 0 0 0 0 0 0 0 0 0
4432 0 0 0 0 0 0 0 0 0 0 0 0 0 0 0 0 0 0 0 0 0 4433 0 0 0 0 0 0 0 0
4433 0 0 0 0 0 4434 0 0 0 0 0 0 0 0 0 0 0 0 0 0 0 0 0 0 0 0 0 0 0 0
4434 0 0 0 0 0 0 0 0 0 0 0 0 0 0 0 0 0 0 0 0 0 0 0 0 0 0 0 0 0 1 fatigue
4435 0 0 0 0 0 0 0 0 0 0 0 0 4436 0 0 0 0 0 0 0 0 0 0 0 0 0 0 0 0 0
4436 0 0 0 0 0 0 0 0 0 0 0 0 0 0 0 0 0 0 0 0 4437 0 0 0 0 0 0 0 0 0
4437 0 0 0 0 0 0 0 0 0 0 0 0 0 0 0 0 0 0 0 0 0 0 0 0 0 4438 0 0 0 1 fault
4438 0 0 0 0 0 0 0 0 0 0 0 0 0 0 0 0 0 0 0 0 0 0 0 0 0 0 0 0 0 1 faulty
4439 0 0 0 0 0 0 0 0 0 0 0 0 0 0 0 4440 0 0 0 0 0 0 0 0 0 0 0 0 0 0
4440 0 0 0 0 0 0 0 0 0 0 0 0 0 0 0 0 0 0 0 0 0 4441 0 0 0 0 0 0 0 0
4441 0 0 0 0 0 0 0 0 0 0 0 0 0 0 0 0 0 0 4442 0 0 0 0 0 0 0 0 0 0 0
4442 0 4443 0 0 0 0 0 0 0 4447 0 0 0 0 0 0 0 0 0 0 0 0 0 0 0 0 0 0 0 1 favour
4443 0 0 4444 0 0 0 0 0 0 0 0 0 0 0 0 0 0 0 0 0 0 0 0 0 0 0 0 0 0 0
4444 0 0 0 0 0 0 0 0 0 0 0 0 4445 0 0 0 0 0 0 0 0 0 0 0 0 0 0 0 0 0
4445 0 0 0 0 0 4446 0 0 0 0 0 0 0 0 0 0 0 0 0 0 0 0 0 0 0 0 0 0 0 0
4446 0 0 0 0 0 0 0 0 0 0 0 0 0 0 0 0 0 0 0 0 0 0 0 0 0 0 0 0 0 1 favourable
4447 0 0 0 0 0 0 0 0 0 0 0 0 0 0 0 0 0 0 0 0 4448 0 0 0 0 0 0 0 0 0
4448 0 0 0 0 0 4449 0 0 0 0 0 0 0 0 0 0 0 0 0 0 0 0 0 0 0 0 0 0 0 0
4449 0 0 0 0 0 0 0 0 0 0 0 0 0 0 0 0 0 0 0 0 0 0 0 0 0 0 0 0 0 1 favourite
4450 0 4451 4469 0 4475 4480 0 0 0 0 0 0 4493 4497 4501 0 0 0 4504 4513 4519 0 4522 4525 0 0 0 0 0 0
4451 0 0 0 0 0 0 0 0 0 0 0 0 0 0 0 0 0 0 4452 4456 4462 0 0 0 0 0 0 0 0 0
4452 0 0 0 0 0 0 4453 0 0 0 0 0 0 0 0 0 0 0 0 0 0 0 0 0 0 0 0 0 0 1 fear
4453 0 0 0 0 0 0 0 0 0 0 0 0 0 0 0 0 0 0 0 0 0 4454 0 0 0 0 0 0 0 0
4454 0 0 0 0 0 0 0 0 0 0 0 0 4455 0 0 0 0 0 0 0 0 0 0 0 0 0 0 0 0 0
4455 0 0 0 0 0 0 0 0 0 0 0 0 0 0 0 0 0 0 0 0 0 0 0 0 0 0 0 0 0 1 fearful
4456 0 0 0 0 0 0 0 0 0 4457 0 0 0 0 0 0 0 0 0 0 4461 0 0 0 0 0 0 0 0 0
4457 0 0 4458 0 0 0 0 0 0 0 0 0 0 0 0 0 0 0 0 0 0 0 0 0 0 0 0 0 0 0
4458 0 0 0 0 0 0 0 0 0 0 0 0 4459 0 0 0 0 0 0 0 0 0 0 0 0 0 0 0 0 0
4459 0 0 0 0 0 4460 0 0 0 0 0 0 0 0 0 0 0 0 0 0 0 0 0 0 0 0 0 0 0 0
4460 0 0 0 0 0 0 0 0 0 0 0 0 0 0 0 0 0 0 0 0 0 0 0 0 0 0 0 0 0 1 feasible
4461 0 0 0 0 0 0 0 0 0 0 0 0 0 0 0 0 0 0 0 0 0 0 0 0 0 0 0 0 0 1 feast
4462 0 0 0 0 0 0 0 0 4463 0 0 0 0 0 0 0 0 0 0 0 0 4466 0 0 0 0 0 0 0 0
4463 0 0 0 0 0 4464 0 0 0 0 0 0 0 0 0 0 0 0 0 0 0 0 0 0 0 0 0 0 0 0
4464 0 0 0 0 0 0 0 0 0 0 0 0 0 0 0 0 0 0 4465 0 0 0 0 0 0 0 0 0 0 0
4465 0 0 0 0 0 0 0 0 0 0 0 0 0 0 0 0 0 0 0 0 0 0 0 0 0 0 0 0 0 1 feather
4466 0 0 0 0 0 0 0 0 0 0 0 0 0 0 0 0 0 0 4467 0 0 0 0 0 0 0 0 0 0 0
4467 0 0 0 0 0 4468 0 0 0 0 0 0 0 0 0 0 0 0 0 0 0 0 0 0 0 0 0 0 0 0
4468 0 0 0 0 0 0 0 0 0 0 0 0 0 0 0 0 0 0 0 0 0 0 0 0 0 0 0 0 0 1 feature
4469 0 0 0 0 0 0 0 0 0 0 0 0 0 0 0 0 0 0 4470 0 0 0 0 0 0 0 0 0 0 0
4470 0 0 0 0 0 0 0 0 0 0 0 0 0 0 0 0 0 0 0 0 0 4471 0 0 0 0 0 0 0 0
4471 0 4472 0 0 0 0 0 0 0 0 0 0 0 0 0 0 0 0 0 0 0 0 0 0 0 0 0 0 0 0
4472 0 0 0 0 0 0 0 0 0 0 0 0 0 0 0 0 0 0 4473 0 0 0 0 0 0 0 0 0 0 0
4473 0 0 0 0 0 0 0 0 0 0 0 0 0 0 0 0 0 0 0 0 0 0 0 0 0 4474 0 0 0 0
4474 0 0 0 0 0 0 0 0 0 0 0 0 0 0 0 0 0 0 0 0 0 0 0 0 0 0 0 0 0 1 February
4475 0 0 0 0 0 4476 0 0 0 0 0 0 0 0 0 0 0 0 0 0 0 0 0 0 0 0 0 0 0 0
4476 0 0 0 0 0 0 0 0 0 0 0 0 0 0 0 0 0 0 4477 0 0 0 0 0 0 0 0 0 0 0
4477 0 4478 0 0 0 0 0 0 0 0 0 0 0 0 0 0 0 0 0 0 0 0 0 0 0 0 0 0 0 0
4478 0 0 0 0 0 0 0 0 0 0 0 0 4479 0 0 0 0 0 0 0 0 0 0 0 0 0 0 0 0 0
4479 0 0 0 0 0 0 0 0 0 0 0 0 0 0 0 0 0 0 0 0 0 0 0 0 0 0 0 0 0 1 federal
4480 0 0 4481 0 4484 0 0 0 0 0 0 0 4489 0 0 0 0 0 0 0 0 0 0 0 0 0 0 0 0 1 fee
4481 0 0 0 0 0 0 0 0 0 0 0 0 4482 0 0 0 0 0 0 0 0 0 0 0 0 0 0 0 0 0
4482 0 0 0 0 0 4483 0 0 0 0 0 0 0 0 0 0 0 0 0 0 0 0 0 0 0 0 0 0 0 0
4483 0 0 0 0 0 0 0 0 0 0 0 0 0 0 0 0 0 0 0 0 0 0 0 0 0 0 0 0 0 1 feeble
4484 0 0 4485 0 0 0 0 0 0 0 0 0 0 0 0 0 0 0 0 0 0 0 0 0 0 0 0 0 0 1 feed
4485 0 4486 0 0 0 0 0 0 0 0 0 0 0 0 0 0 0 0 0 0 0 0 0 0 0 0 0 0 0 0
4486 0 0 0 4487 0 0 0 0 0 0 0 0 0 0 0 0 0 0 0 0 0 0 0 0 0 0 0 0 0 0
4487 0 0 0 0 0 0 0 0 0 0 0 4488 0 0 0 0 0 0 0 0 0 0 0 0 0 0 0 0 0 0
4488 0 0 0 0 0 0 0 0 0 0 0 0 0 0 0 0 0 0 0 0 0 0 0 0 0 0 0 0 0 1 feedback
4489 0 0 0 0 0 0 0 0 0 4490 0 0 0 0 0 0 0 0 0 0 0 0 0 0 0 0 0 0 0 1 feel
4490 0 0 0 0 0 0 0 0 0 0 0 0 0 0 4491 0 0 0 0 0 0 0 0 0 0 0 0 0 0 0
4491 0 0 0 0 0 0 0 4492 0 0 0 0 0 0 0 0 0 0 0 0 0 0 0 0 0 0 0 0 0 0
4492 0 0 0 0 0 0 0 0 0 0 0 0 0 0 0 0 0 0 0 0 0 0 0 0 0 0 0 0 0 1 feeling
4493 0 0 0 0 0 0 0 0 0 0 0 0 4494 0 0 0 0 0 0 0 0 0 0 0 0 0 0 0 0 0
4494 0 0 0 0 0 0 0 0 0 0 0 0 0 0 0 4495 0 0 0 0 0 0 0 0 0 0 0 0 0 0
4495 0 0 0 0 0 0 0 0 0 0 0 0 0 0 0 0 0 0 0 0 0 0 0 4496 0 0 0 0 0 0
4496 0 0 0 0 0 0 0 0 0 0 0 0 0 0 0 0 0 0 0 0 0 0 0 0 0 0 0 0 0 1 fellow
4497 0 4498 0 0 0 0 0 0 0 0 0 0 0 0 0 0 0 0 0 0 0 0 0 0 0 0 0 0 0 0
4498 0 0 0 0 0 0 0 0 0 0 0 0 4499 0 0 0 0 0 0 0 0 0 0 0 0 0 0 0 0 0
4499 0 0 0 0 0 4500 0 0 0 0 0 0 0 0 0 0 0 0 0 0 0 0 0 0 0 0 0 0 0 0
4500 0 0 0 0 0 0 0 0 0 0 0 0 0 0 0 0 0 0 0 0 0 0 0 0 0 0 0 0 0 1 female
4501 0 0 0 4502 0 0 0 0 0 0 0 0 0 0 0 0 0 0 0 0 0 0 0 0 0 0 0 0 0 0
4502 0 0 0 0 0 4503 0 0 0 0 0 0 0 0 0 0 0 0 0 0 0 0 0 0 0 0 0 0 0 0
4503 0 0 0 0 0 0 0 0 0 0 0 0 0 0 0 0 0 0 0 0 0 0 0 0 0 0 0 0 0 1 fence
4504 0 0 0 0 0 0 0 0 0 0 0 0 0 0 0 0 0 0 0 0 4505 0 0 0 0 0 0 0 0 0
4505 0 0 0 0 0 0 0 0 0 4506 0 0 0 0 0 0 0 0 0 0 0 0 0 0 0 0 0 0 0 0
4506 0 0 0 0 0 0 0 0 0 0 0 0 4507 0 0 0 0 0 0 0 0 0 0 0 0 0 0 0 0 0
4507 0 0 0 0 0 4508 0 0 0 4509 0 0 0 0 0 0 0 0 0 0 0 0 0 0 0 0 0 0 0 0
4508 0 0 0 0 0 0 0 0 0 0 0 0 0 0 0 0 0 0 0 0 0 0 0 0 0 0 0 0 0 1 fertile
4509 0 0 0 0 0 0 0 0 0 0 0 0 0 0 0 0 0 0 0 0 0 0 0 0 0 0 4510 0 0 0
4510 0 0 0 0 0 4511 0 0 0 0 0 0 0 0 0 0 0 0 0 0 0 0 0 0 0 0 0 0 0 0
4511 0 0 0 0 0 0 0 0 0 0 0 0 0 0 0 0 0 0 4512 0 0 0 0 0 0 0 0 0 0 0
4512 0 0 0 0 0 0 0 0 0 0 0 0 0 0 0 0 0 0 0 0 0 0 0 0 0 0 0 0 0 1 fertilizer
4513 0 0 0 0 0 0 0 0 0 0 0 0 0 0 0 0 0 0 0 0 4514 0 0 0 0 0 0 0 0 0
4514 0 0 0 0 0 0 0 0 0 4515 0 0 0 0 0 0 0 0 0 0 0 0 0 0 0 0 0 0 0 0
4515 0 0 0 0 0 0 0 0 0 0 0 0 0 0 0 0 0 0 0 0 0 0 4516 0 0 0 0 0 0 0
4516 0 4517 0 0 0 0 0 0 0 0 0 0 0 0 0 0 0 0 0 0 0 0 0 0 0 0 0 0 0 0
4517 0 0 0 0 0 0 0 0 0 0 0 0 4518 0 0 0 0 0 0 0 0 0 0 0 0 0 0 0 0 0
4518 0 0 0 0 0 0 0 0 0 0 0 0 0 0 0 0 0 0 0 0 0 0 0 0 0 0 0 0 0 1 festival
4519 0 0 0 4520 0 0 0 0 0 0 0 0 0 0 0 0 0 0 0 0 0 0 0 0 0 0 0 0 0 0
4520 0 0 0 0 0 0 0 0 4521 0 0 0 0 0 0 0 0 0 0 0 0 0 0 0 0 0 0 0 0 0
4521 0 0 0 0 0 0 0 0 0 0 0 0 0 0 0 0 0 0 0 0 0 0 0 0 0 0 0 0 0 1 fetch
4522 0 0 0 0 0 4523 0 0 0 0 0 0 0 0 0 0 0 0 0 0 0 0 0 0 0 0 0 0 0 0
4523 0 0 0 0 0 0 0 0 0 0 0 0 0 0 0 0 0 0 4524 0 0 0 0 0 0 0 0 0 0 0
4524 0 0 0 0 0 0 0 0 0 0 0 0 0 0 0 0 0 0 0 0 0 0 0 0 0 0 0 0 0 1 fever
4525 0 0 0 0 0 0 0 0 0 0 0 0 0 0 0 0 0 0 0 0 0 0 0 0 0 0 0 0 0 1 few
4526 0 0 4527 4530 0 4535 4541 4548 0 0 0 0 4554 0 4561 0 0 0 4583 4591 4599 0 4600 0 4602 0 0 0 0 0
4527 0 0 0 0 0 0 0 0 0 0 0 0 0 0 0 0 0 0 4528 0 0 0 0 0 0 0 0 0 0 0
4528 0 0 0 0 0 4529 0 0 0 0 0 0 0 0 0 0 0 0 0 0 0 0 0 0 0 0 0 0 0 0
4529 0 0 0 0 0 0 0 0 0 0 0 0 0 0 0 0 0 0 0 0 0 0 0 0 0 0 0 0 0 1 fibre
4530 0 0 0 0 0 0 0 0 0 0 0 0 0 0 0 0 0 0 0 0 4531 0 0 0 0 0 0 0 0 0
4531 0 0 0 0 0 0 0 0 0 4532 0 0 0 0 0 0 0 0 0 0 0 0 0 0 0 0 0 0 0 0
4532 0 0 0 0 0 0 0 0 0 0 0 0 0 0 0 4533 0 0 0 0 0 0 0 0 0 0 0 0 0 0
4533 0 0 0 0 0 0 0 0 0 0 0 0 0 0 4534 0 0 0 0 0 0 0 0 0 0 0 0 0 0 0
4534 0 0 0 0 0 0 0 0 0 0 0 0 0 0 0 0 0 0 0 0 0 0 0 0 0 0 0 0 0 1 fiction
4535 0 0 0 0 0 0 0 0 0 0 0 0 4536 0 0 0 0 0 4538 0 0 0 0 0 0 0 0 0 0 0
4536 0 0 0 0 4537 0 0 0 0 0 0 0 0 0 0 0 0 0 0 0 0 0 0 0 0 0 0 0 0 0
4537 0 0 0 0 0 0 0 0 0 0 0 0 0 0 0 0 0 0 0 0 0 0 0 0 0 0 0 0 0 1 field
4538 0 0 0 4539 0 0 0 0 0 0 0 0 0 0 0 0 0 0 0 0 0 0 0 0 0 0 0 0 0 0
4539 0 0 0 0 0 4540 0 0 0 0 0 0 0 0 0 0 0 0 0 0 0 0 0 0 0 0 0 0 0 0
4540 0 0 0 0 0 0 0 0 0 0 0 0 0 0 0 0 0 0 0 0 0 0 0 0 0 0 0 0 0 1 fierce
4541 0 0 0 0 0 0 0 0 0 0 0 0 0 0 0 0 0 0 0 0 4542 0 0 0 0 0 0 0 0 0
4542 0 0 0 0 0 4543 0 0 4546 0 0 0 0 0 0 0 0 0 0 0 0 0 0 0 0 4547 0 0 0 0
4543 0 0 0 0 0 4544 0 0 0 0 0 0 0 0 0 0 0 0 0 0 0 0 0 0 0 0 0 0 0 0
4544 0 0 0 0 0 0 0 0 0 0 0 0 0 0 4545 0 0 0 0 0 0 0 0 0 0 0 0 0 0 0
4545 0 0 0 0 0 0 0 0 0 0 0 0 0 0 0 0 0 0 0 0 0 0 0 0 0 0 0 0 0 1 fifteen
4546 0 0 0 0 0 0 0 0 0 0 0 0 0 0 0 0 0 0 0 0 0 0 0 0 0 0 0 0 0 1 fifth
4547 0 0 0 0 0 0 0 0 0 0 0 0 0 0 0 0 0 0 0 0 0 0 0 0 0 0 0 0 0 1 fifty
4548 0 0 0 0 0 0 0 0 4549 0 0 0 0 0 0 0 0 0 0 0 0 4551 0 0 0 0 0 0 0 0
4549 0 0 0 0 0 0 0 0 0 0 0 0 0 0 0 0 0 0 0 0 4550 0 0 0 0 0 0 0 0 0
4550 0 0 0 0 0 0 0 0 0 0 0 0 0 0 0 0 0 0 0 0 0 0 0 0 0 0 0 0 0 1 fight
4551 0 0 0 0 0 0 0 0 0 0 0 0 0 0 0 0 0 0 4552 0 0 0 0 0 0 0 0 0 0 0
4552 0 0 0 0 0 4553 0 0 0 0 0 0 0 0 0 0 0 0 0 0 0 0 0 0 0 0 0 0 0 0
4553 0 0 0 0 0 0 0 0 0 0 0 0 0 0 0 0 0 0 0 0 0 0 0 0 0 0 0 0 0 1 figure
4554 0 0 0 0 0 4555 0 0 0 0 0 0 4556 4557 0 0 0 0 0 0 4558 0 0 0 0 0 0 0 0 0
4555 0 0 0 0 0 0 0 0 0 0 0 0 0 0 0 0 0 0 0 0 0 0 0 0 0 0 0 0 0 1 file
4556 0 0 0 0 0 0 0 0 0 0 0 0 0 0 0 0 0 0 0 0 0 0 0 0 0 0 0 0 0 1 fill
4557 0 0 0 0 0 0 0 0 0 0 0 0 0 0 0 0 0 0 0 0 0 0 0 0 0 0 0 0 0 1 film
4558 0 0 0 0 0 4559 0 0 0 0 0 0 0 0 0 0 0 0 0 0 0 0 0 0 0 0 0 0 0 0
4559 0 0 0 0 0 0 0 0 0 0 0 0 0 0 0 0 0 0 4560 0 0 0 0 0 0 0 0 0 0 0
4560 0 0 0 0 0 0 0 0 0 0 0 0 0 0 0 0 0 0 0 0 0 0 0 0 0 0 0 0 0 1 filter
4561 0 4562 0 0 4572 4576 0 4577 0 4580 0 0 0 0 0 0 0 0 0 0 0 0 0 0 0 0 0 0 0 0
4562 0 0 0 0 0 0 0 0 0 0 0 0 4563 0 4566 0 0 0 0 0 0 0 0 0 0 0 0 0 0 0
4563 0 0 0 0 0 0 0 0 0 0 0 0 4564 0 0 0 0 0 0 0 0 0 0 0 0 0 0 0 0 1 final
4564 0 0 0 0 0 0 0 0 0 0 0 0 0 0 0 0 0 0 0 0 0 0 0 0 0 4565 0 0 0 0
4565 0 0 0 0 0 0 0 0 0 0 0 0 0 0 0 0 0 0 0 0 0 0 0 0 0 0 0 0 0 1 finally
4566 0 0 0 4567 0 0 0 0 0 0 0 0 0 0 0 0 0 0 0 0 0 0 0 0 0 0 0 0 0 0
4567 0 0 0 0 0 4568 0 0 0 4569 0 0 0 0 0 0 0 0 0 0 0 0 0 0 0 0 0 0 0 0
4568 0 0 0 0 0 0 0 0 0 0 0 0 0 0 0 0 0 0 0 0 0 0 0 0 0 0 0 0 0 1 finance
4569 0 4570 0 0 0 0 0 0 0 0 0 0 0 0 0 0 0 0 0 0 0 0 0 0 0 0 0 0 0 0
4570 0 0 0 0 0 0 0 0 0 0 0 0 4571 0 0 0 0 0 0 0 0 0 0 0 0 0 0 0 0 0
4571 0 0 0 0 0 0 0 0 0 0 0 0 0 0 0 0 0 0 0 0 0 0 0 0 0 0 0 0 0 1 financial
4572 0 0 0 0 0 0 0 0 0 4573 0 0 0 0 0 0 0 0 0 0 0 0 0 0 0 0 0 0 0 1 find
4573 0 0 0 0 0 0 0 0 0 0 0 0 0 0 4574 0 0 0 0 0 0 0 0 0 0 0 0 0 0 0
4574 0 0 0 0 0 0 0 4575 0 0 0 0 0 0 0 0 0 0 0 0 0 0 0 0 0 0 0 0 0 0
4575 0 0 0 0 0 0 0 0 0 0 0 0 0 0 0 0 0 0 0 0 0 0 0 0 0 0 0 0 0 1 finding
4576 0 0 0 0 0 0 0 0 0 0 0 0 0 0 0 0 0 0 0 0 0 0 0 0 0 0 0 0 0 1 fine
4577 0 0 0 0 0 4578 0 0 0 0 0 0 0 0 0 0 0 0 0 0 0 0 0 0 0 0 0 0 0 0
4578 0 0 0 0 0 0 0 0 0 0 0 0 0 0 0 0 0 0 4579 0 0 0 0 0 0 0 0 0 0 0
4579 0 0 0 0 0 0 0 0 0 0 0 0 0 0 0 0 0 0 0 0 0 0 0 0 0 0 0 0 0 1 finger
4580 0 0 0 0 0 0 0 0 0 0 0 0 0 0 0 0 0 0 0 4581 0 0 0 0 0 0 0 0 0 0
4581 0 0 0 0 0 0 0 0 4582 0 0 0 0 0 0 0 0 0 0 0 0 0 0 0 0 0 0 0 0 0
4582 0 0 0 0 0 0 0 0 0 0 0 0 0 0 0 0 0 0 0 0 0 0 0 0 0 0 0 0 0 1 finish
4583 0 0 0 0 0 4584 0 0 0 0 0 0 0 4588 0 0 0 0 0 4589 0 0 0 0 0 0 0 0 0 0
4584 0 0 0 0 0 0 0 0 0 0 0 0 0 4585 0 0 0 0 0 0 0 0 0 0 0 0 0 0 0 1 fire
4585 0 4586 0 0 0 0 0 0 0 0 0 0 0 0 0 0 0 0 0 0 0 0 0 0 0 0 0 0 0 0
4586 0 0 0 0 0 0 0 0 0 0 0 0 0 0 4587 0 0 0 0 0 0 0 0 0 0 0 0 0 0 0
4587 0 0 0 0 0 0 0 0 0 0 0 0 0 0 0 0 0 0 0 0 0 0 0 0 0 0 0 0 0 1 fireman
4588 0 0 0 0 0 0 0 0 0 0 0 0 0 0 0 0 0 0 0 0 0 0 0 0 0 0 0 0 0 1 firm
4589 0 0 0 0 0 0 0 0 0 0 0 0 0 0 0 0 0 0 0 0 4590 0 0 0 0 0 0 0 0 0
4590 0 0 0 0 0 0 0 0 0 0 0 0 0 0 0 0 0 0 0 0 0 0 0 0 0 0 0 0 0 1 first
4591 0 0 0 0 0 0 0 0 4592 0 0 0 0 0 0 0 0 0 0 0 4598 0 0 0 0 0 0 0 0 0
4592 0 0 0 0 0 4593 0 0 0 0 0 0 0 0 0 0 0 0 0 0 0 0 0 0 0 0 0 0 0 1 fish
4593 0 0 0 0 0 0 0 0 0 0 0 0 0 0 0 0 0 0 4594 0 0 0 0 0 0 0 0 0 0 0
4594 0 0 0 0 0 0 0 0 0 0 0 0 0 4595 0 0 0 0 0 0 0 0 0 0 0 0 0 0 0 0
4595 0 4596 0 0 0 0 0 0 0 0 0 0 0 0 0 0 0 0 0 0 0 0 0 0 0 0 0 0 0 0
4596 0 0 0 0 0 0 0 0 0 0 0 0 0 0 4597 0 0 0 0 0 0 0 0 0 0 0 0 0 0 0
4597 0 0 0 0 0 0 0 0 0 0 0 0 0 0 0 0 0 0 0 0 0 0 0 0 0 0 0 0 0 1 fisherman
4598 0 0 0 0 0 0 0 0 0 0 0 0 0 0 0 0 0 0 0 0 0 0 0 0 0 0 0 0 0 1 fist
4599 0 0 0 0 0 0 0 0 0 0 0 0 0 0 0 0 0 0 0 0 0 0 0 0 0 0 0 0 0 1 fit
4600 0 0 0 0 0 4601 0 0 0 0 0 0 0 0 0 0 0 0 0 0 0 0 0 0 0 0 0 0 0 0
4601 0 0 0 0 0 0 0 0 0 0 0 0 0 0 0 0 0 0 0 0 0 0 0 0 0 0 0 0 0 1 five
4602 0 0 0 0 0 0 0 0 0 0 0 0 0 0 0 0 0 0 0 0 0 0 0 0 0 0 0 0 0 1 fix
4603 0 4604 0 0 0 4617 0 0 0 4627 0 0 0 0 0 4631 0 0 0 0 0 4647 0 0 0 4655 0 0 0 0
4604 0 0 0 0 0 0 0 4605 0 0 0 0 0 4606 0 0 0 0 4608 4610 4612 0 4613 0 0 0 0 0 0 0
4605 0 0 0 0 0 0 0 0 0 0 0 0 0 0 0 0 0 0 0 0 0 0 0 0 0 0 0 0 0 1 flag
4606 0 0 0 0 0 4607 0 0 0 0 0 0 0 0 0 0 0 0 0 0 0 0 0 0 0 0 0 0 0 0
4607 0 0 0 0 0 0 0 0 0 0 0 0 0 0 0 0 0 0 0 0 0 0 0 0 0 0 0 0 0 1 flame
4608 0 0 0 0 0 4609 0 0 0 0 0 0 0 0 0 0 0 0 0 0 0 0 0 0 0 0 0 0 0 0
4609 0 0 0 0 0 0 0 0 0 0 0 0 0 0 0 0 0 0 0 0 0 0 0 0 0 0 0 0 0 1 flare
4610 0 0 0 0 0 0 0 0 4611 0 0 0 0 0 0 0 0 0 0 0 0 0 0 0 0 0 0 0 0 0
4611 0 0 0 0 0 0 0 0 0 0 0 0 0 0 0 0 0 0 0 0 0 0 0 0 0 0 0 0 0 1 flash
4612 0 0 0 0 0 0 0 0 0 0 0 0 0 0 0 0 0 0 0 0 0 0 0 0 0 0 0 0 0 1 flat
4613 0 0 0 0 0 0 0 0 0 0 0 0 0 0 0 4614 0 0 0 0 0 0 0 0 0 0 0 0 0 0
4614 0 0 0 0 0 0 0 0 0 0 0 0 0 0 0 0 0 0 0 0 0 4615 0 0 0 0 0 0 0 0
4615 0 0 0 0 0 0 0 0 0 0 0 0 0 0 0 0 0 0 4616 0 0 0 0 0 0 0 0 0 0 0
4616 0 0 0 0 0 0 0 0 0 0 0 0 0 0 0 0 0 0 0 0 0 0 0 0 0 0 0 0 0 1 flavour
4617 0 0 0 0 0 4618 0 0 0 0 0 0 0 0 0 0 0 0 0 4620 0 0 0 0 4622 0 0 0 0 0
4618 0 0 0 0 0 0 0 0 0 0 0 0 0 0 0 0 0 0 0 0 4619 0 0 0 0 0 0 0 0 0
4619 0 0 0 0 0 0 0 0 0 0 0 0 0 0 0 0 0 0 0 0 0 0 0 0 0 0 0 0 0 1 fleet
4620 0 0 0 0 0 0 0 0 4621 0 0 0 0 0 0 0 0 0 0 0 0 0 0 0 0 0 0 0 0 0
4621 0 0 0 0 0 0 0 0 0 0 0 0 0 0 0 0 0 0 0 0 0 0 0 0 0 0 0 0 0 1 flesh
4622 0 0 0 0 0 0 0 0 0 4623 0 0 0 0 0 0 0 0 0 0 0 0 0 0 0 0 0 0 0 0
4623 0 0 4624 0 0 0 0 0 0 0 0 0 0 0 0 0 0 0 0 0 0 0 0 0 0 0 0 0 0 0
4624 0 0 0 0 0 0 0 0 0 0 0 0 4625 0 0 0 0 0 0 0 0 0 0 0 0 0 0 0 0 0
4625 0 0 0 0 0 4626 0 0 0 0 0 0 0 0 0 0 0 0 0 0 0 0 0 0 0 0 0 0 0 0
4626 0 0 0 0 0 0 0 0 0 0 0 0 0 0 0 0 0 0 0 0 0 0 0 0 0 0 0 0 0 1 flexible
4627 0 0 0 0 0 0 0 4628 0 0 0 0 0 0 0 0 0 0 0 0 0 0 0 0 0 0 0 0 0 0
4628 0 0 0 0 0 0 0 0 4629 0 0 0 0 0 0 0 0 0 0 0 0 0 0 0 0 0 0 0 0 0
4629 0 0 0 0 0 0 0 0 0 0 0 0 0 0 0 0 0 0 0 0 4630 0 0 0 0 0 0 0 0 0
4630 0 0 0 0 0 0 0 0 0 0 0 0 0 0 0 0 0 0 0 0 0 0 0 0 0 0 0 0 0 1 flight
4631 0 4632 0 4634 0 0 0 0 0 0 0 0 0 0 0 4636 0 0 0 0 0 4639 0 4644 0 0 0 0 0 0
4632 0 0 0 0 0 0 0 0 0 0 0 0 0 0 0 0 0 0 0 0 4633 0 0 0 0 0 0 0 0 0
4633 0 0 0 0 0 0 0 0 0 0 0 0 0 0 0 0 0 0 0 0 0 0 0 0 0 0 0 0 0 1 float
4634 0 0 0 0 0 0 0 0 0 0 0 4635 0 0 0 0 0 0 0 0 0 0 0 0 0 0 0 0 0 0
4635 0 0 0 0 0 0 0 0 0 0 0 0 0 0 0 0 0 0 0 0 0 0 0 0 0 0 0 0 0 1 flock
4636 0 0 0 0 4637 0 0 0 0 0 0 0 0 0 0 0 0 0 4638 0 0 0 0 0 0 0 0 0 0 0
4637 0 0 0 0 0 0 0 0 0 0 0 0 0 0 0 0 0 0 0 0 0 0 0 0 0 0 0 0 0 1 flood
4638 0 0 0 0 0 0 0 0 0 0 0 0 0 0 0 0 0 0 0 0 0 0 0 0 0 0 0 0 0 1 floor
4639 0 0 0 0 0 0 0 0 0 0 0 0 0 0 0 0 0 0 4640 0 0 0 0 0 0 0 0 0 0 0
4640 0 0 0 0 0 0 0 0 0 4641 0 0 0 0 0 0 0 0 0 0 0 0 0 0 0 0 0 0 0 1 flour
4641 0 0 0 0 0 0 0 0 0 0 0 0 0 0 0 0 0 0 0 4642 0 0 0 0 0 0 0 0 0 0
4642 0 0 0 0 0 0 0 0 4643 0 0 0 0 0 0 0 0 0 0 0 0 0 0 0 0 0 0 0 0 0
4643 0 0 0 0 0 0 0 0 0 0 0 0 0 0 0 0 0 0 0 0 0 0 0 0 0 0 0 0 0 1 flourish
4644 0 0 0 0 0 4645 0 0 0 0 0 0 0 0 0 0 0 0 0 0 0 0 0 0 0 0 0 0 0 1 flow
4645 0 0 0 0 0 0 0 0 0 0 0 0 0 0 0 0 0 0 4646 0 0 0 0 0 0 0 0 0 0 0
4646 0 0 0 0 0 0 0 0 0 0 0 0 0 0 0 0 0 0 0 0 0 0 0 0 0 0 0 0 0 1 flower
4647 0 0 0 0 0 4648 0 0 0 4651 0 0 0 0 0 0 0 0 0 4653 0 0 0 0 0 0 0 0 0 1 flu
4648 0 0 0 0 0 0 0 0 0 0 0 0 0 0 4649 0 0 0 0 0 0 0 0 0 0 0 0 0 0 0
4649 0 0 0 0 0 0 0 0 0 0 0 0 0 0 0 0 0 0 0 0 4650 0 0 0 0 0 0 0 0 0
4650 0 0 0 0 0 0 0 0 0 0 0 0 0 0 0 0 0 0 0 0 0 0 0 0 0 0 0 0 0 1 fluent
4651 0 0 0 0 4652 0 0 0 0 0 0 0 0 0 0 0 0 0 0 0 0 0 0 0 0 0 0 0 0 0
4652 0 0 0 0 0 0 0 0 0 0 0 0 0 0 0 0 0 0 0 0 0 0 0 0 0 0 0 0 0 1 fluid
4653 0 0 0 0 0 0 0 0 4654 0 0 0 0 0 0 0 0 0 0 0 0 0 0 0 0 0 0 0 0 0
4654 0 0 0 0 0 0 0 0 0 0 0 0 0 0 0 0 0 0 0 0 0 0 0 0 0 0 0 0 0 1 flush
4655 0 0 0 0 0 0 0 0 0 0 0 0 0 0 0 0 0 0 0 0 0 0 0 0 0 0 0 0 0 1 fly
4656 0 0 0 4657 0 0 0 4660 0 0 0 0 4661 0 4670 4672 0 0 4687 0 0 4755 0 0 4773 0 0 0 0 0
4657 0 0 0 0 0 0 0 0 0 0 0 0 0 0 0 0 0 0 0 0 0 4658 0 0 0 0 0 0 0 0
4658 0 0 0 0 0 0 0 0 0 0 0 0 0 0 0 0 0 0 0 4659 0 0 0 0 0 0 0 0 0 0
4659 0 0 0 0 0 0 0 0 0 0 0 0 0 0 0 0 0 0 0 0 0 0 0 0 0 0 0 0 0 1 focus
4660 0 0 0 0 0 0 0 0 0 0 0 0 0 0 0 0 0 0 0 0 0 0 0 0 0 0 0 0 0 1 fog
4661 0 0 0 0 4662 0 0 0 0 0 0 4663 4664 0 0 0 0 0 0 0 0 0 0 0 0 0 0 0 0 0
4662 0 0 0 0 0 0 0 0 0 0 0 0 0 0 0 0 0 0 0 0 0 0 0 0 0 0 0 0 0 1 fold
4663 0 0 0 0 0 0 0 0 0 0 0 0 0 0 0 0 0 0 0 0 0 0 0 0 0 0 0 0 0 1 folk
4664 0 0 0 0 0 0 0 0 0 0 0 0 0 0 0 4665 0 0 0 0 0 0 0 0 0 0 0 0 0 0
4665 0 0 0 0 0 0 0 0 0 0 0 0 0 0 0 0 0 0 0 0 0 0 0 4666 0 0 0 0 0 0
4666 0 0 0 0 0 0 0 0 0 4667 0 0 0 0 0 0 0 0 0 0 0 0 0 0 0 0 0 0 0 1 follow
4667 0 0 0 0 0 0 0 0 0 0 0 0 0 0 4668 0 0 0 0 0 0 0 0 0 0 0 0 0 0 0
4668 0 0 0 0 0 0 0 4669 0 0 0 0 0 0 0 0 0 0 0 0 0 0 0 0 0 0 0 0 0 0
4669 0 0 0 0 0 0 0 0 0 0 0 0 0 0 0 0 0 0 0 0 0 0 0 0 0 0 0 0 0 1 following
4670 0 0 0 0 4671 0 0 0 0 0 0 0 0 0 0 0 0 0 0 0 0 0 0 0 0 0 0 0 0 0
4671 0 0 0 0 0 0 0 0 0 0 0 0 0 0 0 0 0 0 0 0 0 0 0 0 0 0 0 0 0 1 fond
4672 0 0 0 0 4673 0 0 0 0 0 0 0 4674 0 0 0 0 0 0 0 4678 0 0 0 0 0 0 0 0 0
4673 0 0 0 0 0 0 0 0 0 0 0 0 0 0 0 0 0 0 0 0 0 0 0 0 0 0 0 0 0 1 food
4674 0 0 0 0 0 0 0 0 0 4675 0 0 0 0 0 0 0 0 0 0 0 0 0 0 0 0 0 0 0 1 fool
4675 0 0 0 0 0 0 0 0 0 0 0 0 0 0 0 0 0 0 0 4676 0 0 0 0 0 0 0 0 0 0
4676 0 0 0 0 0 0 0 0 4677 0 0 0 0 0 0 0 0 0 0 0 0 0 0 0 0 0 0 0 0 0
4677 0 0 0 0 0 0 0 0 0 0 0 0 0 0 0 0 0 0 0 0 0 0 0 0 0 0 0 0 0 1 foolish
4678 0 0 4679 0 0 0 0 0 0 0 0 0 0 0 0 0 0 0 0 4683 0 0 0 0 0 0 0 0 0 1 foot
4679 0 4680 0 0 0 0 0 0 0 0 0 0 0 0 0 0 0 0 0 0 0 0 0 0 0 0 0 0 0 0
4680 0 0 0 0 0 0 0 0 0 0 0 0 4681 0 0 0 0 0 0 0 0 0 0 0 0 0 0 0 0 0
4681 0 0 0 0 0 0 0 0 0 0 0 0 4682 0 0 0 0 0 0 0 0 0 0 0 0 0 0 0 0 0
4682 0 0 0 0 0 0 0 0 0 0 0 0 0 0 0 0 0 0 0 0 0 0 0 0 0 0 0 0 0 1 football
4683 0 0 0 0 0 0 0 0 0 0 0 0 0 0 0 0 0 0 0 0 4684 0 0 0 0 0 0 0 0 0
4684 0 0 0 0 0 4685 0 0 0 0 0 0 0 0 0 0 0 0 0 0 0 0 0 0 0 0 0 0 0 0
4685 0 0 0 0 0 0 0 0 0 0 0 0 0 0 0 0 4686 0 0 0 0 0 0 0 0 0 0 0 0 0
4686 0 0 0 0 0 0 0 0 0 0 0 0 0 0 0 0 0 0 0 0 0 0 0 0 0 0 0 0 0 1 footstep
4687 0 0 4688 4691 0 4693 0 4716 0 0 0 4722 0 4723 0 0 0 0 0 0 4735 0 0 4751 0 0 0 0 0 1 for
4688 0 0 0 0 0 0 0 0 0 4689 0 0 0 0 0 0 0 0 0 0 0 0 0 0 0 0 0 0 0 0
4689 0 0 0 0 4690 0 0 0 0 0 0 0 0 0 0 0 0 0 0 0 0 0 0 0 0 0 0 0 0 0
4690 0 0 0 0 0 0 0 0 0 0 0 0 0 0 0 0 0 0 0 0 0 0 0 0 0 0 0 0 0 1 forbid
4691 0 0 0 0 0 4692 0 0 0 0 0 0 0 0 0 0 0 0 0 0 0 0 0 0 0 0 0 0 0 0
4692 0 0 0 0 0 0 0 0 0 0 0 0 0 0 0 0 0 0 0 0 0 0 0 0 0 0 0 0 0 1 force
4693 0 0 0 4694 0 0 0 0 4698 4702 0 0 0 4707 0 0 0 0 0 4711 0 0 4713 0 0 0 0 0 0 0
4694 0 4695 0 0 0 0 0 0 0 0 0 0 0 0 0 0 0 0 0 0 0 0 0 0 0 0 0 0 0 0
4695 0 0 0 0 0 0 0 0 0 0 0 0 0 0 0 0 0 0 0 4696 0 0 0 0 0 0 0 0 0 0
4696 0 0 0 0 0 0 0 0 0 0 0 0 0 0 0 0 0 0 0 0 4697 0 0 0 0 0 0 0 0 0
4697 0 0 0 0 0 0 0 0 0 0 0 0 0 0 0 0 0 0 0 0 0 0 0 0 0 0 0 0 0 1 forecast
4698 0 0 0 0 0 4699 0 0 0 0 0 0 0 0 0 0 0 0 0 0 0 0 0 0 0 0 0 0 0 0
4699 0 4700 0 0 0 0 0 0 0 0 0 0 0 0 0 0 0 0 0 0 0 0 0 0 0 0 0 0 0 0
4700 0 0 0 0 4701 0 0 0 0 0 0 0 0 0 0 0 0 0 0 0 0 0 0 0 0 0 0 0 0 0
4701 0 0 0 0 0 0 0 0 0 0 0 0 0 0 0 0 0 0 0 0 0 0 0 0 0 0 0 0 0 1 forehead
4702 0 0 0 0 0 0 0 4703 0 0 0 0 0 0 0 0 0 0 0 0 0 0 0 0 0 0 0 0 0 0
4703 0 0 0 0 0 0 0 0 0 0 0 0 0 0 4704 0 0 0 0 0 0 0 0 0 0 0 0 0 0 0
4704 0 0 0 0 0 4705 0 0 0 0 0 0 0 0 0 0 0 0 0 0 0 0 0 0 0 0 0 0 0 1 foreign
4705 0 0 0 0 0 0 0 0 0 0 0 0 0 0 0 0 0 0 4706 0 0 0 0 0 0 0 0 0 0 0
4706 0 0 0 0 0 0 0 0 0 0 0 0 0 0 0 0 0 0 0 0 0 0 0 0 0 0 0 0 0 1 foreigner
4707 0 0 0 0 0 0 0 0 0 0 0 0 0 0 0 4708 0 0 0 0 0 0 0 0 0 0 0 0 0 0
4708 0 0 0 0 0 0 0 0 0 0 0 0 0 0 0 0 0 0 0 4709 0 0 0 0 0 0 0 0 0 0
4709 0 0 0 0 0 0 0 0 0 0 0 0 0 0 0 0 0 0 0 0 4710 0 0 0 0 0 0 0 0 0
4710 0 0 0 0 0 0 0 0 0 0 0 0 0 0 0 0 0 0 0 0 0 0 0 0 0 0 0 0 0 1 foremost
4711 0 0 0 0 0 0 0 0 0 0 0 0 0 0 0 0 0 0 0 0 4712 0 0 0 0 0 0 0 0 0
4712 0 0 0 0 0 0 0 0 0 0 0 0 0 0 0 0 0 0 0 0 0 0 0 0 0 0 0 0 0 1 forest
4713 0 0 0 0 0 4714 0 0 0 0 0 0 0 0 0 0 0 0 0 0 0 0 0 0 0 0 0 0 0 0
4714 0 0 0 0 0 0 0 0 0 0 0 0 0 0 0 0 0 0 4715 0 0 0 0 0 0 0 0 0 0 0
4715 0 0 0 0 0 0 0 0 0 0 0 0 0 0 0 0 0 0 0 0 0 0 0 0 0 0 0 0 0 1 forever
4716 0 0 0 0 0 4717 0 0 0 4719 0 0 0 0 0 0 0 0 0 0 0 0 0 0 0 0 0 0 0 0
4717 0 0 0 0 0 0 0 0 0 0 0 0 0 0 0 0 0 0 0 0 4718 0 0 0 0 0 0 0 0 0
4718 0 0 0 0 0 0 0 0 0 0 0 0 0 0 0 0 0 0 0 0 0 0 0 0 0 0 0 0 0 1 forget
4719 0 0 0 0 0 0 0 0 0 0 0 0 0 0 0 0 0 0 0 0 0 0 4720 0 0 0 0 0 0 0
4720 0 0 0 0 0 4721 0 0 0 0 0 0 0 0 0 0 0 0 0 0 0 0 0 0 0 0 0 0 0 0
4721 0 0 0 0 0 0 0 0 0 0 0 0 0 0 0 0 0 0 0 0 0 0 0 0 0 0 0 0 0 1 forgive
4722 0 0 0 0 0 0 0 0 0 0 0 0 0 0 0 0 0 0 0 0 0 0 0 0 0 0 0 0 0 1 fork
4723 0 4724 0 0 0 4730 0 0 0 0 0 0 0 0 0 0 0 0 0 0 0 4732 0 0 0 0 0 0 0 1 form
4724 0 0 0 0 0 0 0 0 0 0 0 0 4725 0 0 0 0 0 0 0 4726 0 0 0 0 0 0 0 0 0
4725 0 0 0 0 0 0 0 0 0 0 0 0 0 0 0 0 0 0 0 0 0 0 0 0 0 0 0 0 0 1 formal
4726 0 0 0 0 0 0 0 0 0 4727 0 0 0 0 0 0 0 0 0 0 0 0 0 0 0 0 0 0 0 0
4727 0 0 0 0 0 0 0 0 0 0 0 0 0 0 0 4728 0 0 0 0 0 0 0 0 0 0 0 0 0 0
4728 0 0 0 0 0 0 0 0 0 0 0 0 0 0 4729 0 0 0 0 0 0 0 0 0 0 0 0 0 0 0
4729 0 0 0 0 0 0 0 0 0 0 0 0 0 0 0 0 0 0 0 0 0 0 0 0 0 0 0 0 0 1 formation
4730 0 0 0 0 0 0 0 0 0 0 0 0 0 0 0 0 0 0 4731 0 0 0 0 0 0 0 0 0 0 0
4731 0 0 0 0 0 0 0 0 0 0 0 0 0 0 0 0 0 0 0 0 0 0 0 0 0 0 0 0 0 1 former
4732 0 0 0 0 0 0 0 0 0 0 0 0 4733 0 0 0 0 0 0 0 0 0 0 0 0 0 0 0 0 0
4733 0 4734 0 0 0 0 0 0 0 0 0 0 0 0 0 0 0 0 0 0 0 0 0 0 0 0 0 0 0 0
4734 0 0 0 0 0 0 0 0 0 0 0 0 0 0 0 0 0 0 0 0 0 0 0 0 0 0 0 0 0 1 formula
4735 0 0 0 0 0 0 0 0 4736 0 0 0 0 0 4737 0 0 0 0 0 0 4742 0 0 0 4750 0 0 0 0
4736 0 0 0 0 0 0 0 0 0 0 0 0 0 0 0 0 0 0 0 0 0 0 0 0 0 0 0 0 0 1 forth
4737 0 0 0 0 0 0 0 0 0 4738 0 0 0 0 0 0 0 0 0 0 0 0 0 0 0 0 0 0 0 0
4738 0 0 0 0 0 0 0 4739 0 0 0 0 0 0 0 0 0 0 0 0 0 0 0 0 0 0 0 0 0 0
4739 0 0 0 0 0 0 0 0 4740 0 0 0 0 0 0 0 0 0 0 0 0 0 0 0 0 0 0 0 0 0
4740 0 0 0 0 0 0 0 0 0 0 0 0 0 0 0 0 0 0 0 0 4741 0 0 0 0 0 0 0 0 0
4741 0 0 0 0 0 0 0 0 0 0 0 0 0 0 0 0 0 0 0 0 0 0 0 0 0 0 0 0 0 1 fortnight
4742 0 0 0 0 0 0 0 0 0 0 0 0 0 0 4743 0 0 0 0 0 0 0 0 0 0 0 0 0 0 0
4743 0 4744 0 0 0 4749 0 0 0 0 0 0 0 0 0 0 0 0 0 0 0 0 0 0 0 0 0 0 0 0
4744 0 0 0 0 0 0 0 0 0 0 0 0 0 0 0 0 0 0 0 0 4745 0 0 0 0 0 0 0 0 0
4745 0 0 0 0 0 4746 0 0 0 0 0 0 0 0 0 0 0 0 0 0 0 0 0 0 0 0 0 0 0 0
4746 0 0 0 0 0 0 0 0 0 0 0 0 4747 0 0 0 0 0 0 0 0 0 0 0 0 0 0 0 0 1 fortunate
4747 0 0 0 0 0 0 0 0 0 0 0 0 0 0 0 0 0 0 0 0 0 0 0 0 0 4748 0 0 0 0
4748 0 0 0 0 0 0 0 0 0 0 0 0 0 0 0 0 0 0 0 0 0 0 0 0 0 0 0 0 0 1 fortunately
4749 0 0 0 0 0 0 0 0 0 0 0 0 0 0 0 0 0 0 0 0 0 0 0 0 0 0 0 0 0 1 fortune
4750 0 0 0 0 0 0 0 0 0 0 0 0 0 0 0 0 0 0 0 0 0 0 0 0 0 0 0 0 0 1 forty
4751 0 4752 0 0 0 0 0 0 0 0 0 0 0 0 0 0 0 0 0 0 0 0 0 0 0 0 0 0 0 0
4752 0 0 0 0 0 0 0 0 0 0 0 0 0 0 0 0 0 0 4753 0 0 0 0 0 0 0 0 0 0 0
4753 0 0 0 0 4754 0 0 0 0 0 0 0 0 0 0 0 0 0 0 0 0 0 0 0 0 0 0 0 0 0
4754 0 0 0 0 0 0 0 0 0 0 0 0 0 0 0 0 0 0 0 0 0 0 0 0 0 0 0 0 0 1 forward
4755 0 0 0 0 0 0 0 0 0 0 0 0 0 0 4756 0 0 0 4767 0 0 0 0 0 0 0 0 0 0 0
4756 0 0 0 0 4757 0 0 0 0 0 0 0 0 0 0 0 0 0 0 0 4763 0 0 0 0 0 0 0 0 0
4757 0 4758 0 0 0 0 0 0 0 0 0 0 0 0 0 0 0 0 0 0 0 0 0 0 0 0 0 0 0 1 found
4758 0 0 0 0 0 0 0 0 0 0 0 0 0 0 0 0 0 0 0 0 4759 0 0 0 0 0 0 0 0 0
4759 0 0 0 0 0 0 0 0 0 4760 0 0 0 0 0 0 0 0 0 0 0 0 0 0 0 0 0 0 0 0
4760 0 0 0 0 0 0 0 0 0 0 0 0 0 0 0 4761 0 0 0 0 0 0 0 0 0 0 0 0 0 0
4761 0 0 0 0 0 0 0 0 0 0 0 0 0 0 4762 0 0 0 0 0 0 0 0 0 0 0 0 0 0 0
4762 0 0 0 0 0 0 0 0 0 0 0 0 0 0 0 0 0 0 0 0 0 0 0 0 0 0 0 0 0 1 foundation
4763 0 4764 0 0 0 0 0 0 0 0 0 0 0 0 0 0 0 0 0 0 0 0 0 0 0 0 0 0 0 0
4764 0 0 0 0 0 0 0 0 0 4765 0 0 0 0 0 0 0 0 0 0 0 0 0 0 0 0 0 0 0 0
4765 0 0 0 0 0 0 0 0 0 0 0 0 0 0 4766 0 0 0 0 0 0 0 0 0 0 0 0 0 0 0
4766 0 0 0 0 0 0 0 0 0 0 0 0 0 0 0 0 0 0 0 0 0 0 0 0 0 0 0 0 0 1 fountain
4767 0 0 0 0 0 0 0 0 0 0 0 0 0 0 0 0 0 0 0 0 4768 0 0 0 0 0 0 0 0 1 four
4768 0 0 0 0 0 4769 0 0 4772 0 0 0 0 0 0 0 0 0 0 0 0 0 0 0 0 0 0 0 0 0
4769 0 0 0 0 0 4770 0 0 0 0 0 0 0 0 0 0 0 0 0 0 0 0 0 0 0 0 0 0 0 0
4770 0 0 0 0 0 0 0 0 0 0 0 0 0 0 4771 0 0 0 0 0 0 0 0 0 0 0 0 0 0 0
4771 0 0 0 0 0 0 0 0 0 0 0 0 0 0 0 0 0 0 0 0 0 0 0 0 0 0 0 0 0 1 fourteen
4772 0 0 0 0 0 0 0 0 0 0 0 0 0 0 0 0 0 0 0 0 0 0 0 0 0 0 0 0 0 1 fourth
4773 0 0 0 0 0 0 0 0 0 0 0 0 0 0 0 0 0 0 0 0 0 0 0 0 0 0 0 0 0 1 fox
4774 0 4775 0 0 0 4796 0 0 0 4823 0 0 0 0 0 4848 0 0 0 0 0 4860 0 0 0 4866 0 0 0 0
4775 0 0 0 4776 0 0 0 4781 0 0 0 0 0 4786 4792 0 0 0 0 0 0 0 0 0 0 0 0 0 0 0
4776 0 0 0 0 0 0 0 0 0 0 0 0 0 0 0 0 0 0 0 0 4777 0 0 0 0 0 0 0 0 0
4777 0 0 0 0 0 0 0 0 0 4778 0 0 0 0 0 0 0 0 0 0 0 0 0 0 0 0 0 0 0 0
4778 0 0 0 0 0 0 0 0 0 0 0 0 0 0 0 4779 0 0 0 0 0 0 0 0 0 0 0 0 0 0
4779 0 0 0 0 0 0 0 0 0 0 0 0 0 0 4780 0 0 0 0 0 0 0 0 0 0 0 0 0 0 0
4780 0 0 0 0 0 0 0 0 0 0 0 0 0 0 0 0 0 0 0 0 0 0 0 0 0 0 0 0 0 1 fraction
4781 0 0 0 0 0 0 0 0 0 0 0 0 0 4782 0 0 0 0 0 0 0 0 0 0 0 0 0 0 0 0
4782 0 0 0 0 0 4783 0 0 0 0 0 0 0 0 0 0 0 0 0 0 0 0 0 0 0 0 0 0 0 0
4783 0 0 0 0 0 0 0 0 0 0 0 0 0 0 4784 0 0 0 0 0 0 0 0 0 0 0 0 0 0 0
4784 0 0 0 0 0 0 0 0 0 0 0 0 0 0 0 0 0 0 0 0 4785 0 0 0 0 0 0 0 0 0
4785 0 0 0 0 0 0 0 0 0 0 0 0 0 0 0 0 0 0 0 0 0 0 0 0 0 0 0 0 0 1 fragment
4786 0 0 0 0 0 4787 0 0 0 0 0 0 0 0 0 0 0 0 0 0 0 0 0 0 0 0 0 0 0 0
4787 0 0 0 0 0 0 0 0 0 0 0 0 0 0 0 0 0 0 0 0 0 0 0 4788 0 0 0 0 0 1 frame
4788 0 0 0 0 0 0 0 0 0 0 0 0 0 0 0 4789 0 0 0 0 0 0 0 0 0 0 0 0 0 0
4789 0 0 0 0 0 0 0 0 0 0 0 0 0 0 0 0 0 0 4790 0 0 0 0 0 0 0 0 0 0 0
4790 0 0 0 0 0 0 0 0 0 0 0 4791 0 0 0 0 0 0 0 0 0 0 0 0 0 0 0 0 0 0
4791 0 0 0 0 0 0 0 0 0 0 0 0 0 0 0 0 0 0 0 0 0 0 0 0 0 0 0 0 0 1 framework
4792 0 0 0 4793 0 0 0 0 0 0 0 4795 0 0 0 0 0 0 0 0 0 0 0 0 0 0 0 0 0 0
4793 0 0 0 0 0 4794 0 0 0 0 0 0 0 0 0 0 0 0 0 0 0 0 0 0 0 0 0 0 0 0
4794 0 0 0 0 0 0 0 0 0 0 0 0 0 0 0 0 0 0 0 0 0 0 0 0 0 0 0 0 0 1 France
4795 0 0 0 0 0 0 0 0 0 0 0 0 0 0 0 0 0 0 0 0 0 0 0 0 0 0 0 0 0 1 frank
4796 0 0 0 0 0 4797 0 0 0 4805 0 0 0 0 4809 0 0 4812 0 4821 0 0 0 0 0 0 0 0 0 0
4797 0 0 0 0 4798 0 0 0 0 0 0 0 4801 0 0 0 0 0 0 0 0 0 0 0 0 0 4803 0 0 1 free
4798 0 0 0 0 0 0 0 0 0 0 0 0 0 0 0 4799 0 0 0 0 0 0 0 0 0 0 0 0 0 0
4799 0 0 0 0 0 0 0 0 0 0 0 0 0 4800 0 0 0 0 0 0 0 0 0 0 0 0 0 0 0 0
4800 0 0 0 0 0 0 0 0 0 0 0 0 0 0 0 0 0 0 0 0 0 0 0 0 0 0 0 0 0 1 freedom
4801 0 0 0 0 0 0 0 0 0 0 0 0 0 0 0 0 0 0 0 0 0 0 0 0 0 4802 0 0 0 0
4802 0 0 0 0 0 0 0 0 0 0 0 0 0 0 0 0 0 0 0 0 0 0 0 0 0 0 0 0 0 1 freely
4803 0 0 0 0 0 4804 0 0 0 0 0 0 0 0 0 0 0 0 0 0 0 0 0 0 0 0 0 0 0 0
4804 0 0 0 0 0 0 0 0 0 0 0 0 0 0 0 0 0 0 0 0 0 0 0 0 0 0 0 0 0 1 freeze
4805 0 0 0 0 0 0 0 4806 0 0 0 0 0 0 0 0 0 0 0 0 0 0 0 0 0 0 0 0 0 0
4806 0 0 0 0 0 0 0 0 4807 0 0 0 0 0 0 0 0 0 0 0 0 0 0 0 0 0 0 0 0 0
4807 0 0 0 0 0 0 0 0 0 0 0 0 0 0 0 0 0 0 0 0 4808 0 0 0 0 0 0 0 0 0
4808 0 0 0 0 0 0 0 0 0 0 0 0 0 0 0 0 0 0 0 0 0 0 0 0 0 0 0 0 0 1 freight
4809 0 0 0 4810 0 0 0 0 0 0 0 0 0 0 0 0 0 0 0 0 0 0 0 0 0 0 0 0 0 0
4810 0 0 0 0 0 0 0 0 4811 0 0 0 0 0 0 0 0 0 0 0 0 0 0 0 0 0 0 0 0 0
4811 0 0 0 0 0 0 0 0 0 0 0 0 0 0 0 0 0 0 0 0 0 0 0 0 0 0 0 0 0 1 French
4812 0 0 0 0 0 0 0 0 0 0 0 0 0 0 0 0 0 0 0 0 0 4813 0 0 0 0 0 0 0 0
4813 0 0 0 0 0 4814 0 0 0 0 0 0 0 0 0 0 0 0 0 0 0 0 0 0 0 0 0 0 0 0
4814 0 0 0 0 0 0 0 0 0 0 0 0 0 0 4815 0 0 0 0 0 0 0 0 0 0 0 0 0 0 0
4815 0 0 0 4816 0 0 0 0 0 0 0 0 0 0 0 0 0 0 0 0 4818 0 0 0 0 0 0 0 0 0
4816 0 0 0 0 0 0 0 0 0 0 0 0 0 0 0 0 0 0 0 0 0 0 0 0 0 4817 0 0 0 0
4817 0 0 0 0 0 0 0 0 0 0 0 0 0 0 0 0 0 0 0 0 0 0 0 0 0 0 0 0 0 1 frequency
4818 0 0 0 0 0 0 0 0 0 0 0 0 4819 0 0 0 0 0 0 0 0 0 0 0 0 0 0 0 0 1 frequent
4819 0 0 0 0 0 0 0 0 0 0 0 0 0 0 0 0 0 0 0 0 0 0 0 0 0 4820 0 0 0 0
4820 0 0 0 0 0 0 0 0 0 0 0 0 0 0 0 0 0 0 0 0 0 0 0 0 0 0 0 0 0 1 frequently
4821 0 0 0 0 0 0 0 0 4822 0 0 0 0 0 0 0 0 0 0 0 0 0 0 0 0 0 0 0 0 0
4822 0 0 0 0 0 0 0 0 0 0 0 0 0 0 0 0 0 0 0 0 0 0 0 0 0 0 0 0 0 1 fresh
4823 0 0 0 4824 4829 4834 0 4843 0 0 0 0 0 0 0 0 0 0 0 0 0 0 0 0 0 0 0 0 0 0
4824 0 0 0 0 0 0 0 0 0 0 0 0 0 0 0 0 0 0 0 0 4825 0 0 0 0 0 0 0 0 0
4825 0 0 0 0 0 0 0 0 0 4826 0 0 0 0 0 0 0 0 0 0 0 0 0 0 0 0 0 0 0 0
4826 0 0 0 0 0 0 0 0 0 0 0 0 0 0 0 4827 0 0 0 0 0 0 0 0 0 0 0 0 0 0
4827 0 0 0 0 0 0 0 0 0 0 0 0 0 0 4828 0 0 0 0 0 0 0 0 0 0 0 0 0 0 0
4828 0 0 0 0 0 0 0 0 0 0 0 0 0 0 0 0 0 0 0 0 0 0 0 0 0 0 0 0 0 1 friction
4829 0 4830 0 0 0 0 0 4832 0 0 0 0 0 0 0 0 0 0 0 0 0 0 0 0 0 0 0 0 0 0
4830 0 0 0 0 0 0 0 0 0 0 0 0 0 0 0 0 0 0 0 0 0 0 0 0 0 4831 0 0 0 0
4831 0 0 0 0 0 0 0 0 0 0 0 0 0 0 0 0 0 0 0 0 0 0 0 0 0 0 0 0 0 1 Friday
4832 0 0 0 0 0 4833 0 0 0 0 0 0 0 0 0 0 0 0 0 0 0 0 0 0 0 0 0 0 0 0
4833 0 0 0 0 0 0 0 0 0 0 0 0 0 0 0 0 0 0 0 0 0 0 0 0 0 0 0 0 0 1 fridge
4834 0 0 0 0 0 0 0 0 0 0 0 0 0 0 4835 0 0 0 0 0 0 0 0 0 0 0 0 0 0 0
4835 0 0 0 0 4836 0 0 0 0 0 0 0 0 0 0 0 0 0 0 0 0 0 0 0 0 0 0 0 0 0
4836 0 0 0 0 0 0 0 0 0 0 0 0 4837 0 0 0 0 0 0 4839 0 0 0 0 0 0 0 0 0 1 friend
4837 0 0 0 0 0 0 0 0 0 0 0 0 0 0 0 0 0 0 0 0 0 0 0 0 0 4838 0 0 0 0
4838 0 0 0 0 0 0 0 0 0 0 0 0 0 0 0 0 0 0 0 0 0 0 0 0 0 0 0 0 0 1 friendly
4839 0 0 0 0 0 0 0 0 4840 0 0 0 0 0 0 0 0 0 0 0 0 0 0 0 0 0 0 0 0 0
4840 0 0 0 0 0 0 0 0 0 4841 0 0 0 0 0 0 0 0 0 0 0 0 0 0 0 0 0 0 0 0
4841 0 0 0 0 0 0 0 0 0 0 0 0 0 0 0 0 4842 0 0 0 0 0 0 0 0 0 0 0 0 0
4842 0 0 0 0 0 0 0 0 0 0 0 0 0 0 0 0 0 0 0 0 0 0 0 0 0 0 0 0 0 1 friendship
4843 0 0 0 0 0 0 0 0 4844 0 0 0 0 0 0 0 0 0 0 0 0 0 0 0 0 0 0 0 0 0
4844 0 0 0 0 0 0 0 0 0 0 0 0 0 0 0 0 0 0 0 0 4845 0 0 0 0 0 0 0 0 0
4845 0 0 0 0 0 4846 0 0 0 0 0 0 0 0 0 0 0 0 0 0 0 0 0 0 0 0 0 0 0 0
4846 0 0 0 0 0 0 0 0 0 0 0 0 0 0 4847 0 0 0 0 0 0 0 0 0 0 0 0 0 0 0
4847 0 0 0 0 0 0 0 0 0 0 0 0 0 0 0 0 0 0 0 0 0 0 0 0 0 0 0 0 0 1 frighten
4848 0 0 0 0 0 0 0 4849 0 0 0 0 0 4850 4851 0 0 0 0 4856 0 0 0 4858 0 0 0 0 0 0
4849 0 0 0 0 0 0 0 0 0 0 0 0 0 0 0 0 0 0 0 0 0 0 0 0 0 0 0 0 0 1 frog
4850 0 0 0 0 0 0 0 0 0 0 0 0 0 0 0 0 0 0 0 0 0 0 0 0 0 0 0 0 0 1 from
4851 0 0 0 0 0 0 0 0 0 0 0 0 0 0 0 0 0 0 0 0 4852 0 0 0 0 0 0 0 0 0
4852 0 0 0 0 0 0 0 0 0 4853 0 0 0 0 0 0 0 0 0 0 0 0 0 0 0 0 0 0 0 1 front
4853 0 0 0 0 0 4854 0 0 0 0 0 0 0 0 0 0 0 0 0 0 0 0 0 0 0 0 0 0 0 0
4854 0 0 0 0 0 0 0 0 0 0 0 0 0 0 0 0 0 0 4855 0 0 0 0 0 0 0 0 0 0 0
4855 0 0 0 0 0 0 0 0 0 0 0 0 0 0 0 0 0 0 0 0 0 0 0 0 0 0 0 0 0 1 frontier
4856 0 0 0 0 0 0 0 0 0 0 0 0 0 0 0 0 0 0 0 0 4857 0 0 0 0 0 0 0 0 0
4857 0 0 0 0 0 0 0 0 0 0 0 0 0 0 0 0 0 0 0 0 0 0 0 0 0 0 0 0 0 1 frost
4858 0 0 0 0 0 0 0 0 0 0 0 0 0 0 4859 0 0 0 0 0 0 0 0 0 0 0 0 0 0 0
4859 0 0 0 0 0 0 0 0 0 0 0 0 0 0 0 0 0 0 0 0 0 0 0 0 0 0 0 0 0 1 frown
4860 0 0 0 0 0 0 0 0 0 4861 0 0 0 0 0 0 0 0 0 0 0 0 0 0 0 0 0 0 0 0
4861 0 0 0 0 0 0 0 0 0 0 0 0 0 0 0 0 0 0 0 0 4862 0 0 0 0 0 0 0 0 0
4862 0 0 0 0 0 0 4863 0 0 0 0 0 0 0 0 0 0 0 0 0 0 0 0 0 0 0 0 0 0 1 fruit
4863 0 0 0 0 0 0 0 0 0 0 0 0 0 0 0 0 0 0 0 0 0 4864 0 0 0 0 0 0 0 0
4864 0 0 0 0 0 0 0 0 0 0 0 0 4865 0 0 0 0 0 0 0 0 0 0 0 0 0 0 0 0 0
4865 0 0 0 0 0 0 0 0 0 0 0 0 0 0 0 0 0 0 0 0 0 0 0 0 0 0 0 0 0 1 fruitful
4866 0 0 0 0 0 0 0 0 0 0 0 0 0 0 0 0 0 0 0 0 0 0 0 0 0 0 0 0 0 1 fry
4867 0 0 0 0 0 4868 0 0 0 0 0 0 4870 0 4875 0 0 0 4895 0 4919 0 0 0 0 0 0 0 0 0
4868 0 0 0 0 0 0 0 0 0 0 0 0 4869 0 0 0 0 0 0 0 0 0 0 0 0 0 0 0 0 0
4869 0 0 0 0 0 0 0 0 0 0 0 0 0 0 0 0 0 0 0 0 0 0 0 0 0 0 0 0 0 1 fuel
4870 0 0 0 0 0 0 4871 0 0 0 0 0 4874 0 0 0 0 0 0 0 0 0 0 0 0 0 0 0 0 0
4871 0 0 0 0 0 0 0 0 0 4872 0 0 0 0 0 0 0 0 0 0 0 0 0 0 0 0 0 0 0 0
4872 0 0 0 0 0 0 0 0 0 0 0 0 4873 0 0 0 0 0 0 0 0 0 0 0 0 0 0 0 0 0
4873 0 0 0 0 0 0 0 0 0 0 0 0 0 0 0 0 0 0 0 0 0 0 0 0 0 0 0 0 0 1 fulfil
4874 0 0 0 0 0 0 0 0 0 0 0 0 0 0 0 0 0 0 0 0 0 0 0 0 0 0 0 0 0 1 full
4875 0 0 0 4876 4881 4889 0 0 0 0 0 0 0 0 4893 0 0 0 0 0 0 0 0 0 0 0 0 0 0 1 fun
4876 0 0 0 0 0 0 0 0 0 0 0 0 0 0 0 0 0 0 0 0 4877 0 0 0 0 0 0 0 0 0
4877 0 0 0 0 0 0 0 0 0 4878 0 0 0 0 0 0 0 0 0 0 0 0 0 0 0 0 0 0 0 0
4878 0 0 0 0 0 0 0 0 0 0 0 0 0 0 0 4879 0 0 0 0 0 0 0 0 0 0 0 0 0 0
4879 0 0 0 0 0 0 0 0 0 0 0 0 0 0 4880 0 0 0 0 0 0 0 0 0 0 0 0 0 0 0
4880 0 0 0 0 0 0 0 0 0 0 0 0 0 0 0 0 0 0 0 0 0 0 0 0 0 0 0 0 0 1 function
4881 0 4882 0 0 0 0 0 0 0 0 0 0 0 0 0 0 0 0 0 0 0 0 0 0 0 0 0 0 0 1 fund
4882 0 0 0 0 0 0 0 0 0 0 0 0 0 4883 0 0 0 0 0 0 0 0 0 0 0 0 0 0 0 0
4883 0 0 0 0 0 4884 0 0 0 0 0 0 0 0 0 0 0 0 0 0 0 0 0 0 0 0 0 0 0 0
4884 0 0 0 0 0 0 0 0 0 0 0 0 0 0 4885 0 0 0 0 0 0 0 0 0 0 0 0 0 0 0
4885 0 0 0 0 0 0 0 0 0 0 0 0 0 0 0 0 0 0 0 0 4886 0 0 0 0 0 0 0 0 0
4886 0 4887 0 0 0 0 0 0 0 0 0 0 0 0 0 0 0 0 0 0 0 0 0 0 0 0 0 0 0 0
4887 0 0 0 0 0 0 0 0 0 0 0 0 4888 0 0 0 0 0 0 0 0 0 0 0 0 0 0 0 0 0
4888 0 0 0 0 0 0 0 0 0 0 0 0 0 0 0 0 0 0 0 0 0 0 0 0 0 0 0 0 0 1 fundamental
4889 0 0 0 0 0 0 0 0 0 0 0 0 0 0 0 0 0 0 4890 0 0 0 0 0 0 0 0 0 0 0
4890 0 4891 0 0 0 0 0 0 0 0 0 0 0 0 0 0 0 0 0 0 0 0 0 0 0 0 0 0 0 0
4891 0 0 0 0 0 0 0 0 0 0 0 0 4892 0 0 0 0 0 0 0 0 0 0 0 0 0 0 0 0 0
4892 0 0 0 0 0 0 0 0 0 0 0 0 0 0 0 0 0 0 0 0 0 0 0 0 0 0 0 0 0 1 funeral
4893 0 0 0 0 0 0 0 0 0 0 0 0 0 0 0 0 0 0 0 0 0 0 0 0 0 4894 0 0 0 0
4894 0 0 0 0 0 0 0 0 0 0 0 0 0 0 0 0 0 0 0 0 0 0 0 0 0 0 0 0 0 1 funny
4895 0 0 0 0 0 0 0 0 0 4896 0 0 0 0 4900 0 0 0 0 0 4911 0 0 0 0 0 0 0 0 1 fur
4896 0 0 0 0 0 0 0 0 0 0 0 0 0 0 0 4897 0 0 0 0 0 0 0 0 0 0 0 0 0 0
4897 0 0 0 0 0 0 0 0 0 0 0 0 0 0 0 0 0 0 0 0 0 4898 0 0 0 0 0 0 0 0
4898 0 0 0 0 0 0 0 0 0 0 0 0 0 0 0 0 0 0 0 4899 0 0 0 0 0 0 0 0 0 0
4899 0 0 0 0 0 0 0 0 0 0 0 0 0 0 0 0 0 0 0 0 0 0 0 0 0 0 0 0 0 1 furious
4900 0 4901 0 0 0 0 0 0 0 4904 0 0 0 0 0 0 0 0 0 0 0 0 0 0 0 0 0 0 0 0
4901 0 0 0 4902 0 0 0 0 0 0 0 0 0 0 0 0 0 0 0 0 0 0 0 0 0 0 0 0 0 0
4902 0 0 0 0 0 4903 0 0 0 0 0 0 0 0 0 0 0 0 0 0 0 0 0 0 0 0 0 0 0 0
4903 0 0 0 0 0 0 0 0 0 0 0 0 0 0 0 0 0 0 0 0 0 0 0 0 0 0 0 0 0 1 furnace
4904 0 0 0 0 0 0 0 0 0 0 0 0 0 0 0 0 0 0 0 4905 4907 0 0 0 0 0 0 0 0 0
4905 0 0 0 0 0 0 0 0 4906 0 0 0 0 0 0 0 0 0 0 0 0 0 0 0 0 0 0 0 0 0
4906 0 0 0 0 0 0 0 0 0 0 0 0 0 0 0 0 0 0 0 0 0 0 0 0 0 0 0 0 0 1 furnish
4907 0 0 0 0 0 0 0 0 0 0 0 0 0 0 0 0 0 0 0 0 0 4908 0 0 0 0 0 0 0 0
4908 0 0 0 0 0 0 0 0 0 0 0 0 0 0 0 0 0 0 4909 0 0 0 0 0 0 0 0 0 0 0
4909 0 0 0 0 0 4910 0 0 0 0 0 0 0 0 0 0 0 0 0 0 0 0 0 0 0 0 0 0 0 0
4910 0 0 0 0 0 0 0 0 0 0 0 0 0 0 0 0 0 0 0 0 0 0 0 0 0 0 0 0 0 1 furniture
4911 0 0 0 0 0 0 0 0 4912 0 0 0 0 0 0 0 0 0 0 0 0 0 0 0 0 0 0 0 0 0
4912 0 0 0 0 0 4913 0 0 0 0 0 0 0 0 0 0 0 0 0 0 0 0 0 0 0 0 0 0 0 0
4913 0 0 0 0 0 0 0 0 0 0 0 0 0 0 0 0 0 0 4914 0 0 0 0 0 0 0 0 0 0 0
4914 0 0 0 0 0 0 0 0 0 0 0 0 0 4915 0 0 0 0 0 0 0 0 0 0 0 0 0 0 0 1 further
4915 0 0 0 0 0 0 0 0 0 0 0 0 0 0 0 4916 0 0 0 0 0 0 0 0 0 0 0 0 0 0
4916 0 0 0 0 0 0 0 0 0 0 0 0 0 0 0 0 0 0 4917 0 0 0 0 0 0 0 0 0 0 0
4917 0 0 0 0 0 4918 0 0 0 0 0 0 0 0 0 0 0 0 0 0 0 0 0 0 0 0 0 0 0 0
4918 0 0 0 0 0 0 0 0 0 0 0 0 0 0 0 0 0 0 0 0 0 0 0 0 0 0 0 0 0 1 furthermore
4919 0 0 0 0 0 0 0 0 0 0 0 0 0 0 0 0 0 0 0 0 0 4920 0 0 0 0 0 0 0 0
4920 0 0 0 0 0 0 0 0 0 0 0 0 0 0 0 0 0 0 4921 0 0 0 0 0 0 0 0 0 0 0
4921 0 0 0 0 0 4922 0 0 0 0 0 0 0 0 0 0 0 0 0 0 0 0 0 0 0 0 0 0 0 0
4922 0 0 0 0 0 0 0 0 0 0 0 0 0 0 0 0 0 0 0 0 0 0 0 0 0 0 0 0 0 1 future
4923 0 4924 0 0 0 4974 0 0 5029 5033 0 0 5043 0 0 5081 0 0 5115 0 0 5238 0 0 0 5271 0 0 0 0
4924 0 0 0 0 0 0 0 0 0 4925 0 0 4927 4934 4936 0 4938 0 4939 4952 4963 4968 0 0 0 4971 4972 0 0 0
4925 0 0 0 0 0 0 0 0 0 0 0 0 0 0 4926 0 0 0 0 0 0 0 0 0 0 0 0 0 0 0
4926 0 0 0 0 0 0 0 0 0 0 0 0 0 0 0 0 0 0 0 0 0 0 0 0 0 0 0 0 0 1 gain
4927 0 0 0 0 0 0 0 0 0 0 0 0 4928 0 0 0 0 0 0 0 0 0 0 0 0 0 0 0 0 0
4928 0 0 0 0 0 4929 0 0 0 0 0 0 0 0 0 4932 0 0 0 0 0 0 0 0 0 0 0 0 0 0
4929 0 0 0 0 0 0 0 0 0 0 0 0 0 0 0 0 0 0 4930 0 0 0 0 0 0 0 0 0 0 0
4930 0 0 0 0 0 0 0 0 0 0 0 0 0 0 0 0 0 0 0 0 0 0 0 0 0 4931 0 0 0 0
4931 0 0 0 0 0 0 0 0 0 0 0 0 0 0 0 0 0 0 0 0 0 0 0 0 0 0 0 0 0 1 gallery
4932 0 0 0 0 0 0 0 0 0 0 0 0 0 0 4933 0 0 0 0 0 0 0 0 0 0 0 0 0 0 0
4933 0 0 0 0 0 0 0 0 0 0 0 0 0 0 0 0 0 0 0 0 0 0 0 0 0 0 0 0 0 1 gallon
4934 0 0 0 0 0 4935 0 0 0 0 0 0 0 0 0 0 0 0 0 0 0 0 0 0 0 0 0 0 0 0
4935 0 0 0 0 0 0 0 0 0 0 0 0 0 0 0 0 0 0 0 0 0 0 0 0 0 0 0 0 0 1 game
4936 0 0 0 0 0 0 0 4937 0 0 0 0 0 0 0 0 0 0 0 0 0 0 0 0 0 0 0 0 0 0
4937 0 0 0 0 0 0 0 0 0 0 0 0 0 0 0 0 0 0 0 0 0 0 0 0 0 0 0 0 0 1 gang
4938 0 0 0 0 0 0 0 0 0 0 0 0 0 0 0 0 0 0 0 0 0 0 0 0 0 0 0 0 0 1 gap
4939 0 4940 4943 0 4947 0 0 0 0 0 0 0 0 0 0 0 0 0 0 0 0 0 0 0 0 0 0 0 0 0
4940 0 0 0 0 0 0 0 4941 0 0 0 0 0 0 0 0 0 0 0 0 0 0 0 0 0 0 0 0 0 0
4941 0 0 0 0 0 4942 0 0 0 0 0 0 0 0 0 0 0 0 0 0 0 0 0 0 0 0 0 0 0 0
4942 0 0 0 0 0 0 0 0 0 0 0 0 0 0 0 0 0 0 0 0 0 0 0 0 0 0 0 0 0 1 garage
4943 0 4944 0 0 0 0 0 0 0 0 0 0 0 0 0 0 0 0 0 0 0 0 0 0 0 0 0 0 0 0
4944 0 0 0 0 0 0 0 4945 0 0 0 0 0 0 0 0 0 0 0 0 0 0 0 0 0 0 0 0 0 0
4945 0 0 0 0 0 4946 0 0 0 0 0 0 0 0 0 0 0 0 0 0 0 0 0 0 0 0 0 0 0 0
4946 0 0 0 0 0 0 0 0 0 0 0 0 0 0 0 0 0 0 0 0 0 0 0 0 0 0 0 0 0 1 garbage
4947 0 0 0 0 0 4948 0 0 0 0 0 0 0 0 0 0 0 0 0 0 0 0 0 0 0 0 0 0 0 0
4948 0 0 0 0 0 0 0 0 0 0 0 0 0 0 4949 0 0 0 0 0 0 0 0 0 0 0 0 0 0 0
4949 0 0 0 0 0 4950 0 0 0 0 0 0 0 0 0 0 0 0 0 0 0 0 0 0 0 0 0 0 0 1 garden
4950 0 0 0 0 0 0 0 0 0 0 0 0 0 0 0 0 0 0 4951 0 0 0 0 0 0 0 0 0 0 0
4951 0 0 0 0 0 0 0 0 0 0 0 0 0 0 0 0 0 0 0 0 0 0 0 0 0 0 0 0 0 1 gardener
4952 0 0 0 0 0 4953 0 0 0 0 0 0 0 0 0 4957 4962 0 0 0 0 0 0 0 0 0 0 0 0 1 gas
4953 0 0 0 0 0 0 0 0 0 0 0 0 0 0 0 4954 0 0 0 0 0 0 0 0 0 0 0 0 0 0
4954 0 0 0 0 0 0 0 0 0 0 0 0 0 0 0 0 0 0 0 0 0 4955 0 0 0 0 0 0 0 0
4955 0 0 0 0 0 0 0 0 0 0 0 0 0 0 0 0 0 0 0 4956 0 0 0 0 0 0 0 0 0 0
4956 0 0 0 0 0 0 0 0 0 0 0 0 0 0 0 0 0 0 0 0 0 0 0 0 0 0 0 0 0 1 gaseous
4957 0 0 0 0 0 0 0 0 0 0 0 0 4958 0 0 0 0 0 0 0 0 0 0 0 0 0 0 0 0 0
4958 0 0 0 0 0 0 0 0 0 4959 0 0 0 0 0 0 0 0 0 0 0 0 0 0 0 0 0 0 0 0
4959 0 0 0 0 0 0 0 0 0 0 0 0 0 0 4960 0 0 0 0 0 0 0 0 0 0 0 0 0 0 0
4960 0 0 0 0 0 4961 0 0 0 0 0 0 0 0 0 0 0 0 0 0 0 0 0 0 0 0 0 0 0 0
4961 0 0 0 0 0 0 0 0 0 0 0 0 0 0 0 0 0 0 0 0 0 0 0 0 0 0 0 0 0 1 gasoline
4962 0 0 0 0 0 0 0 0 0 0 0 0 0 0 0 0 0 0 0 0 0 0 0 0 0 0 0 0 0 1 gasp
4963 0 0 0 0 0 4964 0 0 4965 0 0 0 0 0 0 0 0 0 0 0 0 0 0 0 0 0 0 0 0 0
4964 0 0 0 0 0 0 0 0 0 0 0 0 0 0 0 0 0 0 0 0 0 0 0 0 0 0 0 0 0 1 gate
4965 0 0 0 0 0 4966 0 0 0 0 0 0 0 0 0 0 0 0 0 0 0 0 0 0 0 0 0 0 0 0
4966 0 0 0 0 0 0 0 0 0 0 0 0 0 0 0 0 0 0 4967 0 0 0 0 0 0 0 0 0 0 0
4967 0 0 0 0 0 0 0 0 0 0 0 0 0 0 0 0 0 0 0 0 0 0 0 0 0 0 0 0 0 1 gather
4968 0 0 0 0 0 0 0 4969 0 0 0 0 0 0 0 0 0 0 0 0 0 0 0 0 0 0 0 0 0 0
4969 0 0 0 0 0 4970 0 0 0 0 0 0 0 0 0 0 0 0 0 0 0 0 0 0 0 0 0 0 0 0
4970 0 0 0 0 0 0 0 0 0 0 0 0 0 0 0 0 0 0 0 0 0 0 0 0 0 0 0 0 0 1 gauge
4971 0 0 0 0 0 0 0 0 0 0 0 0 0 0 0 0 0 0 0 0 0 0 0 0 0 0 0 0 0 1 gay
4972 0 0 0 0 0 4973 0 0 0 0 0 0 0 0 0 0 0 0 0 0 0 0 0 0 0 0 0 0 0 0
4973 0 0 0 0 0 0 0 0 0 0 0 0 0 0 0 0 0 0 0 0 0 0 0 0 0 0 0 0 0 1 gaze
4974 0 0 0 0 0 0 0 0 0 0 0 0 0 0 4975 5006 0 0 5018 5023 5028 0 0 0 0 0 0 0 0 0
4975 0 0 0 0 0 4976 0 0 0 4992 0 0 0 0 0 0 0 0 0 0 4995 5002 0 0 0 0 0 0 0 0
4976 0 0 0 0 0 0 0 0 0 0 0 0 0 0 0 0 0 0 4977 0 0 0 0 0 0 0 0 0 0 0
4977 0 4978 0 0 0 0 0 0 0 0 0 0 0 0 0 4989 0 0 0 0 0 0 0 0 0 0 0 0 0 0
4978 0 0 0 0 0 0 0 0 0 0 0 0 4979 0 0 0 0 0 0 0 4982 0 0 0 0 0 0 0 0 0
4979 0 0 0 0 0 0 0 0 0 0 0 0 4980 0 0 0 0 0 0 0 0 0 0 0 0 0 0 0 0 1 general
4980 0 0 0 0 0 0 0 0 0 0 0 0 0 0 0 0 0 0 0 0 0 0 0 0 0 4981 0 0 0 0
4981 0 0 0 0 0 0 0 0 0 0 0 0 0 0 0 0 0 0 0 0 0 0 0 0 0 0 0 0 0 1 generally
4982 0 0 0 0 0 4983 0 0 0 4984 0 0 0 0 0 4987 0 0 0 0 0 0 0 0 0 0 0 0 0 0
4983 0 0 0 0 0 0 0 0 0 0 0 0 0 0 0 0 0 0 0 0 0 0 0 0 0 0 0 0 0 1 generate
4984 0 0 0 0 0 0 0 0 0 0 0 0 0 0 0 4985 0 0 0 0 0 0 0 0 0 0 0 0 0 0
4985 0 0 0 0 0 0 0 0 0 0 0 0 0 0 4986 0 0 0 0 0 0 0 0 0 0 0 0 0 0 0
4986 0 0 0 0 0 0 0 0 0 0 0 0 0 0 0 0 0 0 0 0 0 0 0 0 0 0 0 0 0 1 generation
4987 0 0 0 0 0 0 0 0 0 0 0 0 0 0 0 0 0 0 4988 0 0 0 0 0 0 0 0 0 0 0
4988 0 0 0 0 0 0 0 0 0 0 0 0 0 0 0 0 0 0 0 0 0 0 0 0 0 0 0 0 0 1 generator
4989 0 0 0 0 0 0 0 0 0 0 0 0 0 0 0 0 0 0 0 0 0 4990 0 0 0 0 0 0 0 0
4990 0 0 0 0 0 0 0 0 0 0 0 0 0 0 0 0 0 0 0 4991 0 0 0 0 0 0 0 0 0 0
4991 0 0 0 0 0 0 0 0 0 0 0 0 0 0 0 0 0 0 0 0 0 0 0 0 0 0 0 0 0 1 generous
4992 0 0 0 0 0 0 0 0 0 0 0 0 0 0 0 0 0 0 0 0 0 4993 0 0 0 0 0 0 0 0
4993 0 0 0 0 0 0 0 0 0 0 0 0 0 0 0 0 0 0 0 4994 0 0 0 0 0 0 0 0 0 0
4994 0 0 0 0 0 0 0 0 0 0 0 0 0 0 0 0 0 0 0 0 0 0 0 0 0 0 0 0 0 1 genius
4995 0 0 0 0 0 0 0 0 0 0 0 0 4996 0 0 0 0 0 0 0 0 0 0 0 0 0 0 0 0 0
4996 0 0 0 0 0 4997 0 0 0 0 0 0 0 0 0 0 0 0 0 0 0 0 0 0 0 5001 0 0 0 0
4997 0 0 0 0 0 0 0 0 0 0 0 0 0 4998 0 0 0 0 0 0 0 0 0 0 0 0 0 0 0 1 gentle
4998 0 4999 0 0 0 0 0 0 0 0 0 0 0 0 0 0 0 0 0 0 0 0 0 0 0 0 0 0 0 0
4999 0 0 0 0 0 0 0 0 0 0 0 0 0 0 5000 0 0 0 0 0 0 0 0 0 0 0 0 0 0 0
5000 0 0 0 0 0 0 0 0 0 0 0 0 0 0 0 0 0 0 0 0 0 0 0 0 0 0 0 0 0 1 gentleman
5001 0 0 0 0 0 0 0 0 0 0 0 0 0 0 0 0 0 0 0 0 0 0 0 0 0 0 0 0 0 1 gently
5002 0 0 0 0 0 0 0 0 0 5003 0 0 0 0 0 0 0 0 0 0 0 0 0 0 0 0 0 0 0 0
5003 0 0 0 0 0 0 0 0 0 0 0 0 0 0 5004 0 0 0 0 0 0 0 0 0 0 0 0 0 0 0
5004 0 0 0 0 0 5005 0 0 0 0 0 0 0 0 0 0 0 0 0 0 0 0 0 0 0 0 0 0 0 0
5005 0 0 0 0 0 0 0 0 0 0 0 0 0 0 0 0 0 0 0 0 0 0 0 0 0 0 0 0 0 1 genuine
5006 0 0 0 0 0 0 0 5007 0 0 0 0 0 5013 0 0 0 0 0 0 0 0 0 0 0 0 0 0 0 0
5007 0 0 0 0 0 0 0 0 0 0 0 0 0 0 0 0 0 0 5008 0 0 0 0 0 0 0 0 0 0 0
5008 0 5009 0 0 0 0 0 0 0 0 0 0 0 0 0 0 0 0 0 0 0 0 0 0 0 0 0 0 0 0
5009 0 0 0 0 0 0 0 0 0 0 0 0 0 0 0 0 5010 0 0 0 0 0 0 0 0 0 0 0 0 0
5010 0 0 0 0 0 0 0 0 5011 0 0 0 0 0 0 0 0 0 0 0 0 0 0 0 0 0 0 0 0 0
5011 0 0 0 0 0 0 0 0 0 0 0 0 0 0 0 0 0 0 0 0 0 0 0 0 0 5012 0 0 0 0
5012 0 0 0 0 0 0 0 0 0 0 0 0 0 0 0 0 0 0 0 0 0 0 0 0 0 0 0 0 0 1 geography
5013 0 0 0 0 0 5014 0 0 0 0 0 0 0 0 0 0 0 0 0 0 0 0 0 0 0 0 0 0 0 0
5014 0 0 0 0 0 0 0 0 0 0 0 0 0 0 0 0 0 0 0 0 5015 0 0 0 0 0 0 0 0 0
5015 0 0 0 0 0 0 0 0 0 0 0 0 0 0 0 0 0 0 5016 0 0 0 0 0 0 0 0 0 0 0
5016 0 0 0 0 0 0 0 0 0 0 0 0 0 0 0 0 0 0 0 0 0 0 0 0 0 5017 0 0 0 0
5017 0 0 0 0 0 0 0 0 0 0 0 0 0 0 0 0 0 0 0 0 0 0 0 0 0 0 0 0 0 1 geometry
5018 0 0 0 0 0 0 0 0 0 0 0 0 0 5019 0 0 0 0 0 0 0 0 0 0 0 0 0 0 0 0
5019 0 5020 0 0 0 0 0 0 0 0 0 0 0 0 0 0 0 0 0 0 0 0 0 0 0 0 0 0 0 1 germ
5020 0 0 0 0 0 0 0 0 0 0 0 0 0 0 5021 0 0 0 0 0 0 0 0 0 0 0 0 0 0 0
5021 0 0 0 0 0 0 0 0 0 0 0 0 0 0 0 0 0 0 0 0 0 0 0 0 0 5022 0 0 0 1 German
5022 0 0 0 0 0 0 0 0 0 0 0 0 0 0 0 0 0 0 0 0 0 0 0 0 0 0 0 0 0 1 Germany
5023 0 0 0 0 0 0 0 0 0 0 0 0 0 0 0 0 0 0 0 0 5024 0 0 0 0 0 0 0 0 0
5024 0 0 0 0 0 0 0 0 0 0 0 0 0 0 0 0 0 0 0 0 0 5025 0 0 0 0 0 0 0 0
5025 0 0 0 0 0 0 0 0 0 0 0 0 0 0 0 0 0 0 5026 0 0 0 0 0 0 0 0 0 0 0
5026 0 0 0 0 0 5027 0 0 0 0 0 0 0 0 0 0 0 0 0 0 0 0 0 0 0 0 0 0 0 0
5027 0 0 0 0 0 0 0 0 0 0 0 0 0 0 0 0 0 0 0 0 0 0 0 0 0 0 0 0 0 1 gesture
5028 0 0 0 0 0 0 0 0 0 0 0 0 0 0 0 0 0 0 0 0 0 0 0 0 0 0 0 0 0 1 get
5029 0 0 0 0 0 0 0 0 0 0 0 0 0 0 0 5030 0 0 0 0 0 0 0 0 0 0 0 0 0 0
5030 0 0 0 0 0 0 0 0 0 0 0 0 0 0 0 0 0 0 0 5031 0 0 0 0 0 0 0 0 0 0
5031 0 0 0 0 0 0 0 0 0 0 0 0 0 0 0 0 0 0 0 0 5032 0 0 0 0 0 0 0 0 0
5032 0 0 0 0 0 0 0 0 0 0 0 0 0 0 0 0 0 0 0 0 0 0 0 0 0 0 0 0 0 1 ghost
5033 0 5034 0 0 0 0 5037 0 0 0 0 0 0 0 0 0 0 0 5039 0 0 0 5041 0 0 0 0 0 0 0
5034 0 0 0 0 0 0 0 0 0 0 0 0 0 0 5035 0 0 0 0 0 0 0 0 0 0 0 0 0 0 0
5035 0 0 0 0 0 0 0 0 0 0 0 0 0 0 0 0 0 0 0 0 5036 0 0 0 0 0 0 0 0 0
5036 0 0 0 0 0 0 0 0 0 0 0 0 0 0 0 0 0 0 0 0 0 0 0 0 0 0 0 0 0 1 giant
5037 0 0 0 0 0 0 0 0 0 0 0 0 0 0 0 0 0 0 0 0 5038 0 0 0 0 0 0 0 0 0
5038 0 0 0 0 0 0 0 0 0 0 0 0 0 0 0 0 0 0 0 0 0 0 0 0 0 0 0 0 0 1 gift
5039 0 0 0 0 0 0 0 0 0 0 0 0 5040 0 0 0 0 0 0 0 0 0 0 0 0 0 0 0 0 0
5040 0 0 0 0 0 0 0 0 0 0 0 0 0 0 0 0 0 0 0 0 0 0 0 0 0 0 0 0 0 1 girl
5041 0 0 0 0 0 5042 0 0 0 0 0 0 0 0 0 0 0 0 0 0 0 0 0 0 0 0 0 0 0 0
5042 0 0 0 0 0 0 0 0 0 0 0 0 0 0 0 0 0 0 0 0 0 0 0 0 0 0 0 0 0 1 give
5043 0 5044 0 0 0 0 0 0 0 5053 0 0 0 0 0 5064 0 0 0 0 0 5079 0 0 0 0 0 0 0 0
5044 0 0 0 0 5045 0 0 0 0 0 0 0 0 0 5046 0 0 0 5049 5051 0 0 0 0 0 0 0 0 0 0
5045 0 0 0 0 0 0 0 0 0 0 0 0 0 0 0 0 0 0 0 0 0 0 0 0 0 0 0 0 0 1 glad
5046 0 0 0 5047 0 0 0 0 0 0 0 0 0 0 0 0 0 0 0 0 0 0 0 0 0 0 0 0 0 0
5047 0 0 0 0 0 5048 0 0 0 0 0 0 0 0 0 0 0 0 0 0 0 0 0 0 0 0 0 0 0 0
5048 0 0 0 0 0 0 0 0 0 0 0 0 0 0 0 0 0 0 0 0 0 0 0 0 0 0 0 0 0 1 glance
5049 0 0 0 0 0 5050 0 0 0 0 0 0 0 0 0 0 0 0 0 0 0 0 0 0 0 0 0 0 0 0
5050 0 0 0 0 0 0 0 0 0 0 0 0 0 0 0 0 0 0 0 0 0 0 0 0 0 0 0 0 0 1 glare
5051 0 0 0 0 0 0 0 0 0 0 0 0 0 0 0 0 0 0 0 5052 0 0 0 0 0 0 0 0 0 0
5052 0 0 0 0 0 0 0 0 0 0 0 0 0 0 0 0 0 0 0 0 0 0 0 0 0 0 0 0 0 1 glass
5053 0 0 0 0 5054 0 0 0 0 0 0 0 0 5056 0 0 0 0 0 0 5060 0 0 0 0 0 0 0 0 0
5054 0 0 0 0 0 5055 0 0 0 0 0 0 0 0 0 0 0 0 0 0 0 0 0 0 0 0 0 0 0 0
5055 0 0 0 0 0 0 0 0 0 0 0 0 0 0 0 0 0 0 0 0 0 0 0 0 0 0 0 0 0 1 glide
5056 0 0 0 0 0 0 0 0 0 0 0 0 0 0 0 0 5057 0 0 0 0 0 0 0 0 0 0 0 0 0
5057 0 0 0 0 0 0 0 0 0 0 0 0 0 0 0 0 0 0 0 5058 0 0 0 0 0 0 0 0 0 0
5058 0 0 0 0 0 5059 0 0 0 0 0 0 0 0 0 0 0 0 0 0 0 0 0 0 0 0 0 0 0 0
5059 0 0 0 0 0 0 0 0 0 0 0 0 0 0 0 0 0 0 0 0 0 0 0 0 0 0 0 0 0 1 glimpse
5060 0 0 0 0 0 0 0 0 0 0 0 0 0 0 0 0 0 0 0 0 5061 0 0 0 0 0 0 0 0 0
5061 0 0 0 0 0 5062 0 0 0 0 0 0 0 0 0 0 0 0 0 0 0 0 0 0 0 0 0 0 0 0
5062 0 0 0 0 0 0 0 0 0 0 0 0 0 0 0 0 0 0 5063 0 0 0 0 0 0 0 0 0 0 0
5063 0 0 0 0 0 0 0 0 0 0 0 0 0 0 0 0 0 0 0 0 0 0 0 0 0 0 0 0 0 1 glitter
5064 0 0 5065 0 0 0 0 0 0 0 0 0 0 0 0 5067 0 0 5070 0 0 0 5076 5078 0 0 0 0 0 0
5065 0 0 0 0 0 5066 0 0 0 0 0 0 0 0 0 0 0 0 0 0 0 0 0 0 0 0 0 0 0 0
5066 0 0 0 0 0 0 0 0 0 0 0 0 0 0 0 0 0 0 0 0 0 0 0 0 0 0 0 0 0 1 globe
5067 0 0 0 0 0 0 0 0 0 0 0 0 0 5068 0 0 0 0 0 0 0 0 0 0 0 0 0 0 0 0
5068 0 0 0 0 0 0 0 0 0 0 0 0 0 0 0 0 0 0 0 0 0 0 0 0 0 5069 0 0 0 0
5069 0 0 0 0 0 0 0 0 0 0 0 0 0 0 0 0 0 0 0 0 0 0 0 0 0 0 0 0 0 1 gloomy
5070 0 0 0 0 0 0 0 0 0 5071 0 0 0 0 0 0 0 0 0 0 0 0 0 0 0 5075 0 0 0 0
5071 0 0 0 0 0 0 0 0 0 0 0 0 0 0 0 5072 0 0 0 0 0 0 0 0 0 0 0 0 0 0
5072 0 0 0 0 0 0 0 0 0 0 0 0 0 0 0 0 0 0 0 0 0 5073 0 0 0 0 0 0 0 0
5073 0 0 0 0 0 0 0 0 0 0 0 0 0 0 0 0 0 0 0 5074 0 0 0 0 0 0 0 0 0 0
5074 0 0 0 0 0 0 0 0 0 0 0 0 0 0 0 0 0 0 0 0 0 0 0 0 0 0 0 0 0 1 glorious
5075 0 0 0 0 0 0 0 0 0 0 0 0 0 0 0 0 0 0 0 0 0 0 0 0 0 0 0 0 0 1 glory
5076 0 0 0 0 0 5077 0 0 0 0 0 0 0 0 0 0 0 0 0 0 0 0 0 0 0 0 0 0 0 0
5077 0 0 0 0 0 0 0 0 0 0 0 0 0 0 0 0 0 0 0 0 0 0 0 0 0 0 0 0 0 1 glove
5078 0 0 0 0 0 0 0 0 0 0 0 0 0 0 0 0 0 0 0 0 0 0 0 0 0 0 0 0 0 1 glow
5079 0 0 0 0 0 5080 0 0 0 0 0 0 0 0 0 0 0 0 0 0 0 0 0 0 0 0 0 0 0 0
5080 0 0 0 0 0 0 0 0 0 0 0 0 0 0 0 0 0 0 0 0 0 0 0 0 0 0 0 0 0 1 glue
5081 0 5082 0 0 5085 0 0 0 0 0 0 0 5086 0 0 5091 0 0 0 0 0 0 5103 5113 0 0 0 0 0 1 go
5082 0 0 0 0 0 0 0 0 0 0 0 0 5083 0 0 0 0 0 0 0 5084 0 0 0 0 0 0 0 0 0
5083 0 0 0 0 0 0 0 0 0 0 0 0 0 0 0 0 0 0 0 0 0 0 0 0 0 0 0 0 0 1 goal
5084 0 0 0 0 0 0 0 0 0 0 0 0 0 0 0 0 0 0 0 0 0 0 0 0 0 0 0 0 0 1 goat
5085 0 0 0 0 0 0 0 0 0 0 0 0 0 0 0 0 0 0 0 0 0 0 0 0 0 0 0 0 0 1 God
5086 0 0 0 0 5087 0 5090 0 0 0 0 0 0 0 0 0 0 0 0 0 0 0 0 0 0 0 0 0 0 0
5087 0 0 0 0 0 5088 0 0 0 0 0 0 0 0 0 0 0 0 0 0 0 0 0 0 0 0 0 0 0 1 gold
5088 0 0 0 0 0 0 0 0 0 0 0 0 0 0 5089 0 0 0 0 0 0 0 0 0 0 0 0 0 0 0
5089 0 0 0 0 0 0 0 0 0 0 0 0 0 0 0 0 0 0 0 0 0 0 0 0 0 0 0 0 0 1 golden
5090 0 0 0 0 0 0 0 0 0 0 0 0 0 0 0 0 0 0 0 0 0 0 0 0 0 0 0 0 0 1 golf
5091 0 0 0 0 5092 0 0 0 0 0 0 0 0 0 0 0 0 0 0 5101 0 0 0 0 0 0 0 0 0 0
5092 0 0 5093 0 0 0 0 0 0 0 0 0 0 0 5096 0 0 0 0 5100 0 0 0 0 0 0 0 0 0 1 good
5093 0 0 0 0 0 0 0 0 0 0 0 0 0 0 0 0 0 0 0 0 0 0 0 0 0 5094 0 0 0 0
5094 0 0 0 0 0 5095 0 0 0 0 0 0 0 0 0 0 0 0 0 0 0 0 0 0 0 0 0 0 0 0
5095 0 0 0 0 0 0 0 0 0 0 0 0 0 0 0 0 0 0 0 0 0 0 0 0 0 0 0 0 0 1 goodbye
5096 0 0 0 0 0 5097 0 0 0 0 0 0 0 0 0 0 0 0 0 0 0 0 0 0 0 0 0 0 0 0
5097 0 0 0 0 0 0 0 0 0 0 0 0 0 0 0 0 0 0 0 5098 0 0 0 0 0 0 0 0 0 0
5098 0 0 0 0 0 0 0 0 0 0 0 0 0 0 0 0 0 0 0 5099 0 0 0 0 0 0 0 0 0 0
5099 0 0 0 0 0 0 0 0 0 0 0 0 0 0 0 0 0 0 0 0 0 0 0 0 0 0 0 0 0 1 goodness
5100 0 0 0 0 0 0 0 0 0 0 0 0 0 0 0 0 0 0 0 0 0 0 0 0 0 0 0 0 0 1 goods
5101 0 0 0 0 0 5102 0 0 0 0 0 0 0 0 0 0 0 0 0 0 0 0 0 0 0 0 0 0 0 0
5102 0 0 0 0 0 0 0 0 0 0 0 0 0 0 0 0 0 0 0 0 0 0 0 0 0 0 0 0 0 1 goose
5103 0 0 0 0 0 5104 0 0 0 0 0 0 0 0 0 0 0 0 0 0 0 0 0 0 0 0 0 0 0 0
5104 0 0 0 0 0 0 0 0 0 0 0 0 0 0 0 0 0 0 5105 0 0 0 0 0 0 0 0 0 0 0
5105 0 0 0 0 0 0 0 0 0 0 0 0 0 0 5106 0 0 0 0 0 0 0 0 0 0 0 0 0 0 0
5106 0 0 0 0 0 0 0 0 0 0 0 0 0 5107 0 5111 0 0 0 0 0 0 0 0 0 0 0 0 0 1 govern
5107 0 0 0 0 0 5108 0 0 0 0 0 0 0 0 0 0 0 0 0 0 0 0 0 0 0 0 0 0 0 0
5108 0 0 0 0 0 0 0 0 0 0 0 0 0 0 5109 0 0 0 0 0 0 0 0 0 0 0 0 0 0 0
5109 0 0 0 0 0 0 0 0 0 0 0 0 0 0 0 0 0 0 0 0 5110 0 0 0 0 0 0 0 0 0
5110 0 0 0 0 0 0 0 0 0 0 0 0 0 0 0 0 0 0 0 0 0 0 0 0 0 0 0 0 0 1 government
5111 0 0 0 0 0 0 0 0 0 0 0 0 0 0 0 0 0 0 5112 0 0 0 0 0 0 0 0 0 0 0
5112 0 0 0 0 0 0 0 0 0 0 0 0 0 0 0 0 0 0 0 0 0 0 0 0 0 0 0 0 0 1 governor
5113 0 0 0 0 0 0 0 0 0 0 0 0 0 0 5114 0 0 0 0 0 0 0 0 0 0 0 0 0 0 0
5114 0 0 0 0 0 0 0 0 0 0 0 0 0 0 0 0 0 0 0 0 0 0 0 0 0 0 0 0 0 1 gown
5115 0 5116 0 0 0 5195 0 0 0 5215 0 0 0 0 0 5222 0 0 0 0 0 0 0 0 0 0 0 0 0 0
5116 0 0 0 5117 5126 0 0 0 0 5135 0 0 0 5137 5147 0 5173 0 0 5176 5179 0 5189 0 0 5194 0 0 0 0
5117 0 0 0 0 0 5118 0 0 0 5122 0 0 0 0 0 0 0 0 0 0 0 0 0 0 0 0 0 0 0 0
5118 0 0 0 0 0 0 5119 0 0 0 0 0 0 0 0 0 0 0 0 0 0 0 0 0 0 0 0 0 0 1 grace
5119 0 0 0 0 0 0 0 0 0 0 0 0 0 0 0 0 0 0 0 0 0 5120 0 0 0 0 0 0 0 0
5120 0 0 0 0 0 0 0 0 0 0 0 0 5121 0 0 0 0 0 0 0 0 0 0 0 0 0 0 0 0 0
5121 0 0 0 0 0 0 0 0 0 0 0 0 0 0 0 0 0 0 0 0 0 0 0 0 0 0 0 0 0 1 graceful
5122 0 0 0 0 0 0 0 0 0 0 0 0 0 0 0 5123 0 0 0 0 0 0 0 0 0 0 0 0 0 0
5123 0 0 0 0 0 0 0 0 0 0 0 0 0 0 0 0 0 0 0 0 0 5124 0 0 0 0 0 0 0 0
5124 0 0 0 0 0 0 0 0 0 0 0 0 0 0 0 0 0 0 0 5125 0 0 0 0 0 0 0 0 0 0
5125 0 0 0 0 0 0 0 0 0 0 0 0 0 0 0 0 0 0 0 0 0 0 0 0 0 0 0 0 0 1 gracious
5126 0 0 0 0 0 5127 0 0 0 0 0 0 0 0 0 0 0 0 0 0 0 5128 0 0 0 0 0 0 0 0
5127 0 0 0 0 0 0 0 0 0 0 0 0 0 0 0 0 0 0 0 0 0 0 0 0 0 0 0 0 0 1 grade
5128 0 5129 0 0 0 0 0 0 0 0 0 0 0 0 0 0 0 0 0 0 0 0 0 0 0 0 0 0 0 0
5129 0 0 0 0 0 0 0 0 0 0 0 0 5130 0 0 0 0 0 0 0 5133 0 0 0 0 0 0 0 0 0
5130 0 0 0 0 0 0 0 0 0 0 0 0 5131 0 0 0 0 0 0 0 0 0 0 0 0 0 0 0 0 1 gradual
5131 0 0 0 0 0 0 0 0 0 0 0 0 0 0 0 0 0 0 0 0 0 0 0 0 0 5132 0 0 0 0
5132 0 0 0 0 0 0 0 0 0 0 0 0 0 0 0 0 0 0 0 0 0 0 0 0 0 0 0 0 0 1 gradually
5133 0 0 0 0 0 5134 0 0 0 0 0 0 0 0 0 0 0 0 0 0 0 0 0 0 0 0 0 0 0 0
5134 0 0 0 0 0 0 0 0 0 0 0 0 0 0 0 0 0 0 0 0 0 0 0 0 0 0 0 0 0 1 graduate
5135 0 0 0 0 0 0 0 0 0 0 0 0 0 0 5136 0 0 0 0 0 0 0 0 0 0 0 0 0 0 0
5136 0 0 0 0 0 0 0 0 0 0 0 0 0 0 0 0 0 0 0 0 0 0 0 0 0 0 0 0 0 1 grain
5137 0 0 0 0 0 0 0 0 0 0 0 0 0 5138 0 0 0 0 0 0 0 0 0 0 0 0 0 0 0 0
5138 0 5140 0 0 0 5139 0 0 0 0 0 0 0 0 0 0 0 0 0 0 0 0 0 0 0 0 0 0 0 0
5139 0 0 0 0 0 0 0 0 0 0 0 0 0 0 0 0 0 0 0 0 0 0 0 0 0 0 0 0 0 1 gramme
5140 0 0 0 0 0 0 0 0 0 0 0 0 0 0 0 0 0 0 5141 0 5142 0 0 0 0 0 0 0 0 0
5141 0 0 0 0 0 0 0 0 0 0 0 0 0 0 0 0 0 0 0 0 0 0 0 0 0 0 0 0 0 1 grammar
5142 0 0 0 0 0 0 0 0 0 5143 0 0 0 0 0 0 0 0 0 0 0 0 0 0 0 0 0 0 0 0
5143 0 0 0 5144 0 0 0 0 0 0 0 0 0 0 0 0 0 0 0 0 0 0 0 0 0 0 0 0 0 0
5144 0 5145 0 0 0 0 0 0 0 0 0 0 0 0 0 0 0 0 0 0 0 0 0 0 0 0 0 0 0 0
5145 0 0 0 0 0 0 0 0 0 0 0 0 5146 0 0 0 0 0 0 0 0 0 0 0 0 0 0 0 0 0
5146 0 0 0 0 0 0 0 0 0 0 0 0 0 0 0 0 0 0 0 0 0 0 0 0 0 0 0 0 0 1 grammatical
5147 0 0 0 0 5148 0 0 0 0 0 0 0 0 0 0 0 0 0 0 0 5172 0 0 0 0 0 0 0 0 0
5148 0 0 0 0 5149 0 5157 0 0 0 0 0 0 5163 0 0 0 0 0 5169 0 0 0 0 0 0 0 0 0 1 grand
5149 0 5150 0 0 0 0 0 0 0 0 0 0 0 0 0 0 0 0 0 0 0 0 0 0 0 0 0 0 0 0
5150 0 0 0 0 0 0 0 0 0 0 0 0 0 0 0 0 0 0 0 0 0 5151 0 0 0 0 0 0 0 0
5151 0 0 0 0 0 0 0 5152 0 0 0 0 0 0 0 0 0 0 0 0 0 0 0 0 0 0 0 0 0 0
5152 0 0 0 0 0 0 0 0 5153 0 0 0 0 0 0 0 0 0 0 0 0 0 0 0 0 0 0 0 0 0
5153 0 0 0 0 0 0 0 0 0 0 0 0 0 0 0 0 0 0 0 0 5154 0 0 0 0 0 0 0 0 0
5154 0 0 0 0 0 5155 0 0 0 0 0 0 0 0 0 0 0 0 0 0 0 0 0 0 0 0 0 0 0 0
5155 0 0 0 0 0 0 0 0 0 0 0 0 0 0 0 0 0 0 5156 0 0 0 0 0 0 0 0 0 0 0
5156 0 0 0 0 0 0 0 0 0 0 0 0 0 0 0 0 0 0 0 0 0 0 0 0 0 0 0 0 0 1 granddaughter
5157 0 5158 0 0 0 0 0 0 0 0 0 0 0 0 0 0 0 0 0 0 0 0 0 0 0 0 0 0 0 0
5158 0 0 0 0 0 0 0 0 0 0 0 0 0 0 0 0 0 0 0 0 5159 0 0 0 0 0 0 0 0 0
5159 0 0 0 0 0 0 0 0 5160 0 0 0 0 0 0 0 0 0 0 0 0 0 0 0 0 0 0 0 0 0
5160 0 0 0 0 0 5161 0 0 0 0 0 0 0 0 0 0 0 0 0 0 0 0 0 0 0 0 0 0 0 0
5161 0 0 0 0 0 0 0 0 0 0 0 0 0 0 0 0 0 0 5162 0 0 0 0 0 0 0 0 0 0 0
5162 0 0 0 0 0 0 0 0 0 0 0 0 0 0 0 0 0 0 0 0 0 0 0 0 0 0 0 0 0 1 grandfather
5163 0 0 0 0 0 0 0 0 0 0 0 0 0 0 0 5164 0 0 0 0 0 0 0 0 0 0 0 0 0 0
5164 0 0 0 0 0 0 0 0 0 0 0 0 0 0 0 0 0 0 0 0 5165 0 0 0 0 0 0 0 0 0
5165 0 0 0 0 0 0 0 0 5166 0 0 0 0 0 0 0 0 0 0 0 0 0 0 0 0 0 0 0 0 0
5166 0 0 0 0 0 5167 0 0 0 0 0 0 0 0 0 0 0 0 0 0 0 0 0 0 0 0 0 0 0 0
5167 0 0 0 0 0 0 0 0 0 0 0 0 0 0 0 0 0 0 5168 0 0 0 0 0 0 0 0 0 0 0
5168 0 0 0 0 0 0 0 0 0 0 0 0 0 0 0 0 0 0 0 0 0 0 0 0 0 0 0 0 0 1 grandmother
5169 0 0 0 0 0 0 0 0 0 0 0 0 0 0 0 5170 0 0 0 0 0 0 0 0 0 0 0 0 0 0
5170 0 0 0 0 0 0 0 0 0 0 0 0 0 0 5171 0 0 0 0 0 0 0 0 0 0 0 0 0 0 0
5171 0 0 0 0 0 0 0 0 0 0 0 0 0 0 0 0 0 0 0 0 0 0 0 0 0 0 0 0 0 1 grandson
5172 0 0 0 0 0 0 0 0 0 0 0 0 0 0 0 0 0 0 0 0 0 0 0 0 0 0 0 0 0 1 grant
5173 0 0 0 0 0 5174 0 0 5175 0 0 0 0 0 0 0 0 0 0 0 0 0 0 0 0 0 0 0 0 0
5174 0 0 0 0 0 0 0 0 0 0 0 0 0 0 0 0 0 0 0 0 0 0 0 0 0 0 0 0 0 1 grape
5175 0 0 0 0 0 0 0 0 0 0 0 0 0 0 0 0 0 0 0 0 0 0 0 0 0 0 0 0 0 1 graph
5176 0 0 0 0 0 0 0 0 0 0 0 0 0 0 0 0 5177 0 0 5178 0 0 0 0 0 0 0 0 0 0
5177 0 0 0 0 0 0 0 0 0 0 0 0 0 0 0 0 0 0 0 0 0 0 0 0 0 0 0 0 0 1 grasp
5178 0 0 0 0 0 0 0 0 0 0 0 0 0 0 0 0 0 0 0 0 0 0 0 0 0 0 0 0 0 1 grass
5179 0 0 0 0 0 5180 0 0 0 5184 0 0 0 0 0 0 0 0 0 0 0 0 0 0 0 0 0 0 0 0
5180 0 0 0 0 0 0 5181 0 0 0 0 0 0 0 0 0 0 0 0 0 0 0 0 0 0 0 0 0 0 0
5181 0 0 0 0 0 0 0 0 0 0 0 0 0 0 0 0 0 0 0 0 0 5182 0 0 0 0 0 0 0 0
5182 0 0 0 0 0 0 0 0 0 0 0 0 5183 0 0 0 0 0 0 0 0 0 0 0 0 0 0 0 0 0
5183 0 0 0 0 0 0 0 0 0 0 0 0 0 0 0 0 0 0 0 0 0 0 0 0 0 0 0 0 0 1 grateful
5184 0 0 0 0 0 0 0 0 0 0 0 0 0 0 0 0 0 0 0 0 5185 0 0 0 0 0 0 0 0 0
5185 0 0 0 0 0 0 0 0 0 0 0 0 0 0 0 0 0 0 0 0 0 5186 0 0 0 0 0 0 0 0
5186 0 0 0 0 5187 0 0 0 0 0 0 0 0 0 0 0 0 0 0 0 0 0 0 0 0 0 0 0 0 0
5187 0 0 0 0 0 5188 0 0 0 0 0 0 0 0 0 0 0 0 0 0 0 0 0 0 0 0 0 0 0 0
5188 0 0 0 0 0 0 0 0 0 0 0 0 0 0 0 0 0 0 0 0 0 0 0 0 0 0 0 0 0 1 gratitude
5189 0 0 0 0 0 5190 0 0 0 5191 0 0 0 0 0 0 0 0 0 0 0 0 0 0 0 0 0 0 0 0
5190 0 0 0 0 0 0 0 0 0 0 0 0 0 0 0 0 0 0 0 0 0 0 0 0 0 0 0 0 0 1 grave
5191 0 0 0 0 0 0 0 0 0 0 0 0 0 0 0 0 0 0 0 0 5192 0 0 0 0 0 0 0 0 0
5192 0 0 0 0 0 0 0 0 0 0 0 0 0 0 0 0 0 0 0 0 0 0 0 0 0 5193 0 0 0 0
5193 0 0 0 0 0 0 0 0 0 0 0 0 0 0 0 0 0 0 0 0 0 0 0 0 0 0 0 0 0 1 gravity
5194 0 0 0 0 0 0 0 0 0 0 0 0 0 0 0 0 0 0 0 0 0 0 0 0 0 0 0 0 0 1 gray
5195 0 5196 0 0 0 5200 0 0 0 0 0 0 0 0 0 0 0 0 0 0 0 0 0 0 0 5214 0 0 0 0
5196 0 0 0 0 0 0 0 0 0 0 0 0 0 0 0 0 0 0 0 0 5197 0 0 0 0 0 0 0 0 0
5197 0 0 0 0 0 0 0 0 0 0 0 0 5198 0 0 0 0 0 0 0 0 0 0 0 0 0 0 0 0 1 great
5198 0 0 0 0 0 0 0 0 0 0 0 0 0 0 0 0 0 0 0 0 0 0 0 0 0 5199 0 0 0 0
5199 0 0 0 0 0 0 0 0 0 0 0 0 0 0 0 0 0 0 0 0 0 0 0 0 0 0 0 0 0 1 greatly
5200 0 0 0 0 5201 0 0 0 0 0 0 5203 0 0 5204 0 0 0 0 0 5210 0 0 0 0 0 0 0 0 0
5201 0 0 0 0 0 0 0 0 0 0 0 0 0 0 0 0 0 0 0 0 0 0 0 0 0 5202 0 0 0 0
5202 0 0 0 0 0 0 0 0 0 0 0 0 0 0 0 0 0 0 0 0 0 0 0 0 0 0 0 0 0 1 greedy
5203 0 0 0 0 0 0 0 0 0 0 0 0 0 0 0 0 0 0 0 0 0 0 0 0 0 0 0 0 0 1 Greek
5204 0 0 0 0 0 0 0 0 5205 0 0 0 0 0 0 0 0 0 0 0 0 0 0 0 0 0 0 0 0 1 green
5205 0 0 0 0 0 0 0 0 0 0 0 0 0 0 0 5206 0 0 0 0 0 0 0 0 0 0 0 0 0 0
5206 0 0 0 0 0 0 0 0 0 0 0 0 0 0 0 0 0 0 0 0 0 5207 0 0 0 0 0 0 0 0
5207 0 0 0 0 0 0 0 0 0 0 0 0 0 0 0 0 0 0 0 5208 0 0 0 0 0 0 0 0 0 0
5208 0 0 0 0 0 5209 0 0 0 0 0 0 0 0 0 0 0 0 0 0 0 0 0 0 0 0 0 0 0 0
5209 0 0 0 0 0 0 0 0 0 0 0 0 0 0 0 0 0 0 0 0 0 0 0 0 0 0 0 0 0 1 greenhouse
5210 0 0 0 0 0 0 0 0 0 5211 0 0 0 0 0 0 0 0 0 0 0 0 0 0 0 0 0 0 0 1 greet
5211 0 0 0 0 0 0 0 0 0 0 0 0 0 0 5212 0 0 0 0 0 0 0 0 0 0 0 0 0 0 0
5212 0 0 0 0 0 0 0 5213 0 0 0 0 0 0 0 0 0 0 0 0 0 0 0 0 0 0 0 0 0 0
5213 0 0 0 0 0 0 0 0 0 0 0 0 0 0 0 0 0 0 0 0 0 0 0 0 0 0 0 0 0 1 greeting
5214 0 0 0 0 0 0 0 0 0 0 0 0 0 0 0 0 0 0 0 0 0 0 0 0 0 0 0 0 0 1 grey
5215 0 0 0 0 0 5216 0 0 0 0 0 0 0 0 5219 0 5221 0 0 0 0 0 0 0 0 0 0 0 0 0
5216 0 0 0 0 0 0 0 0 0 0 0 0 0 0 0 0 0 0 0 0 0 0 5217 0 0 0 0 0 0 0
5217 0 0 0 0 0 5218 0 0 0 0 0 0 0 0 0 0 0 0 0 0 0 0 0 0 0 0 0 0 0 0
5218 0 0 0 0 0 0 0 0 0 0 0 0 0 0 0 0 0 0 0 0 0 0 0 0 0 0 0 0 0 1 grieve
5219 0 0 0 0 5220 0 0 0 0 0 0 0 0 0 0 0 0 0 0 0 0 0 0 0 0 0 0 0 0 0
5220 0 0 0 0 0 0 0 0 0 0 0 0 0 0 0 0 0 0 0 0 0 0 0 0 0 0 0 0 0 1 grind
5221 0 0 0 0 0 0 0 0 0 0 0 0 0 0 0 0 0 0 0 0 0 0 0 0 0 0 0 0 0 1 grip
5222 0 5223 0 5225 0 0 0 0 0 0 0 0 0 0 0 0 0 0 0 5229 0 5231 0 5235 0 0 0 0 0 0
5223 0 0 0 0 0 0 0 0 0 0 0 0 0 0 5224 0 0 0 0 0 0 0 0 0 0 0 0 0 0 0
5224 0 0 0 0 0 0 0 0 0 0 0 0 0 0 0 0 0 0 0 0 0 0 0 0 0 0 0 0 0 1 groan
5225 0 0 0 0 0 5226 0 0 0 0 0 0 0 0 0 0 0 0 0 0 0 0 0 0 0 0 0 0 0 0
5226 0 0 0 0 0 0 0 0 0 0 0 0 0 0 0 0 0 0 5227 0 0 0 0 0 0 0 0 0 0 0
5227 0 0 0 0 0 0 0 0 0 0 0 0 0 0 0 0 0 0 0 0 0 0 0 0 0 5228 0 0 0 1 grocer
5228 0 0 0 0 0 0 0 0 0 0 0 0 0 0 0 0 0 0 0 0 0 0 0 0 0 0 0 0 0 1 grocery
5229 0 0 0 0 0 0 0 0 0 0 0 0 0 0 0 0 0 0 0 5230 0 0 0 0 0 0 0 0 0 0
5230 0 0 0 0 0 0 0 0 0 0 0 0 0 0 0 0 0 0 0 0 0 0 0 0 0 0 0 0 0 1 gross
5231 0 0 0 0 0 0 0 0 0 0 0 0 0 0 5232 0 5234 0 0 0 0 0 0 0 0 0 0 0 0 0
5232 0 0 0 0 5233 0 0 0 0 0 0 0 0 0 0 0 0 0 0 0 0 0 0 0 0 0 0 0 0 0
5233 0 0 0 0 0 0 0 0 0 0 0 0 0 0 0 0 0 0 0 0 0 0 0 0 0 0 0 0 0 1 ground
5234 0 0 0 0 0 0 0 0 0 0 0 0 0 0 0 0 0 0 0 0 0 0 0 0 0 0 0 0 0 1 group
5235 0 0 0 0 0 0 0 0 0 0 0 0 0 0 0 0 0 0 0 0 5236 0 0 0 0 0 0 0 0 1 grow
5236 0 0 0 0 0 0 0 0 5237 0 0 0 0 0 0 0 0 0 0 0 0 0 0 0 0 0 0 0 0 0
5237 0 0 0 0 0 0 0 0 0 0 0 0 0 0 0 0 0 0 0 0 0 0 0 0 0 0 0 0 0 1 growth
5238 0 5239 0 0 0 5247 0 0 0 5251 0 0 5261 5263 5264 0 0 0 0 0 0 0 0 0 0 0 0 0 0 0
5239 0 0 0 0 0 0 0 0 0 0 0 0 0 0 0 0 0 0 5240 0 0 0 0 0 0 0 0 0 0 0
5240 0 5241 0 0 5246 0 0 0 0 0 0 0 0 0 0 0 0 0 0 0 0 0 0 0 0 0 0 0 0 0
5241 0 0 0 0 0 0 0 0 0 0 0 0 0 0 5242 0 0 0 0 0 0 0 0 0 0 0 0 0 0 0
5242 0 0 0 0 0 0 0 0 0 0 0 0 0 0 0 0 0 0 0 0 5243 0 0 0 0 0 0 0 0 0
5243 0 0 0 0 0 5244 0 0 0 0 0 0 0 0 0 0 0 0 0 0 0 0 0 0 0 0 0 0 0 0
5244 0 0 0 0 0 5245 0 0 0 0 0 0 0 0 0 0 0 0 0 0 0 0 0 0 0 0 0 0 0 0
5245 0 0 0 0 0 0 0 0 0 0 0 0 0 0 0 0 0 0 0 0 0 0 0 0 0 0 0 0 0 1 guarantee
5246 0 0 0 0 0 0 0 0 0 0 0 0 0 0 0 0 0 0 0 0 0 0 0 0 0 0 0 0 0 1 guard
5247 0 0 0 0 0 0 0 0 0 0 0 0 0 0 0 0 0 0 0 5248 0 0 0 0 0 0 0 0 0 0
5248 0 0 0 0 0 0 0 0 0 0 0 0 0 0 0 0 0 0 0 5249 5250 0 0 0 0 0 0 0 0 0
5249 0 0 0 0 0 0 0 0 0 0 0 0 0 0 0 0 0 0 0 0 0 0 0 0 0 0 0 0 0 1 guess
5250 0 0 0 0 0 0 0 0 0 0 0 0 0 0 0 0 0 0 0 0 0 0 0 0 0 0 0 0 0 1 guest
5251 0 0 0 0 5252 0 0 0 0 0 0 0 5258 0 0 0 0 0 0 0 0 0 0 0 0 0 0 0 0 0
5252 0 5253 0 0 0 5257 0 0 0 0 0 0 0 0 0 0 0 0 0 0 0 0 0 0 0 0 0 0 0 0
5253 0 0 0 0 0 0 0 0 0 0 0 0 0 0 5254 0 0 0 0 0 0 0 0 0 0 0 0 0 0 0
5254 0 0 0 5255 0 0 0 0 0 0 0 0 0 0 0 0 0 0 0 0 0 0 0 0 0 0 0 0 0 0
5255 0 0 0 0 0 5256 0 0 0 0 0 0 0 0 0 0 0 0 0 0 0 0 0 0 0 0 0 0 0 0
5256 0 0 0 0 0 0 0 0 0 0 0 0 0 0 0 0 0 0 0 0 0 0 0 0 0 0 0 0 0 1 guidance
5257 0 0 0 0 0 0 0 0 0 0 0 0 0 0 0 0 0 0 0 0 0 0 0 0 0 0 0 0 0 1 guide
5258 0 0 0 0 0 0 0 0 0 0 0 0 0 0 0 0 0 0 0 0 5259 0 0 0 0 0 0 0 0 0
5259 0 0 0 0 0 0 0 0 0 0 0 0 0 0 0 0 0 0 0 0 0 0 0 0 0 5260 0 0 0 0
5260 0 0 0 0 0 0 0 0 0 0 0 0 0 0 0 0 0 0 0 0 0 0 0 0 0 0 0 0 0 1 guilty
5261 0 0 0 0 0 0 5262 0 0 0 0 0 0 0 0 0 0 0 0 0 0 0 0 0 0 0 0 0 0 0
5262 0 0 0 0 0 0 0 0 0 0 0 0 0 0 0 0 0 0 0 0 0 0 0 0 0 0 0 0 0 1 gulf
5263 0 0 0 0 0 0 0 0 0 0 0 0 0 0 0 0 0 0 0 0 0 0 0 0 0 0 0 0 0 1 gum
5264 0 0 0 0 0 0 0 0 0 0 0 0 0 0 0 0 5265 0 0 0 0 0 0 0 0 0 0 0 0 1 gun
5265 0 0 0 0 0 0 0 0 0 0 0 0 0 0 0 5266 0 0 0 0 0 0 0 0 0 0 0 0 0 0
5266 0 0 0 0 0 0 0 0 0 0 0 0 0 0 0 0 0 0 0 0 0 0 0 5267 0 0 0 0 0 0
5267 0 0 0 0 5268 0 0 0 0 0 0 0 0 0 0 0 0 0 0 0 0 0 0 0 0 0 0 0 0 0
5268 0 0 0 0 0 5269 0 0 0 0 0 0 0 0 0 0 0 0 0 0 0 0 0 0 0 0 0 0 0 0
5269 0 0 0 0 0 0 0 0 0 0 0 0 0 0 0 0 0 0 5270 0 0 0 0 0 0 0 0 0 0 0
5270 0 0 0 0 0 0 0 0 0 0 0 0 0 0 0 0 0 0 0 0 0 0 0 0 0 0 0 0 0 1 gunpowder
5271 0 0 0 0 0 0 0 0 0 0 0 0 0 5272 0 0 0 0 0 0 0 0 0 0 0 0 0 0 0 0
5272 0 0 0 0 0 0 0 0 0 0 0 0 0 0 5273 0 0 0 0 0 0 0 0 0 0 0 0 0 0 0
5273 0 5274 0 0 0 0 0 0 0 0 0 0 0 0 0 0 0 0 0 0 0 0 0 0 0 0 0 0 0 0
5274 0 0 0 0 0 0 0 0 0 0 0 0 0 0 0 0 0 0 0 5275 0 0 0 0 0 0 0 0 0 0
5275 0 0 0 0 0 0 0 0 0 5276 0 0 0 0 0 0 0 0 0 0 0 0 0 0 0 0 0 0 0 0
5276 0 0 0 0 0 0 0 0 0 0 0 0 0 0 0 0 0 0 0 0 0 5277 0 0 0 0 0 0 0 0
5277 0 0 0 0 0 0 0 0 0 0 0 0 0 5278 0 0 0 0 0 0 0 0 0 0 0 0 0 0 0 0
5278 0 0 0 0 0 0 0 0 0 0 0 0 0 0 0 0 0 0 0 0 0 0 0 0 0 0 0 0 0 1 gymnasium
5279 0 5280 0 0 0 5404 0 0 0 5502 0 0 0 0 0 5537 0 0 0 0 0 5634 0 0 0 5673 0 0 0 0
5280 0 0 5281 0 0 0 0 0 0 5287 0 0 5292 5296 5306 0 5334 0 5344 5380 5385 0 5395 5397 0 5399 5400 0 0 0
5281 0 0 0 0 0 0 0 0 0 5282 0 0 0 0 0 0 0 0 0 0 0 0 0 0 0 0 0 0 0 0
5282 0 0 0 0 0 0 0 0 0 0 0 0 0 0 0 0 0 0 0 0 5283 0 0 0 0 0 0 0 0 0
5283 0 0 0 0 0 0 0 0 0 0 0 0 0 0 0 0 0 0 0 0 0 5284 0 0 0 0 0 0 0 1 habit
5284 0 5285 0 0 0 0 0 0 0 0 0 0 0 0 0 0 0 0 0 0 0 0 0 0 0 0 0 0 0 0
5285 0 0 0 0 0 0 0 0 0 0 0 0 5286 0 0 0 0 0 0 0 0 0 0 0 0 0 0 0 0 0
5286 0 0 0 0 0 0 0 0 0 0 0 0 0 0 0 0 0 0 0 0 0 0 0 0 0 0 0 0 0 1 habitual
5287 0 0 0 0 0 0 0 0 0 0 0 0 0 0 0 0 0 0 5288 0 0 0 0 0 0 0 0 0 0 0
5288 0 0 0 5289 0 0 0 0 0 0 0 0 0 0 0 0 0 0 0 0 0 0 0 0 0 0 0 0 0 1 hair
5289 0 0 0 0 0 0 0 0 0 0 0 0 0 0 0 0 0 0 0 0 0 5290 0 0 0 0 0 0 0 0
5290 0 0 0 0 0 0 0 0 0 0 0 0 0 0 0 0 0 0 0 0 5291 0 0 0 0 0 0 0 0 0
5291 0 0 0 0 0 0 0 0 0 0 0 0 0 0 0 0 0 0 0 0 0 0 0 0 0 0 0 0 0 1 haircut
5292 0 0 0 0 0 0 5293 0 0 0 0 0 5294 0 0 0 0 0 0 0 5295 0 0 0 0 0 0 0 0 0
5293 0 0 0 0 0 0 0 0 0 0 0 0 0 0 0 0 0 0 0 0 0 0 0 0 0 0 0 0 0 1 half
5294 0 0 0 0 0 0 0 0 0 0 0 0 0 0 0 0 0 0 0 0 0 0 0 0 0 0 0 0 0 1 hall
5295 0 0 0 0 0 0 0 0 0 0 0 0 0 0 0 0 0 0 0 0 0 0 0 0 0 0 0 0 0 1 halt
5296 0 0 5297 0 0 0 0 0 0 0 0 0 0 5303 0 0 0 0 0 0 0 0 0 0 0 0 0 0 0 0
5297 0 0 0 0 0 0 0 0 0 0 0 0 0 0 0 0 0 0 0 0 0 5298 0 0 0 0 0 0 0 0
5298 0 0 0 0 0 0 0 0 0 0 0 0 0 0 0 0 0 0 5299 0 0 0 0 0 0 0 0 0 0 0
5299 0 0 0 0 0 0 0 5300 0 0 0 0 0 0 0 0 0 0 0 0 0 0 0 0 0 0 0 0 0 0
5300 0 0 0 0 0 5301 0 0 0 0 0 0 0 0 0 0 0 0 0 0 0 0 0 0 0 0 0 0 0 0
5301 0 0 0 0 0 0 0 0 0 0 0 0 0 0 0 0 0 0 5302 0 0 0 0 0 0 0 0 0 0 0
5302 0 0 0 0 0 0 0 0 0 0 0 0 0 0 0 0 0 0 0 0 0 0 0 0 0 0 0 0 0 1 hamburger
5303 0 0 0 0 0 5304 0 0 0 0 0 0 0 0 0 0 0 0 0 0 0 0 0 0 0 0 0 0 0 0
5304 0 0 0 0 0 0 0 0 0 0 0 0 0 0 0 0 0 0 5305 0 0 0 0 0 0 0 0 0 0 0
5305 0 0 0 0 0 0 0 0 0 0 0 0 0 0 0 0 0 0 0 0 0 0 0 0 0 0 0 0 0 1 hammer
5306 0 0 0 0 5307 0 0 5333 0 0 0 0 0 0 0 0 0 0 0 0 0 0 0 0 0 0 0 0 0 0
5307 0 0 0 0 0 0 5308 0 0 0 0 5311 5319 0 0 0 0 0 0 5321 0 0 0 5325 0 5332 0 0 0 1 hand
5308 0 0 0 0 0 0 0 0 0 0 0 0 0 0 0 0 0 0 0 0 0 5309 0 0 0 0 0 0 0 0
5309 0 0 0 0 0 0 0 0 0 0 0 0 5310 0 0 0 0 0 0 0 0 0 0 0 0 0 0 0 0 0
5310 0 0 0 0 0 0 0 0 0 0 0 0 0 0 0 0 0 0 0 0 0 0 0 0 0 0 0 0 0 1 handful
5311 0 0 0 0 0 5312 0 0 0 0 0 0 0 0 0 0 0 0 0 0 0 0 0 0 0 0 0 0 0 0
5312 0 0 0 0 0 0 0 0 0 0 0 0 0 0 0 0 0 0 5313 0 0 0 0 0 0 0 0 0 0 0
5313 0 0 0 5314 0 0 0 0 0 0 0 0 0 0 0 0 0 0 0 0 0 0 0 0 0 0 0 0 0 0
5314 0 0 0 0 0 0 0 0 5315 0 0 0 0 0 0 0 0 0 0 0 0 0 0 0 0 0 0 0 0 0
5315 0 0 0 0 0 0 0 0 0 5316 0 0 0 0 0 0 0 0 0 0 0 0 0 0 0 0 0 0 0 0
5316 0 0 0 0 0 5317 0 0 0 0 0 0 0 0 0 0 0 0 0 0 0 0 0 0 0 0 0 0 0 0
5317 0 0 0 0 0 0 5318 0 0 0 0 0 0 0 0 0 0 0 0 0 0 0 0 0 0 0 0 0 0 0
5318 0 0 0 0 0 0 0 0 0 0 0 0 0 0 0 0 0 0 0 0 0 0 0 0 0 0 0 0 0 1 handkerchief
5319 0 0 0 0 0 5320 0 0 0 0 0 0 0 0 0 0 0 0 0 0 0 0 0 0 0 0 0 0 0 0
5320 0 0 0 0 0 0 0 0 0 0 0 0 0 0 0 0 0 0 0 0 0 0 0 0 0 0 0 0 0 1 handle
5321 0 0 0 0 0 0 0 0 0 0 0 0 0 0 0 5322 0 0 0 0 0 0 0 0 0 0 0 0 0 0
5322 0 0 0 0 0 0 0 0 0 0 0 0 0 5323 0 0 0 0 0 0 0 0 0 0 0 0 0 0 0 0
5323 0 0 0 0 0 5324 0 0 0 0 0 0 0 0 0 0 0 0 0 0 0 0 0 0 0 0 0 0 0 0
5324 0 0 0 0 0 0 0 0 0 0 0 0 0 0 0 0 0 0 0 0 0 0 0 0 0 0 0 0 0 1 handsome
5325 0 0 0 0 0 0 0 0 0 0 0 0 0 0 0 0 0 0 5326 0 0 0 0 0 0 0 0 0 0 0
5326 0 0 0 0 0 0 0 0 0 5327 0 0 0 0 0 0 0 0 0 0 0 0 0 0 0 0 0 0 0 0
5327 0 0 0 0 0 0 0 0 0 0 0 0 0 0 0 0 0 0 0 0 5328 0 0 0 0 0 0 0 0 0
5328 0 0 0 0 0 0 0 0 0 5329 0 0 0 0 0 0 0 0 0 0 0 0 0 0 0 0 0 0 0 0
5329 0 0 0 0 0 0 0 0 0 0 0 0 0 0 5330 0 0 0 0 0 0 0 0 0 0 0 0 0 0 0
5330 0 0 0 0 0 0 0 5331 0 0 0 0 0 0 0 0 0 0 0 0 0 0 0 0 0 0 0 0 0 0
5331 0 0 0 0 0 0 0 0 0 0 0 0 0 0 0 0 0 0 0 0 0 0 0 0 0 0 0 0 0 1 handwriting
5332 0 0 0 0 0 0 0 0 0 0 0 0 0 0 0 0 0 0 0 0 0 0 0 0 0 0 0 0 0 1 handy
5333 0 0 0 0 0 0 0 0 0 0 0 0 0 0 0 0 0 0 0 0 0 0 0 0 0 0 0 0 0 1 hang
5334 0 0 0 0 0 0 0 0 0 0 0 0 0 0 0 0 5335 0 0 0 0 0 0 0 0 0 0 0 0 0
5335 0 0 0 0 0 5336 0 0 0 5338 0 0 0 0 0 0 0 0 0 0 0 0 0 0 0 5343 0 0 0 0
5336 0 0 0 0 0 0 0 0 0 0 0 0 0 0 5337 0 0 0 0 0 0 0 0 0 0 0 0 0 0 0
5337 0 0 0 0 0 0 0 0 0 0 0 0 0 0 0 0 0 0 0 0 0 0 0 0 0 0 0 0 0 1 happen
5338 0 0 0 0 0 0 0 0 0 0 0 0 0 0 5339 0 0 0 0 0 0 0 0 0 0 0 0 0 0 0
5339 0 0 0 0 0 5340 0 0 0 0 0 0 0 0 0 0 0 0 0 0 0 0 0 0 0 0 0 0 0 0
5340 0 0 0 0 0 0 0 0 0 0 0 0 0 0 0 0 0 0 0 5341 0 0 0 0 0 0 0 0 0 0
5341 0 0 0 0 0 0 0 0 0 0 0 0 0 0 0 0 0 0 0 5342 0 0 0 0 0 0 0 0 0 0
5342 0 0 0 0 0 0 0 0 0 0 0 0 0 0 0 0 0 0 0 0 0 0 0 0 0 0 0 0 0 1 happiness
5343 0 0 0 0 0 0 0 0 0 0 0 0 0 0 0 0 0 0 0 0 0 0 0 0 0 0 0 0 0 1 happy
5344 0 0 5345 0 5349 5362 0 0 0 0 0 0 0 5363 5370 0 0 0 0 5374 0 0 5376 0 0 0 0 0 0 0
5345 0 0 0 0 0 0 0 0 0 0 0 0 0 0 0 5346 0 0 0 0 0 0 0 0 0 0 0 0 0 0
5346 0 0 0 0 0 0 0 0 0 0 0 0 0 0 0 0 0 0 0 0 0 5347 0 0 0 0 0 0 0 0
5347 0 0 0 0 0 0 0 0 0 0 0 0 0 0 0 0 0 0 5348 0 0 0 0 0 0 0 0 0 0 0
5348 0 0 0 0 0 0 0 0 0 0 0 0 0 0 0 0 0 0 0 0 0 0 0 0 0 0 0 0 0 1 harbour
5349 0 0 0 0 0 5350 0 0 0 0 0 0 5352 0 0 0 0 0 0 5354 0 0 0 5358 0 0 0 0 0 1 hard
5350 0 0 0 0 0 0 0 0 0 0 0 0 0 0 5351 0 0 0 0 0 0 0 0 0 0 0 0 0 0 0
5351 0 0 0 0 0 0 0 0 0 0 0 0 0 0 0 0 0 0 0 0 0 0 0 0 0 0 0 0 0 1 harden
5352 0 0 0 0 0 0 0 0 0 0 0 0 0 0 0 0 0 0 0 0 0 0 0 0 0 5353 0 0 0 0
5353 0 0 0 0 0 0 0 0 0 0 0 0 0 0 0 0 0 0 0 0 0 0 0 0 0 0 0 0 0 1 hardly
5354 0 0 0 0 0 0 0 0 5355 0 0 0 0 0 0 0 0 0 0 0 0 0 0 0 0 0 0 0 0 0
5355 0 0 0 0 0 0 0 0 0 5356 0 0 0 0 0 0 0 0 0 0 0 0 0 0 0 0 0 0 0 0
5356 0 0 0 0 0 0 0 0 0 0 0 0 0 0 0 0 5357 0 0 0 0 0 0 0 0 0 0 0 0 0
5357 0 0 0 0 0 0 0 0 0 0 0 0 0 0 0 0 0 0 0 0 0 0 0 0 0 0 0 0 0 1 hardship
5358 0 5359 0 0 0 0 0 0 0 0 0 0 0 0 0 0 0 0 0 0 0 0 0 0 0 0 0 0 0 0
5359 0 0 0 0 0 0 0 0 0 0 0 0 0 0 0 0 0 0 5360 0 0 0 0 0 0 0 0 0 0 0
5360 0 0 0 0 0 5361 0 0 0 0 0 0 0 0 0 0 0 0 0 0 0 0 0 0 0 0 0 0 0 0
5361 0 0 0 0 0 0 0 0 0 0 0 0 0 0 0 0 0 0 0 0 0 0 0 0 0 0 0 0 0 1 hardware
5362 0 0 0 0 0 0 0 0 0 0 0 0 0 0 0 0 0 0 0 0 0 0 0 0 0 0 0 0 0 1 hare
5363 0 0 0 0 0 0 5364 0 0 0 0 0 0 0 0 5367 0 0 0 0 0 0 0 0 0 0 0 0 0 1 harm
5364 0 0 0 0 0 0 0 0 0 0 0 0 0 0 0 0 0 0 0 0 0 5365 0 0 0 0 0 0 0 0
5365 0 0 0 0 0 0 0 0 0 0 0 0 5366 0 0 0 0 0 0 0 0 0 0 0 0 0 0 0 0 0
5366 0 0 0 0 0 0 0 0 0 0 0 0 0 0 0 0 0 0 0 0 0 0 0 0 0 0 0 0 0 1 harmful
5367 0 0 0 0 0 0 0 0 0 0 0 0 0 0 5368 0 0 0 0 0 0 0 0 0 0 0 0 0 0 0
5368 0 0 0 0 0 0 0 0 0 0 0 0 0 0 0 0 0 0 0 0 0 0 0 0 0 5369 0 0 0 0
5369 0 0 0 0 0 0 0 0 0 0 0 0 0 0 0 0 0 0 0 0 0 0 0 0 0 0 0 0 0 1 harmony
5370 0 0 0 0 0 5371 0 0 0 0 0 0 0 0 0 0 0 0 0 0 0 0 0 0 0 0 0 0 0 0
5371 0 0 0 0 0 0 0 0 0 0 0 0 0 0 0 0 0 0 0 5372 0 0 0 0 0 0 0 0 0 0
5372 0 0 0 0 0 0 0 0 0 0 0 0 0 0 0 0 0 0 0 5373 0 0 0 0 0 0 0 0 0 0
5373 0 0 0 0 0 0 0 0 0 0 0 0 0 0 0 0 0 0 0 0 0 0 0 0 0 0 0 0 0 1 harness
5374 0 0 0 0 0 0 0 0 5375 0 0 0 0 0 0 0 0 0 0 0 0 0 0 0 0 0 0 0 0 0
5375 0 0 0 0 0 0 0 0 0 0 0 0 0 0 0 0 0 0 0 0 0 0 0 0 0 0 0 0 0 1 harsh
5376 0 0 0 0 0 5377 0 0 0 0 0 0 0 0 0 0 0 0 0 0 0 0 0 0 0 0 0 0 0 0
5377 0 0 0 0 0 0 0 0 0 0 0 0 0 0 0 0 0 0 0 5378 0 0 0 0 0 0 0 0 0 0
5378 0 0 0 0 0 0 0 0 0 0 0 0 0 0 0 0 0 0 0 0 5379 0 0 0 0 0 0 0 0 0
5379 0 0 0 0 0 0 0 0 0 0 0 0 0 0 0 0 0 0 0 0 0 0 0 0 0 0 0 0 0 1 harvest
5380 0 0 0 0 0 0 0 0 0 0 0 0 0 0 0 0 0 0 0 0 5381 0 0 0 0 0 0 0 0 0
5381 0 0 0 0 0 5382 0 0 0 0 0 0 0 0 0 0 0 0 0 0 0 0 0 0 0 5384 0 0 0 0
5382 0 0 0 0 0 0 0 0 0 0 0 0 0 0 5383 0 0 0 0 0 0 0 0 0 0 0 0 0 0 1 haste
5383 0 0 0 0 0 0 0 0 0 0 0 0 0 0 0 0 0 0 0 0 0 0 0 0 0 0 0 0 0 1 hasten
5384 0 0 0 0 0 0 0 0 0 0 0 0 0 0 0 0 0 0 0 0 0 0 0 0 0 0 0 0 0 1 hasty
5385 0 0 0 5386 0 5388 0 0 0 0 0 0 0 0 0 0 0 0 5392 0 0 0 0 0 0 0 0 0 0 1 hat
5386 0 0 0 0 0 0 0 0 5387 0 0 0 0 0 0 0 0 0 0 0 0 0 0 0 0 0 0 0 0 0
5387 0 0 0 0 0 0 0 0 0 0 0 0 0 0 0 0 0 0 0 0 0 0 0 0 0 0 0 0 0 1 hatch
5388 0 0 0 0 0 0 5389 0 0 0 0 0 0 0 0 0 0 0 0 0 0 0 0 0 0 0 0 0 0 1 hate
5389 0 0 0 0 0 0 0 0 0 0 0 0 0 0 0 0 0 0 0 0 0 5390 0 0 0 0 0 0 0 0
5390 0 0 0 0 0 0 0 0 0 0 0 0 5391 0 0 0 0 0 0 0 0 0 0 0 0 0 0 0 0 0
5391 0 0 0 0 0 0 0 0 0 0 0 0 0 0 0 0 0 0 0 0 0 0 0 0 0 0 0 0 0 1 hateful
5392 0 0 0 0 0 5393 0 0 0 0 0 0 0 0 0 0 0 0 0 0 0 0 0 0 0 0 0 0 0 0
5393 0 0 0 0 5394 0 0 0 0 0 0 0 0 0 0 0 0 0 0 0 0 0 0 0 0 0 0 0 0 0
5394 0 0 0 0 0 0 0 0 0 0 0 0 0 0 0 0 0 0 0 0 0 0 0 0 0 0 0 0 0 1 hatred
5395 0 0 0 0 0 5396 0 0 0 0 0 0 0 0 0 0 0 0 0 0 0 0 0 0 0 0 0 0 0 0
5396 0 0 0 0 0 0 0 0 0 0 0 0 0 0 0 0 0 0 0 0 0 0 0 0 0 0 0 0 0 1 have
5397 0 0 0 0 0 0 0 0 0 0 0 5398 0 0 0 0 0 0 0 0 0 0 0 0 0 0 0 0 0 0
5398 0 0 0 0 0 0 0 0 0 0 0 0 0 0 0 0 0 0 0 0 0 0 0 0 0 0 0 0 0 1 hawk
5399 0 0 0 0 0 0 0 0 0 0 0 0 0 0 0 0 0 0 0 0 0 0 0 0 0 0 0 0 0 1 hay
5400 0 5401 0 0 0 0 0 0 0 0 0 0 0 0 0 0 0 0 0 0 0 0 0 0 0 0 0 0 0 0
5401 0 0 0 0 0 0 0 0 0 0 0 0 0 0 0 0 0 0 5402 0 0 0 0 0 0 0 0 0 0 0
5402 0 0 0 0 5403 0 0 0 0 0 0 0 0 0 0 0 0 0 0 0 0 0 0 0 0 0 0 0 0 0
5403 0 0 0 0 0 0 0 0 0 0 0 0 0 0 0 0 0 0 0 0 0 0 0 0 0 0 0 0 0 1 hazard
5404 0 5405 0 0 5450 5453 0 0 0 5455 0 0 5460 0 5481 0 0 0 5484 5496 0 0 0 0 0 0 0 0 0 1 he
5405 0 0 0 0 5406 0 0 0 0 0 0 0 5432 0 0 0 5436 0 5437 0 5439 0 5443 0 0 0 0 0 0 0
5406 0 5407 0 0 0 0 0 0 0 5411 0 0 5414 5418 0 0 0 5424 0 0 0 0 0 0 0 0 0 0 0 1 head
5407 0 0 0 5408 0 0 0 0 0 0 0 0 0 0 0 0 0 0 0 0 0 0 0 0 0 0 0 0 0 0
5408 0 0 0 0 0 0 0 0 5409 0 0 0 0 0 0 0 0 0 0 0 0 0 0 0 0 0 0 0 0 0
5409 0 0 0 0 0 5410 0 0 0 0 0 0 0 0 0 0 0 0 0 0 0 0 0 0 0 0 0 0 0 0
5410 0 0 0 0 0 0 0 0 0 0 0 0 0 0 0 0 0 0 0 0 0 0 0 0 0 0 0 0 0 1 headache
5411 0 0 0 0 0 0 0 0 0 0 0 0 0 0 5412 0 0 0 0 0 0 0 0 0 0 0 0 0 0 0
5412 0 0 0 0 0 0 0 5413 0 0 0 0 0 0 0 0 0 0 0 0 0 0 0 0 0 0 0 0 0 0
5413 0 0 0 0 0 0 0 0 0 0 0 0 0 0 0 0 0 0 0 0 0 0 0 0 0 0 0 0 0 1 heading
5414 0 0 0 0 0 0 0 0 0 5415 0 0 0 0 0 0 0 0 0 0 0 0 0 0 0 0 0 0 0 0
5415 0 0 0 0 0 0 0 0 0 0 0 0 0 0 5416 0 0 0 0 0 0 0 0 0 0 0 0 0 0 0
5416 0 0 0 0 0 5417 0 0 0 0 0 0 0 0 0 0 0 0 0 0 0 0 0 0 0 0 0 0 0 0
5417 0 0 0 0 0 0 0 0 0 0 0 0 0 0 0 0 0 0 0 0 0 0 0 0 0 0 0 0 0 1 headline
5418 0 5419 0 0 0 0 0 0 0 0 0 0 0 0 0 0 0 0 0 0 0 0 0 0 0 0 0 0 0 0
5419 0 0 0 0 0 0 0 0 0 0 0 0 0 0 0 0 0 0 0 5420 0 0 0 0 0 0 0 0 0 0
5420 0 0 0 0 0 0 0 0 0 0 0 0 0 0 0 0 0 0 0 0 5421 0 0 0 0 0 0 0 0 0
5421 0 0 0 0 0 5422 0 0 0 0 0 0 0 0 0 0 0 0 0 0 0 0 0 0 0 0 0 0 0 0
5422 0 0 0 0 0 0 0 0 0 0 0 0 0 0 0 0 0 0 5423 0 0 0 0 0 0 0 0 0 0 0
5423 0 0 0 0 0 0 0 0 0 0 0 0 0 0 0 0 0 0 0 0 0 0 0 0 0 0 0 0 0 1 headmaster
5424 0 0 0 0 0 0 0 0 0 0 0 0 0 0 0 0 0 0 0 0 0 5425 0 0 0 0 0 0 0 0
5425 0 5426 0 0 0 0 0 0 0 0 0 0 0 0 0 0 0 0 0 0 0 0 0 0 0 0 0 0 0 0
5426 0 0 0 0 0 0 0 0 0 0 0 0 0 0 0 0 0 0 5427 0 0 0 0 0 0 0 0 0 0 0
5427 0 0 0 0 0 0 0 0 0 0 0 0 0 0 0 0 0 0 0 0 5428 0 0 0 0 0 0 0 0 0
5428 0 0 0 0 0 5429 0 0 0 0 0 0 0 0 0 0 0 0 0 0 0 0 0 0 0 0 0 0 0 0
5429 0 0 0 0 0 0 0 0 0 0 0 0 0 0 0 0 0 0 5430 0 0 0 0 0 0 0 0 0 0 0
5430 0 0 0 0 0 0 0 0 0 0 0 0 0 0 0 0 0 0 0 5431 0 0 0 0 0 0 0 0 0 0
5431 0 0 0 0 0 0 0 0 0 0 0 0 0 0 0 0 0 0 0 0 0 0 0 0 0 0 0 0 0 1 headquarters
5432 0 0 0 0 0 0 0 0 0 0 0 0 0 0 0 0 0 0 0 0 5433 0 0 0 0 0 0 0 0 1 heal
5433 0 0 0 0 0 0 0 0 5434 0 0 0 0 0 0 0 0 0 0 0 0 0 0 0 0 0 0 0 0 0
5434 0 0 0 0 0 0 0 0 0 0 0 0 0 0 0 0 0 0 0 0 0 0 0 0 0 5435 0 0 0 1 health
5435 0 0 0 0 0 0 0 0 0 0 0 0 0 0 0 0 0 0 0 0 0 0 0 0 0 0 0 0 0 1 healthy
5436 0 0 0 0 0 0 0 0 0 0 0 0 0 0 0 0 0 0 0 0 0 0 0 0 0 0 0 0 0 1 heap
5437 0 0 0 0 0 0 0 0 0 0 0 0 0 0 0 0 0 0 0 0 5438 0 0 0 0 0 0 0 0 1 hear
5438 0 0 0 0 0 0 0 0 0 0 0 0 0 0 0 0 0 0 0 0 0 0 0 0 0 0 0 0 0 1 heart
5439 0 0 0 0 0 0 0 0 0 5440 0 0 0 0 0 0 0 0 0 0 0 0 0 0 0 0 0 0 0 1 heat
5440 0 0 0 0 0 0 0 0 0 0 0 0 0 0 5441 0 0 0 0 0 0 0 0 0 0 0 0 0 0 0
5441 0 0 0 0 0 0 0 5442 0 0 0 0 0 0 0 0 0 0 0 0 0 0 0 0 0 0 0 0 0 0
5442 0 0 0 0 0 0 0 0 0 0 0 0 0 0 0 0 0 0 0 0 0 0 0 0 0 0 0 0 0 1 heating
5443 0 0 0 0 0 5444 0 0 0 5446 0 0 0 0 0 0 0 0 0 0 0 0 0 0 0 5449 0 0 0 0
5444 0 0 0 0 0 0 0 0 0 0 0 0 0 0 5445 0 0 0 0 0 0 0 0 0 0 0 0 0 0 0
5445 0 0 0 0 0 0 0 0 0 0 0 0 0 0 0 0 0 0 0 0 0 0 0 0 0 0 0 0 0 1 heaven
5446 0 0 0 0 0 0 0 0 0 0 0 0 5447 0 0 0 0 0 0 0 0 0 0 0 0 0 0 0 0 0
5447 0 0 0 0 0 0 0 0 0 0 0 0 0 0 0 0 0 0 0 0 0 0 0 0 0 5448 0 0 0 0
5448 0 0 0 0 0 0 0 0 0 0 0 0 0 0 0 0 0 0 0 0 0 0 0 0 0 0 0 0 0 1 heavily
5449 0 0 0 0 0 0 0 0 0 0 0 0 0 0 0 0 0 0 0 0 0 0 0 0 0 0 0 0 0 1 heavy
5450 0 0 0 0 0 0 0 5451 0 0 0 0 0 0 0 0 0 0 0 0 0 0 0 0 0 0 0 0 0 0
5451 0 0 0 0 0 5452 0 0 0 0 0 0 0 0 0 0 0 0 0 0 0 0 0 0 0 0 0 0 0 0
5452 0 0 0 0 0 0 0 0 0 0 0 0 0 0 0 0 0 0 0 0 0 0 0 0 0 0 0 0 0 1 hedge
5453 0 0 0 0 0 0 0 0 0 0 0 0 5454 0 0 0 0 0 0 0 0 0 0 0 0 0 0 0 0 0
5454 0 0 0 0 0 0 0 0 0 0 0 0 0 0 0 0 0 0 0 0 0 0 0 0 0 0 0 0 0 1 heel
5455 0 0 0 0 0 0 0 5456 0 0 0 0 0 0 0 0 0 0 5459 0 0 0 0 0 0 0 0 0 0 0
5456 0 0 0 0 0 0 0 0 5457 0 0 0 0 0 0 0 0 0 0 0 0 0 0 0 0 0 0 0 0 0
5457 0 0 0 0 0 0 0 0 0 0 0 0 0 0 0 0 0 0 0 0 5458 0 0 0 0 0 0 0 0 0
5458 0 0 0 0 0 0 0 0 0 0 0 0 0 0 0 0 0 0 0 0 0 0 0 0 0 0 0 0 0 1 height
5459 0 0 0 0 0 0 0 0 0 0 0 0 0 0 0 0 0 0 0 0 0 0 0 0 0 0 0 0 0 1 heir
5460 0 0 0 0 0 0 0 0 0 5461 0 0 5468 5470 0 0 5473 0 0 0 0 0 0 0 0 0 0 0 0 0
5461 0 0 0 5462 0 0 0 0 0 0 0 0 0 0 0 0 0 0 0 0 0 0 0 0 0 0 0 0 0 0
5462 0 0 0 0 0 0 0 0 0 0 0 0 0 0 0 5463 0 0 0 0 0 0 0 0 0 0 0 0 0 0
5463 0 0 0 0 0 0 0 0 0 0 0 0 0 0 0 0 5464 0 0 0 0 0 0 0 0 0 0 0 0 0
5464 0 0 0 0 0 0 0 0 0 0 0 0 0 0 0 0 0 0 0 0 5465 0 0 0 0 0 0 0 0 0
5465 0 0 0 0 0 5466 0 0 0 0 0 0 0 0 0 0 0 0 0 0 0 0 0 0 0 0 0 0 0 0
5466 0 0 0 0 0 0 0 0 0 0 0 0 0 0 0 0 0 0 5467 0 0 0 0 0 0 0 0 0 0 0
5467 0 0 0 0 0 0 0 0 0 0 0 0 0 0 0 0 0 0 0 0 0 0 0 0 0 0 0 0 0 1 helicopter
5468 0 0 0 0 0 0 0 0 0 0 0 0 0 0 0 5469 0 0 0 0 0 0 0 0 0 0 0 0 0 1 hell
5469 0 0 0 0 0 0 0 0 0 0 0 0 0 0 0 0 0 0 0 0 0 0 0 0 0 0 0 0 0 1 hello
5470 0 0 0 0 0 5471 0 0 0 0 0 0 0 0 0 0 0 0 0 0 0 0 0 0 0 0 0 0 0 0
5471 0 0 0 0 0 0 0 0 0 0 0 0 0 0 0 0 0 0 0 0 5472 0 0 0 0 0 0 0 0 0
5472 0 0 0 0 0 0 0 0 0 0 0 0 0 0 0 0 0 0 0 0 0 0 0 0 0 0 0 0 0 1 helmet
5473 0 0 0 0 0 0 5474 0 0 0 0 0 5477 0 0 0 0 0 0 0 0 0 0 0 0 0 0 0 0 1 help
5474 0 0 0 0 0 0 0 0 0 0 0 0 0 0 0 0 0 0 0 0 0 5475 0 0 0 0 0 0 0 0
5475 0 0 0 0 0 0 0 0 0 0 0 0 5476 0 0 0 0 0 0 0 0 0 0 0 0 0 0 0 0 0
5476 0 0 0 0 0 0 0 0 0 0 0 0 0 0 0 0 0 0 0 0 0 0 0 0 0 0 0 0 0 1 helpful
5477 0 0 0 0 0 5478 0 0 0 0 0 0 0 0 0 0 0 0 0 0 0 0 0 0 0 0 0 0 0 0
5478 0 0 0 0 0 0 0 0 0 0 0 0 0 0 0 0 0 0 0 5479 0 0 0 0 0 0 0 0 0 0
5479 0 0 0 0 0 0 0 0 0 0 0 0 0 0 0 0 0 0 0 5480 0 0 0 0 0 0 0 0 0 0
5480 0 0 0 0 0 0 0 0 0 0 0 0 0 0 0 0 0 0 0 0 0 0 0 0 0 0 0 0 0 1 helpless
5481 0 0 0 5482 0 0 0 0 0 0 0 0 0 0 0 0 0 0 0 0 0 0 0 0 0 0 0 0 0 1 hen
5482 0 0 0 0 0 5483 0 0 0 0 0 0 0 0 0 0 0 0 0 0 0 0 0 0 0 0 0 0 0 0
5483 0 0 0 0 0 0 0 0 0 0 0 0 0 0 0 0 0 0 0 0 0 0 0 0 0 0 0 0 0 1 hence
5484 0 0 0 0 5485 5486 0 0 0 0 0 0 0 0 0 5487 0 0 0 5492 0 0 0 0 0 0 0 0 0 1 her
5485 0 0 0 0 0 0 0 0 0 0 0 0 0 0 0 0 0 0 0 0 0 0 0 0 0 0 0 0 0 1 herd
5486 0 0 0 0 0 0 0 0 0 0 0 0 0 0 0 0 0 0 0 0 0 0 0 0 0 0 0 0 0 1 here
5487 0 0 0 0 0 0 0 0 0 5488 0 0 0 0 0 0 0 0 0 0 0 0 0 0 0 0 0 0 0 1 hero
5488 0 0 0 5489 0 0 0 0 0 0 0 0 0 0 5490 0 0 0 0 0 0 0 0 0 0 0 0 0 0 0
5489 0 0 0 0 0 0 0 0 0 0 0 0 0 0 0 0 0 0 0 0 0 0 0 0 0 0 0 0 0 1 heroic
5490 0 0 0 0 0 5491 0 0 0 0 0 0 0 0 0 0 0 0 0 0 0 0 0 0 0 0 0 0 0 0
5491 0 0 0 0 0 0 0 0 0 0 0 0 0 0 0 0 0 0 0 0 0 0 0 0 0 0 0 0 0 1 heroine
5492 0 0 0 0 0 5493 0 0 0 0 0 0 0 0 0 0 0 0 0 0 0 0 0 0 0 0 0 0 0 1 hers
5493 0 0 0 0 0 0 0 0 0 0 0 0 5494 0 0 0 0 0 0 0 0 0 0 0 0 0 0 0 0 0
5494 0 0 0 0 0 0 5495 0 0 0 0 0 0 0 0 0 0 0 0 0 0 0 0 0 0 0 0 0 0 0
5495 0 0 0 0 0 0 0 0 0 0 0 0 0 0 0 0 0 0 0 0 0 0 0 0 0 0 0 0 0 1 herself
5496 0 0 0 0 0 0 0 0 0 5497 0 0 0 0 0 0 0 0 0 0 0 0 0 0 0 0 0 0 0 0
5497 0 0 0 0 0 0 0 0 0 0 0 0 0 0 0 0 0 0 0 0 5498 0 0 0 0 0 0 0 0 0
5498 0 5499 0 0 0 0 0 0 0 0 0 0 0 0 0 0 0 0 0 0 0 0 0 0 0 0 0 0 0 0
5499 0 0 0 0 0 0 0 0 0 0 0 0 0 0 0 0 0 0 0 0 5500 0 0 0 0 0 0 0 0 0
5500 0 0 0 0 0 5501 0 0 0 0 0 0 0 0 0 0 0 0 0 0 0 0 0 0 0 0 0 0 0 0
5501 0 0 0 0 0 0 0 0 0 0 0 0 0 0 0 0 0 0 0 0 0 0 0 0 0 0 0 0 0 1 hesitate
5502 0 0 0 0 5503 0 0 5505 0 0 0 0 5512 5518 5523 0 0 0 5525 5527 5536 0 0 0 0 0 0 0 0 1 hi
5503 0 0 0 0 0 5504 0 0 0 0 0 0 0 0 0 0 0 0 0 0 0 0 0 0 0 0 0 0 0 0
5504 0 0 0 0 0 0 0 0 0 0 0 0 0 0 0 0 0 0 0 0 0 0 0 0 0 0 0 0 0 1 hide
5505 0 0 0 0 0 0 0 0 5506 0 0 0 0 0 0 0 0 0 0 0 0 0 0 0 0 0 0 0 0 0
5506 0 0 0 0 0 0 0 0 0 0 0 0 5507 0 0 0 0 0 0 0 0 0 0 5509 0 0 0 0 0 1 high
5507 0 0 0 0 0 0 0 0 0 0 0 0 0 0 0 0 0 0 0 0 0 0 0 0 0 5508 0 0 0 0
5508 0 0 0 0 0 0 0 0 0 0 0 0 0 0 0 0 0 0 0 0 0 0 0 0 0 0 0 0 0 1 highly
5509 0 5510 0 0 0 0 0 0 0 0 0 0 0 0 0 0 0 0 0 0 0 0 0 0 0 0 0 0 0 0
5510 0 0 0 0 0 0 0 0 0 0 0 0 0 0 0 0 0 0 0 0 0 0 0 0 0 5511 0 0 0 0
5511 0 0 0 0 0 0 0 0 0 0 0 0 0 0 0 0 0 0 0 0 0 0 0 0 0 0 0 0 0 1 highway
5512 0 0 0 0 0 0 0 0 0 0 0 0 5513 0 0 0 0 0 0 0 0 0 0 0 0 0 0 0 0 0
5513 0 0 0 0 0 0 0 0 0 0 0 0 0 0 0 0 0 0 0 5514 0 0 0 0 0 0 0 0 0 1 hill
5514 0 0 0 0 0 0 0 0 0 5515 0 0 0 0 0 0 0 0 0 0 0 0 0 0 0 0 0 0 0 0
5515 0 0 0 0 5516 0 0 0 0 0 0 0 0 0 0 0 0 0 0 0 0 0 0 0 0 0 0 0 0 0
5516 0 0 0 0 0 5517 0 0 0 0 0 0 0 0 0 0 0 0 0 0 0 0 0 0 0 0 0 0 0 0
5517 0 0 0 0 0 0 0 0 0 0 0 0 0 0 0 0 0 0 0 0 0 0 0 0 0 0 0 0 0 1 hillside
5518 0 0 0 0 0 0 0 0 0 0 0 0 0 0 0 0 0 0 0 5519 0 0 0 0 0 0 0 0 0 1 him
5519 0 0 0 0 0 5520 0 0 0 0 0 0 0 0 0 0 0 0 0 0 0 0 0 0 0 0 0 0 0 0
5520 0 0 0 0 0 0 0 0 0 0 0 0 5521 0 0 0 0 0 0 0 0 0 0 0 0 0 0 0 0 0
5521 0 0 0 0 0 0 5522 0 0 0 0 0 0 0 0 0 0 0 0 0 0 0 0 0 0 0 0 0 0 0
5522 0 0 0 0 0 0 0 0 0 0 0 0 0 0 0 0 0 0 0 0 0 0 0 0 0 0 0 0 0 1 himself
5523 0 0 0 0 0 0 0 0 0 0 0 0 0 0 0 0 0 0 0 0 5524 0 0 0 0 0 0 0 0 0
5524 0 0 0 0 0 0 0 0 0 0 0 0 0 0 0 0 0 0 0 0 0 0 0 0 0 0 0 0 0 1 hint
5525 0 0 0 0 0 5526 0 0 0 0 0 0 0 0 0 0 0 0 0 0 0 0 0 0 0 0 0 0 0 0
5526 0 0 0 0 0 0 0 0 0 0 0 0 0 0 0 0 0 0 0 0 0 0 0 0 0 0 0 0 0 1 hire
5527 0 0 0 0 0 0 0 0 0 0 0 0 0 0 0 0 0 0 0 0 5528 0 0 0 0 0 0 0 0 1 his
5528 0 0 0 0 0 0 0 0 0 0 0 0 0 0 0 5529 0 0 0 0 0 0 0 0 0 0 0 0 0 0
5529 0 0 0 0 0 0 0 0 0 0 0 0 0 0 0 0 0 0 5530 0 0 0 0 0 0 0 0 0 0 0
5530 0 0 0 0 0 0 0 0 0 5531 0 0 0 0 0 0 0 0 0 0 0 0 0 0 0 5535 0 0 0 0
5531 0 0 0 5532 0 0 0 0 0 0 0 0 0 0 0 0 0 0 0 0 0 0 0 0 0 0 0 0 0 0
5532 0 5533 0 0 0 0 0 0 0 0 0 0 0 0 0 0 0 0 0 0 0 0 0 0 0 0 0 0 0 0
5533 0 0 0 0 0 0 0 0 0 0 0 0 5534 0 0 0 0 0 0 0 0 0 0 0 0 0 0 0 0 0
5534 0 0 0 0 0 0 0 0 0 0 0 0 0 0 0 0 0 0 0 0 0 0 0 0 0 0 0 0 0 1 historical
5535 0 0 0 0 0 0 0 0 0 0 0 0 0 0 0 0 0 0 0 0 0 0 0 0 0 0 0 0 0 1 history
5536 0 0 0 0 0 0 0 0 0 0 0 0 0 0 0 0 0 0 0 0 0 0 0 0 0 0 0 0 0 1 hit
5537 0 0 5538 0 0 0 0 0 0 0 0 0 5541 5552 5554 5571 5573 0 5582 5601 5614 5617 0 5629 0 0 0 0 0 0
5538 0 0 5539 0 0 0 0 0 0 0 0 0 0 0 0 0 0 0 0 0 0 0 0 0 0 0 0 0 0 0
5539 0 0 0 0 0 0 0 0 0 0 0 0 0 0 0 0 0 0 0 0 0 0 0 0 0 5540 0 0 0 0
5540 0 0 0 0 0 0 0 0 0 0 0 0 0 0 0 0 0 0 0 0 0 0 0 0 0 0 0 0 0 1 hobby
5541 0 0 0 0 5542 5543 0 0 0 5544 0 0 5548 0 0 0 0 0 0 0 0 0 0 0 0 5551 0 0 0 0
5542 0 0 0 0 0 0 0 0 0 0 0 0 0 0 0 0 0 0 0 0 0 0 0 0 0 0 0 0 0 1 hold
5543 0 0 0 0 0 0 0 0 0 0 0 0 0 0 0 0 0 0 0 0 0 0 0 0 0 0 0 0 0 1 hole
5544 0 0 0 0 5545 0 0 0 0 0 0 0 0 0 0 0 0 0 0 0 0 0 0 0 0 0 0 0 0 0
5545 0 5546 0 0 0 0 0 0 0 0 0 0 0 0 0 0 0 0 0 0 0 0 0 0 0 0 0 0 0 0
5546 0 0 0 0 0 0 0 0 0 0 0 0 0 0 0 0 0 0 0 0 0 0 0 0 0 5547 0 0 0 0
5547 0 0 0 0 0 0 0 0 0 0 0 0 0 0 0 0 0 0 0 0 0 0 0 0 0 0 0 0 0 1 holiday
5548 0 0 0 0 0 0 0 0 0 0 0 0 0 0 0 5549 0 0 0 0 0 0 0 0 0 0 0 0 0 0
5549 0 0 0 0 0 0 0 0 0 0 0 0 0 0 0 0 0 0 0 0 0 0 0 5550 0 0 0 0 0 0
5550 0 0 0 0 0 0 0 0 0 0 0 0 0 0 0 0 0 0 0 0 0 0 0 0 0 0 0 0 0 1 hollow
5551 0 0 0 0 0 0 0 0 0 0 0 0 0 0 0 0 0 0 0 0 0 0 0 0 0 0 0 0 0 1 holy
5552 0 0 0 0 0 5553 0 0 0 0 0 0 0 0 0 0 0 0 0 0 0 0 0 0 0 0 0 0 0 0
5553 0 0 0 0 0 0 0 0 0 0 0 0 0 0 0 0 0 0 0 0 0 0 0 0 0 0 0 0 0 1 home
5554 0 0 0 0 0 5555 0 0 0 0 0 0 0 0 0 5564 0 0 0 0 0 0 0 0 0 0 0 0 0 0
5555 0 0 0 0 0 0 0 0 0 0 0 0 0 0 0 0 0 0 0 5556 0 0 0 0 0 5559 0 0 0 0
5556 0 0 0 0 0 0 0 0 0 0 0 0 0 0 0 0 0 0 0 0 5557 0 0 0 0 0 0 0 0 0
5557 0 0 0 0 0 0 0 0 0 0 0 0 0 0 0 0 0 0 0 0 0 0 0 0 0 5558 0 0 0 1 honest
5558 0 0 0 0 0 0 0 0 0 0 0 0 0 0 0 0 0 0 0 0 0 0 0 0 0 0 0 0 0 1 honesty
5559 0 0 0 0 0 0 0 0 0 0 0 0 0 5560 0 0 0 0 0 0 0 0 0 0 0 0 0 0 0 1 honey
5560 0 0 0 0 0 0 0 0 0 0 0 0 0 0 0 5561 0 0 0 0 0 0 0 0 0 0 0 0 0 0
5561 0 0 0 0 0 0 0 0 0 0 0 0 0 0 0 5562 0 0 0 0 0 0 0 0 0 0 0 0 0 0
5562 0 0 0 0 0 0 0 0 0 0 0 0 0 0 5563 0 0 0 0 0 0 0 0 0 0 0 0 0 0 0
5563 0 0 0 0 0 0 0 0 0 0 0 0 0 0 0 0 0 0 0 0 0 0 0 0 0 0 0 0 0 1 honeymoon
5564 0 0 0 0 0 0 0 0 0 0 0 0 0 0 0 0 0 0 0 0 0 5565 0 0 0 0 0 0 0 0
5565 0 0 0 0 0 0 0 0 0 0 0 0 0 0 0 0 0 0 5566 0 0 0 0 0 0 0 0 0 0 0
5566 0 5567 0 0 0 0 0 0 0 0 0 0 0 0 0 0 0 0 0 0 0 0 0 0 0 0 0 0 0 1 honour
5567 0 0 5568 0 0 0 0 0 0 0 0 0 0 0 0 0 0 0 0 0 0 0 0 0 0 0 0 0 0 0
5568 0 0 0 0 0 0 0 0 0 0 0 0 5569 0 0 0 0 0 0 0 0 0 0 0 0 0 0 0 0 0
5569 0 0 0 0 0 5570 0 0 0 0 0 0 0 0 0 0 0 0 0 0 0 0 0 0 0 0 0 0 0 0
5570 0 0 0 0 0 0 0 0 0 0 0 0 0 0 0 0 0 0 0 0 0 0 0 0 0 0 0 0 0 1 honourable
5571 0 0 0 0 0 0 0 0 0 0 0 5572 0 0 0 0 0 0 0 0 0 0 0 0 0 0 0 0 0 0
5572 0 0 0 0 0 0 0 0 0 0 0 0 0 0 0 0 0 0 0 0 0 0 0 0 0 0 0 0 0 1 hook
5573 0 0 0 0 0 5574 0 0 0 0 0 0 0 0 0 0 0 0 0 0 0 0 0 0 0 0 0 0 0 0
5574 0 0 0 0 0 0 5575 0 0 0 0 0 5578 0 0 0 0 0 0 0 0 0 0 0 0 0 0 0 0 1 hope
5575 0 0 0 0 0 0 0 0 0 0 0 0 0 0 0 0 0 0 0 0 0 5576 0 0 0 0 0 0 0 0
5576 0 0 0 0 0 0 0 0 0 0 0 0 5577 0 0 0 0 0 0 0 0 0 0 0 0 0 0 0 0 0
5577 0 0 0 0 0 0 0 0 0 0 0 0 0 0 0 0 0 0 0 0 0 0 0 0 0 0 0 0 0 1 hopeful
5578 0 0 0 0 0 5579 0 0 0 0 0 0 0 0 0 0 0 0 0 0 0 0 0 0 0 0 0 0 0 0
5579 0 0 0 0 0 0 0 0 0 0 0 0 0 0 0 0 0 0 0 5580 0 0 0 0 0 0 0 0 0 0
5580 0 0 0 0 0 0 0 0 0 0 0 0 0 0 0 0 0 0 0 5581 0 0 0 0 0 0 0 0 0 0
5581 0 0 0 0 0 0 0 0 0 0 0 0 0 0 0 0 0 0 0 0 0 0 0 0 0 0 0 0 0 1 hopeless
5582 0 0 0 0 0 0 0 0 0 5583 0 0 0 0 5590 0 0 0 5591 5594 0 0 0 0 0 0 0 0 0 0
5583 0 0 0 0 0 0 0 0 0 0 0 0 0 0 0 0 0 0 0 0 0 0 0 0 0 0 5584 0 0 0
5584 0 0 0 0 0 0 0 0 0 0 0 0 0 0 0 5585 0 0 0 0 0 0 0 0 0 0 0 0 0 0
5585 0 0 0 0 0 0 0 0 0 0 0 0 0 0 5586 0 0 0 0 0 0 0 0 0 0 0 0 0 0 0
5586 0 0 0 0 0 0 0 0 0 0 0 0 0 0 0 0 0 0 0 0 5587 0 0 0 0 0 0 0 0 1 horizon
5587 0 5588 0 0 0 0 0 0 0 0 0 0 0 0 0 0 0 0 0 0 0 0 0 0 0 0 0 0 0 0
5588 0 0 0 0 0 0 0 0 0 0 0 0 5589 0 0 0 0 0 0 0 0 0 0 0 0 0 0 0 0 0
5589 0 0 0 0 0 0 0 0 0 0 0 0 0 0 0 0 0 0 0 0 0 0 0 0 0 0 0 0 0 1 horizontal
5590 0 0 0 0 0 0 0 0 0 0 0 0 0 0 0 0 0 0 0 0 0 0 0 0 0 0 0 0 0 1 horn
5591 0 0 0 0 0 0 0 0 0 0 0 0 0 0 0 5592 0 0 0 0 0 0 0 0 0 0 0 0 0 0
5592 0 0 0 0 0 0 0 0 0 0 0 0 0 0 0 0 0 0 5593 0 0 0 0 0 0 0 0 0 0 0
5593 0 0 0 0 0 0 0 0 0 0 0 0 0 0 0 0 0 0 0 0 0 0 0 0 0 0 0 0 0 1 horror
5594 0 0 0 0 0 5595 0 0 0 0 0 0 0 0 0 0 0 0 0 0 0 0 0 0 0 0 0 0 0 0
5595 0 0 0 0 0 0 0 0 0 0 0 0 0 0 0 0 5596 0 0 0 0 0 0 0 0 0 0 0 0 1 horse
5596 0 0 0 0 0 0 0 0 0 0 0 0 0 0 0 5597 0 0 0 0 0 0 0 0 0 0 0 0 0 0
5597 0 0 0 0 0 0 0 0 0 0 0 0 0 0 0 0 0 0 0 0 0 0 0 5598 0 0 0 0 0 0
5598 0 0 0 0 0 5599 0 0 0 0 0 0 0 0 0 0 0 0 0 0 0 0 0 0 0 0 0 0 0 0
5599 0 0 0 0 0 0 0 0 0 0 0 0 0 0 0 0 0 0 5600 0 0 0 0 0 0 0 0 0 0 0
5600 0 0 0 0 0 0 0 0 0 0 0 0 0 0 0 0 0 0 0 0 0 0 0 0 0 0 0 0 0 1 horsepower
5601 0 0 0 0 0 0 0 0 0 0 0 0 0 0 0 0 5602 0 0 0 5607 0 0 0 0 0 0 0 0 0
5602 0 0 0 0 0 0 0 0 0 5603 0 0 0 0 0 0 0 0 0 0 0 0 0 0 0 0 0 0 0 0
5603 0 0 0 0 0 0 0 0 0 0 0 0 0 0 0 0 0 0 0 0 5604 0 0 0 0 0 0 0 0 0
5604 0 5605 0 0 0 0 0 0 0 0 0 0 0 0 0 0 0 0 0 0 0 0 0 0 0 0 0 0 0 0
5605 0 0 0 0 0 0 0 0 0 0 0 0 5606 0 0 0 0 0 0 0 0 0 0 0 0 0 0 0 0 0
5606 0 0 0 0 0 0 0 0 0 0 0 0 0 0 0 0 0 0 0 0 0 0 0 0 0 0 0 0 0 1 hospital
5607 0 0 0 0 0 5608 0 0 0 5611 0 0 0 0 0 0 0 0 0 0 0 0 0 0 0 0 0 0 0 1 host
5608 0 0 0 0 0 0 0 0 0 0 0 0 0 0 0 0 0 0 0 5609 0 0 0 0 0 0 0 0 0 0
5609 0 0 0 0 0 0 0 0 0 0 0 0 0 0 0 0 0 0 0 5610 0 0 0 0 0 0 0 0 0 0
5610 0 0 0 0 0 0 0 0 0 0 0 0 0 0 0 0 0 0 0 0 0 0 0 0 0 0 0 0 0 1 hostess
5611 0 0 0 0 0 0 0 0 0 0 0 0 5612 0 0 0 0 0 0 0 0 0 0 0 0 0 0 0 0 0
5612 0 0 0 0 0 5613 0 0 0 0 0 0 0 0 0 0 0 0 0 0 0 0 0 0 0 0 0 0 0 0
5613 0 0 0 0 0 0 0 0 0 0 0 0 0 0 0 0 0 0 0 0 0 0 0 0 0 0 0 0 0 1 hostile
5614 0 0 0 0 0 5615 0 0 0 0 0 0 0 0 0 0 0 0 0 0 0 0 0 0 0 0 0 0 0 1 hot
5615 0 0 0 0 0 0 0 0 0 0 0 0 5616 0 0 0 0 0 0 0 0 0 0 0 0 0 0 0 0 0
5616 0 0 0 0 0 0 0 0 0 0 0 0 0 0 0 0 0 0 0 0 0 0 0 0 0 0 0 0 0 1 hotel
5617 0 0 0 0 0 0 0 0 0 0 0 0 0 0 0 0 0 0 5618 5619 0 0 0 0 0 0 0 0 0 0
5618 0 0 0 0 0 0 0 0 0 0 0 0 0 0 0 0 0 0 0 0 0 0 0 0 0 0 0 0 0 1 hour
5619 0 0 0 0 0 5620 0 0 0 0 0 0 0 0 0 0 0 0 0 0 0 0 0 0 0 0 0 0 0 0
5620 0 0 0 0 0 0 0 0 5621 0 0 0 0 0 0 0 0 0 0 0 0 0 0 5625 0 0 0 0 0 1 house
5621 0 0 0 0 0 0 0 0 0 0 0 0 0 0 0 5622 0 0 0 0 0 0 0 0 0 0 0 0 0 0
5622 0 0 0 0 0 0 0 0 0 0 0 0 5623 0 0 0 0 0 0 0 0 0 0 0 0 0 0 0 0 0
5623 0 0 0 0 5624 0 0 0 0 0 0 0 0 0 0 0 0 0 0 0 0 0 0 0 0 0 0 0 0 0
5624 0 0 0 0 0 0 0 0 0 0 0 0 0 0 0 0 0 0 0 0 0 0 0 0 0 0 0 0 0 1 household
5625 0 0 0 0 0 0 0 0 0 5626 0 0 0 0 0 0 0 0 0 0 0 0 0 0 0 0 0 0 0 0
5626 0 0 0 0 0 0 5627 0 0 0 0 0 0 0 0 0 0 0 0 0 0 0 0 0 0 0 0 0 0 0
5627 0 0 0 0 0 5628 0 0 0 0 0 0 0 0 0 0 0 0 0 0 0 0 0 0 0 0 0 0 0 0
5628 0 0 0 0 0 0 0 0 0 0 0 0 0 0 0 0 0 0 0 0 0 0 0 0 0 0 0 0 0 1 housewife
5629 0 0 0 0 0 5630 0 0 0 0 0 0 0 0 0 0 0 0 0 0 0 0 0 0 0 0 0 0 0 1 how
5630 0 0 0 0 0 0 0 0 0 0 0 0 0 0 0 0 0 0 0 0 0 0 5631 0 0 0 0 0 0 0
5631 0 0 0 0 0 5632 0 0 0 0 0 0 0 0 0 0 0 0 0 0 0 0 0 0 0 0 0 0 0 0
5632 0 0 0 0 0 0 0 0 0 0 0 0 0 0 0 0 0 0 5633 0 0 0 0 0 0 0 0 0 0 0
5633 0 0 0 0 0 0 0 0 0 0 0 0 0 0 0 0 0 0 0 0 0 0 0 0 0 0 0 0 0 1 however
5634 0 0 0 0 0 0 0 5635 0 0 0 0 0 5637 5652 0 0 0 5663 5667 5672 0 0 0 0 0 0 0 0 0
5635 0 0 0 0 0 5636 0 0 0 0 0 0 0 0 0 0 0 0 0 0 0 0 0 0 0 0 0 0 0 0
5636 0 0 0 0 0 0 0 0 0 0 0 0 0 0 0 0 0 0 0 0 0 0 0 0 0 0 0 0 0 1 huge
5637 0 5638 5640 0 0 0 0 0 0 5643 0 0 0 0 0 5645 0 0 0 0 0 0 0 0 0 0 0 0 0 0
5638 0 0 0 0 0 0 0 0 0 0 0 0 0 0 5639 0 0 0 0 0 0 0 0 0 0 0 0 0 0 0
5639 0 0 0 0 0 0 0 0 0 0 0 0 0 0 0 0 0 0 0 0 0 0 0 0 0 0 0 0 0 1 human
5640 0 0 0 0 0 0 0 0 0 0 0 0 5641 0 0 0 0 0 0 0 0 0 0 0 0 0 0 0 0 0
5641 0 0 0 0 0 5642 0 0 0 0 0 0 0 0 0 0 0 0 0 0 0 0 0 0 0 0 0 0 0 0
5642 0 0 0 0 0 0 0 0 0 0 0 0 0 0 0 0 0 0 0 0 0 0 0 0 0 0 0 0 0 1 humble
5643 0 0 0 0 5644 0 0 0 0 0 0 0 0 0 0 0 0 0 0 0 0 0 0 0 0 0 0 0 0 0
5644 0 0 0 0 0 0 0 0 0 0 0 0 0 0 0 0 0 0 0 0 0 0 0 0 0 0 0 0 0 1 humid
5645 0 0 0 0 0 0 0 0 0 0 0 0 0 0 0 0 0 0 5646 0 0 5650 0 0 0 0 0 0 0 0
5646 0 0 0 0 0 0 0 0 0 0 0 0 0 0 0 5647 0 0 0 0 0 0 0 0 0 0 0 0 0 0
5647 0 0 0 0 0 0 0 0 0 0 0 0 0 0 0 0 0 0 0 0 0 5648 0 0 0 0 0 0 0 0
5648 0 0 0 0 0 0 0 0 0 0 0 0 0 0 0 0 0 0 0 5649 0 0 0 0 0 0 0 0 0 0
5649 0 0 0 0 0 0 0 0 0 0 0 0 0 0 0 0 0 0 0 0 0 0 0 0 0 0 0 0 0 1 humorous
5650 0 0 0 0 0 0 0 0 0 0 0 0 0 0 0 0 0 0 5651 0 0 0 0 0 0 0 0 0 0 0
5651 0 0 0 0 0 0 0 0 0 0 0 0 0 0 0 0 0 0 0 0 0 0 0 0 0 0 0 0 0 1 humour
5652 0 0 0 0 5653 0 0 5657 0 0 0 0 0 0 0 0 0 0 0 0 5662 0 0 0 0 0 0 0 0 0
5653 0 0 0 0 0 0 0 0 0 0 0 0 0 0 0 0 0 0 5654 0 0 0 0 0 0 0 0 0 0 0
5654 0 0 0 0 0 5655 0 0 0 0 0 0 0 0 0 0 0 0 0 0 0 0 0 0 0 0 0 0 0 0
5655 0 0 0 0 5656 0 0 0 0 0 0 0 0 0 0 0 0 0 0 0 0 0 0 0 0 0 0 0 0 0
5656 0 0 0 0 0 0 0 0 0 0 0 0 0 0 0 0 0 0 0 0 0 0 0 0 0 0 0 0 0 1 hundred
5657 0 0 0 0 0 5658 0 0 0 0 0 0 0 0 0 0 0 0 5660 0 0 0 0 0 0 0 0 0 0 0
5658 0 0 0 0 0 0 0 0 0 0 0 0 0 0 0 0 0 0 5659 0 0 0 0 0 0 0 0 0 0 0
5659 0 0 0 0 0 0 0 0 0 0 0 0 0 0 0 0 0 0 0 0 0 0 0 0 0 0 0 0 0 1 hunger
5660 0 0 0 0 0 0 0 0 0 0 0 0 0 0 0 0 0 0 0 0 0 0 0 0 0 5661 0 0 0 0
5661 0 0 0 0 0 0 0 0 0 0 0 0 0 0 0 0 0 0 0 0 0 0 0 0 0 0 0 0 0 1 hungry
5662 0 0 0 0 0 0 0 0 0 0 0 0 0 0 0 0 0 0 0 0 0 0 0 0 0 0 0 0 0 1 hunt
5663 0 0 0 0 0 0 0 0 0 0 0 0 0 0 0 0 0 0 5664 0 5666 0 0 0 0 0 0 0 0 0
5664 0 0 0 0 0 0 0 0 0 0 0 0 0 0 0 0 0 0 0 0 0 0 0 0 0 5665 0 0 0 0
5665 0 0 0 0 0 0 0 0 0 0 0 0 0 0 0 0 0 0 0 0 0 0 0 0 0 0 0 0 0 1 hurry
5666 0 0 0 0 0 0 0 0 0 0 0 0 0 0 0 0 0 0 0 0 0 0 0 0 0 0 0 0 0 1 hurt
5667 0 0 5668 0 0 0 0 0 0 0 0 0 0 0 0 0 0 0 0 0 0 0 0 0 0 0 0 0 0 0
5668 0 5669 0 0 0 0 0 0 0 0 0 0 0 0 0 0 0 0 0 0 0 0 0 0 0 0 0 0 0 0
5669 0 0 0 0 0 0 0 0 0 0 0 0 0 0 5670 0 0 0 0 0 0 0 0 0 0 0 0 0 0 0
5670 0 0 0 0 5671 0 0 0 0 0 0 0 0 0 0 0 0 0 0 0 0 0 0 0 0 0 0 0 0 0
5671 0 0 0 0 0 0 0 0 0 0 0 0 0 0 0 0 0 0 0 0 0 0 0 0 0 0 0 0 0 1 husband
5672 0 0 0 0 0 0 0 0 0 0 0 0 0 0 0 0 0 0 0 0 0 0 0 0 0 0 0 0 0 1 hut
5673 0 0 0 0 5674 0 0 0 0 0 0 0 0 0 0 0 0 0 0 0 0 0 0 0 0 0 0 0 0 0
5674 0 0 0 0 0 0 0 0 0 0 0 0 0 0 0 0 0 0 5675 0 0 0 0 0 0 0 0 0 0 0
5675 0 0 0 0 0 0 0 0 0 0 0 0 0 0 0 5676 0 0 0 0 0 0 0 0 0 0 0 0 0 0
5676 0 0 0 0 0 0 0 5677 0 0 0 0 0 0 0 0 0 0 0 0 0 0 0 0 0 0 0 0 0 0
5677 0 0 0 0 0 5678 0 0 0 0 0 0 0 0 0 0 0 0 0 0 0 0 0 0 0 0 0 0 0 0
5678 0 0 0 0 0 0 0 0 0 0 0 0 0 0 5679 0 0 0 0 0 0 0 0 0 0 0 0 0 0 0
5679 0 0 0 0 0 0 0 0 0 0 0 0 0 0 0 0 0 0 0 0 0 0 0 0 0 0 0 0 0 1 hydrogen
5680 0 0 0 5681 5689 0 5709 5710 0 0 0 0 5718 5738 5828 0 0 0 6281 6291 6304 0 0 0 0 0 0 5706 0 1 I
5681 0 0 0 0 0 5682 0 0 0 0 0 0 0 0 0 0 0 0 0 0 0 0 0 0 0 0 0 0 0 0
5682 0 0 0 0 0 0 0 0 0 0 0 0 0 0 0 0 0 0 0 0 0 0 0 0 0 0 0 0 5683 1 ice
5683 0 0 0 5684 0 0 0 0 0 0 0 0 0 0 0 0 0 0 0 0 0 0 0 0 0 0 0 0 0 0
5684 0 0 0 0 0 0 0 0 0 0 0 0 0 0 0 0 0 0 5685 0 0 0 0 0 0 0 0 0 0 0
5685 0 0 0 0 0 5686 0 0 0 0 0 0 0 0 0 0 0 0 0 0 0 0 0 0 0 0 0 0 0 0
5686 0 5687 0 0 0 0 0 0 0 0 0 0 0 0 0 0 0 0 0 0 0 0 0 0 0 0 0 0 0 0
5687 0 0 0 0 0 0 0 0 0 0 0 0 0 5688 0 0 0 0 0 0 0 0 0 0 0 0 0 0 0 0
5688 0 0 0 0 0 0 0 0 0 0 0 0 0 0 0 0 0 0 0 0 0 0 0 0 0 0 0 0 0 1 ice-cream
5689 0 0 0 0 0 5690 0 0 0 5701 0 0 5704 0 0 0 0 0 0 0 0 0 0 0 0 0 0 0 0 0
5690 0 5691 0 0 0 0 0 0 0 0 0 0 0 0 5693 0 0 0 0 0 0 0 0 0 0 0 0 0 0 0
5691 0 0 0 0 0 0 0 0 0 0 0 0 5692 0 0 0 0 0 0 0 0 0 0 0 0 0 0 0 0 1 idea
5692 0 0 0 0 0 0 0 0 0 0 0 0 0 0 0 0 0 0 0 0 0 0 0 0 0 0 0 0 0 1 ideal
5693 0 0 0 0 0 0 0 0 0 0 0 0 0 0 0 0 0 0 0 0 5694 0 0 0 0 0 0 0 0 0
5694 0 0 0 0 0 0 0 0 0 5695 0 0 0 0 0 0 0 0 0 0 0 0 0 0 0 0 0 0 0 0
5695 0 0 0 5696 0 0 5699 0 0 0 0 0 0 0 0 0 0 0 0 0 0 0 0 0 0 0 0 0 0 0
5696 0 5697 0 0 0 0 0 0 0 0 0 0 0 0 0 0 0 0 0 0 0 0 0 0 0 0 0 0 0 0
5697 0 0 0 0 0 0 0 0 0 0 0 0 5698 0 0 0 0 0 0 0 0 0 0 0 0 0 0 0 0 0
5698 0 0 0 0 0 0 0 0 0 0 0 0 0 0 0 0 0 0 0 0 0 0 0 0 0 0 0 0 0 1 identical
5699 0 0 0 0 0 0 0 0 0 0 0 0 0 0 0 0 0 0 0 0 0 0 0 0 0 5700 0 0 0 0
5700 0 0 0 0 0 0 0 0 0 0 0 0 0 0 0 0 0 0 0 0 0 0 0 0 0 0 0 0 0 1 identify
5701 0 0 0 0 0 0 0 0 0 0 0 0 0 0 0 5702 0 0 0 0 0 0 0 0 0 0 0 0 0 0
5702 0 0 0 0 0 0 0 0 0 0 0 0 0 5703 0 0 0 0 0 0 0 0 0 0 0 0 0 0 0 0
5703 0 0 0 0 0 0 0 0 0 0 0 0 0 0 0 0 0 0 0 0 0 0 0 0 0 0 0 0 0 1 idiom
5704 0 0 0 0 0 5705 0 0 0 0 0 0 0 0 0 0 0 0 0 0 0 0 0 0 0 0 0 0 0 0
5705 0 0 0 0 0 0 0 0 0 0 0 0 0 0 0 0 0 0 0 0 0 0 0 0 0 0 0 0 0 1 idle
5706 0 0 0 0 0 5707 0 0 0 0 0 0 0 0 0 0 0 0 0 0 0 0 0 0 0 0 0 0 0 0
5707 0 0 0 0 0 0 0 0 0 0 0 0 0 0 0 0 0 0 0 0 0 0 0 0 0 0 0 5708 0 0
5708 0 0 0 0 0 0 0 0 0 0 0 0 0 0 0 0 0 0 0 0 0 0 0 0 0 0 0 0 0 1 i.e.
5709 0 0 0 0 0 0 0 0 0 0 0 0 0 0 0 0 0 0 0 0 0 0 0 0 0 0 0 0 0 1 if
5710 0 0 0 0 0 0 0 0 0 0 0 0 0 0 5711 0 0 0 0 0 0 0 0 0 0 0 0 0 0 0
5711 0 0 0 0 0 0 0 0 0 0 0 0 0 0 0 5712 0 0 0 0 0 0 0 0 0 0 0 0 0 0
5712 0 0 0 0 0 0 0 0 0 0 0 0 0 0 0 0 0 0 5713 0 0 0 0 0 0 0 0 0 0 0
5713 0 5714 0 0 0 5717 0 0 0 0 0 0 0 0 0 0 0 0 0 0 0 0 0 0 0 0 0 0 0 0
5714 0 0 0 0 0 0 0 0 0 0 0 0 0 0 5715 0 0 0 0 0 0 0 0 0 0 0 0 0 0 0
5715 0 0 0 0 0 0 0 0 0 0 0 0 0 0 0 0 0 0 0 0 5716 0 0 0 0 0 0 0 0 0
5716 0 0 0 0 0 0 0 0 0 0 0 0 0 0 0 0 0 0 0 0 0 0 0 0 0 0 0 0 0 1 ignorant
5717 0 0 0 0 0 0 0 0 0 0 0 0 0 0 0 0 0 0 0 0 0 0 0 0 0 0 0 0 0 1 ignore
5718 0 0 0 0 0 0 0 0 0 0 0 0 5719 0 0 0 0 0 0 0 0 0 0 0 0 0 0 0 0 0
5719 0 0 0 0 0 5720 0 0 0 0 0 0 0 0 5724 0 0 0 0 0 0 5728 0 0 0 0 0 0 0 1 ill
5720 0 0 0 0 0 0 0 5721 0 0 0 0 0 0 0 0 0 0 0 0 0 0 0 0 0 0 0 0 0 0
5721 0 5722 0 0 0 0 0 0 0 0 0 0 0 0 0 0 0 0 0 0 0 0 0 0 0 0 0 0 0 0
5722 0 0 0 0 0 0 0 0 0 0 0 0 5723 0 0 0 0 0 0 0 0 0 0 0 0 0 0 0 0 0
5723 0 0 0 0 0 0 0 0 0 0 0 0 0 0 0 0 0 0 0 0 0 0 0 0 0 0 0 0 0 1 illegal
5724 0 0 0 0 0 5725 0 0 0 0 0 0 0 0 0 0 0 0 0 0 0 0 0 0 0 0 0 0 0 0
5725 0 0 0 0 0 0 0 0 0 0 0 0 0 0 0 0 0 0 0 5726 0 0 0 0 0 0 0 0 0 0
5726 0 0 0 0 0 0 0 0 0 0 0 0 0 0 0 0 0 0 0 5727 0 0 0 0 0 0 0 0 0 0
5727 0 0 0 0 0 0 0 0 0 0 0 0 0 0 0 0 0 0 0 0 0 0 0 0 0 0 0 0 0 1 illness
5728 0 0 0 0 0 0 0 0 0 0 0 0 0 0 0 0 0 0 0 5729 0 0 0 0 0 0 0 0 0 0
5729 0 0 0 0 0 0 0 0 0 0 0 0 0 0 0 0 0 0 0 0 5730 0 0 0 0 0 0 0 0 0
5730 0 0 0 0 0 0 0 0 0 0 0 0 0 0 0 0 0 0 5731 0 0 0 0 0 0 0 0 0 0 0
5731 0 5732 0 0 0 0 0 0 0 0 0 0 0 0 0 0 0 0 0 0 0 0 0 0 0 0 0 0 0 0
5732 0 0 0 0 0 0 0 0 0 0 0 0 0 0 0 0 0 0 0 0 5733 0 0 0 0 0 0 0 0 0
5733 0 0 0 0 0 5734 0 0 0 5735 0 0 0 0 0 0 0 0 0 0 0 0 0 0 0 0 0 0 0 0
5734 0 0 0 0 0 0 0 0 0 0 0 0 0 0 0 0 0 0 0 0 0 0 0 0 0 0 0 0 0 1 illustrate
5735 0 0 0 0 0 0 0 0 0 0 0 0 0 0 0 5736 0 0 0 0 0 0 0 0 0 0 0 0 0 0
5736 0 0 0 0 0 0 0 0 0 0 0 0 0 0 5737 0 0 0 0 0 0 0 0 0 0 0 0 0 0 0
5737 0 0 0 0 0 0 0 0 0 0 0 0 0 0 0 0 0 0 0 0 0 0 0 0 0 0 0 0 0 1 illustration
5738 0 5739 0 0 0 0 0 0 0 5752 0 0 0 5757 0 0 5775 0 0 0 0 0 0 0 0 0 0 0 0 0
5739 0 0 0 0 0 0 0 5740 0 0 0 0 0 0 0 0 0 0 0 0 0 0 0 0 0 0 0 0 0 0
5740 0 0 0 0 0 5741 0 0 0 5742 0 0 0 0 0 0 0 0 0 0 0 0 0 0 0 0 0 0 0 0
5741 0 0 0 0 0 0 0 0 0 0 0 0 0 0 0 0 0 0 0 0 0 0 0 0 0 0 0 0 0 1 image
5742 0 0 0 0 0 0 0 0 0 0 0 0 0 0 5743 0 0 0 0 0 0 0 0 0 0 0 0 0 0 0
5743 0 5744 0 0 0 5751 0 0 0 0 0 0 0 0 0 0 0 0 0 0 0 0 0 0 0 0 0 0 0 0
5744 0 0 0 0 0 0 0 0 0 0 0 0 0 0 0 0 0 0 5745 0 5747 0 0 0 0 0 0 0 0 0
5745 0 0 0 0 0 0 0 0 0 0 0 0 0 0 0 0 0 0 0 0 0 0 0 0 0 5746 0 0 0 0
5746 0 0 0 0 0 0 0 0 0 0 0 0 0 0 0 0 0 0 0 0 0 0 0 0 0 0 0 0 0 1 imaginary
5747 0 0 0 0 0 0 0 0 0 5748 0 0 0 0 0 0 0 0 0 0 0 0 0 0 0 0 0 0 0 0
5748 0 0 0 0 0 0 0 0 0 0 0 0 0 0 0 5749 0 0 0 0 0 0 0 0 0 0 0 0 0 0
5749 0 0 0 0 0 0 0 0 0 0 0 0 0 0 5750 0 0 0 0 0 0 0 0 0 0 0 0 0 0 0
5750 0 0 0 0 0 0 0 0 0 0 0 0 0 0 0 0 0 0 0 0 0 0 0 0 0 0 0 0 0 1 imagination
5751 0 0 0 0 0 0 0 0 0 0 0 0 0 0 0 0 0 0 0 0 0 0 0 0 0 0 0 0 0 1 imagine
5752 0 0 0 0 0 0 0 0 0 0 0 0 0 0 0 0 0 0 0 0 5753 0 0 0 0 0 0 0 0 0
5753 0 5754 0 0 0 0 0 0 0 0 0 0 0 0 0 0 0 0 0 0 0 0 0 0 0 0 0 0 0 0
5754 0 0 0 0 0 0 0 0 0 0 0 0 0 0 0 0 0 0 0 0 5755 0 0 0 0 0 0 0 0 0
5755 0 0 0 0 0 5756 0 0 0 0 0 0 0 0 0 0 0 0 0 0 0 0 0 0 0 0 0 0 0 0
5756 0 0 0 0 0 0 0 0 0 0 0 0 0 0 0 0 0 0 0 0 0 0 0 0 0 0 0 0 0 1 imitate
5757 0 0 0 0 0 5758 0 0 0 5769 0 0 0 0 0 0 0 0 0 0 0 0 0 0 0 0 0 0 0 0
5758 0 0 0 0 5759 0 0 0 0 0 0 0 0 0 5766 0 0 0 0 0 0 0 0 0 0 0 0 0 0 0
5759 0 0 0 0 0 0 0 0 0 5760 0 0 0 0 0 0 0 0 0 0 0 0 0 0 0 0 0 0 0 0
5760 0 5761 0 0 0 0 0 0 0 0 0 0 0 0 0 0 0 0 0 0 0 0 0 0 0 0 0 0 0 0
5761 0 0 0 0 0 0 0 0 0 0 0 0 0 0 0 0 0 0 0 0 5762 0 0 0 0 0 0 0 0 0
5762 0 0 0 0 0 5763 0 0 0 0 0 0 0 0 0 0 0 0 0 0 0 0 0 0 0 0 0 0 0 0
5763 0 0 0 0 0 0 0 0 0 0 0 0 5764 0 0 0 0 0 0 0 0 0 0 0 0 0 0 0 0 1 immediate
5764 0 0 0 0 0 0 0 0 0 0 0 0 0 0 0 0 0 0 0 0 0 0 0 0 0 5765 0 0 0 0
5765 0 0 0 0 0 0 0 0 0 0 0 0 0 0 0 0 0 0 0 0 0 0 0 0 0 0 0 0 0 1 immediately
5766 0 0 0 0 0 0 0 0 0 0 0 0 0 0 0 0 0 0 0 5767 0 0 0 0 0 0 0 0 0 0
5767 0 0 0 0 0 5768 0 0 0 0 0 0 0 0 0 0 0 0 0 0 0 0 0 0 0 0 0 0 0 0
5768 0 0 0 0 0 0 0 0 0 0 0 0 0 0 0 0 0 0 0 0 0 0 0 0 0 0 0 0 0 1 immense
5769 0 0 0 0 0 0 0 5770 0 0 0 0 0 0 0 0 0 0 0 0 0 0 0 0 0 0 0 0 0 0
5770 0 0 0 0 0 0 0 0 0 0 0 0 0 0 0 0 0 0 5771 0 0 0 0 0 0 0 0 0 0 0
5771 0 5772 0 0 0 0 0 0 0 0 0 0 0 0 0 0 0 0 0 0 0 0 0 0 0 0 0 0 0 0
5772 0 0 0 0 0 0 0 0 0 0 0 0 0 0 5773 0 0 0 0 0 0 0 0 0 0 0 0 0 0 0
5773 0 0 0 0 0 0 0 0 0 0 0 0 0 0 0 0 0 0 0 0 5774 0 0 0 0 0 0 0 0 0
5774 0 0 0 0 0 0 0 0 0 0 0 0 0 0 0 0 0 0 0 0 0 0 0 0 0 0 0 0 0 1 immigrant
5775 0 5776 0 0 0 0 0 0 0 0 0 0 5784 0 0 5793 0 0 5808 0 0 0 0 0 0 0 0 0 0 0
5776 0 0 0 5777 0 0 0 0 0 0 0 0 0 0 0 0 0 0 0 0 5779 0 0 0 0 0 0 0 0 0
5777 0 0 0 0 0 0 0 0 0 0 0 0 0 0 0 0 0 0 0 0 5778 0 0 0 0 0 0 0 0 0
5778 0 0 0 0 0 0 0 0 0 0 0 0 0 0 0 0 0 0 0 0 0 0 0 0 0 0 0 0 0 1 impact
5779 0 0 0 0 0 0 0 0 0 5780 0 0 0 0 0 0 0 0 0 0 0 0 0 0 0 0 0 0 0 0
5780 0 0 0 0 0 5781 0 0 0 0 0 0 0 0 0 0 0 0 0 0 0 0 0 0 0 0 0 0 0 0
5781 0 0 0 0 0 0 0 0 0 0 0 0 0 0 5782 0 0 0 0 0 0 0 0 0 0 0 0 0 0 0
5782 0 0 0 0 0 0 0 0 0 0 0 0 0 0 0 0 0 0 0 0 5783 0 0 0 0 0 0 0 0 0
5783 0 0 0 0 0 0 0 0 0 0 0 0 0 0 0 0 0 0 0 0 0 0 0 0 0 0 0 0 0 1 impatient
5784 0 0 0 0 0 0 0 0 0 5785 0 0 0 0 0 0 0 0 0 0 0 0 0 0 0 5792 0 0 0 0
5785 0 0 0 5786 0 0 0 0 0 0 0 0 0 0 0 0 0 0 0 0 0 0 0 0 0 0 0 0 0 0
5786 0 5787 0 0 0 0 0 0 0 0 0 0 0 0 0 0 0 0 0 0 0 0 0 0 0 0 0 0 0 0
5787 0 0 0 0 0 0 0 0 0 0 0 0 0 0 0 0 0 0 0 0 5788 0 0 0 0 0 0 0 0 0
5788 0 0 0 0 0 0 0 0 0 5789 0 0 0 0 0 0 0 0 0 0 0 0 0 0 0 0 0 0 0 0
5789 0 0 0 0 0 0 0 0 0 0 0 0 0 0 0 5790 0 0 0 0 0 0 0 0 0 0 0 0 0 0
5790 0 0 0 0 0 0 0 0 0 0 0 0 0 0 5791 0 0 0 0 0 0 0 0 0 0 0 0 0 0 0
5791 0 0 0 0 0 0 0 0 0 0 0 0 0 0 0 0 0 0 0 0 0 0 0 0 0 0 0 0 0 1 implication
5792 0 0 0 0 0 0 0 0 0 0 0 0 0 0 0 0 0 0 0 0 0 0 0 0 0 0 0 0 0 1 imply
5793 0 0 0 0 0 0 0 0 0 0 0 0 0 0 0 0 0 0 5794 5801 0 0 0 0 0 0 0 0 0 0
5794 0 0 0 0 0 0 0 0 0 0 0 0 0 0 0 0 0 0 0 0 5795 0 0 0 0 0 0 0 0 0
5795 0 5796 0 0 0 0 0 0 0 0 0 0 0 0 0 0 0 0 0 0 0 0 0 0 0 0 0 0 0 1 import
5796 0 0 0 0 0 0 0 0 0 0 0 0 0 0 5797 0 0 0 0 0 0 0 0 0 0 0 0 0 0 0
5797 0 0 0 5798 0 0 0 0 0 0 0 0 0 0 0 0 0 0 0 0 5800 0 0 0 0 0 0 0 0 0
5798 0 0 0 0 0 5799 0 0 0 0 0 0 0 0 0 0 0 0 0 0 0 0 0 0 0 0 0 0 0 0
5799 0 0 0 0 0 0 0 0 0 0 0 0 0 0 0 0 0 0 0 0 0 0 0 0 0 0 0 0 0 1 importance
5800 0 0 0 0 0 0 0 0 0 0 0 0 0 0 0 0 0 0 0 0 0 0 0 0 0 0 0 0 0 1 important
5801 0 0 0 0 0 5802 0 0 0 0 0 0 0 0 0 0 0 0 0 5803 0 0 0 0 0 0 0 0 0 0
5802 0 0 0 0 0 0 0 0 0 0 0 0 0 0 0 0 0 0 0 0 0 0 0 0 0 0 0 0 0 1 impose
5803 0 0 0 0 0 0 0 0 0 5804 0 0 0 0 0 0 0 0 0 0 0 0 0 0 0 0 0 0 0 0
5804 0 0 5805 0 0 0 0 0 0 0 0 0 0 0 0 0 0 0 0 0 0 0 0 0 0 0 0 0 0 0
5805 0 0 0 0 0 0 0 0 0 0 0 0 5806 0 0 0 0 0 0 0 0 0 0 0 0 0 0 0 0 0
5806 0 0 0 0 0 5807 0 0 0 0 0 0 0 0 0 0 0 0 0 0 0 0 0 0 0 0 0 0 0 0
5807 0 0 0 0 0 0 0 0 0 0 0 0 0 0 0 0 0 0 0 0 0 0 0 0 0 0 0 0 0 1 impossible
5808 0 0 0 0 0 5809 0 0 0 5817 0 0 0 0 0 5821 0 0 0 0 0 0 0 0 0 0 0 0 0 0
5809 0 0 0 0 0 0 0 0 0 0 0 0 0 0 0 0 0 0 0 5810 0 0 0 0 0 0 0 0 0 0
5810 0 0 0 0 0 0 0 0 0 0 0 0 0 0 0 0 0 0 0 5811 0 0 0 0 0 0 0 0 0 0
5811 0 0 0 0 0 0 0 0 0 5812 0 0 0 0 0 0 0 0 0 0 0 0 0 0 0 0 0 0 0 1 impress
5812 0 0 0 0 0 0 0 0 0 0 0 0 0 0 0 5813 0 0 0 0 0 0 5815 0 0 0 0 0 0 0
5813 0 0 0 0 0 0 0 0 0 0 0 0 0 0 5814 0 0 0 0 0 0 0 0 0 0 0 0 0 0 0
5814 0 0 0 0 0 0 0 0 0 0 0 0 0 0 0 0 0 0 0 0 0 0 0 0 0 0 0 0 0 1 impression
5815 0 0 0 0 0 5816 0 0 0 0 0 0 0 0 0 0 0 0 0 0 0 0 0 0 0 0 0 0 0 0
5816 0 0 0 0 0 0 0 0 0 0 0 0 0 0 0 0 0 0 0 0 0 0 0 0 0 0 0 0 0 1 impressive
5817 0 0 0 0 0 0 0 0 0 0 0 0 0 0 0 0 0 0 0 5818 0 0 0 0 0 0 0 0 0 0
5818 0 0 0 0 0 0 0 0 0 0 0 0 0 0 0 5819 0 0 0 0 0 0 0 0 0 0 0 0 0 0
5819 0 0 0 0 0 0 0 0 0 0 0 0 0 0 5820 0 0 0 0 0 0 0 0 0 0 0 0 0 0 0
5820 0 0 0 0 0 0 0 0 0 0 0 0 0 0 0 0 0 0 0 0 0 0 0 0 0 0 0 0 0 1 imprison
5821 0 0 0 0 0 0 0 0 0 0 0 0 0 0 0 0 0 0 0 0 0 0 5822 0 0 0 0 0 0 0
5822 0 0 0 0 0 5823 0 0 0 0 0 0 0 0 0 0 0 0 0 0 0 0 0 0 0 0 0 0 0 0
5823 0 0 0 0 0 0 0 0 0 0 0 0 0 5824 0 0 0 0 0 0 0 0 0 0 0 0 0 0 0 1 improve
5824 0 0 0 0 0 5825 0 0 0 0 0 0 0 0 0 0 0 0 0 0 0 0 0 0 0 0 0 0 0 0
5825 0 0 0 0 0 0 0 0 0 0 0 0 0 0 5826 0 0 0 0 0 0 0 0 0 0 0 0 0 0 0
5826 0 0 0 0 0 0 0 0 0 0 0 0 0 0 0 0 0 0 0 0 5827 0 0 0 0 0 0 0 0 0
5827 0 0 0 0 0 0 0 0 0 0 0 0 0 0 0 0 0 0 0 0 0 0 0 0 0 0 0 0 0 1 improvement
5828 0 0 0 5829 5861 5937 5961 0 5995 6007 6012 6023 0 0 6024 0 6032 6035 0 6041 6119 0 6230 6277 0 0 0 0 0 1 in
5829 0 0 0 0 0 0 0 0 5830 5831 0 0 5836 0 0 5843 0 0 5851 0 0 0 0 0 0 0 0 0 0 0
5830 0 0 0 0 0 0 0 0 0 0 0 0 0 0 0 0 0 0 0 0 0 0 0 0 0 0 0 0 0 1 inch
5831 0 0 0 0 5832 0 0 0 0 0 0 0 0 0 0 0 0 0 0 0 0 0 0 0 0 0 0 0 0 0
5832 0 0 0 0 0 5833 0 0 0 0 0 0 0 0 0 0 0 0 0 0 0 0 0 0 0 0 0 0 0 0
5833 0 0 0 0 0 0 0 0 0 0 0 0 0 0 5834 0 0 0 0 0 0 0 0 0 0 0 0 0 0 0
5834 0 0 0 0 0 0 0 0 0 0 0 0 0 0 0 0 0 0 0 0 5835 0 0 0 0 0 0 0 0 0
5835 0 0 0 0 0 0 0 0 0 0 0 0 0 0 0 0 0 0 0 0 0 0 0 0 0 0 0 0 0 1 incident
5836 0 0 0 0 0 0 0 0 0 5837 0 0 0 0 0 0 0 0 0 0 0 5840 0 0 0 0 0 0 0 0
5837 0 0 0 0 0 0 0 0 0 0 0 0 0 0 5838 0 0 0 0 0 0 0 0 0 0 0 0 0 0 0
5838 0 0 0 0 0 5839 0 0 0 0 0 0 0 0 0 0 0 0 0 0 0 0 0 0 0 0 0 0 0 0
5839 0 0 0 0 0 0 0 0 0 0 0 0 0 0 0 0 0 0 0 0 0 0 0 0 0 0 0 0 0 1 incline
5840 0 0 0 0 5841 0 0 0 0 0 0 0 0 0 0 0 0 0 0 0 0 0 0 0 0 0 0 0 0 0
5841 0 0 0 0 0 5842 0 0 0 0 0 0 0 0 0 0 0 0 0 0 0 0 0 0 0 0 0 0 0 0
5842 0 0 0 0 0 0 0 0 0 0 0 0 0 0 0 0 0 0 0 0 0 0 0 0 0 0 0 0 0 1 include
5843 0 0 0 0 0 0 0 0 0 0 0 0 0 5844 0 0 0 0 5846 0 0 0 0 0 0 0 0 0 0 0
5844 0 0 0 0 0 5845 0 0 0 0 0 0 0 0 0 0 0 0 0 0 0 0 0 0 0 0 0 0 0 0
5845 0 0 0 0 0 0 0 0 0 0 0 0 0 0 0 0 0 0 0 0 0 0 0 0 0 0 0 0 0 1 income
5846 0 0 0 0 0 0 0 0 0 0 0 0 0 0 0 0 0 0 5847 0 0 0 0 0 0 0 0 0 0 0
5847 0 0 0 0 0 5848 0 0 0 0 0 0 0 0 0 0 0 0 0 0 0 0 0 0 0 0 0 0 0 0
5848 0 0 0 5849 0 0 0 0 0 0 0 0 0 0 0 0 0 0 0 0 0 0 0 0 0 0 0 0 0 0
5849 0 0 0 0 0 0 0 0 0 0 0 0 0 0 0 0 0 0 0 0 5850 0 0 0 0 0 0 0 0 0
5850 0 0 0 0 0 0 0 0 0 0 0 0 0 0 0 0 0 0 0 0 0 0 0 0 0 0 0 0 0 1 incorrect
5851 0 0 0 0 0 5852 0 0 0 0 0 0 0 0 0 0 0 0 0 0 0 0 0 0 0 0 0 0 0 0
5852 0 5853 0 0 0 0 0 0 0 0 0 0 0 0 0 0 0 0 0 0 0 0 0 0 0 0 0 0 0 0
5853 0 0 0 0 0 0 0 0 0 0 0 0 0 0 0 0 0 0 0 5854 0 0 0 0 0 0 0 0 0 0
5854 0 0 0 0 0 5855 0 0 0 5856 0 0 0 0 0 0 0 0 0 0 0 0 0 0 0 0 0 0 0 0
5855 0 0 0 0 0 0 0 0 0 0 0 0 0 0 0 0 0 0 0 0 0 0 0 0 0 0 0 0 0 1 increase
5856 0 0 0 0 0 0 0 0 0 0 0 0 0 0 5857 0 0 0 0 0 0 0 0 0 0 0 0 0 0 0
5857 0 0 0 0 0 0 0 5858 0 0 0 0 0 0 0 0 0 0 0 0 0 0 0 0 0 0 0 0 0 0
5858 0 0 0 0 0 0 0 0 0 0 0 0 5859 0 0 0 0 0 0 0 0 0 0 0 0 0 0 0 0 0
5859 0 0 0 0 0 0 0 0 0 0 0 0 0 0 0 0 0 0 0 0 0 0 0 0 0 5860 0 0 0 0
5860 0 0 0 0 0 0 0 0 0 0 0 0 0 0 0 0 0 0 0 0 0 0 0 0 0 0 0 0 0 1 increasingly
5861 0 0 0 0 0 5862 0 0 0 5881 0 0 0 0 0 5922 0 0 0 0 0 5926 0 0 0 0 0 0 0 0
5862 0 0 0 0 0 5863 5865 0 0 0 0 0 0 0 0 0 5871 0 0 0 0 0 0 0 5880 0 0 0 0 0
5863 0 0 0 0 5864 0 0 0 0 0 0 0 0 0 0 0 0 0 0 0 0 0 0 0 0 0 0 0 0 0
5864 0 0 0 0 0 0 0 0 0 0 0 0 0 0 0 0 0 0 0 0 0 0 0 0 0 0 0 0 0 1 indeed
5865 0 0 0 0 0 0 0 0 0 5866 0 0 0 0 0 0 0 0 0 0 0 0 0 0 0 0 0 0 0 0
5866 0 0 0 0 0 0 0 0 0 0 0 0 0 0 5867 0 0 0 0 0 0 0 0 0 0 0 0 0 0 0
5867 0 0 0 0 0 0 0 0 0 5868 0 0 0 0 0 0 0 0 0 0 0 0 0 0 0 0 0 0 0 0
5868 0 0 0 0 0 0 0 0 0 0 0 0 0 0 0 0 0 0 0 0 5869 0 0 0 0 0 0 0 0 0
5869 0 0 0 0 0 5870 0 0 0 0 0 0 0 0 0 0 0 0 0 0 0 0 0 0 0 0 0 0 0 0
5870 0 0 0 0 0 0 0 0 0 0 0 0 0 0 0 0 0 0 0 0 0 0 0 0 0 0 0 0 0 1 indefinite
5871 0 0 0 0 0 5872 0 0 0 0 0 0 0 0 0 0 0 0 0 0 0 0 0 0 0 0 0 0 0 0
5872 0 0 0 0 0 0 0 0 0 0 0 0 0 0 5873 0 0 0 0 0 0 0 0 0 0 0 0 0 0 0
5873 0 0 0 0 5874 0 0 0 0 0 0 0 0 0 0 0 0 0 0 0 0 0 0 0 0 0 0 0 0 0
5874 0 0 0 0 0 5875 0 0 0 0 0 0 0 0 0 0 0 0 0 0 0 0 0 0 0 0 0 0 0 0
5875 0 0 0 0 0 0 0 0 0 0 0 0 0 0 5876 0 0 0 0 0 0 0 0 0 0 0 0 0 0 0
5876 0 0 0 5877 0 0 0 0 0 0 0 0 0 0 0 0 0 0 0 0 5879 0 0 0 0 0 0 0 0 0
5877 0 0 0 0 0 5878 0 0 0 0 0 0 0 0 0 0 0 0 0 0 0 0 0 0 0 0 0 0 0 0
5878 0 0 0 0 0 0 0 0 0 0 0 0 0 0 0 0 0 0 0 0 0 0 0 0 0 0 0 0 0 1 independence
5879 0 0 0 0 0 0 0 0 0 0 0 0 0 0 0 0 0 0 0 0 0 0 0 0 0 0 0 0 0 1 independent
5880 0 0 0 0 0 0 0 0 0 0 0 0 0 0 0 0 0 0 0 0 0 0 0 0 0 0 0 0 0 1 index
5881 0 5882 0 5884 0 0 5891 5898 0 0 0 0 0 0 0 0 0 0 5903 5907 0 0 5916 0 0 0 0 0 0 0
5882 0 0 0 0 0 0 0 0 0 0 0 0 0 0 5883 0 0 0 0 0 0 0 0 0 0 0 0 0 0 1 India
5883 0 0 0 0 0 0 0 0 0 0 0 0 0 0 0 0 0 0 0 0 0 0 0 0 0 0 0 0 0 1 Indian
5884 0 5885 0 0 0 0 0 0 0 0 0 0 0 0 0 0 0 0 0 0 0 0 0 0 0 0 0 0 0 0
5885 0 0 0 0 0 0 0 0 0 0 0 0 0 0 0 0 0 0 0 0 5886 0 0 0 0 0 0 0 0 0
5886 0 0 0 0 0 5887 0 0 0 5888 0 0 0 0 0 0 0 0 0 0 0 0 0 0 0 0 0 0 0 0
5887 0 0 0 0 0 0 0 0 0 0 0 0 0 0 0 0 0 0 0 0 0 0 0 0 0 0 0 0 0 1 indicate
5888 0 0 0 0 0 0 0 0 0 0 0 0 0 0 0 5889 0 0 0 0 0 0 0 0 0 0 0 0 0 0
5889 0 0 0 0 0 0 0 0 0 0 0 0 0 0 5890 0 0 0 0 0 0 0 0 0 0 0 0 0 0 0
5890 0 0 0 0 0 0 0 0 0 0 0 0 0 0 0 0 0 0 0 0 0 0 0 0 0 0 0 0 0 1 indication
5891 0 0 0 0 0 0 5892 0 0 0 0 0 0 0 0 0 0 0 0 0 0 0 0 0 0 0 0 0 0 0
5892 0 0 0 0 0 5893 0 0 0 0 0 0 0 0 0 0 0 0 0 0 0 0 0 0 0 0 0 0 0 0
5893 0 0 0 0 0 0 0 0 0 0 0 0 0 0 0 0 0 0 5894 0 0 0 0 0 0 0 0 0 0 0
5894 0 0 0 0 0 5895 0 0 0 0 0 0 0 0 0 0 0 0 0 0 0 0 0 0 0 0 0 0 0 0
5895 0 0 0 0 0 0 0 0 0 0 0 0 0 0 5896 0 0 0 0 0 0 0 0 0 0 0 0 0 0 0
5896 0 0 0 0 0 0 0 0 0 0 0 0 0 0 0 0 0 0 0 0 5897 0 0 0 0 0 0 0 0 0
5897 0 0 0 0 0 0 0 0 0 0 0 0 0 0 0 0 0 0 0 0 0 0 0 0 0 0 0 0 0 1 indifferent
5898 0 0 0 0 0 0 0 0 0 0 0 0 0 0 5899 0 0 0 0 0 0 0 0 0 0 0 0 0 0 0
5899 0 5900 0 0 0 0 0 0 0 0 0 0 0 0 0 0 0 0 0 0 0 0 0 0 0 0 0 0 0 0
5900 0 0 0 0 0 0 0 0 0 0 0 0 0 0 5901 0 0 0 0 0 0 0 0 0 0 0 0 0 0 0
5901 0 0 0 0 0 0 0 0 0 0 0 0 0 0 0 0 0 0 0 0 5902 0 0 0 0 0 0 0 0 0
5902 0 0 0 0 0 0 0 0 0 0 0 0 0 0 0 0 0 0 0 0 0 0 0 0 0 0 0 0 0 1 indignant
5903 0 0 0 0 0 5904 0 0 0 0 0 0 0 0 0 0 0 0 0 0 0 0 0 0 0 0 0 0 0 0
5904 0 0 0 5905 0 0 0 0 0 0 0 0 0 0 0 0 0 0 0 0 0 0 0 0 0 0 0 0 0 0
5905 0 0 0 0 0 0 0 0 0 0 0 0 0 0 0 0 0 0 0 0 5906 0 0 0 0 0 0 0 0 0
5906 0 0 0 0 0 0 0 0 0 0 0 0 0 0 0 0 0 0 0 0 0 0 0 0 0 0 0 0 0 1 indirect
5907 0 0 0 0 0 0 0 0 0 0 0 0 0 0 0 0 5908 0 0 0 0 0 0 0 0 0 0 0 0 0
5908 0 0 0 0 0 5909 0 0 0 0 0 0 0 0 0 0 0 0 0 0 0 0 0 0 0 0 0 0 0 0
5909 0 0 0 0 0 0 0 0 0 0 0 0 0 0 5910 0 0 0 0 0 0 0 0 0 0 0 0 0 0 0
5910 0 0 0 0 0 0 0 0 0 0 0 0 0 0 0 0 0 0 0 5911 0 0 0 0 0 0 0 0 0 0
5911 0 5912 0 0 0 0 0 0 0 0 0 0 0 0 0 0 0 0 0 0 0 0 0 0 0 0 0 0 0 0
5912 0 0 5913 0 0 0 0 0 0 0 0 0 0 0 0 0 0 0 0 0 0 0 0 0 0 0 0 0 0 0
5913 0 0 0 0 0 0 0 0 0 0 0 0 5914 0 0 0 0 0 0 0 0 0 0 0 0 0 0 0 0 0
5914 0 0 0 0 0 5915 0 0 0 0 0 0 0 0 0 0 0 0 0 0 0 0 0 0 0 0 0 0 0 0
5915 0 0 0 0 0 0 0 0 0 0 0 0 0 0 0 0 0 0 0 0 0 0 0 0 0 0 0 0 0 1 indispensable
5916 0 0 0 0 0 0 0 0 0 5917 0 0 0 0 0 0 0 0 0 0 0 0 0 0 0 0 0 0 0 0
5917 0 0 0 0 5918 0 0 0 0 0 0 0 0 0 0 0 0 0 0 0 0 0 0 0 0 0 0 0 0 0
5918 0 0 0 0 0 0 0 0 0 0 0 0 0 0 0 0 0 0 0 0 0 5919 0 0 0 0 0 0 0 0
5919 0 5920 0 0 0 0 0 0 0 0 0 0 0 0 0 0 0 0 0 0 0 0 0 0 0 0 0 0 0 0
5920 0 0 0 0 0 0 0 0 0 0 0 0 5921 0 0 0 0 0 0 0 0 0 0 0 0 0 0 0 0 0
5921 0 0 0 0 0 0 0 0 0 0 0 0 0 0 0 0 0 0 0 0 0 0 0 0 0 0 0 0 0 1 individual
5922 0 0 0 0 0 0 0 0 0 0 0 0 0 0 0 5923 0 0 0 0 0 0 0 0 0 0 0 0 0 0
5923 0 0 0 0 0 0 0 0 0 0 0 0 0 0 0 0 0 0 5924 0 0 0 0 0 0 0 0 0 0 0
5924 0 0 0 0 0 0 0 0 0 0 0 0 0 0 0 0 0 0 0 5925 0 0 0 0 0 0 0 0 0 0
5925 0 0 0 0 0 0 0 0 0 0 0 0 0 0 0 0 0 0 0 0 0 0 0 0 0 0 0 0 0 1 indoors
5926 0 0 0 0 0 0 0 0 0 0 0 0 0 0 0 0 0 0 0 5927 0 0 0 0 0 0 0 0 0 0
5927 0 0 0 0 0 0 0 0 0 0 0 0 0 0 0 0 0 0 0 0 5928 0 0 0 0 0 0 0 0 0
5928 0 0 0 0 0 0 0 0 0 0 0 0 0 0 0 0 0 0 5929 0 0 0 0 0 0 0 0 0 0 0
5929 0 0 0 0 0 0 0 0 0 5930 0 0 0 0 0 0 0 0 0 0 0 0 0 0 0 5936 0 0 0 0
5930 0 5931 0 0 0 0 0 0 0 0 0 0 0 0 0 0 0 0 0 0 0 0 0 0 0 0 0 0 0 0
5931 0 0 0 0 0 0 0 0 0 0 0 0 5932 0 0 0 0 0 0 0 0 0 0 0 0 0 0 0 0 0
5932 0 0 0 0 0 0 0 0 0 5933 0 0 0 0 0 0 0 0 0 0 0 0 0 0 0 0 0 0 0 1 industrial
5933 0 0 0 0 0 0 0 0 0 0 0 0 0 0 0 0 0 0 0 0 0 0 0 0 0 0 5934 0 0 0
5934 0 0 0 0 0 5935 0 0 0 0 0 0 0 0 0 0 0 0 0 0 0 0 0 0 0 0 0 0 0 0
5935 0 0 0 0 0 0 0 0 0 0 0 0 0 0 0 0 0 0 0 0 0 0 0 0 0 0 0 0 0 1 industrialize
5936 0 0 0 0 0 0 0 0 0 0 0 0 0 0 0 0 0 0 0 0 0 0 0 0 0 0 0 0 0 1 industry
5937 0 0 0 0 0 0 5938 0 0 0 0 0 0 0 0 0 0 0 0 0 0 0 5946 0 5953 0 0 0 0 0
5938 0 0 0 0 0 0 5939 0 0 0 0 0 0 0 0 0 0 0 0 0 0 0 0 0 0 0 0 0 0 0
5939 0 0 0 0 0 0 0 0 0 5940 0 0 0 0 0 0 0 0 0 0 0 0 0 0 0 0 0 0 0 0
5940 0 0 0 5941 0 0 0 0 0 0 0 0 0 0 0 0 0 0 0 0 0 0 0 0 0 0 0 0 0 0
5941 0 0 0 0 0 0 0 0 0 5942 0 0 0 0 0 0 0 0 0 0 0 0 0 0 0 0 0 0 0 0
5942 0 0 0 0 0 5943 0 0 0 0 0 0 0 0 0 0 0 0 0 0 0 0 0 0 0 0 0 0 0 0
5943 0 0 0 0 0 0 0 0 0 0 0 0 0 0 5944 0 0 0 0 0 0 0 0 0 0 0 0 0 0 0
5944 0 0 0 0 0 0 0 0 0 0 0 0 0 0 0 0 0 0 0 0 5945 0 0 0 0 0 0 0 0 0
5945 0 0 0 0 0 0 0 0 0 0 0 0 0 0 0 0 0 0 0 0 0 0 0 0 0 0 0 0 0 1 inefficient
5946 0 0 0 0 0 0 0 0 0 5947 0 0 0 0 0 0 0 0 0 0 0 0 0 0 0 0 0 0 0 0
5947 0 0 0 0 0 0 0 0 0 0 0 0 0 0 0 0 0 0 0 0 5948 0 0 0 0 0 0 0 0 0
5948 0 5949 0 0 0 0 0 0 0 0 0 0 0 0 0 0 0 0 0 0 0 0 0 0 0 0 0 0 0 0
5949 0 0 5950 0 0 0 0 0 0 0 0 0 0 0 0 0 0 0 0 0 0 0 0 0 0 0 0 0 0 0
5950 0 0 0 0 0 0 0 0 0 0 0 0 5951 0 0 0 0 0 0 0 0 0 0 0 0 0 0 0 0 0
5951 0 0 0 0 0 5952 0 0 0 0 0 0 0 0 0 0 0 0 0 0 0 0 0 0 0 0 0 0 0 0
5952 0 0 0 0 0 0 0 0 0 0 0 0 0 0 0 0 0 0 0 0 0 0 0 0 0 0 0 0 0 1 inevitable
5953 0 0 0 0 0 0 0 0 0 0 0 0 0 0 0 0 5954 0 0 0 0 0 0 0 0 0 0 0 0 0
5954 0 0 0 0 0 5955 0 0 0 0 0 0 0 0 0 0 0 0 0 0 0 0 0 0 0 0 0 0 0 0
5955 0 0 0 0 0 0 0 0 0 0 0 0 0 0 5956 0 0 0 0 0 0 0 0 0 0 0 0 0 0 0
5956 0 0 0 0 0 0 0 0 0 0 0 0 0 0 0 0 0 0 0 5957 0 0 0 0 0 0 0 0 0 0
5957 0 0 0 0 0 0 0 0 0 5958 0 0 0 0 0 0 0 0 0 0 0 0 0 0 0 0 0 0 0 0
5958 0 0 0 0 0 0 0 0 0 0 0 0 0 0 0 0 0 0 0 0 0 0 5959 0 0 0 0 0 0 0
5959 0 0 0 0 0 5960 0 0 0 0 0 0 0 0 0 0 0 0 0 0 0 0 0 0 0 0 0 0 0 0
5960 0 0 0 0 0 0 0 0 0 0 0 0 0 0 0 0 0 0 0 0 0 0 0 0 0 0 0 0 0 1 inexpensive
5961 0 5962 0 0 0 5965 0 0 0 5972 0 0 5977 0 0 5987 0 0 0 0 0 0 0 0 0 0 0 0 0 0
5962 0 0 0 0 0 0 0 0 0 0 0 0 0 0 5963 0 0 0 0 0 0 0 0 0 0 0 0 0 0 0
5963 0 0 0 0 0 0 0 0 0 0 0 0 0 0 0 0 0 0 0 0 5964 0 0 0 0 0 0 0 0 0
5964 0 0 0 0 0 0 0 0 0 0 0 0 0 0 0 0 0 0 0 0 0 0 0 0 0 0 0 0 0 1 infant
5965 0 0 0 5966 0 0 0 0 0 0 0 0 0 0 0 0 0 0 5968 0 0 0 0 0 0 0 0 0 0 0
5966 0 0 0 0 0 0 0 0 0 0 0 0 0 0 0 0 0 0 0 0 5967 0 0 0 0 0 0 0 0 0
5967 0 0 0 0 0 0 0 0 0 0 0 0 0 0 0 0 0 0 0 0 0 0 0 0 0 0 0 0 0 1 infect
5968 0 0 0 0 0 0 0 0 0 5969 0 0 0 0 0 0 0 0 0 0 0 0 0 0 0 0 0 0 0 1 infer
5969 0 0 0 0 0 0 0 0 0 0 0 0 0 0 0 5970 0 0 0 0 0 0 0 0 0 0 0 0 0 0
5970 0 0 0 0 0 0 0 0 0 0 0 0 0 0 0 0 0 0 5971 0 0 0 0 0 0 0 0 0 0 0
5971 0 0 0 0 0 0 0 0 0 0 0 0 0 0 0 0 0 0 0 0 0 0 0 0 0 0 0 0 0 1 inferior
5972 0 0 0 0 0 0 0 0 0 0 0 0 0 0 5973 0 0 0 0 0 0 0 0 0 0 0 0 0 0 0
5973 0 0 0 0 0 0 0 0 0 5974 0 0 0 0 0 0 0 0 0 0 0 0 0 0 0 0 0 0 0 0
5974 0 0 0 0 0 0 0 0 0 0 0 0 0 0 0 0 0 0 0 0 5975 0 0 0 0 0 0 0 0 0
5975 0 0 0 0 0 5976 0 0 0 0 0 0 0 0 0 0 0 0 0 0 0 0 0 0 0 0 0 0 0 0
5976 0 0 0 0 0 0 0 0 0 0 0 0 0 0 0 0 0 0 0 0 0 0 0 0 0 0 0 0 0 1 infinite
5977 0 0 0 0 0 0 0 0 0 0 0 0 0 0 0 0 0 0 0 0 0 5978 0 0 0 0 0 0 0 0
5978 0 0 0 0 0 5979 0 0 0 0 0 0 0 0 0 0 0 0 0 0 0 0 0 0 0 0 0 0 0 0
5979 0 0 0 0 0 0 0 0 0 0 0 0 0 0 5980 0 0 0 0 0 0 0 0 0 0 0 0 0 0 0
5980 0 0 0 5981 0 0 0 0 0 0 0 0 0 0 0 0 0 0 0 0 5983 0 0 0 0 0 0 0 0 0
5981 0 0 0 0 0 5982 0 0 0 0 0 0 0 0 0 0 0 0 0 0 0 0 0 0 0 0 0 0 0 0
5982 0 0 0 0 0 0 0 0 0 0 0 0 0 0 0 0 0 0 0 0 0 0 0 0 0 0 0 0 0 1 influence
5983 0 0 0 0 0 0 0 0 0 5984 0 0 0 0 0 0 0 0 0 0 0 0 0 0 0 0 0 0 0 0
5984 0 5985 0 0 0 0 0 0 0 0 0 0 0 0 0 0 0 0 0 0 0 0 0 0 0 0 0 0 0 0
5985 0 0 0 0 0 0 0 0 0 0 0 0 5986 0 0 0 0 0 0 0 0 0 0 0 0 0 0 0 0 0
5986 0 0 0 0 0 0 0 0 0 0 0 0 0 0 0 0 0 0 0 0 0 0 0 0 0 0 0 0 0 1 influential
5987 0 0 0 0 0 0 0 0 0 0 0 0 0 0 0 0 0 0 5988 0 0 0 0 0 0 0 0 0 0 0
5988 0 0 0 0 0 0 0 0 0 0 0 0 0 5989 0 0 0 0 0 0 0 0 0 0 0 0 0 0 0 0
5989 0 5990 0 0 0 0 0 0 0 0 0 0 0 0 0 0 0 0 0 0 0 0 0 0 0 0 0 0 0 1 inform
5990 0 0 0 0 0 0 0 0 0 0 0 0 0 0 0 0 0 0 0 0 5991 0 0 0 0 0 0 0 0 0
5991 0 0 0 0 0 0 0 0 0 5992 0 0 0 0 0 0 0 0 0 0 0 0 0 0 0 0 0 0 0 0
5992 0 0 0 0 0 0 0 0 0 0 0 0 0 0 0 5993 0 0 0 0 0 0 0 0 0 0 0 0 0 0
5993 0 0 0 0 0 0 0 0 0 0 0 0 0 0 5994 0 0 0 0 0 0 0 0 0 0 0 0 0 0 0
5994 0 0 0 0 0 0 0 0 0 0 0 0 0 0 0 0 0 0 0 0 0 0 0 0 0 0 0 0 0 1 information
5995 0 5996 0 0 0 6003 0 0 0 0 0 0 0 0 0 0 0 0 0 0 0 0 0 0 0 0 0 0 0 0
5996 0 0 5997 0 0 0 0 0 0 0 0 0 0 0 0 0 0 0 0 0 0 0 0 0 0 0 0 0 0 0
5997 0 0 0 0 0 0 0 0 0 5998 0 0 0 0 0 0 0 0 0 0 0 0 0 0 0 0 0 0 0 0
5998 0 0 0 0 0 0 0 0 0 0 0 0 0 0 0 0 0 0 0 0 5999 0 0 0 0 0 0 0 0 0
5999 0 6000 0 0 0 0 0 0 0 0 0 0 0 0 0 0 0 0 0 0 0 0 0 0 0 0 0 0 0 1 inhabit
6000 0 0 0 0 0 0 0 0 0 0 0 0 0 0 6001 0 0 0 0 0 0 0 0 0 0 0 0 0 0 0
6001 0 0 0 0 0 0 0 0 0 0 0 0 0 0 0 0 0 0 0 0 6002 0 0 0 0 0 0 0 0 0
6002 0 0 0 0 0 0 0 0 0 0 0 0 0 0 0 0 0 0 0 0 0 0 0 0 0 0 0 0 0 1 inhabitant
6003 0 0 0 0 0 0 0 0 0 0 0 0 0 0 0 0 0 0 6004 0 0 0 0 0 0 0 0 0 0 0
6004 0 0 0 0 0 0 0 0 0 6005 0 0 0 0 0 0 0 0 0 0 0 0 0 0 0 0 0 0 0 0
6005 0 0 0 0 0 0 0 0 0 0 0 0 0 0 0 0 0 0 0 0 6006 0 0 0 0 0 0 0 0 0
6006 0 0 0 0 0 0 0 0 0 0 0 0 0 0 0 0 0 0 0 0 0 0 0 0 0 0 0 0 0 1 inherit
6007 0 0 0 0 0 0 0 0 0 0 0 0 0 0 0 0 0 0 0 0 6008 0 0 0 0 0 0 0 0 0
6008 0 0 0 0 0 0 0 0 0 6009 0 0 0 0 0 0 0 0 0 0 0 0 0 0 0 0 0 0 0 0
6009 0 6010 0 0 0 0 0 0 0 0 0 0 0 0 0 0 0 0 0 0 0 0 0 0 0 0 0 0 0 0
6010 0 0 0 0 0 0 0 0 0 0 0 0 6011 0 0 0 0 0 0 0 0 0 0 0 0 0 0 0 0 0
6011 0 0 0 0 0 0 0 0 0 0 0 0 0 0 0 0 0 0 0 0 0 0 0 0 0 0 0 0 0 1 initial
6012 0 0 0 0 0 6013 0 0 0 0 0 0 0 0 0 0 0 0 0 0 0 6019 0 0 0 0 0 0 0 0
6013 0 0 0 6014 0 0 0 0 0 0 0 0 0 0 0 0 0 0 0 0 0 0 0 0 0 0 0 0 0 0
6014 0 0 0 0 0 0 0 0 0 0 0 0 0 0 0 0 0 0 0 0 6015 0 0 0 0 0 0 0 0 0
6015 0 0 0 0 0 0 0 0 0 6016 0 0 0 0 0 0 0 0 0 0 0 0 0 0 0 0 0 0 0 0
6016 0 0 0 0 0 0 0 0 0 0 0 0 0 0 0 6017 0 0 0 0 0 0 0 0 0 0 0 0 0 0
6017 0 0 0 0 0 0 0 0 0 0 0 0 0 0 6018 0 0 0 0 0 0 0 0 0 0 0 0 0 0 0
6018 0 0 0 0 0 0 0 0 0 0 0 0 0 0 0 0 0 0 0 0 0 0 0 0 0 0 0 0 0 1 injection
6019 0 0 0 0 0 0 0 0 0 0 0 0 0 0 0 0 0 0 6020 0 0 0 0 0 0 0 0 0 0 0
6020 0 0 0 0 0 6021 0 0 0 0 0 0 0 0 0 0 0 0 0 0 0 0 0 0 0 6022 0 0 0 0
6021 0 0 0 0 0 0 0 0 0 0 0 0 0 0 0 0 0 0 0 0 0 0 0 0 0 0 0 0 0 1 injure
6022 0 0 0 0 0 0 0 0 0 0 0 0 0 0 0 0 0 0 0 0 0 0 0 0 0 0 0 0 0 1 injury
6023 0 0 0 0 0 0 0 0 0 0 0 0 0 0 0 0 0 0 0 0 0 0 0 0 0 0 0 0 0 1 ink
6024 0 0 0 0 0 6025 0 0 0 0 0 0 0 0 0 6027 0 0 0 0 0 0 0 0 0 0 0 0 0 1 inn
6025 0 0 0 0 0 0 0 0 0 0 0 0 0 0 0 0 0 0 6026 0 0 0 0 0 0 0 0 0 0 0
6026 0 0 0 0 0 0 0 0 0 0 0 0 0 0 0 0 0 0 0 0 0 0 0 0 0 0 0 0 0 1 inner
6027 0 0 0 6028 0 0 0 0 0 0 0 0 0 0 0 0 0 0 0 0 0 0 0 0 0 0 0 0 0 0
6028 0 0 0 0 0 6029 0 0 0 0 0 0 0 0 0 0 0 0 0 0 0 0 0 0 0 0 0 0 0 0
6029 0 0 0 0 0 0 0 0 0 0 0 0 0 0 6030 0 0 0 0 0 0 0 0 0 0 0 0 0 0 0
6030 0 0 0 0 0 0 0 0 0 0 0 0 0 0 0 0 0 0 0 0 6031 0 0 0 0 0 0 0 0 0
6031 0 0 0 0 0 0 0 0 0 0 0 0 0 0 0 0 0 0 0 0 0 0 0 0 0 0 0 0 0 1 innocent
6032 0 0 0 0 0 0 0 0 0 0 0 0 0 0 0 0 0 0 0 0 0 6033 0 0 0 0 0 0 0 0
6033 0 0 0 0 0 0 0 0 0 0 0 0 0 0 0 0 0 0 0 0 6034 0 0 0 0 0 0 0 0 0
6034 0 0 0 0 0 0 0 0 0 0 0 0 0 0 0 0 0 0 0 0 0 0 0 0 0 0 0 0 0 1 input
6035 0 0 0 0 0 0 0 0 0 0 0 0 0 0 0 0 0 0 0 0 0 6036 0 0 0 0 0 0 0 0
6036 0 0 0 0 0 0 0 0 0 6037 0 0 0 0 0 0 0 0 0 0 0 0 0 0 0 0 0 0 0 0
6037 0 0 0 0 0 0 0 0 0 0 0 0 0 0 0 0 0 0 6038 0 0 0 0 0 0 0 0 0 0 0
6038 0 0 0 0 0 6039 0 0 0 0 0 0 0 0 0 0 0 0 0 0 0 0 0 0 0 6040 0 0 0 0
6039 0 0 0 0 0 0 0 0 0 0 0 0 0 0 0 0 0 0 0 0 0 0 0 0 0 0 0 0 0 1 inquire
6040 0 0 0 0 0 0 0 0 0 0 0 0 0 0 0 0 0 0 0 0 0 0 0 0 0 0 0 0 0 1 inquiry
6041 0 0 0 0 0 6042 0 0 0 6047 0 0 0 0 0 0 6052 0 0 0 6062 6102 0 0 0 0 0 0 0 0
6042 0 0 0 6043 0 0 0 0 0 0 0 0 0 0 0 0 0 0 6045 0 0 0 0 0 0 0 0 0 0 0
6043 0 0 0 0 0 0 0 0 0 0 0 0 0 0 0 0 0 0 0 0 6044 0 0 0 0 0 0 0 0 0
6044 0 0 0 0 0 0 0 0 0 0 0 0 0 0 0 0 0 0 0 0 0 0 0 0 0 0 0 0 0 1 insect
6045 0 0 0 0 0 0 0 0 0 0 0 0 0 0 0 0 0 0 0 0 6046 0 0 0 0 0 0 0 0 0
6046 0 0 0 0 0 0 0 0 0 0 0 0 0 0 0 0 0 0 0 0 0 0 0 0 0 0 0 0 0 1 insert
6047 0 0 0 0 6048 0 0 0 0 0 0 0 0 0 0 0 0 0 0 6050 0 0 0 0 0 0 0 0 0 0
6048 0 0 0 0 0 6049 0 0 0 0 0 0 0 0 0 0 0 0 0 0 0 0 0 0 0 0 0 0 0 0
6049 0 0 0 0 0 0 0 0 0 0 0 0 0 0 0 0 0 0 0 0 0 0 0 0 0 0 0 0 0 1 inside
6050 0 0 0 0 0 0 0 0 0 0 0 0 0 0 0 0 0 0 0 0 6051 0 0 0 0 0 0 0 0 0
6051 0 0 0 0 0 0 0 0 0 0 0 0 0 0 0 0 0 0 0 0 0 0 0 0 0 0 0 0 0 1 insist
6052 0 0 0 0 0 6053 0 0 0 6059 0 0 0 0 0 0 0 0 0 0 0 0 0 0 0 0 0 0 0 0
6053 0 0 0 6054 0 0 0 0 0 0 0 0 0 0 0 0 0 0 0 0 0 0 0 0 0 0 0 0 0 0
6054 0 0 0 0 0 0 0 0 0 0 0 0 0 0 0 0 0 0 0 0 6055 0 0 0 0 0 0 0 0 0
6055 0 0 0 0 0 0 0 0 0 6056 0 0 0 0 0 0 0 0 0 0 0 0 0 0 0 0 0 0 0 1 inspect
6056 0 0 0 0 0 0 0 0 0 0 0 0 0 0 0 6057 0 0 0 0 0 0 0 0 0 0 0 0 0 0
6057 0 0 0 0 0 0 0 0 0 0 0 0 0 0 6058 0 0 0 0 0 0 0 0 0 0 0 0 0 0 0
6058 0 0 0 0 0 0 0 0 0 0 0 0 0 0 0 0 0 0 0 0 0 0 0 0 0 0 0 0 0 1 inspection
6059 0 0 0 0 0 0 0 0 0 0 0 0 0 0 0 0 0 0 6060 0 0 0 0 0 0 0 0 0 0 0
6060 0 0 0 0 0 6061 0 0 0 0 0 0 0 0 0 0 0 0 0 0 0 0 0 0 0 0 0 0 0 0
6061 0 0 0 0 0 0 0 0 0 0 0 0 0 0 0 0 0 0 0 0 0 0 0 0 0 0 0 0 0 1 inspire
6062 0 6063 0 0 0 6077 0 0 0 6080 0 0 0 0 0 0 0 0 6091 0 0 0 0 0 0 0 0 0 0 0
6063 0 0 0 0 0 0 0 0 0 0 0 0 6064 0 6071 0 0 0 0 0 0 0 0 0 0 0 0 0 0 0
6064 0 0 0 0 0 0 0 0 0 0 0 0 6065 0 0 0 0 0 0 0 0 0 0 0 0 0 0 0 0 0
6065 0 6066 0 0 0 0 0 0 0 0 0 0 0 0 0 0 0 0 0 0 0 0 0 0 0 0 0 0 0 1 install
6066 0 0 0 0 0 0 0 0 0 0 0 0 0 0 0 0 0 0 0 0 6067 0 0 0 0 0 0 0 0 0
6067 0 0 0 0 0 0 0 0 0 6068 0 0 0 0 0 0 0 0 0 0 0 0 0 0 0 0 0 0 0 0
6068 0 0 0 0 0 0 0 0 0 0 0 0 0 0 0 6069 0 0 0 0 0 0 0 0 0 0 0 0 0 0
6069 0 0 0 0 0 0 0 0 0 0 0 0 0 0 6070 0 0 0 0 0 0 0 0 0 0 0 0 0 0 0
6070 0 0 0 0 0 0 0 0 0 0 0 0 0 0 0 0 0 0 0 0 0 0 0 0 0 0 0 0 0 1 installation
6071 0 0 0 6072 0 0 0 0 0 0 0 0 0 0 0 0 0 0 0 0 6074 0 0 0 0 0 0 0 0 0
6072 0 0 0 0 0 6073 0 0 0 0 0 0 0 0 0 0 0 0 0 0 0 0 0 0 0 0 0 0 0 0
6073 0 0 0 0 0 0 0 0 0 0 0 0 0 0 0 0 0 0 0 0 0 0 0 0 0 0 0 0 0 1 instance
6074 0 0 0 0 0 0 0 0 0 0 0 0 6075 0 0 0 0 0 0 0 0 0 0 0 0 0 0 0 0 1 instant
6075 0 0 0 0 0 0 0 0 0 0 0 0 0 0 0 0 0 0 0 0 0 0 0 0 0 6076 0 0 0 0
6076 0 0 0 0 0 0 0 0 0 0 0 0 0 0 0 0 0 0 0 0 0 0 0 0 0 0 0 0 0 1 instantly
6077 0 6078 0 0 0 0 0 0 0 0 0 0 0 0 0 0 0 0 0 0 0 0 0 0 0 0 0 0 0 0
6078 0 0 0 0 6079 0 0 0 0 0 0 0 0 0 0 0 0 0 0 0 0 0 0 0 0 0 0 0 0 0
6079 0 0 0 0 0 0 0 0 0 0 0 0 0 0 0 0 0 0 0 0 0 0 0 0 0 0 0 0 0 1 instead
6080 0 0 0 0 0 0 0 0 0 0 0 0 0 0 6081 0 0 0 0 0 6084 0 0 0 0 0 0 0 0 0
6081 0 0 0 6082 0 0 0 0 0 0 0 0 0 0 0 0 0 0 0 0 0 0 0 0 0 0 0 0 0 0
6082 0 0 0 0 0 0 0 0 0 0 0 0 0 0 0 0 0 0 0 0 6083 0 0 0 0 0 0 0 0 0
6083 0 0 0 0 0 0 0 0 0 0 0 0 0 0 0 0 0 0 0 0 0 0 0 0 0 0 0 0 0 1 instinct
6084 0 0 0 0 0 0 0 0 0 0 0 0 0 0 0 0 0 0 0 0 0 6085 0 0 0 0 0 0 0 0
6085 0 0 0 0 0 0 0 0 0 0 0 0 0 0 0 0 0 0 0 0 6086 0 0 0 0 0 0 0 0 0
6086 0 0 0 0 0 6087 0 0 0 6088 0 0 0 0 0 0 0 0 0 0 0 0 0 0 0 0 0 0 0 0
6087 0 0 0 0 0 0 0 0 0 0 0 0 0 0 0 0 0 0 0 0 0 0 0 0 0 0 0 0 0 1 institute
6088 0 0 0 0 0 0 0 0 0 0 0 0 0 0 0 6089 0 0 0 0 0 0 0 0 0 0 0 0 0 0
6089 0 0 0 0 0 0 0 0 0 0 0 0 0 0 6090 0 0 0 0 0 0 0 0 0 0 0 0 0 0 0
6090 0 0 0 0 0 0 0 0 0 0 0 0 0 0 0 0 0 0 0 0 0 0 0 0 0 0 0 0 0 1 institution
6091 0 0 0 0 0 0 0 0 0 0 0 0 0 0 0 0 0 0 0 0 0 6092 0 0 0 0 0 0 0 0
6092 0 0 0 6093 0 0 0 0 0 0 0 0 0 6098 0 0 0 0 0 0 0 0 0 0 0 0 0 0 0 0
6093 0 0 0 0 0 0 0 0 0 0 0 0 0 0 0 0 0 0 0 0 6094 0 0 0 0 0 0 0 0 0
6094 0 0 0 0 0 0 0 0 0 6095 0 0 0 0 0 0 0 0 0 0 0 0 0 0 0 0 0 0 0 1 instruct
6095 0 0 0 0 0 0 0 0 0 0 0 0 0 0 0 6096 0 0 0 0 0 0 0 0 0 0 0 0 0 0
6096 0 0 0 0 0 0 0 0 0 0 0 0 0 0 6097 0 0 0 0 0 0 0 0 0 0 0 0 0 0 0
6097 0 0 0 0 0 0 0 0 0 0 0 0 0 0 0 0 0 0 0 0 0 0 0 0 0 0 0 0 0 1 instruction
6098 0 0 0 0 0 6099 0 0 0 0 0 0 0 0 0 0 0 0 0 0 0 0 0 0 0 0 0 0 0 0
6099 0 0 0 0 0 0 0 0 0 0 0 0 0 0 6100 0 0 0 0 0 0 0 0 0 0 0 0 0 0 0
6100 0 0 0 0 0 0 0 0 0 0 0 0 0 0 0 0 0 0 0 0 6101 0 0 0 0 0 0 0 0 0
6101 0 0 0 0 0 0 0 0 0 0 0 0 0 0 0 0 0 0 0 0 0 0 0 0 0 0 0 0 0 1 instrument
6102 0 0 0 0 0 0 6103 0 0 0 0 0 6111 0 0 0 0 0 6113 0 0 0 0 0 0 0 0 0 0 0
6103 0 0 0 0 0 0 6104 0 0 0 0 0 0 0 0 0 0 0 0 0 0 0 0 0 0 0 0 0 0 0
6104 0 0 0 0 0 0 0 0 0 6105 0 0 0 0 0 0 0 0 0 0 0 0 0 0 0 0 0 0 0 0
6105 0 0 0 6106 0 0 0 0 0 0 0 0 0 0 0 0 0 0 0 0 0 0 0 0 0 0 0 0 0 0
6106 0 0 0 0 0 0 0 0 0 6107 0 0 0 0 0 0 0 0 0 0 0 0 0 0 0 0 0 0 0 0
6107 0 0 0 0 0 6108 0 0 0 0 0 0 0 0 0 0 0 0 0 0 0 0 0 0 0 0 0 0 0 0
6108 0 0 0 0 0 0 0 0 0 0 0 0 0 0 6109 0 0 0 0 0 0 0 0 0 0 0 0 0 0 0
6109 0 0 0 0 0 0 0 0 0 0 0 0 0 0 0 0 0 0 0 0 6110 0 0 0 0 0 0 0 0 0
6110 0 0 0 0 0 0 0 0 0 0 0 0 0 0 0 0 0 0 0 0 0 0 0 0 0 0 0 0 0 1 insufficient
6111 0 0 0 0 0 0 0 0 0 0 0 0 0 0 0 0 0 0 0 0 6112 0 0 0 0 0 0 0 0 0
6112 0 0 0 0 0 0 0 0 0 0 0 0 0 0 0 0 0 0 0 0 0 0 0 0 0 0 0 0 0 1 insult
6113 0 6114 0 0 0 6118 0 0 0 0 0 0 0 0 0 0 0 0 0 0 0 0 0 0 0 0 0 0 0 0
6114 0 0 0 0 0 0 0 0 0 0 0 0 0 0 6115 0 0 0 0 0 0 0 0 0 0 0 0 0 0 0
6115 0 0 0 6116 0 0 0 0 0 0 0 0 0 0 0 0 0 0 0 0 0 0 0 0 0 0 0 0 0 0
6116 0 0 0 0 0 6117 0 0 0 0 0 0 0 0 0 0 0 0 0 0 0 0 0 0 0 0 0 0 0 0
6117 0 0 0 0 0 0 0 0 0 0 0 0 0 0 0 0 0 0 0 0 0 0 0 0 0 0 0 0 0 1 insurance
6118 0 0 0 0 0 0 0 0 0 0 0 0 0 0 0 0 0 0 0 0 0 0 0 0 0 0 0 0 0 1 insure
6119 0 0 0 0 0 6120 0 0 0 6214 0 0 0 0 0 6219 0 0 6220 0 0 0 0 0 0 0 0 0 0 0
6120 0 0 0 0 0 0 0 0 0 0 0 0 6121 0 6136 0 0 0 6151 0 0 0 0 0 0 0 0 0 0 0
6121 0 0 0 0 0 0 0 0 0 0 0 0 6122 0 0 0 0 0 0 0 0 0 0 0 0 0 0 0 0 0
6122 0 0 0 0 0 6123 0 0 0 6129 0 0 0 0 0 0 0 0 0 0 0 0 0 0 0 0 0 0 0 0
6123 0 0 0 6124 0 0 0 0 0 0 0 0 0 0 0 0 0 0 0 0 0 0 0 0 0 0 0 0 0 0
6124 0 0 0 0 0 0 0 0 0 0 0 0 0 0 0 0 0 0 0 0 6125 0 0 0 0 0 0 0 0 0
6125 0 0 0 0 0 0 0 0 0 0 0 0 0 0 0 0 0 0 0 0 0 6126 0 0 0 0 0 0 0 0
6126 0 6127 0 0 0 0 0 0 0 0 0 0 0 0 0 0 0 0 0 0 0 0 0 0 0 0 0 0 0 0
6127 0 0 0 0 0 0 0 0 0 0 0 0 6128 0 0 0 0 0 0 0 0 0 0 0 0 0 0 0 0 0
6128 0 0 0 0 0 0 0 0 0 0 0 0 0 0 0 0 0 0 0 0 0 0 0 0 0 0 0 0 0 1 intellectual
6129 0 0 0 0 0 0 0 6130 0 0 0 0 0 0 0 0 0 0 0 0 0 0 0 0 0 0 0 0 0 0
6130 0 0 0 0 0 6131 0 0 0 0 0 0 0 0 0 0 0 0 0 0 0 0 0 0 0 0 0 0 0 0
6131 0 0 0 0 0 0 0 0 0 0 0 0 0 0 6132 0 0 0 0 0 0 0 0 0 0 0 0 0 0 0
6132 0 0 0 6133 0 0 0 0 0 0 0 0 0 0 0 0 0 0 0 0 6135 0 0 0 0 0 0 0 0 0
6133 0 0 0 0 0 6134 0 0 0 0 0 0 0 0 0 0 0 0 0 0 0 0 0 0 0 0 0 0 0 0
6134 0 0 0 0 0 0 0 0 0 0 0 0 0 0 0 0 0 0 0 0 0 0 0 0 0 0 0 0 0 1 intelligence
6135 0 0 0 0 0 0 0 0 0 0 0 0 0 0 0 0 0 0 0 0 0 0 0 0 0 0 0 0 0 1 intelligent
6136 0 0 0 0 6137 0 0 0 0 0 0 0 0 0 0 0 0 0 0 6138 6145 0 0 0 0 0 0 0 0 0
6137 0 0 0 0 0 0 0 0 0 0 0 0 0 0 0 0 0 0 0 0 0 0 0 0 0 0 0 0 0 1 intend
6138 0 0 0 0 0 6139 0 0 0 6140 0 0 0 0 0 0 0 0 0 0 0 0 0 0 0 0 0 0 0 0
6139 0 0 0 0 0 0 0 0 0 0 0 0 0 0 0 0 0 0 0 0 0 0 0 0 0 0 0 0 0 1 intense
6140 0 0 0 0 0 0 0 0 0 0 0 0 0 0 0 0 0 0 0 0 6141 0 6143 0 0 0 0 0 0 0
6141 0 0 0 0 0 0 0 0 0 0 0 0 0 0 0 0 0 0 0 0 0 0 0 0 0 6142 0 0 0 0
6142 0 0 0 0 0 0 0 0 0 0 0 0 0 0 0 0 0 0 0 0 0 0 0 0 0 0 0 0 0 1 intensity
6143 0 0 0 0 0 6144 0 0 0 0 0 0 0 0 0 0 0 0 0 0 0 0 0 0 0 0 0 0 0 0
6144 0 0 0 0 0 0 0 0 0 0 0 0 0 0 0 0 0 0 0 0 0 0 0 0 0 0 0 0 0 1 intensive
6145 0 0 0 0 0 0 0 0 0 6146 0 0 0 0 0 0 0 0 0 0 0 0 0 0 0 0 0 0 0 0
6146 0 0 0 0 0 0 0 0 0 0 0 0 0 0 0 6147 0 0 0 0 0 0 0 0 0 0 0 0 0 0
6147 0 0 0 0 0 0 0 0 0 0 0 0 0 0 6148 0 0 0 0 0 0 0 0 0 0 0 0 0 0 0
6148 0 6149 0 0 0 0 0 0 0 0 0 0 0 0 0 0 0 0 0 0 0 0 0 0 0 0 0 0 0 1 intention
6149 0 0 0 0 0 0 0 0 0 0 0 0 6150 0 0 0 0 0 0 0 0 0 0 0 0 0 0 0 0 0
6150 0 0 0 0 0 0 0 0 0 0 0 0 0 0 0 0 0 0 0 0 0 0 0 0 0 0 0 0 0 1 intentional
6151 0 6152 0 0 0 6158 6164 0 0 6171 0 0 0 6174 6181 0 6190 0 6201 0 0 0 6208 0 0 0 0 0 0 0
6152 0 0 0 6153 0 0 0 0 0 0 0 0 0 0 0 0 0 0 0 0 0 0 0 0 0 0 0 0 0 0
6153 0 0 0 0 0 0 0 0 0 0 0 0 0 0 0 0 0 0 0 0 6154 0 0 0 0 0 0 0 0 0
6154 0 0 0 0 0 0 0 0 0 6155 0 0 0 0 0 0 0 0 0 0 0 0 0 0 0 0 0 0 0 0
6155 0 0 0 0 0 0 0 0 0 0 0 0 0 0 0 6156 0 0 0 0 0 0 0 0 0 0 0 0 0 0
6156 0 0 0 0 0 0 0 0 0 0 0 0 0 0 6157 0 0 0 0 0 0 0 0 0 0 0 0 0 0 0
6157 0 0 0 0 0 0 0 0 0 0 0 0 0 0 0 0 0 0 0 0 0 0 0 0 0 0 0 0 0 1 interaction
6158 0 0 0 0 0 0 0 0 0 0 0 0 0 0 0 0 0 0 0 6159 0 0 0 0 0 0 0 0 0 0
6159 0 0 0 0 0 0 0 0 0 0 0 0 0 0 0 0 0 0 0 0 6160 0 0 0 0 0 0 0 0 0
6160 0 0 0 0 0 0 0 0 0 6161 0 0 0 0 0 0 0 0 0 0 0 0 0 0 0 0 0 0 0 1 interest
6161 0 0 0 0 0 0 0 0 0 0 0 0 0 0 6162 0 0 0 0 0 0 0 0 0 0 0 0 0 0 0
6162 0 0 0 0 0 0 0 6163 0 0 0 0 0 0 0 0 0 0 0 0 0 0 0 0 0 0 0 0 0 0
6163 0 0 0 0 0 0 0 0 0 0 0 0 0 0 0 0 0 0 0 0 0 0 0 0 0 0 0 0 0 1 interesting
6164 0 0 0 0 0 6165 0 0 0 0 0 0 0 0 0 0 0 0 0 0 0 0 0 0 0 0 0 0 0 0
6165 0 0 0 0 0 0 0 0 0 0 0 0 0 0 0 0 0 0 6166 0 0 0 0 0 0 0 0 0 0 0
6166 0 0 0 0 0 6167 0 0 0 0 0 0 0 0 0 0 0 0 0 0 0 0 0 0 0 0 0 0 0 0
6167 0 0 0 0 0 0 0 0 0 0 0 0 0 0 6168 0 0 0 0 0 0 0 0 0 0 0 0 0 0 1 interfere
6168 0 0 0 6169 0 0 0 0 0 0 0 0 0 0 0 0 0 0 0 0 0 0 0 0 0 0 0 0 0 0
6169 0 0 0 0 0 6170 0 0 0 0 0 0 0 0 0 0 0 0 0 0 0 0 0 0 0 0 0 0 0 0
6170 0 0 0 0 0 0 0 0 0 0 0 0 0 0 0 0 0 0 0 0 0 0 0 0 0 0 0 0 0 1 interference
6171 0 0 0 0 0 0 0 0 0 0 0 0 0 0 0 6172 0 0 0 0 0 0 0 0 0 0 0 0 0 0
6172 0 0 0 0 0 0 0 0 0 0 0 0 0 0 0 0 0 0 6173 0 0 0 0 0 0 0 0 0 0 0
6173 0 0 0 0 0 0 0 0 0 0 0 0 0 0 0 0 0 0 0 0 0 0 0 0 0 0 0 0 0 1 interior
6174 0 0 0 0 0 6175 0 0 0 0 0 0 0 0 0 0 0 0 0 0 0 0 0 0 0 0 0 0 0 0
6175 0 0 0 0 6176 0 0 0 0 0 0 0 0 0 0 0 0 0 0 0 0 0 0 0 0 0 0 0 0 0
6176 0 0 0 0 0 0 0 0 0 6177 0 0 0 0 0 0 0 0 0 0 0 0 0 0 0 0 0 0 0 0
6177 0 6178 0 0 0 0 0 0 0 0 0 0 0 0 0 0 0 0 0 0 0 0 0 0 0 0 0 0 0 0
6178 0 0 0 0 0 0 0 0 0 0 0 0 0 0 0 0 0 0 0 0 6179 0 0 0 0 0 0 0 0 0
6179 0 0 0 0 0 6180 0 0 0 0 0 0 0 0 0 0 0 0 0 0 0 0 0 0 0 0 0 0 0 0
6180 0 0 0 0 0 0 0 0 0 0 0 0 0 0 0 0 0 0 0 0 0 0 0 0 0 0 0 0 0 1 intermediate
6181 0 6182 0 0 0 0 0 0 0 0 0 0 0 0 0 0 0 0 0 0 0 0 0 0 0 0 0 0 0 0
6182 0 0 0 0 0 0 0 0 0 0 0 0 6183 0 0 0 0 0 0 0 6184 0 0 0 0 0 0 0 0 0
6183 0 0 0 0 0 0 0 0 0 0 0 0 0 0 0 0 0 0 0 0 0 0 0 0 0 0 0 0 0 1 internal
6184 0 0 0 0 0 0 0 0 0 6185 0 0 0 0 0 0 0 0 0 0 0 0 0 0 0 0 0 0 0 0
6185 0 0 0 0 0 0 0 0 0 0 0 0 0 0 0 6186 0 0 0 0 0 0 0 0 0 0 0 0 0 0
6186 0 0 0 0 0 0 0 0 0 0 0 0 0 0 6187 0 0 0 0 0 0 0 0 0 0 0 0 0 0 0
6187 0 6188 0 0 0 0 0 0 0 0 0 0 0 0 0 0 0 0 0 0 0 0 0 0 0 0 0 0 0 0
6188 0 0 0 0 0 0 0 0 0 0 0 0 6189 0 0 0 0 0 0 0 0 0 0 0 0 0 0 0 0 0
6189 0 0 0 0 0 0 0 0 0 0 0 0 0 0 0 0 0 0 0 0 0 0 0 0 0 0 0 0 0 1 international
6190 0 0 0 0 0 0 0 0 0 0 0 0 0 0 0 0 0 0 6191 0 0 0 0 0 0 0 0 0 0 0
6191 0 0 0 0 0 6192 0 0 0 0 0 0 0 0 0 0 0 0 0 0 0 0 0 0 0 0 0 0 0 0
6192 0 0 0 0 0 0 0 0 0 0 0 0 0 0 0 0 0 0 0 0 6193 0 0 0 0 0 0 0 0 0
6193 0 6194 0 0 0 6199 0 0 0 0 0 0 0 0 0 0 0 0 0 0 0 0 0 0 0 0 0 0 0 1 interpret
6194 0 0 0 0 0 0 0 0 0 0 0 0 0 0 0 0 0 0 0 0 6195 0 0 0 0 0 0 0 0 0
6195 0 0 0 0 0 0 0 0 0 6196 0 0 0 0 0 0 0 0 0 0 0 0 0 0 0 0 0 0 0 0
6196 0 0 0 0 0 0 0 0 0 0 0 0 0 0 0 6197 0 0 0 0 0 0 0 0 0 0 0 0 0 0
6197 0 0 0 0 0 0 0 0 0 0 0 0 0 0 6198 0 0 0 0 0 0 0 0 0 0 0 0 0 0 0
6198 0 0 0 0 0 0 0 0 0 0 0 0 0 0 0 0 0 0 0 0 0 0 0 0 0 0 0 0 0 1 interpretation
6199 0 0 0 0 0 0 0 0 0 0 0 0 0 0 0 0 0 0 6200 0 0 0 0 0 0 0 0 0 0 0
6200 0 0 0 0 0 0 0 0 0 0 0 0 0 0 0 0 0 0 0 0 0 0 0 0 0 0 0 0 0 1 interpreter
6201 0 0 0 0 0 0 0 0 0 0 0 0 0 0 0 0 0 0 0 0 0 6202 0 0 0 0 0 0 0 0
6202 0 0 0 0 0 0 0 0 0 0 0 0 0 0 0 0 6203 0 0 0 0 0 0 0 0 0 0 0 0 0
6203 0 0 0 0 0 0 0 0 0 0 0 0 0 0 0 0 0 0 0 0 6204 0 0 0 0 0 0 0 0 0
6204 0 0 0 0 0 0 0 0 0 6205 0 0 0 0 0 0 0 0 0 0 0 0 0 0 0 0 0 0 0 1 interrupt
6205 0 0 0 0 0 0 0 0 0 0 0 0 0 0 0 6206 0 0 0 0 0 0 0 0 0 0 0 0 0 0
6206 0 0 0 0 0 0 0 0 0 0 0 0 0 0 6207 0 0 0 0 0 0 0 0 0 0 0 0 0 0 0
6207 0 0 0 0 0 0 0 0 0 0 0 0 0 0 0 0 0 0 0 0 0 0 0 0 0 0 0 0 0 1 interruption
6208 0 6209 0 0 0 0 0 0 0 6211 0 0 0 0 0 0 0 0 0 0 0 0 0 0 0 0 0 0 0 0
6209 0 0 0 0 0 0 0 0 0 0 0 0 6210 0 0 0 0 0 0 0 0 0 0 0 0 0 0 0 0 0
6210 0 0 0 0 0 0 0 0 0 0 0 0 0 0 0 0 0 0 0 0 0 0 0 0 0 0 0 0 0 1 interval
6211 0 0 0 0 0 6212 0 0 0 0 0 0 0 0 0 0 0 0 0 0 0 0 0 0 0 0 0 0 0 0
6212 0 0 0 0 0 0 0 0 0 0 0 0 0 0 0 0 0 0 0 0 0 0 0 6213 0 0 0 0 0 0
6213 0 0 0 0 0 0 0 0 0 0 0 0 0 0 0 0 0 0 0 0 0 0 0 0 0 0 0 0 0 1 interview
6214 0 0 0 0 0 0 0 0 0 0 0 0 0 6215 0 0 0 0 0 0 0 0 0 0 0 0 0 0 0 0
6215 0 6216 0 0 0 0 0 0 0 0 0 0 0 0 0 0 0 0 0 0 0 0 0 0 0 0 0 0 0 0
6216 0 0 0 0 0 0 0 0 0 0 0 0 0 0 0 0 0 0 0 0 6217 0 0 0 0 0 0 0 0 0
6217 0 0 0 0 0 6218 0 0 0 0 0 0 0 0 0 0 0 0 0 0 0 0 0 0 0 0 0 0 0 0
6218 0 0 0 0 0 0 0 0 0 0 0 0 0 0 0 0 0 0 0 0 0 0 0 0 0 0 0 0 0 1 intimate
6219 0 0 0 0 0 0 0 0 0 0 0 0 0 0 0 0 0 0 0 0 0 0 0 0 0 0 0 0 0 1 into
6220 0 0 0 0 0 0 0 0 0 0 0 0 0 0 0 6221 0 0 0 0 0 0 0 0 0 0 0 0 0 0
6221 0 0 0 0 6222 0 0 0 0 0 0 0 0 0 0 0 0 0 0 0 0 0 0 0 0 0 0 0 0 0
6222 0 0 0 0 0 0 0 0 0 0 0 0 0 0 0 0 0 0 0 0 0 6223 0 0 0 0 0 0 0 0
6223 0 0 0 6224 0 0 0 0 0 0 0 0 0 0 0 0 0 0 0 0 0 0 0 0 0 0 0 0 0 0
6224 0 0 0 0 0 6225 0 0 0 0 0 0 0 0 0 0 0 0 0 0 6226 0 0 0 0 0 0 0 0 0
6225 0 0 0 0 0 0 0 0 0 0 0 0 0 0 0 0 0 0 0 0 0 0 0 0 0 0 0 0 0 1 introduce
6226 0 0 0 0 0 0 0 0 0 6227 0 0 0 0 0 0 0 0 0 0 0 0 0 0 0 0 0 0 0 0
6227 0 0 0 0 0 0 0 0 0 0 0 0 0 0 0 6228 0 0 0 0 0 0 0 0 0 0 0 0 0 0
6228 0 0 0 0 0 0 0 0 0 0 0 0 0 0 6229 0 0 0 0 0 0 0 0 0 0 0 0 0 0 0
6229 0 0 0 0 0 0 0 0 0 0 0 0 0 0 0 0 0 0 0 0 0 0 0 0 0 0 0 0 0 1 introduction
6230 0 6231 0 0 0 6238 0 0 0 6260 0 0 0 0 0 6273 0 0 0 0 0 0 0 0 0 0 0 0 0 0
6231 0 0 0 0 6232 0 0 0 0 0 0 0 0 0 0 0 0 0 0 6234 0 0 0 0 0 0 0 0 0 0
6232 0 0 0 0 0 6233 0 0 0 0 0 0 0 0 0 0 0 0 0 0 0 0 0 0 0 0 0 0 0 0
6233 0 0 0 0 0 0 0 0 0 0 0 0 0 0 0 0 0 0 0 0 0 0 0 0 0 0 0 0 0 1 invade
6234 0 0 0 0 0 0 0 0 0 6235 0 0 0 0 0 0 0 0 0 0 0 0 0 0 0 0 0 0 0 0
6235 0 0 0 0 0 0 0 0 0 0 0 0 0 0 0 6236 0 0 0 0 0 0 0 0 0 0 0 0 0 0
6236 0 0 0 0 0 0 0 0 0 0 0 0 0 0 6237 0 0 0 0 0 0 0 0 0 0 0 0 0 0 0
6237 0 0 0 0 0 0 0 0 0 0 0 0 0 0 0 0 0 0 0 0 0 0 0 0 0 0 0 0 0 1 invasion
6238 0 0 0 0 0 0 0 0 0 0 0 0 0 0 6239 0 0 0 0 6246 0 0 0 0 0 0 0 0 0 0
6239 0 0 0 0 0 0 0 0 0 0 0 0 0 0 0 0 0 0 0 0 6240 0 0 0 0 0 0 0 0 0
6240 0 0 0 0 0 0 0 0 0 6241 0 0 0 0 0 6244 0 0 0 0 0 0 0 0 0 0 0 0 0 1 invent
6241 0 0 0 0 0 0 0 0 0 0 0 0 0 0 0 6242 0 0 0 0 0 0 0 0 0 0 0 0 0 0
6242 0 0 0 0 0 0 0 0 0 0 0 0 0 0 6243 0 0 0 0 0 0 0 0 0 0 0 0 0 0 0
6243 0 0 0 0 0 0 0 0 0 0 0 0 0 0 0 0 0 0 0 0 0 0 0 0 0 0 0 0 0 1 invention
6244 0 0 0 0 0 0 0 0 0 0 0 0 0 0 0 0 0 0 6245 0 0 0 0 0 0 0 0 0 0 0
6245 0 0 0 0 0 0 0 0 0 0 0 0 0 0 0 0 0 0 0 0 0 0 0 0 0 0 0 0 0 1 inventor
6246 0 0 0 0 0 0 0 0 0 0 0 0 0 0 0 0 0 0 0 0 6247 0 0 0 0 0 0 0 0 0
6247 0 0 0 0 0 0 0 0 0 6248 0 0 0 6256 0 0 0 0 0 0 0 0 0 0 0 0 0 0 0 1 invest
6248 0 0 0 0 0 0 0 6249 0 0 0 0 0 0 0 0 0 0 0 0 0 0 0 0 0 0 0 0 0 0
6249 0 6250 0 0 0 0 0 0 0 0 0 0 0 0 0 0 0 0 0 0 0 0 0 0 0 0 0 0 0 0
6250 0 0 0 0 0 0 0 0 0 0 0 0 0 0 0 0 0 0 0 0 6251 0 0 0 0 0 0 0 0 0
6251 0 0 0 0 0 6252 0 0 0 6253 0 0 0 0 0 0 0 0 0 0 0 0 0 0 0 0 0 0 0 0
6252 0 0 0 0 0 0 0 0 0 0 0 0 0 0 0 0 0 0 0 0 0 0 0 0 0 0 0 0 0 1 investigate
6253 0 0 0 0 0 0 0 0 0 0 0 0 0 0 0 6254 0 0 0 0 0 0 0 0 0 0 0 0 0 0
6254 0 0 0 0 0 0 0 0 0 0 0 0 0 0 6255 0 0 0 0 0 0 0 0 0 0 0 0 0 0 0
6255 0 0 0 0 0 0 0 0 0 0 0 0 0 0 0 0 0 0 0 0 0 0 0 0 0 0 0 0 0 1 investigation
6256 0 0 0 0 0 6257 0 0 0 0 0 0 0 0 0 0 0 0 0 0 0 0 0 0 0 0 0 0 0 0
6257 0 0 0 0 0 0 0 0 0 0 0 0 0 0 6258 0 0 0 0 0 0 0 0 0 0 0 0 0 0 0
6258 0 0 0 0 0 0 0 0 0 0 0 0 0 0 0 0 0 0 0 0 6259 0 0 0 0 0 0 0 0 0
6259 0 0 0 0 0 0 0 0 0 0 0 0 0 0 0 0 0 0 0 0 0 0 0 0 0 0 0 0 0 1 investment
6260 0 0 0 0 0 0 0 0 0 0 0 0 0 0 0 0 0 0 0 6261 6266 0 0 0 0 0 0 0 0 0
6261 0 0 0 0 0 0 0 0 0 6262 0 0 0 0 0 0 0 0 0 0 0 0 0 0 0 0 0 0 0 0
6262 0 0 6263 0 0 0 0 0 0 0 0 0 0 0 0 0 0 0 0 0 0 0 0 0 0 0 0 0 0 0
6263 0 0 0 0 0 0 0 0 0 0 0 0 6264 0 0 0 0 0 0 0 0 0 0 0 0 0 0 0 0 0
6264 0 0 0 0 0 6265 0 0 0 0 0 0 0 0 0 0 0 0 0 0 0 0 0 0 0 0 0 0 0 0
6265 0 0 0 0 0 0 0 0 0 0 0 0 0 0 0 0 0 0 0 0 0 0 0 0 0 0 0 0 0 1 invisible
6266 0 6267 0 0 0 6272 0 0 0 0 0 0 0 0 0 0 0 0 0 0 0 0 0 0 0 0 0 0 0 0
6267 0 0 0 0 0 0 0 0 0 0 0 0 0 0 0 0 0 0 0 0 6268 0 0 0 0 0 0 0 0 0
6268 0 0 0 0 0 0 0 0 0 6269 0 0 0 0 0 0 0 0 0 0 0 0 0 0 0 0 0 0 0 0
6269 0 0 0 0 0 0 0 0 0 0 0 0 0 0 0 6270 0 0 0 0 0 0 0 0 0 0 0 0 0 0
6270 0 0 0 0 0 0 0 0 0 0 0 0 0 0 6271 0 0 0 0 0 0 0 0 0 0 0 0 0 0 0
6271 0 0 0 0 0 0 0 0 0 0 0 0 0 0 0 0 0 0 0 0 0 0 0 0 0 0 0 0 0 1 invitation
6272 0 0 0 0 0 0 0 0 0 0 0 0 0 0 0 0 0 0 0 0 0 0 0 0 0 0 0 0 0 1 invite
6273 0 0 0 0 0 0 0 0 0 0 0 0 6274 0 0 0 0 0 0 0 0 0 0 0 0 0 0 0 0 0
6274 0 0 0 0 0 0 0 0 0 0 0 0 0 0 0 0 0 0 0 0 0 0 6275 0 0 0 0 0 0 0
6275 0 0 0 0 0 6276 0 0 0 0 0 0 0 0 0 0 0 0 0 0 0 0 0 0 0 0 0 0 0 0
6276 0 0 0 0 0 0 0 0 0 0 0 0 0 0 0 0 0 0 0 0 0 0 0 0 0 0 0 0 0 1 involve
6277 0 6278 0 0 0 0 0 0 0 0 0 0 0 0 0 0 0 0 0 0 0 0 0 0 0 0 0 0 0 0
6278 0 0 0 0 0 0 0 0 0 0 0 0 0 0 0 0 0 0 6279 0 0 0 0 0 0 0 0 0 0 0
6279 0 0 0 0 6280 0 0 0 0 0 0 0 0 0 0 0 0 0 0 0 0 0 0 0 0 0 0 0 0 0
6280 0 0 0 0 0 0 0 0 0 0 0 0 0 0 0 0 0 0 0 0 0 0 0 0 0 0 0 0 0 1 inward
6281 0 0 0 0 0 0 0 0 0 0 0 0 0 0 0 6282 0 0 6284 0 0 0 0 0 0 0 0 0 0 0
6282 0 0 0 0 0 0 0 0 0 0 0 0 0 0 6283 0 0 0 0 0 0 0 0 0 0 0 0 0 0 0
6283 0 0 0 0 0 0 0 0 0 0 0 0 0 0 0 0 0 0 0 0 0 0 0 0 0 0 0 0 0 1 iron
6284 0 0 0 0 0 6285 0 0 0 0 0 0 0 0 0 0 0 0 0 0 0 0 0 0 0 0 0 0 0 0
6285 0 0 0 0 0 0 0 6286 0 0 0 0 0 0 0 0 0 0 0 0 0 0 0 0 0 0 0 0 0 0
6286 0 0 0 0 0 0 0 0 0 0 0 0 0 0 0 0 0 0 0 0 0 6287 0 0 0 0 0 0 0 0
6287 0 0 0 0 0 0 0 0 0 0 0 0 6288 0 0 0 0 0 0 0 0 0 0 0 0 0 0 0 0 0
6288 0 6289 0 0 0 0 0 0 0 0 0 0 0 0 0 0 0 0 0 0 0 0 0 0 0 0 0 0 0 0
6289 0 0 0 0 0 0 0 0 0 0 0 0 0 0 0 0 0 0 6290 0 0 0 0 0 0 0 0 0 0 0
6290 0 0 0 0 0 0 0 0 0 0 0 0 0 0 0 0 0 0 0 0 0 0 0 0 0 0 0 0 0 1 irregular
6291 0 0 0 0 0 0 0 0 0 0 0 0 6292 0 0 6296 0 0 0 6301 0 0 0 0 0 0 0 0 0 0
6292 0 6293 0 0 0 0 0 0 0 0 0 0 0 0 0 0 0 0 0 0 0 0 0 0 0 0 0 0 0 0
6293 0 0 0 0 0 0 0 0 0 0 0 0 0 0 6294 0 0 0 0 0 0 0 0 0 0 0 0 0 0 0
6294 0 0 0 0 6295 0 0 0 0 0 0 0 0 0 0 0 0 0 0 0 0 0 0 0 0 0 0 0 0 0
6295 0 0 0 0 0 0 0 0 0 0 0 0 0 0 0 0 0 0 0 0 0 0 0 0 0 0 0 0 0 1 island
6296 0 0 0 0 0 0 0 0 0 0 0 0 6297 0 0 0 0 0 0 0 0 0 0 0 0 0 0 0 0 0
6297 0 6298 0 0 0 0 0 0 0 0 0 0 0 0 0 0 0 0 0 0 0 0 0 0 0 0 0 0 0 0
6298 0 0 0 0 0 0 0 0 0 0 0 0 0 0 0 0 0 0 0 0 6299 0 0 0 0 0 0 0 0 0
6299 0 0 0 0 0 6300 0 0 0 0 0 0 0 0 0 0 0 0 0 0 0 0 0 0 0 0 0 0 0 0
6300 0 0 0 0 0 0 0 0 0 0 0 0 0 0 0 0 0 0 0 0 0 0 0 0 0 0 0 0 0 1 isolate
6301 0 0 0 0 0 0 0 0 0 0 0 0 0 0 0 0 0 0 0 0 0 6302 0 0 0 0 0 0 0 0
6302 0 0 0 0 0 6303 0 0 0 0 0 0 0 0 0 0 0 0 0 0 0 0 0 0 0 0 0 0 0 0
6303 0 0 0 0 0 0 0 0 0 0 0 0 0 0 0 0 0 0 0 0 0 0 0 0 0 0 0 0 0 1 issue
6304 0 6305 0 0 0 6310 0 0 0 0 0 0 0 0 0 0 0 0 0 6312 0 0 0 0 0 0 0 0 0 1 it
6305 0 0 0 0 0 0 0 0 0 0 0 0 6306 0 0 0 0 0 0 0 0 0 0 0 0 0 0 0 0 0
6306 0 0 0 0 0 0 0 0 0 6307 0 0 0 0 0 0 0 0 0 0 0 0 0 0 0 0 0 0 0 0
6307 0 6308 0 0 0 0 0 0 0 0 0 0 0 0 0 0 0 0 0 0 0 0 0 0 0 0 0 0 0 0
6308 0 0 0 0 0 0 0 0 0 0 0 0 0 0 6309 0 0 0 0 0 0 0 0 0 0 0 0 0 0 0
6309 0 0 0 0 0 0 0 0 0 0 0 0 0 0 0 0 0 0 0 0 0 0 0 0 0 0 0 0 0 1 Italian
6310 0 0 0 0 0 0 0 0 0 0 0 0 0 6311 0 0 0 0 0 0 0 0 0 0 0 0 0 0 0 0
6311 0 0 0 0 0 0 0 0 0 0 0 0 0 0 0 0 0 0 0 0 0 0 0 0 0 0 0 0 0 1 item
6312 0 0 0 0 0 6313 0 0 0 0 0 0 0 0 0 0 0 0 0 0 0 0 0 0 0 0 0 0 0 1 its
6313 0 0 0 0 0 0 0 0 0 0 0 0 6314 0 0 0 0 0 0 0 0 0 0 0 0 0 0 0 0 0
6314 0 0 0 0 0 0 6315 0 0 0 0 0 0 0 0 0 0 0 0 0 0 0 0 0 0 0 0 0 0 0
6315 0 0 0 0 0 0 0 0 0 0 0 0 0 0 0 0 0 0 0 0 0 0 0 0 0 0 0 0 0 1 itself
6316 0 6317 0 0 0 6340 0 0 0 0 0 0 0 0 0 6353 0 0 0 0 0 6377 0 0 0 0 0 0 0 0
6317 0 0 0 6318 0 0 0 0 0 6322 0 0 0 6324 6325 0 6330 0 6336 0 0 0 0 6337 0 0 6338 0 0 0
6318 0 0 0 0 0 0 0 0 0 0 0 6319 0 0 0 0 0 0 0 0 0 0 0 0 0 0 0 0 0 0
6319 0 0 0 0 0 6320 0 0 0 0 0 0 0 0 0 0 0 0 0 0 0 0 0 0 0 0 0 0 0 0
6320 0 0 0 0 0 0 0 0 0 0 0 0 0 0 0 0 0 0 0 0 6321 0 0 0 0 0 0 0 0 0
6321 0 0 0 0 0 0 0 0 0 0 0 0 0 0 0 0 0 0 0 0 0 0 0 0 0 0 0 0 0 1 jacket
6322 0 0 0 0 0 0 0 0 0 0 0 0 6323 0 0 0 0 0 0 0 0 0 0 0 0 0 0 0 0 0
6323 0 0 0 0 0 0 0 0 0 0 0 0 0 0 0 0 0 0 0 0 0 0 0 0 0 0 0 0 0 1 jail
6324 0 0 0 0 0 0 0 0 0 0 0 0 0 0 0 0 0 0 0 0 0 0 0 0 0 0 0 0 0 1 jam
6325 0 0 0 0 0 0 0 0 0 0 0 0 0 0 0 0 0 0 0 0 0 6326 0 0 0 0 0 0 0 0
6326 0 6327 0 0 0 0 0 0 0 0 0 0 0 0 0 0 0 0 0 0 0 0 0 0 0 0 0 0 0 0
6327 0 0 0 0 0 0 0 0 0 0 0 0 0 0 0 0 0 0 6328 0 0 0 0 0 0 0 0 0 0 0
6328 0 0 0 0 0 0 0 0 0 0 0 0 0 0 0 0 0 0 0 0 0 0 0 0 0 6329 0 0 0 0
6329 0 0 0 0 0 0 0 0 0 0 0 0 0 0 0 0 0 0 0 0 0 0 0 0 0 0 0 0 0 1 January
6330 0 6331 0 0 0 0 0 0 0 0 0 0 0 0 0 0 0 0 0 0 0 0 0 0 0 0 0 0 0 0
6331 0 0 0 0 0 0 0 0 0 0 0 0 0 0 6332 0 0 0 0 0 0 0 0 0 0 0 0 0 0 0
6332 0 0 0 0 0 6333 0 0 0 0 0 0 0 0 0 0 0 0 0 0 0 0 0 0 0 0 0 0 0 1 Japan
6333 0 0 0 0 0 0 0 0 0 0 0 0 0 0 0 0 0 0 0 6334 0 0 0 0 0 0 0 0 0 0
6334 0 0 0 0 0 6335 0 0 0 0 0 0 0 0 0 0 0 0 0 0 0 0 0 0 0 0 0 0 0 0
6335 0 0 0 0 0 0 0 0 0 0 0 0 0 0 0 0 0 0 0 0 0 0 0 0 0 0 0 0 0 1 Japanese
6336 0 0 0 0 0 0 0 0 0 0 0 0 0 0 0 0 0 0 0 0 0 0 0 0 0 0 0 0 0 1 jar
6337 0 0 0 0 0 0 0 0 0 0 0 0 0 0 0 0 0 0 0 0 0 0 0 0 0 0 0 0 0 1 jaw
6338 0 0 0 0 0 0 0 0 0 0 0 0 0 0 0 0 0 0 0 0 0 0 0 0 0 0 6339 0 0 0
6339 0 0 0 0 0 0 0 0 0 0 0 0 0 0 0 0 0 0 0 0 0 0 0 0 0 0 0 0 0 1 jazz
6340 0 6341 0 0 0 0 0 0 0 0 0 0 0 0 0 0 0 0 0 0 6346 0 0 6347 0 0 0 0 0 0
6341 0 0 0 0 0 0 0 0 0 0 0 0 6342 0 0 0 0 0 0 0 0 0 0 0 0 0 0 0 0 0
6342 0 0 0 0 0 0 0 0 0 0 0 0 0 0 0 6343 0 0 0 0 0 0 0 0 0 0 0 0 0 0
6343 0 0 0 0 0 0 0 0 0 0 0 0 0 0 0 0 0 0 0 0 0 6344 0 0 0 0 0 0 0 0
6344 0 0 0 0 0 0 0 0 0 0 0 0 0 0 0 0 0 0 0 6345 0 0 0 0 0 0 0 0 0 0
6345 0 0 0 0 0 0 0 0 0 0 0 0 0 0 0 0 0 0 0 0 0 0 0 0 0 0 0 0 0 1 jealous
6346 0 0 0 0 0 0 0 0 0 0 0 0 0 0 0 0 0 0 0 0 0 0 0 0 0 0 0 0 0 1 jet
6347 0 0 0 0 0 6348 0 0 0 6350 0 0 0 0 0 0 0 0 0 0 0 0 0 0 0 0 0 0 0 0
6348 0 0 0 0 0 0 0 0 0 0 0 0 6349 0 0 0 0 0 0 0 0 0 0 0 0 0 0 0 0 0
6349 0 0 0 0 0 0 0 0 0 0 0 0 0 0 0 0 0 0 0 0 0 0 0 0 0 0 0 0 0 1 jewel
6350 0 0 0 0 0 0 0 0 0 0 0 0 0 0 0 0 0 0 0 6351 0 0 0 0 0 0 0 0 0 0
6351 0 0 0 0 0 0 0 0 6352 0 0 0 0 0 0 0 0 0 0 0 0 0 0 0 0 0 0 0 0 0
6352 0 0 0 0 0 0 0 0 0 0 0 0 0 0 0 0 0 0 0 0 0 0 0 0 0 0 0 0 0 1 jewish
6353 0 0 6354 0 0 0 0 0 0 6355 0 6358 6360 0 0 0 0 0 0 0 0 6363 0 0 0 6373 0 0 0 0
6354 0 0 0 0 0 0 0 0 0 0 0 0 0 0 0 0 0 0 0 0 0 0 0 0 0 0 0 0 0 1 job
6355 0 0 0 0 0 0 0 0 0 0 0 0 0 0 6356 0 0 0 0 0 0 0 0 0 0 0 0 0 0 0
6356 0 0 0 0 0 0 0 0 0 0 0 0 0 0 0 0 0 0 0 0 6357 0 0 0 0 0 0 0 0 1 join
6357 0 0 0 0 0 0 0 0 0 0 0 0 0 0 0 0 0 0 0 0 0 0 0 0 0 0 0 0 0 1 joint
6358 0 0 0 0 0 6359 0 0 0 0 0 0 0 0 0 0 0 0 0 0 0 0 0 0 0 0 0 0 0 0
6359 0 0 0 0 0 0 0 0 0 0 0 0 0 0 0 0 0 0 0 0 0 0 0 0 0 0 0 0 0 1 joke
6360 0 0 0 0 0 0 0 0 0 0 0 0 6361 0 0 0 0 0 0 0 0 0 0 0 0 0 0 0 0 0
6361 0 0 0 0 0 0 0 0 0 0 0 0 0 0 0 0 0 0 0 0 0 0 0 0 0 6362 0 0 0 0
6362 0 0 0 0 0 0 0 0 0 0 0 0 0 0 0 0 0 0 0 0 0 0 0 0 0 0 0 0 0 1 jolly
6363 0 0 0 0 0 0 0 0 0 0 0 0 0 0 0 0 0 0 6364 0 0 0 0 0 0 0 0 0 0 0
6364 0 0 0 0 0 0 0 0 0 0 0 0 0 0 6365 0 0 0 0 0 0 0 0 0 0 0 0 0 0 0
6365 0 6366 0 0 0 6371 0 0 0 0 0 0 0 0 0 0 0 0 0 0 0 0 0 0 0 0 0 0 0 0
6366 0 0 0 0 0 0 0 0 0 0 0 0 6367 0 0 0 0 0 0 0 0 0 0 0 0 0 0 0 0 0
6367 0 0 0 0 0 0 0 0 0 6368 0 0 0 0 0 0 0 0 0 0 0 0 0 0 0 0 0 0 0 1 journal
6368 0 0 0 0 0 0 0 0 0 0 0 0 0 0 0 0 0 0 0 6369 0 0 0 0 0 0 0 0 0 0
6369 0 0 0 0 0 0 0 0 0 0 0 0 0 0 0 0 0 0 0 0 6370 0 0 0 0 0 0 0 0 0
6370 0 0 0 0 0 0 0 0 0 0 0 0 0 0 0 0 0 0 0 0 0 0 0 0 0 0 0 0 0 1 journalist
6371 0 0 0 0 0 0 0 0 0 0 0 0 0 0 0 0 0 0 0 0 0 0 0 0 0 6372 0 0 0 0
6372 0 0 0 0 0 0 0 0 0 0 0 0 0 0 0 0 0 0 0 0 0 0 0 0 0 0 0 0 0 1 journey
6373 0 0 0 0 0 0 6374 0 0 0 0 0 0 0 0 0 0 0 0 0 0 0 0 0 0 0 0 0 0 1 joy
6374 0 0 0 0 0 0 0 0 0 0 0 0 0 0 0 0 0 0 0 0 0 6375 0 0 0 0 0 0 0 0
6375 0 0 0 0 0 0 0 0 0 0 0 0 6376 0 0 0 0 0 0 0 0 0 0 0 0 0 0 0 0 0
6376 0 0 0 0 0 0 0 0 0 0 0 0 0 0 0 0 0 0 0 0 0 0 0 0 0 0 0 0 0 1 joyful
6377 0 0 0 0 6378 0 0 0 0 6385 0 0 6388 6390 6392 0 0 0 6400 6402 0 0 0 0 0 0 0 0 0 0
6378 0 0 0 0 0 0 0 6379 0 0 0 0 0 0 0 0 0 0 0 0 0 0 0 0 0 0 0 0 0 0
6379 0 0 0 0 0 6380 0 0 0 0 0 0 0 0 0 0 0 0 0 0 0 0 0 0 0 0 0 0 0 0
6380 0 0 0 0 0 0 0 0 0 0 0 0 0 6381 0 0 0 0 0 0 0 0 0 0 0 0 0 0 0 1 judge
6381 0 0 0 0 0 6382 0 0 0 0 0 0 0 0 0 0 0 0 0 0 0 0 0 0 0 0 0 0 0 0
6382 0 0 0 0 0 0 0 0 0 0 0 0 0 0 6383 0 0 0 0 0 0 0 0 0 0 0 0 0 0 0
6383 0 0 0 0 0 0 0 0 0 0 0 0 0 0 0 0 0 0 0 0 6384 0 0 0 0 0 0 0 0 0
6384 0 0 0 0 0 0 0 0 0 0 0 0 0 0 0 0 0 0 0 0 0 0 0 0 0 0 0 0 0 1 judgement
6385 0 0 0 6386 0 0 0 0 0 0 0 0 0 0 0 0 0 0 0 0 0 0 0 0 0 0 0 0 0 0
6386 0 0 0 0 0 6387 0 0 0 0 0 0 0 0 0 0 0 0 0 0 0 0 0 0 0 0 0 0 0 0
6387 0 0 0 0 0 0 0 0 0 0 0 0 0 0 0 0 0 0 0 0 0 0 0 0 0 0 0 0 0 1 juice
6388 0 0 0 0 0 0 0 0 0 0 0 0 0 0 0 0 0 0 0 0 0 0 0 0 0 6389 0 0 0 0
6389 0 0 0 0 0 0 0 0 0 0 0 0 0 0 0 0 0 0 0 0 0 0 0 0 0 0 0 0 0 1 July
6390 0 0 0 0 0 0 0 0 0 0 0 0 0 0 0 0 6391 0 0 0 0 0 0 0 0 0 0 0 0 0
6391 0 0 0 0 0 0 0 0 0 0 0 0 0 0 0 0 0 0 0 0 0 0 0 0 0 0 0 0 0 1 jump
6392 0 0 0 0 0 6393 0 6394 0 6397 0 0 0 0 0 0 0 0 0 0 0 0 0 0 0 0 0 0 0 0
6393 0 0 0 0 0 0 0 0 0 0 0 0 0 0 0 0 0 0 0 0 0 0 0 0 0 0 0 0 0 1 June
6394 0 0 0 0 0 0 0 0 0 0 0 0 6395 0 0 0 0 0 0 0 0 0 0 0 0 0 0 0 0 0
6395 0 0 0 0 0 6396 0 0 0 0 0 0 0 0 0 0 0 0 0 0 0 0 0 0 0 0 0 0 0 0
6396 0 0 0 0 0 0 0 0 0 0 0 0 0 0 0 0 0 0 0 0 0 0 0 0 0 0 0 0 0 1 jungle
6397 0 0 0 0 0 0 0 0 0 0 0 0 0 0 0 6398 0 0 0 0 0 0 0 0 0 0 0 0 0 0
6398 0 0 0 0 0 0 0 0 0 0 0 0 0 0 0 0 0 0 6399 0 0 0 0 0 0 0 0 0 0 0
6399 0 0 0 0 0 0 0 0 0 0 0 0 0 0 0 0 0 0 0 0 0 0 0 0 0 0 0 0 0 1 junior
6400 0 0 0 0 0 0 0 0 0 0 0 0 0 0 0 0 0 0 0 0 0 0 0 0 0 6401 0 0 0 0
6401 0 0 0 0 0 0 0 0 0 0 0 0 0 0 0 0 0 0 0 0 0 0 0 0 0 0 0 0 0 1 jury
6402 0 0 0 0 0 0 0 0 0 0 0 0 0 0 0 0 0 0 0 0 6403 0 0 0 0 0 0 0 0 0
6403 0 0 0 0 0 0 0 0 0 6404 0 0 0 0 0 0 0 0 0 0 0 0 0 0 0 0 0 0 0 1 just
6404 0 0 0 6405 0 0 6407 0 0 0 0 0 0 0 0 0 0 0 0 0 0 0 0 0 0 0 0 0 0 0
6405 0 0 0 0 0 6406 0 0 0 0 0 0 0 0 0 0 0 0 0 0 0 0 0 0 0 0 0 0 0 0
6406 0 0 0 0 0 0 0 0 0 0 0 0 0 0 0 0 0 0 0 0 0 0 0 0 0 0 0 0 0 1 justice
6407 0 0 0 0 0 0 0 0 0 0 0 0 0 0 0 0 0 0 0 0 0 0 0 0 0 6408 0 0 0 0
6408 0 0 0 0 0 0 0 0 0 0 0 0 0 0 0 0 0 0 0 0 0 0 0 0 0 0 0 0 0 1 justify
6409 0 0 0 0 0 6410 0 0 0 6426 0 0 0 0 6460 0 0 0 0 0 0 0 0 0 0 0 0 0 0 0
6410 0 0 0 0 0 6411 0 0 0 0 0 0 0 0 0 0 0 0 0 0 6416 0 0 0 0 6420 0 0 0 0
6411 0 0 0 0 0 0 0 0 0 0 0 0 0 0 6412 0 6413 0 0 0 0 0 0 0 0 0 0 0 0 0
6412 0 0 0 0 0 0 0 0 0 0 0 0 0 0 0 0 0 0 0 0 0 0 0 0 0 0 0 0 0 1 keen
6413 0 0 0 0 0 6414 0 0 0 0 0 0 0 0 0 0 0 0 0 0 0 0 0 0 0 0 0 0 0 1 keep
6414 0 0 0 0 0 0 0 0 0 0 0 0 0 0 0 0 0 0 6415 0 0 0 0 0 0 0 0 0 0 0
6415 0 0 0 0 0 0 0 0 0 0 0 0 0 0 0 0 0 0 0 0 0 0 0 0 0 0 0 0 0 1 keeper
6416 0 0 0 0 0 0 0 0 0 0 0 0 0 0 0 0 0 0 0 0 6417 0 0 0 0 0 0 0 0 0
6417 0 0 0 0 0 0 0 0 0 0 0 0 6418 0 0 0 0 0 0 0 0 0 0 0 0 0 0 0 0 0
6418 0 0 0 0 0 6419 0 0 0 0 0 0 0 0 0 0 0 0 0 0 0 0 0 0 0 0 0 0 0 0
6419 0 0 0 0 0 0 0 0 0 0 0 0 0 0 0 0 0 0 0 0 0 0 0 0 0 0 0 0 0 1 kettle
6420 0 0 6421 0 0 0 0 0 0 0 0 0 0 0 0 0 0 0 0 0 0 0 0 0 0 0 0 0 0 1 key
6421 0 0 0 0 0 0 0 0 0 0 0 0 0 0 0 6422 0 0 0 0 0 0 0 0 0 0 0 0 0 0
6422 0 6423 0 0 0 0 0 0 0 0 0 0 0 0 0 0 0 0 0 0 0 0 0 0 0 0 0 0 0 0
6423 0 0 0 0 0 0 0 0 0 0 0 0 0 0 0 0 0 0 6424 0 0 0 0 0 0 0 0 0 0 0
6424 0 0 0 0 6425 0 0 0 0 0 0 0 0 0 0 0 0 0 0 0 0 0 0 0 0 0 0 0 0 0
6425 0 0 0 0 0 0 0 0 0 0 0 0 0 0 0 0 0 0 0 0 0 0 0 0 0 0 0 0 0 1 keyboard
6426 0 0 0 6427 6429 0 0 0 0 0 0 0 6430 0 6442 0 0 0 0 6452 6454 0 0 0 0 0 0 0 0 0
6427 0 0 0 0 0 0 0 0 0 0 0 6428 0 0 0 0 0 0 0 0 0 0 0 0 0 0 0 0 0 0
6428 0 0 0 0 0 0 0 0 0 0 0 0 0 0 0 0 0 0 0 0 0 0 0 0 0 0 0 0 0 1 kick
6429 0 0 0 0 0 0 0 0 0 0 0 0 0 0 0 0 0 0 0 0 0 0 0 0 0 0 0 0 0 1 kid
6430 0 0 0 0 0 0 0 0 0 0 0 0 6431 0 0 6432 0 0 0 0 0 0 0 0 0 0 0 0 0 0
6431 0 0 0 0 0 0 0 0 0 0 0 0 0 0 0 0 0 0 0 0 0 0 0 0 0 0 0 0 0 1 kill
6432 0 0 0 0 0 0 0 6433 0 0 0 0 0 6437 0 0 0 0 0 0 0 0 0 0 0 0 0 0 0 0
6433 0 0 0 0 0 0 0 0 0 0 0 0 0 0 0 0 0 0 6434 0 0 0 0 0 0 0 0 0 0 0
6434 0 6435 0 0 0 0 0 0 0 0 0 0 0 0 0 0 0 0 0 0 0 0 0 0 0 0 0 0 0 0
6435 0 0 0 0 0 0 0 0 0 0 0 0 0 6436 0 0 0 0 0 0 0 0 0 0 0 0 0 0 0 0
6436 0 0 0 0 0 0 0 0 0 0 0 0 0 0 0 0 0 0 0 0 0 0 0 0 0 0 0 0 0 1 kilogram
6437 0 0 0 0 0 6438 0 0 0 0 0 0 0 0 0 0 0 0 0 0 0 0 0 0 0 0 0 0 0 0
6438 0 0 0 0 0 0 0 0 0 0 0 0 0 0 0 0 0 0 0 0 6439 0 0 0 0 0 0 0 0 0
6439 0 0 0 0 0 6440 0 0 0 0 0 0 0 0 0 0 0 0 0 0 0 0 0 0 0 0 0 0 0 0
6440 0 0 0 0 0 0 0 0 0 0 0 0 0 0 0 0 0 0 6441 0 0 0 0 0 0 0 0 0 0 0
6441 0 0 0 0 0 0 0 0 0 0 0 0 0 0 0 0 0 0 0 0 0 0 0 0 0 0 0 0 0 1 kilometer
6442 0 0 0 0 6443 0 0 6448 0 0 0 0 0 0 0 0 0 0 0 0 0 0 0 0 0 0 0 0 0 0
6443 0 0 0 0 0 0 0 0 0 0 0 0 0 0 6444 0 0 0 0 0 0 0 0 0 0 0 0 0 0 1 kind
6444 0 0 0 0 0 6445 0 0 0 0 0 0 0 0 0 0 0 0 0 0 0 0 0 0 0 0 0 0 0 0
6445 0 0 0 0 0 0 0 0 0 0 0 0 0 0 0 0 0 0 0 6446 0 0 0 0 0 0 0 0 0 0
6446 0 0 0 0 0 0 0 0 0 0 0 0 0 0 0 0 0 0 0 6447 0 0 0 0 0 0 0 0 0 0
6447 0 0 0 0 0 0 0 0 0 0 0 0 0 0 0 0 0 0 0 0 0 0 0 0 0 0 0 0 0 1 kindness
6448 0 0 0 0 6449 0 0 0 0 0 0 0 0 0 0 0 0 0 0 0 0 0 0 0 0 0 0 0 0 1 king
6449 0 0 0 0 0 0 0 0 0 0 0 0 0 0 0 6450 0 0 0 0 0 0 0 0 0 0 0 0 0 0
6450 0 0 0 0 0 0 0 0 0 0 0 0 0 6451 0 0 0 0 0 0 0 0 0 0 0 0 0 0 0 0
6451 0 0 0 0 0 0 0 0 0 0 0 0 0 0 0 0 0 0 0 0 0 0 0 0 0 0 0 0 0 1 kingdom
6452 0 0 0 0 0 0 0 0 0 0 0 0 0 0 0 0 0 0 0 6453 0 0 0 0 0 0 0 0 0 0
6453 0 0 0 0 0 0 0 0 0 0 0 0 0 0 0 0 0 0 0 0 0 0 0 0 0 0 0 0 0 1 kiss
6454 0 0 0 6455 0 6459 0 0 0 0 0 0 0 0 0 0 0 0 0 0 0 0 0 0 0 0 0 0 0 0
6455 0 0 0 0 0 0 0 0 6456 0 0 0 0 0 0 0 0 0 0 0 0 0 0 0 0 0 0 0 0 0
6456 0 0 0 0 0 6457 0 0 0 0 0 0 0 0 0 0 0 0 0 0 0 0 0 0 0 0 0 0 0 0
6457 0 0 0 0 0 0 0 0 0 0 0 0 0 0 6458 0 0 0 0 0 0 0 0 0 0 0 0 0 0 0
6458 0 0 0 0 0 0 0 0 0 0 0 0 0 0 0 0 0 0 0 0 0 0 0 0 0 0 0 0 0 1 kitchen
6459 0 0 0 0 0 0 0 0 0 0 0 0 0 0 0 0 0 0 0 0 0 0 0 0 0 0 0 0 0 1 kite
6460 0 0 0 0 0 6461 0 0 0 6464 0 0 0 0 0 6468 0 0 0 0 0 0 0 0 0 0 0 0 0 0
6461 0 0 0 0 0 6462 0 0 0 0 0 0 0 0 0 0 0 0 0 0 0 0 0 0 0 0 0 0 0 0
6462 0 0 0 0 0 0 0 0 0 0 0 0 6463 0 0 0 0 0 0 0 0 0 0 0 0 0 0 0 0 1 knee
6463 0 0 0 0 0 0 0 0 0 0 0 0 0 0 0 0 0 0 0 0 0 0 0 0 0 0 0 0 0 1 kneel
6464 0 0 0 0 0 0 6465 0 0 0 0 0 0 0 0 0 0 0 0 0 6467 0 0 0 0 0 0 0 0 0
6465 0 0 0 0 0 6466 0 0 0 0 0 0 0 0 0 0 0 0 0 0 0 0 0 0 0 0 0 0 0 0
6466 0 0 0 0 0 0 0 0 0 0 0 0 0 0 0 0 0 0 0 0 0 0 0 0 0 0 0 0 0 1 knife
6467 0 0 0 0 0 0 0 0 0 0 0 0 0 0 0 0 0 0 0 0 0 0 0 0 0 0 0 0 0 1 knit
6468 0 0 6469 6470 0 0 0 0 0 0 0 0 0 0 0 0 0 0 0 0 6472 0 0 6473 0 0 0 0 0 0
6469 0 0 0 0 0 0 0 0 0 0 0 0 0 0 0 0 0 0 0 0 0 0 0 0 0 0 0 0 0 1 knob
6470 0 0 0 0 0 0 0 0 0 0 0 6471 0 0 0 0 0 0 0 0 0 0 0 0 0 0 0 0 0 0
6471 0 0 0 0 0 0 0 0 0 0 0 0 0 0 0 0 0 0 0 0 0 0 0 0 0 0 0 0 0 1 knock
6472 0 0 0 0 0 0 0 0 0 0 0 0 0 0 0 0 0 0 0 0 0 0 0 0 0 0 0 0 0 1 knot
6473 0 0 0 0 0 0 0 0 0 0 0 0 6474 0 0 0 0 0 0 0 0 0 0 0 0 0 0 0 0 1 know
6474 0 0 0 0 0 6475 0 0 0 0 0 0 0 0 0 0 0 0 0 0 0 0 0 0 0 0 0 0 0 0
6475 0 0 0 0 6476 0 0 0 0 0 0 0 0 0 0 0 0 0 0 0 0 0 0 0 0 0 0 0 0 0
6476 0 0 0 0 0 0 0 6477 0 0 0 0 0 0 0 0 0 0 0 0 0 0 0 0 0 0 0 0 0 0
6477 0 0 0 0 0 6478 0 0 0 0 0 0 0 0 0 0 0 0 0 0 0 0 0 0 0 0 0 0 0 0
6478 0 0 0 0 0 0 0 0 0 0 0 0 0 0 0 0 0 0 0 0 0 0 0 0 0 0 0 0 0 1 knowledge
6479 0 6480 0 0 0 6581 0 0 0 6657 0 0 0 0 0 6781 0 0 0 0 0 6851 0 0 0 0 0 0 0 0
6480 0 0 6481 6493 6496 0 0 6501 0 0 0 6502 0 6504 6508 0 6530 0 6531 6536 6540 6550 6562 6568 0 6573 6579 0 0 0
6481 0 0 0 0 0 6482 0 0 0 0 0 0 0 0 0 6484 0 0 0 0 0 0 0 0 0 0 0 0 0 1 lab
6482 0 0 0 0 0 0 0 0 0 0 0 0 6483 0 0 0 0 0 0 0 0 0 0 0 0 0 0 0 0 0
6483 0 0 0 0 0 0 0 0 0 0 0 0 0 0 0 0 0 0 0 0 0 0 0 0 0 0 0 0 0 1 label
6484 0 0 0 0 0 0 0 0 0 0 0 0 0 0 0 0 0 0 6485 0 0 6491 0 0 0 0 0 0 0 0
6485 0 6486 0 0 0 0 0 0 0 0 0 0 0 0 0 0 0 0 0 0 0 0 0 0 0 0 0 0 0 0
6486 0 0 0 0 0 0 0 0 0 0 0 0 0 0 0 0 0 0 0 0 6487 0 0 0 0 0 0 0 0 0
6487 0 0 0 0 0 0 0 0 0 0 0 0 0 0 0 6488 0 0 0 0 0 0 0 0 0 0 0 0 0 0
6488 0 0 0 0 0 0 0 0 0 0 0 0 0 0 0 0 0 0 6489 0 0 0 0 0 0 0 0 0 0 0
6489 0 0 0 0 0 0 0 0 0 0 0 0 0 0 0 0 0 0 0 0 0 0 0 0 0 6490 0 0 0 0
6490 0 0 0 0 0 0 0 0 0 0 0 0 0 0 0 0 0 0 0 0 0 0 0 0 0 0 0 0 0 1 laboratory
6491 0 0 0 0 0 0 0 0 0 0 0 0 0 0 0 0 0 0 6492 0 0 0 0 0 0 0 0 0 0 0
6492 0 0 0 0 0 0 0 0 0 0 0 0 0 0 0 0 0 0 0 0 0 0 0 0 0 0 0 0 0 1 labour
6493 0 0 0 0 0 6494 0 0 0 0 0 6495 0 0 0 0 0 0 0 0 0 0 0 0 0 0 0 0 0 0
6494 0 0 0 0 0 0 0 0 0 0 0 0 0 0 0 0 0 0 0 0 0 0 0 0 0 0 0 0 0 1 lace
6495 0 0 0 0 0 0 0 0 0 0 0 0 0 0 0 0 0 0 0 0 0 0 0 0 0 0 0 0 0 1 lack
6496 0 0 0 0 6497 0 0 0 0 0 0 0 0 0 0 0 0 0 0 0 0 0 0 0 0 6500 0 0 0 0
6497 0 0 0 0 0 6498 0 0 0 0 0 0 0 0 0 0 0 0 0 0 0 0 0 0 0 0 0 0 0 0
6498 0 0 0 0 0 0 0 0 0 0 0 0 0 0 0 0 0 0 6499 0 0 0 0 0 0 0 0 0 0 0
6499 0 0 0 0 0 0 0 0 0 0 0 0 0 0 0 0 0 0 0 0 0 0 0 0 0 0 0 0 0 1 ladder
6500 0 0 0 0 0 0 0 0 0 0 0 0 0 0 0 0 0 0 0 0 0 0 0 0 0 0 0 0 0 1 lady
6501 0 0 0 0 0 0 0 0 0 0 0 0 0 0 0 0 0 0 0 0 0 0 0 0 0 0 0 0 0 1 lag
6502 0 0 0 0 0 6503 0 0 0 0 0 0 0 0 0 0 0 0 0 0 0 0 0 0 0 0 0 0 0 0
6503 0 0 0 0 0 0 0 0 0 0 0 0 0 0 0 0 0 0 0 0 0 0 0 0 0 0 0 0 0 1 lake
6504 0 0 6505 0 0 6506 0 0 0 0 0 0 0 0 0 0 6507 0 0 0 0 0 0 0 0 0 0 0 0 0
6505 0 0 0 0 0 0 0 0 0 0 0 0 0 0 0 0 0 0 0 0 0 0 0 0 0 0 0 0 0 1 lamb
6506 0 0 0 0 0 0 0 0 0 0 0 0 0 0 0 0 0 0 0 0 0 0 0 0 0 0 0 0 0 1 lame
6507 0 0 0 0 0 0 0 0 0 0 0 0 0 0 0 0 0 0 0 0 0 0 0 0 0 0 0 0 0 1 lamp
6508 0 0 0 0 6509 6520 0 6521 0 0 0 0 0 0 0 0 0 0 0 0 6526 0 0 0 0 0 0 0 0 0
6509 0 0 0 0 0 0 0 0 0 6510 0 0 6513 0 0 0 0 0 0 0 0 0 0 0 0 0 0 0 0 1 land
6510 0 0 0 0 0 0 0 0 0 0 0 0 0 0 6511 0 0 0 0 0 0 0 0 0 0 0 0 0 0 0
6511 0 0 0 0 0 0 0 6512 0 0 0 0 0 0 0 0 0 0 0 0 0 0 0 0 0 0 0 0 0 0
6512 0 0 0 0 0 0 0 0 0 0 0 0 0 0 0 0 0 0 0 0 0 0 0 0 0 0 0 0 0 1 landing
6513 0 6514 0 0 0 0 0 0 0 0 0 0 0 0 0 6517 0 0 0 0 0 0 0 0 0 0 0 0 0 0
6514 0 0 0 0 6515 0 0 0 0 0 0 0 0 0 0 0 0 0 0 0 0 0 0 0 0 0 0 0 0 0
6515 0 0 0 0 0 0 0 0 0 0 0 0 0 0 0 0 0 0 0 0 0 0 0 0 0 6516 0 0 0 0
6516 0 0 0 0 0 0 0 0 0 0 0 0 0 0 0 0 0 0 0 0 0 0 0 0 0 0 0 0 0 1 landlady
6517 0 0 0 0 0 0 0 0 0 0 0 0 0 0 0 0 0 0 6518 0 0 0 0 0 0 0 0 0 0 0
6518 0 0 0 0 6519 0 0 0 0 0 0 0 0 0 0 0 0 0 0 0 0 0 0 0 0 0 0 0 0 0
6519 0 0 0 0 0 0 0 0 0 0 0 0 0 0 0 0 0 0 0 0 0 0 0 0 0 0 0 0 0 1 landlord
6520 0 0 0 0 0 0 0 0 0 0 0 0 0 0 0 0 0 0 0 0 0 0 0 0 0 0 0 0 0 1 lane
6521 0 0 0 0 0 0 0 0 0 0 0 0 0 0 0 0 0 0 0 0 0 6522 0 0 0 0 0 0 0 0
6522 0 6523 0 0 0 0 0 0 0 0 0 0 0 0 0 0 0 0 0 0 0 0 0 0 0 0 0 0 0 0
6523 0 0 0 0 0 0 0 6524 0 0 0 0 0 0 0 0 0 0 0 0 0 0 0 0 0 0 0 0 0 0
6524 0 0 0 0 0 6525 0 0 0 0 0 0 0 0 0 0 0 0 0 0 0 0 0 0 0 0 0 0 0 0
6525 0 0 0 0 0 0 0 0 0 0 0 0 0 0 0 0 0 0 0 0 0 0 0 0 0 0 0 0 0 1 language
6526 0 0 0 0 0 6527 0 0 0 0 0 0 0 0 0 0 0 0 0 0 0 0 0 0 0 0 0 0 0 0
6527 0 0 0 0 0 0 0 0 0 0 0 0 0 0 0 0 0 0 6528 0 0 0 0 0 0 0 0 0 0 0
6528 0 0 0 0 0 0 0 0 0 0 0 0 0 0 6529 0 0 0 0 0 0 0 0 0 0 0 0 0 0 0
6529 0 0 0 0 0 0 0 0 0 0 0 0 0 0 0 0 0 0 0 0 0 0 0 0 0 0 0 0 0 1 lantern
6530 0 0 0 0 0 0 0 0 0 0 0 0 0 0 0 0 0 0 0 0 0 0 0 0 0 0 0 0 0 1 lap
6531 0 0 0 0 0 0 0 6532 0 0 0 0 0 0 0 0 0 0 0 0 0 0 0 0 0 0 0 0 0 0
6532 0 0 0 0 0 6533 0 0 0 0 0 0 0 0 0 0 0 0 0 0 0 0 0 0 0 0 0 0 0 0
6533 0 0 0 0 0 0 0 0 0 0 0 0 6534 0 0 0 0 0 0 0 0 0 0 0 0 0 0 0 0 1 large
6534 0 0 0 0 0 0 0 0 0 0 0 0 0 0 0 0 0 0 0 0 0 0 0 0 0 6535 0 0 0 0
6535 0 0 0 0 0 0 0 0 0 0 0 0 0 0 0 0 0 0 0 0 0 0 0 0 0 0 0 0 0 1 largely
6536 0 0 0 0 0 6537 0 0 0 0 0 0 0 0 0 0 0 0 0 0 6539 0 0 0 0 0 0 0 0 0
6537 0 0 0 0 0 0 0 0 0 0 0 0 0 0 0 0 0 0 6538 0 0 0 0 0 0 0 0 0 0 0
6538 0 0 0 0 0 0 0 0 0 0 0 0 0 0 0 0 0 0 0 0 0 0 0 0 0 0 0 0 0 1 laser
6539 0 0 0 0 0 0 0 0 0 0 0 0 0 0 0 0 0 0 0 0 0 0 0 0 0 0 0 0 0 1 last
6540 0 0 0 0 0 6541 0 0 0 6545 0 0 0 0 0 0 0 0 0 0 6547 0 0 0 0 0 0 0 0 0
6541 0 0 0 0 0 0 0 0 0 0 0 0 6542 0 0 0 0 0 6544 0 0 0 0 0 0 0 0 0 0 1 late
6542 0 0 0 0 0 0 0 0 0 0 0 0 0 0 0 0 0 0 0 0 0 0 0 0 0 6543 0 0 0 0
6543 0 0 0 0 0 0 0 0 0 0 0 0 0 0 0 0 0 0 0 0 0 0 0 0 0 0 0 0 0 1 lately
6544 0 0 0 0 0 0 0 0 0 0 0 0 0 0 0 0 0 0 0 0 0 0 0 0 0 0 0 0 0 1 later
6545 0 0 0 0 0 0 0 0 0 0 0 0 0 0 6546 0 0 0 0 0 0 0 0 0 0 0 0 0 0 0
6546 0 0 0 0 0 0 0 0 0 0 0 0 0 0 0 0 0 0 0 0 0 0 0 0 0 0 0 0 0 1 Latin
6547 0 0 0 0 0 6548 0 0 0 0 0 0 0 0 0 0 0 0 0 0 0 0 0 0 0 0 0 0 0 0
6548 0 0 0 0 0 0 0 0 0 0 0 0 0 0 0 0 0 0 6549 0 0 0 0 0 0 0 0 0 0 0
6549 0 0 0 0 0 0 0 0 0 0 0 0 0 0 0 0 0 0 0 0 0 0 0 0 0 0 0 0 0 1 latter
6550 0 0 0 0 0 0 0 6551 0 0 0 0 0 0 6556 0 0 0 0 0 0 0 0 0 0 0 0 0 0 0
6551 0 0 0 0 0 0 0 0 6552 0 0 0 0 0 0 0 0 0 0 0 0 0 0 0 0 0 0 0 0 0
6552 0 0 0 0 0 0 0 0 0 0 0 0 0 0 0 0 0 0 0 0 6553 0 0 0 0 0 0 0 0 1 laugh
6553 0 0 0 0 0 6554 0 0 0 0 0 0 0 0 0 0 0 0 0 0 0 0 0 0 0 0 0 0 0 0
6554 0 0 0 0 0 0 0 0 0 0 0 0 0 0 0 0 0 0 6555 0 0 0 0 0 0 0 0 0 0 0
6555 0 0 0 0 0 0 0 0 0 0 0 0 0 0 0 0 0 0 0 0 0 0 0 0 0 0 0 0 0 1 laughter
6556 0 0 0 6557 6559 0 0 0 0 0 0 0 0 0 0 0 0 0 0 0 0 0 0 0 0 0 0 0 0 0
6557 0 0 0 0 0 0 0 0 6558 0 0 0 0 0 0 0 0 0 0 0 0 0 0 0 0 0 0 0 0 0
6558 0 0 0 0 0 0 0 0 0 0 0 0 0 0 0 0 0 0 0 0 0 0 0 0 0 0 0 0 0 1 launch
6559 0 0 0 0 0 0 0 0 0 0 0 0 0 0 0 0 0 0 6560 0 0 0 0 0 0 0 0 0 0 0
6560 0 0 0 0 0 0 0 0 0 0 0 0 0 0 0 0 0 0 0 0 0 0 0 0 0 6561 0 0 0 0
6561 0 0 0 0 0 0 0 0 0 0 0 0 0 0 0 0 0 0 0 0 0 0 0 0 0 0 0 0 0 1 laundry
6562 0 6563 0 0 0 0 0 0 0 0 0 0 0 0 0 0 0 0 0 0 0 0 0 0 0 0 0 0 0 0
6563 0 0 0 0 0 0 0 0 0 0 0 0 0 0 0 0 0 0 0 0 6564 0 0 0 0 0 0 0 0 0
6564 0 0 0 0 0 0 0 0 0 0 0 0 0 0 0 6565 0 0 0 0 0 0 0 0 0 0 0 0 0 0
6565 0 0 0 0 0 0 0 0 0 0 0 0 0 0 0 0 0 0 6566 0 0 0 0 0 0 0 0 0 0 0
6566 0 0 0 0 0 0 0 0 0 0 0 0 0 0 0 0 0 0 0 0 0 0 0 0 0 6567 0 0 0 0
6567 0 0 0 0 0 0 0 0 0 0 0 0 0 0 0 0 0 0 0 0 0 0 0 0 0 0 0 0 0 1 lavatory
6568 0 0 0 0 0 0 0 0 0 0 0 0 0 0 6569 0 0 0 0 0 0 0 0 0 0 6570 0 0 0 1 law
6569 0 0 0 0 0 0 0 0 0 0 0 0 0 0 0 0 0 0 0 0 0 0 0 0 0 0 0 0 0 1 lawn
6570 0 0 0 0 0 6571 0 0 0 0 0 0 0 0 0 0 0 0 0 0 0 0 0 0 0 0 0 0 0 0
6571 0 0 0 0 0 0 0 0 0 0 0 0 0 0 0 0 0 0 6572 0 0 0 0 0 0 0 0 0 0 0
6572 0 0 0 0 0 0 0 0 0 0 0 0 0 0 0 0 0 0 0 0 0 0 0 0 0 0 0 0 0 1 lawyer
6573 0 0 0 0 0 6574 0 0 0 0 0 0 0 0 0 6576 0 0 0 0 0 0 0 0 0 0 0 0 0 1 lay
6574 0 0 0 0 0 0 0 0 0 0 0 0 0 0 0 0 0 0 6575 0 0 0 0 0 0 0 0 0 0 0
6575 0 0 0 0 0 0 0 0 0 0 0 0 0 0 0 0 0 0 0 0 0 0 0 0 0 0 0 0 0 1 layer
6576 0 0 0 0 0 0 0 0 0 0 0 0 0 0 0 0 0 0 0 0 0 6577 0 0 0 0 0 0 0 0
6577 0 0 0 0 0 0 0 0 0 0 0 0 0 0 0 0 0 0 0 0 6578 0 0 0 0 0 0 0 0 0
6578 0 0 0 0 0 0 0 0 0 0 0 0 0 0 0 0 0 0 0 0 0 0 0 0 0 0 0 0 0 1 layout
6579 0 0 0 0 0 0 0 0 0 0 0 0 0 0 0 0 0 0 0 0 0 0 0 0 0 6580 0 0 0 0
6580 0 0 0 0 0 0 0 0 0 0 0 0 0 0 0 0 0 0 0 0 0 0 0 0 0 0 0 0 0 1 lazy
6581 0 6582 0 6615 0 0 6620 6622 0 6628 0 0 0 6633 6636 0 0 0 0 6642 6649 0 6653 0 0 0 0 0 0 0
6582 0 0 0 0 6583 0 6593 6594 0 0 0 6597 0 0 6598 0 6599 0 6600 6607 6609 0 6613 0 0 0 0 0 0 0
6583 0 0 0 0 0 6584 0 0 0 6590 0 0 0 0 0 0 0 0 0 0 0 0 0 0 0 0 0 0 0 1 lead
6584 0 0 0 0 0 0 0 0 0 0 0 0 0 0 0 0 0 0 6585 0 0 0 0 0 0 0 0 0 0 0
6585 0 0 0 0 0 0 0 0 0 0 0 0 0 0 0 0 0 0 0 6586 0 0 0 0 0 0 0 0 0 1 leader
6586 0 0 0 0 0 0 0 0 6587 0 0 0 0 0 0 0 0 0 0 0 0 0 0 0 0 0 0 0 0 0
6587 0 0 0 0 0 0 0 0 0 6588 0 0 0 0 0 0 0 0 0 0 0 0 0 0 0 0 0 0 0 0
6588 0 0 0 0 0 0 0 0 0 0 0 0 0 0 0 0 6589 0 0 0 0 0 0 0 0 0 0 0 0 0
6589 0 0 0 0 0 0 0 0 0 0 0 0 0 0 0 0 0 0 0 0 0 0 0 0 0 0 0 0 0 1 leadership
6590 0 0 0 0 0 0 0 0 0 0 0 0 0 0 6591 0 0 0 0 0 0 0 0 0 0 0 0 0 0 0
6591 0 0 0 0 0 0 0 6592 0 0 0 0 0 0 0 0 0 0 0 0 0 0 0 0 0 0 0 0 0 0
6592 0 0 0 0 0 0 0 0 0 0 0 0 0 0 0 0 0 0 0 0 0 0 0 0 0 0 0 0 0 1 leading
6593 0 0 0 0 0 0 0 0 0 0 0 0 0 0 0 0 0 0 0 0 0 0 0 0 0 0 0 0 0 1 leaf
6594 0 0 0 0 0 0 0 0 0 0 0 0 0 0 0 0 0 0 0 0 0 6595 0 0 0 0 0 0 0 0
6595 0 0 0 0 0 6596 0 0 0 0 0 0 0 0 0 0 0 0 0 0 0 0 0 0 0 0 0 0 0 0
6596 0 0 0 0 0 0 0 0 0 0 0 0 0 0 0 0 0 0 0 0 0 0 0 0 0 0 0 0 0 1 league
6597 0 0 0 0 0 0 0 0 0 0 0 0 0 0 0 0 0 0 0 0 0 0 0 0 0 0 0 0 0 1 leak
6598 0 0 0 0 0 0 0 0 0 0 0 0 0 0 0 0 0 0 0 0 0 0 0 0 0 0 0 0 0 1 lean
6599 0 0 0 0 0 0 0 0 0 0 0 0 0 0 0 0 0 0 0 0 0 0 0 0 0 0 0 0 0 1 leap
6600 0 0 0 0 0 0 0 0 0 0 0 0 0 0 6601 0 0 0 0 0 0 0 0 0 0 0 0 0 0 0
6601 0 0 0 0 0 6602 0 0 0 6604 0 0 0 0 0 0 0 0 0 0 0 0 0 0 0 0 0 0 0 1 learn
6602 0 0 0 0 6603 0 0 0 0 0 0 0 0 0 0 0 0 0 0 0 0 0 0 0 0 0 0 0 0 0
6603 0 0 0 0 0 0 0 0 0 0 0 0 0 0 0 0 0 0 0 0 0 0 0 0 0 0 0 0 0 1 learned
6604 0 0 0 0 0 0 0 0 0 0 0 0 0 0 6605 0 0 0 0 0 0 0 0 0 0 0 0 0 0 0
6605 0 0 0 0 0 0 0 6606 0 0 0 0 0 0 0 0 0 0 0 0 0 0 0 0 0 0 0 0 0 0
6606 0 0 0 0 0 0 0 0 0 0 0 0 0 0 0 0 0 0 0 0 0 0 0 0 0 0 0 0 0 1 learning
6607 0 0 0 0 0 0 0 0 0 0 0 0 0 0 0 0 0 0 0 0 6608 0 0 0 0 0 0 0 0 0
6608 0 0 0 0 0 0 0 0 0 0 0 0 0 0 0 0 0 0 0 0 0 0 0 0 0 0 0 0 0 1 least
6609 0 0 0 0 0 0 0 0 6610 0 0 0 0 0 0 0 0 0 0 0 0 0 0 0 0 0 0 0 0 0
6610 0 0 0 0 0 6611 0 0 0 0 0 0 0 0 0 0 0 0 0 0 0 0 0 0 0 0 0 0 0 0
6611 0 0 0 0 0 0 0 0 0 0 0 0 0 0 0 0 0 0 6612 0 0 0 0 0 0 0 0 0 0 0
6612 0 0 0 0 0 0 0 0 0 0 0 0 0 0 0 0 0 0 0 0 0 0 0 0 0 0 0 0 0 1 leather
6613 0 0 0 0 0 6614 0 0 0 0 0 0 0 0 0 0 0 0 0 0 0 0 0 0 0 0 0 0 0 0
6614 0 0 0 0 0 0 0 0 0 0 0 0 0 0 0 0 0 0 0 0 0 0 0 0 0 0 0 0 0 1 leave
6615 0 0 0 0 0 0 0 0 0 0 0 0 0 0 0 0 0 0 0 0 6616 0 0 0 0 0 0 0 0 0
6616 0 0 0 0 0 0 0 0 0 0 0 0 0 0 0 0 0 0 0 0 0 6617 0 0 0 0 0 0 0 0
6617 0 0 0 0 0 0 0 0 0 0 0 0 0 0 0 0 0 0 6618 0 0 0 0 0 0 0 0 0 0 0
6618 0 0 0 0 0 6619 0 0 0 0 0 0 0 0 0 0 0 0 0 0 0 0 0 0 0 0 0 0 0 0
6619 0 0 0 0 0 0 0 0 0 0 0 0 0 0 0 0 0 0 0 0 0 0 0 0 0 0 0 0 0 1 lecture
6620 0 0 0 0 0 0 0 0 0 0 0 0 0 0 0 0 0 0 0 0 6621 0 0 0 0 0 0 0 0 0
6621 0 0 0 0 0 0 0 0 0 0 0 0 0 0 0 0 0 0 0 0 0 0 0 0 0 0 0 0 0 1 left
6622 0 6623 0 0 0 6625 0 0 0 0 0 0 0 0 0 0 0 0 0 0 0 0 0 0 0 0 0 0 0 1 leg
6623 0 0 0 0 0 0 0 0 0 0 0 0 6624 0 0 0 0 0 0 0 0 0 0 0 0 0 0 0 0 0
6624 0 0 0 0 0 0 0 0 0 0 0 0 0 0 0 0 0 0 0 0 0 0 0 0 0 0 0 0 0 1 legal
6625 0 0 0 0 0 0 0 0 0 0 0 0 0 0 6626 0 0 0 0 0 0 0 0 0 0 0 0 0 0 0
6626 0 0 0 0 6627 0 0 0 0 0 0 0 0 0 0 0 0 0 0 0 0 0 0 0 0 0 0 0 0 0
6627 0 0 0 0 0 0 0 0 0 0 0 0 0 0 0 0 0 0 0 0 0 0 0 0 0 0 0 0 0 1 legend
6628 0 0 0 0 0 0 0 0 0 0 0 0 0 0 0 0 0 0 0 6629 0 0 0 0 0 0 0 0 0 0
6629 0 0 0 0 0 0 0 0 0 0 0 0 0 0 0 0 0 0 0 0 0 6630 0 0 0 0 0 0 0 0
6630 0 0 0 0 0 0 0 0 0 0 0 0 0 0 0 0 0 0 6631 0 0 0 0 0 0 0 0 0 0 0
6631 0 0 0 0 0 6632 0 0 0 0 0 0 0 0 0 0 0 0 0 0 0 0 0 0 0 0 0 0 0 0
6632 0 0 0 0 0 0 0 0 0 0 0 0 0 0 0 0 0 0 0 0 0 0 0 0 0 0 0 0 0 1 leisure
6633 0 0 0 0 0 0 0 0 0 0 0 0 0 0 0 6634 0 0 0 0 0 0 0 0 0 0 0 0 0 0
6634 0 0 0 0 0 0 0 0 0 0 0 0 0 0 6635 0 0 0 0 0 0 0 0 0 0 0 0 0 0 0
6635 0 0 0 0 0 0 0 0 0 0 0 0 0 0 0 0 0 0 0 0 0 0 0 0 0 0 0 0 0 1 lemon
6636 0 0 0 0 6637 0 0 6638 0 0 0 0 0 0 0 0 0 0 0 6641 0 0 0 0 0 0 0 0 0 0
6637 0 0 0 0 0 0 0 0 0 0 0 0 0 0 0 0 0 0 0 0 0 0 0 0 0 0 0 0 0 1 lend
6638 0 0 0 0 0 0 0 0 0 0 0 0 0 0 0 0 0 0 0 0 6639 0 0 0 0 0 0 0 0 0
6639 0 0 0 0 0 0 0 0 6640 0 0 0 0 0 0 0 0 0 0 0 0 0 0 0 0 0 0 0 0 0
6640 0 0 0 0 0 0 0 0 0 0 0 0 0 0 0 0 0 0 0 0 0 0 0 0 0 0 0 0 0 1 length
6641 0 0 0 0 0 0 0 0 0 0 0 0 0 0 0 0 0 0 0 0 0 0 0 0 0 0 0 0 0 1 lens
6642 0 0 0 0 0 0 0 0 0 0 0 0 0 0 0 0 0 0 0 6643 6648 0 0 0 0 0 0 0 0 0
6643 0 0 0 0 0 6644 0 0 0 0 0 0 0 0 0 6646 0 0 0 0 0 0 0 0 0 0 0 0 0 1 less
6644 0 0 0 0 0 0 0 0 0 0 0 0 0 0 6645 0 0 0 0 0 0 0 0 0 0 0 0 0 0 0
6645 0 0 0 0 0 0 0 0 0 0 0 0 0 0 0 0 0 0 0 0 0 0 0 0 0 0 0 0 0 1 lessen
6646 0 0 0 0 0 0 0 0 0 0 0 0 0 0 6647 0 0 0 0 0 0 0 0 0 0 0 0 0 0 0
6647 0 0 0 0 0 0 0 0 0 0 0 0 0 0 0 0 0 0 0 0 0 0 0 0 0 0 0 0 0 1 lesson
6648 0 0 0 0 0 0 0 0 0 0 0 0 0 0 0 0 0 0 0 0 0 0 0 0 0 0 0 0 0 1 lest
6649 0 0 0 0 0 0 0 0 0 0 0 0 0 0 0 0 0 0 0 0 6650 0 0 0 0 0 0 0 0 1 let
6650 0 0 0 0 0 6651 0 0 0 0 0 0 0 0 0 0 0 0 0 0 0 0 0 0 0 0 0 0 0 0
6651 0 0 0 0 0 0 0 0 0 0 0 0 0 0 0 0 0 0 6652 0 0 0 0 0 0 0 0 0 0 0
6652 0 0 0 0 0 0 0 0 0 0 0 0 0 0 0 0 0 0 0 0 0 0 0 0 0 0 0 0 0 1 letter
6653 0 0 0 0 0 6654 0 0 0 0 0 0 0 0 0 0 0 0 0 0 0 0 0 0 0 0 0 0 0 0
6654 0 0 0 0 0 0 0 0 0 0 0 0 6655 0 0 0 0 0 6656 0 0 0 0 0 0 0 0 0 0 0
6655 0 0 0 0 0 0 0 0 0 0 0 0 0 0 0 0 0 0 0 0 0 0 0 0 0 0 0 0 0 1 level
6656 0 0 0 0 0 0 0 0 0 0 0 0 0 0 0 0 0 0 0 0 0 0 0 0 0 0 0 0 0 1 lever
6657 0 6658 6663 6682 6688 6689 6697 6704 0 0 0 6715 0 6723 6735 6740 6742 6743 0 6749 6755 0 6768 0 0 0 0 0 0 0
6658 0 0 6659 0 0 0 0 0 0 0 0 0 0 0 0 0 0 0 6662 0 0 0 0 0 0 0 0 0 0 0
6659 0 0 0 0 0 0 0 0 0 0 0 0 6660 0 0 0 0 0 0 0 0 0 0 0 0 0 0 0 0 0
6660 0 0 0 0 0 6661 0 0 0 0 0 0 0 0 0 0 0 0 0 0 0 0 0 0 0 0 0 0 0 0
6661 0 0 0 0 0 0 0 0 0 0 0 0 0 0 0 0 0 0 0 0 0 0 0 0 0 0 0 0 0 1 liable
6662 0 0 0 0 0 0 0 0 0 0 0 0 0 0 0 0 0 0 0 0 0 0 0 0 0 0 0 0 0 1 liar
6663 0 0 0 0 0 6664 0 0 0 0 0 0 0 0 0 0 0 0 6675 0 0 0 0 0 0 0 0 0 0 0
6664 0 0 0 0 0 0 0 0 0 0 0 0 0 0 0 0 0 0 6665 0 0 0 0 0 0 0 0 0 0 0
6665 0 6666 0 0 0 0 0 0 0 0 0 0 0 0 0 0 0 0 0 0 6673 0 0 0 0 0 0 0 0 0
6666 0 0 0 0 0 0 0 0 0 0 0 0 6667 0 0 0 0 0 0 0 6668 0 0 0 0 0 0 0 0 0
6667 0 0 0 0 0 0 0 0 0 0 0 0 0 0 0 0 0 0 0 0 0 0 0 0 0 0 0 0 0 1 liberal
6668 0 0 0 0 0 6669 0 0 0 6670 0 0 0 0 0 0 0 0 0 0 0 0 0 0 0 0 0 0 0 0
6669 0 0 0 0 0 0 0 0 0 0 0 0 0 0 0 0 0 0 0 0 0 0 0 0 0 0 0 0 0 1 liberate
6670 0 0 0 0 0 0 0 0 0 0 0 0 0 0 0 6671 0 0 0 0 0 0 0 0 0 0 0 0 0 0
6671 0 0 0 0 0 0 0 0 0 0 0 0 0 0 6672 0 0 0 0 0 0 0 0 0 0 0 0 0 0 0
6672 0 0 0 0 0 0 0 0 0 0 0 0 0 0 0 0 0 0 0 0 0 0 0 0 0 0 0 0 0 1 liberation
6673 0 0 0 0 0 0 0 0 0 0 0 0 0 0 0 0 0 0 0 0 0 0 0 0 0 6674 0 0 0 0
6674 0 0 0 0 0 0 0 0 0 0 0 0 0 0 0 0 0 0 0 0 0 0 0 0 0 0 0 0 0 1 liberty
6675 0 6676 0 0 0 0 0 0 0 0 0 0 0 0 0 0 0 0 0 0 0 0 0 0 0 0 0 0 0 0
6676 0 0 0 0 0 0 0 0 0 0 0 0 0 0 0 0 0 0 6677 0 0 0 0 0 0 0 0 0 0 0
6677 0 0 0 0 0 0 0 0 0 6678 0 0 0 0 0 0 0 0 0 0 0 0 0 0 0 6681 0 0 0 0
6678 0 6679 0 0 0 0 0 0 0 0 0 0 0 0 0 0 0 0 0 0 0 0 0 0 0 0 0 0 0 0
6679 0 0 0 0 0 0 0 0 0 0 0 0 0 0 6680 0 0 0 0 0 0 0 0 0 0 0 0 0 0 0
6680 0 0 0 0 0 0 0 0 0 0 0 0 0 0 0 0 0 0 0 0 0 0 0 0 0 0 0 0 0 1 librarian
6681 0 0 0 0 0 0 0 0 0 0 0 0 0 0 0 0 0 0 0 0 0 0 0 0 0 0 0 0 0 1 library
6682 0 0 0 0 0 6683 0 0 0 0 0 6687 0 0 0 0 0 0 0 0 0 0 0 0 0 0 0 0 0 0
6683 0 0 0 0 0 0 0 0 0 0 0 0 0 0 6684 0 0 0 0 0 0 0 0 0 0 0 0 0 0 0
6684 0 0 0 0 0 0 0 0 0 0 0 0 0 0 0 0 0 0 0 6685 0 0 0 0 0 0 0 0 0 0
6685 0 0 0 0 0 6686 0 0 0 0 0 0 0 0 0 0 0 0 0 0 0 0 0 0 0 0 0 0 0 0
6686 0 0 0 0 0 0 0 0 0 0 0 0 0 0 0 0 0 0 0 0 0 0 0 0 0 0 0 0 0 1 license
6687 0 0 0 0 0 0 0 0 0 0 0 0 0 0 0 0 0 0 0 0 0 0 0 0 0 0 0 0 0 1 lick
6688 0 0 0 0 0 0 0 0 0 0 0 0 0 0 0 0 0 0 0 0 0 0 0 0 0 0 0 0 0 1 lid
6689 0 0 0 0 0 0 0 0 0 0 0 0 0 0 0 0 0 0 0 0 0 6690 0 0 0 0 0 0 0 1 lie
6690 0 0 0 0 0 0 0 0 0 0 0 0 0 0 0 0 0 0 0 0 6691 0 0 0 0 0 0 0 0 0
6691 0 0 0 0 0 6692 0 0 0 0 0 0 0 0 0 0 0 0 0 0 0 0 0 0 0 0 0 0 0 0
6692 0 0 0 0 0 0 0 0 0 0 0 0 0 0 6693 0 0 0 0 0 0 0 0 0 0 0 0 0 0 0
6693 0 6694 0 0 0 0 0 0 0 0 0 0 0 0 0 0 0 0 0 0 0 0 0 0 0 0 0 0 0 0
6694 0 0 0 0 0 0 0 0 0 0 0 0 0 0 6695 0 0 0 0 0 0 0 0 0 0 0 0 0 0 0
6695 0 0 0 0 0 0 0 0 0 0 0 0 0 0 0 0 0 0 0 0 6696 0 0 0 0 0 0 0 0 0
6696 0 0 0 0 0 0 0 0 0 0 0 0 0 0 0 0 0 0 0 0 0 0 0 0 0 0 0 0 0 1 lieutenant
6697 0 0 0 0 0 6698 0 0 0 0 0 0 0 0 0 0 0 0 0 0 6703 0 0 0 0 0 0 0 0 0
6698 0 0 0 0 0 0 0 0 0 0 0 0 0 0 0 0 0 0 0 0 6699 0 0 0 0 0 0 0 0 1 life
6699 0 0 0 0 0 0 0 0 0 6700 0 0 0 0 0 0 0 0 0 0 0 0 0 0 0 0 0 0 0 0
6700 0 0 0 0 0 0 0 0 0 0 0 0 0 6701 0 0 0 0 0 0 0 0 0 0 0 0 0 0 0 0
6701 0 0 0 0 0 6702 0 0 0 0 0 0 0 0 0 0 0 0 0 0 0 0 0 0 0 0 0 0 0 0
6702 0 0 0 0 0 0 0 0 0 0 0 0 0 0 0 0 0 0 0 0 0 0 0 0 0 0 0 0 0 1 lifetime
6703 0 0 0 0 0 0 0 0 0 0 0 0 0 0 0 0 0 0 0 0 0 0 0 0 0 0 0 0 0 1 lift
6704 0 0 0 0 0 0 0 0 6705 0 0 0 0 0 0 0 0 0 0 0 0 0 0 0 0 0 0 0 0 0
6705 0 0 0 0 0 0 0 0 0 0 0 0 0 0 0 0 0 0 0 0 6706 0 0 0 0 0 0 0 0 0
6706 0 0 0 0 0 6707 0 0 0 0 0 0 6709 0 6711 0 0 0 0 0 0 0 0 0 0 0 0 0 0 1 light
6707 0 0 0 0 0 0 0 0 0 0 0 0 0 0 6708 0 0 0 0 0 0 0 0 0 0 0 0 0 0 0
6708 0 0 0 0 0 0 0 0 0 0 0 0 0 0 0 0 0 0 0 0 0 0 0 0 0 0 0 0 0 1 lighten
6709 0 0 0 0 0 0 0 0 0 0 0 0 0 0 0 0 0 0 0 0 0 0 0 0 0 6710 0 0 0 0
6710 0 0 0 0 0 0 0 0 0 0 0 0 0 0 0 0 0 0 0 0 0 0 0 0 0 0 0 0 0 1 lightly
6711 0 0 0 0 0 0 0 0 0 6712 0 0 0 0 0 0 0 0 0 0 0 0 0 0 0 0 0 0 0 0
6712 0 0 0 0 0 0 0 0 0 0 0 0 0 0 6713 0 0 0 0 0 0 0 0 0 0 0 0 0 0 0
6713 0 0 0 0 0 0 0 6714 0 0 0 0 0 0 0 0 0 0 0 0 0 0 0 0 0 0 0 0 0 0
6714 0 0 0 0 0 0 0 0 0 0 0 0 0 0 0 0 0 0 0 0 0 0 0 0 0 0 0 0 0 1 lightning
6715 0 0 0 0 0 6716 0 0 0 0 0 0 0 0 0 0 0 0 0 0 0 0 0 0 0 0 0 0 0 0
6716 0 0 0 0 0 0 0 0 0 0 0 0 6717 0 0 0 0 0 0 0 0 0 0 6719 0 0 0 0 0 1 like
6717 0 0 0 0 0 0 0 0 0 0 0 0 0 0 0 0 0 0 0 0 0 0 0 0 0 6718 0 0 0 0
6718 0 0 0 0 0 0 0 0 0 0 0 0 0 0 0 0 0 0 0 0 0 0 0 0 0 0 0 0 0 1 likely
6719 0 0 0 0 0 0 0 0 0 6720 0 0 0 0 0 0 0 0 0 0 0 0 0 0 0 0 0 0 0 0
6720 0 0 0 0 0 0 0 0 0 0 0 0 0 0 0 0 0 0 0 6721 0 0 0 0 0 0 0 0 0 0
6721 0 0 0 0 0 6722 0 0 0 0 0 0 0 0 0 0 0 0 0 0 0 0 0 0 0 0 0 0 0 0
6722 0 0 0 0 0 0 0 0 0 0 0 0 0 0 0 0 0 0 0 0 0 0 0 0 0 0 0 0 0 1 likewise
6723 0 0 6724 0 0 6725 0 0 0 6726 0 0 0 0 0 0 0 0 0 0 0 0 0 0 0 0 0 0 0 0
6724 0 0 0 0 0 0 0 0 0 0 0 0 0 0 0 0 0 0 0 0 0 0 0 0 0 0 0 0 0 1 limb
6725 0 0 0 0 0 0 0 0 0 0 0 0 0 0 0 0 0 0 0 0 0 0 0 0 0 0 0 0 0 1 lime
6726 0 0 0 0 0 0 0 0 0 0 0 0 0 0 0 0 0 0 0 0 6727 0 0 0 0 0 0 0 0 0
6727 0 6728 0 0 0 6733 0 0 0 0 0 0 0 0 0 0 0 0 0 0 0 0 0 0 0 0 0 0 0 1 limit
6728 0 0 0 0 0 0 0 0 0 0 0 0 0 0 0 0 0 0 0 0 6729 0 0 0 0 0 0 0 0 0
6729 0 0 0 0 0 0 0 0 0 6730 0 0 0 0 0 0 0 0 0 0 0 0 0 0 0 0 0 0 0 0
6730 0 0 0 0 0 0 0 0 0 0 0 0 0 0 0 6731 0 0 0 0 0 0 0 0 0 0 0 0 0 0
6731 0 0 0 0 0 0 0 0 0 0 0 0 0 0 6732 0 0 0 0 0 0 0 0 0 0 0 0 0 0 0
6732 0 0 0 0 0 0 0 0 0 0 0 0 0 0 0 0 0 0 0 0 0 0 0 0 0 0 0 0 0 1 limitation
6733 0 0 0 0 6734 0 0 0 0 0 0 0 0 0 0 0 0 0 0 0 0 0 0 0 0 0 0 0 0 0
6734 0 0 0 0 0 0 0 0 0 0 0 0 0 0 0 0 0 0 0 0 0 0 0 0 0 0 0 0 0 1 limited
6735 0 0 0 0 0 6736 0 0 0 0 0 6739 0 0 0 0 0 0 0 0 0 0 0 0 0 0 0 0 0 0
6736 0 0 0 0 0 0 0 0 0 0 0 0 0 0 6737 0 0 0 6738 0 0 0 0 0 0 0 0 0 0 1 line
6737 0 0 0 0 0 0 0 0 0 0 0 0 0 0 0 0 0 0 0 0 0 0 0 0 0 0 0 0 0 1 linen
6738 0 0 0 0 0 0 0 0 0 0 0 0 0 0 0 0 0 0 0 0 0 0 0 0 0 0 0 0 0 1 liner
6739 0 0 0 0 0 0 0 0 0 0 0 0 0 0 0 0 0 0 0 0 0 0 0 0 0 0 0 0 0 1 link
6740 0 0 0 0 0 0 0 0 0 0 0 0 0 0 6741 0 0 0 0 0 0 0 0 0 0 0 0 0 0 0
6741 0 0 0 0 0 0 0 0 0 0 0 0 0 0 0 0 0 0 0 0 0 0 0 0 0 0 0 0 0 1 lion
6742 0 0 0 0 0 0 0 0 0 0 0 0 0 0 0 0 0 0 0 0 0 0 0 0 0 0 0 0 0 1 lip
6743 0 0 0 0 0 0 0 0 0 0 0 0 0 0 0 0 0 0 0 0 0 6744 0 0 0 0 0 0 0 0
6744 0 0 0 0 0 0 0 0 0 6745 0 0 0 0 0 6747 0 0 0 0 0 0 0 0 0 0 0 0 0 0
6745 0 0 0 0 6746 0 0 0 0 0 0 0 0 0 0 0 0 0 0 0 0 0 0 0 0 0 0 0 0 0
6746 0 0 0 0 0 0 0 0 0 0 0 0 0 0 0 0 0 0 0 0 0 0 0 0 0 0 0 0 0 1 liquid
6747 0 0 0 0 0 0 0 0 0 0 0 0 0 0 0 0 0 0 6748 0 0 0 0 0 0 0 0 0 0 0
6748 0 0 0 0 0 0 0 0 0 0 0 0 0 0 0 0 0 0 0 0 0 0 0 0 0 0 0 0 0 1 liquor
6749 0 0 0 0 0 0 0 0 0 0 0 0 0 0 0 0 0 0 0 0 6750 0 0 0 0 0 0 0 0 0
6750 0 0 0 0 0 6751 0 0 0 0 0 0 0 0 0 0 0 0 0 0 0 0 0 0 0 0 0 0 0 1 list
6751 0 0 0 0 0 0 0 0 0 0 0 0 0 0 6752 0 0 0 0 0 0 0 0 0 0 0 0 0 0 0
6752 0 0 0 0 0 6753 0 0 0 0 0 0 0 0 0 0 0 0 0 0 0 0 0 0 0 0 0 0 0 1 listen
6753 0 0 0 0 0 0 0 0 0 0 0 0 0 0 0 0 0 0 6754 0 0 0 0 0 0 0 0 0 0 0
6754 0 0 0 0 0 0 0 0 0 0 0 0 0 0 0 0 0 0 0 0 0 0 0 0 0 0 0 0 0 1 listener
6755 0 0 0 0 0 6756 0 0 0 0 0 0 0 0 0 0 0 0 0 0 6765 0 0 0 0 0 0 0 0 0
6756 0 0 0 0 0 0 0 0 0 0 0 0 0 0 0 0 0 0 6757 0 0 0 0 0 0 0 0 0 0 0
6757 0 6758 0 0 0 0 0 0 0 0 0 0 0 0 0 0 0 0 0 0 0 0 0 0 0 0 0 0 0 1 liter
6758 0 0 0 0 0 0 0 0 0 0 0 0 0 0 0 0 0 0 6759 0 6761 0 0 0 0 0 0 0 0 0
6759 0 0 0 0 0 0 0 0 0 0 0 0 0 0 0 0 0 0 0 0 0 0 0 0 0 6760 0 0 0 0
6760 0 0 0 0 0 0 0 0 0 0 0 0 0 0 0 0 0 0 0 0 0 0 0 0 0 0 0 0 0 1 literary
6761 0 0 0 0 0 0 0 0 0 0 0 0 0 0 0 0 0 0 0 0 0 6762 0 0 0 0 0 0 0 0
6762 0 0 0 0 0 0 0 0 0 0 0 0 0 0 0 0 0 0 6763 0 0 0 0 0 0 0 0 0 0 0
6763 0 0 0 0 0 6764 0 0 0 0 0 0 0 0 0 0 0 0 0 0 0 0 0 0 0 0 0 0 0 0
6764 0 0 0 0 0 0 0 0 0 0 0 0 0 0 0 0 0 0 0 0 0 0 0 0 0 0 0 0 0 1 literature
6765 0 0 0 0 0 0 0 0 0 0 0 0 6766 0 0 0 0 0 0 0 0 0 0 0 0 0 0 0 0 0
6766 0 0 0 0 0 6767 0 0 0 0 0 0 0 0 0 0 0 0 0 0 0 0 0 0 0 0 0 0 0 0
6767 0 0 0 0 0 0 0 0 0 0 0 0 0 0 0 0 0 0 0 0 0 0 0 0 0 0 0 0 0 1 little
6768 0 0 0 0 0 6769 0 0 0 6773 0 0 0 0 0 0 0 0 0 0 0 0 0 0 0 0 0 0 0 0
6769 0 0 0 0 0 0 0 0 0 0 0 0 6770 0 0 0 0 0 6772 0 0 0 0 0 0 0 0 0 0 1 live
6770 0 0 0 0 0 0 0 0 0 0 0 0 0 0 0 0 0 0 0 0 0 0 0 0 0 6771 0 0 0 0
6771 0 0 0 0 0 0 0 0 0 0 0 0 0 0 0 0 0 0 0 0 0 0 0 0 0 0 0 0 0 1 lively
6772 0 0 0 0 0 0 0 0 0 0 0 0 0 0 0 0 0 0 0 0 0 0 0 0 0 0 0 0 0 1 liver
6773 0 0 0 0 0 0 0 0 0 0 0 0 0 0 6774 0 0 0 0 0 0 0 0 0 0 0 0 0 0 0
6774 0 0 0 0 0 0 0 6775 0 0 0 0 0 0 0 0 0 0 0 0 0 0 0 0 0 0 0 0 0 0
6775 0 0 0 0 0 0 0 0 0 0 0 0 0 0 0 0 0 0 0 0 0 0 0 0 0 0 0 0 6776 1 living
6776 0 0 0 0 0 0 0 0 0 0 0 0 0 0 0 0 0 0 6777 0 0 0 0 0 0 0 0 0 0 0
6777 0 0 0 0 0 0 0 0 0 0 0 0 0 0 0 6778 0 0 0 0 0 0 0 0 0 0 0 0 0 0
6778 0 0 0 0 0 0 0 0 0 0 0 0 0 0 0 6779 0 0 0 0 0 0 0 0 0 0 0 0 0 0
6779 0 0 0 0 0 0 0 0 0 0 0 0 0 6780 0 0 0 0 0 0 0 0 0 0 0 0 0 0 0 0
6780 0 0 0 0 0 0 0 0 0 0 0 0 0 0 0 0 0 0 0 0 0 0 0 0 0 0 0 0 0 1 living-room
6781 0 6782 0 6786 6802 0 0 6805 0 0 0 0 0 0 6810 6815 0 0 6821 6825 6828 6829 6838 6843 0 6846 0 0 0 0
6782 0 0 0 0 6783 0 6784 0 0 0 0 0 0 0 6785 0 0 0 0 0 0 0 0 0 0 0 0 0 0 0
6783 0 0 0 0 0 0 0 0 0 0 0 0 0 0 0 0 0 0 0 0 0 0 0 0 0 0 0 0 0 1 load
6784 0 0 0 0 0 0 0 0 0 0 0 0 0 0 0 0 0 0 0 0 0 0 0 0 0 0 0 0 0 1 loaf
6785 0 0 0 0 0 0 0 0 0 0 0 0 0 0 0 0 0 0 0 0 0 0 0 0 0 0 0 0 0 1 loan
6786 0 6787 0 0 0 0 0 0 0 0 0 6794 0 0 0 6795 0 0 0 0 0 0 0 0 0 0 0 0 0 0
6787 0 0 0 0 0 0 0 0 0 0 0 0 6788 0 0 0 0 0 0 0 6789 0 0 0 0 0 0 0 0 0
6788 0 0 0 0 0 0 0 0 0 0 0 0 0 0 0 0 0 0 0 0 0 0 0 0 0 0 0 0 0 1 local
6789 0 0 0 0 0 6790 0 0 0 6791 0 0 0 0 0 0 0 0 0 0 0 0 0 0 0 0 0 0 0 0
6790 0 0 0 0 0 0 0 0 0 0 0 0 0 0 0 0 0 0 0 0 0 0 0 0 0 0 0 0 0 1 locate
6791 0 0 0 0 0 0 0 0 0 0 0 0 0 0 0 6792 0 0 0 0 0 0 0 0 0 0 0 0 0 0
6792 0 0 0 0 0 0 0 0 0 0 0 0 0 0 6793 0 0 0 0 0 0 0 0 0 0 0 0 0 0 0
6793 0 0 0 0 0 0 0 0 0 0 0 0 0 0 0 0 0 0 0 0 0 0 0 0 0 0 0 0 0 1 location
6794 0 0 0 0 0 0 0 0 0 0 0 0 0 0 0 0 0 0 0 0 0 0 0 0 0 0 0 0 0 1 lock
6795 0 0 0 0 0 0 0 0 0 0 0 0 0 6796 0 0 0 0 0 0 0 0 0 0 0 0 0 0 0 0
6796 0 0 0 0 0 0 0 0 0 0 0 0 0 0 0 6797 0 0 0 0 0 0 0 0 0 0 0 0 0 0
6797 0 0 0 0 0 0 0 0 0 0 0 0 0 0 0 0 0 0 0 0 6798 0 0 0 0 0 0 0 0 0
6798 0 0 0 0 0 0 0 0 0 6799 0 0 0 0 0 0 0 0 0 0 0 0 0 0 0 0 0 0 0 0
6799 0 0 0 0 0 0 0 0 0 0 0 0 0 0 0 0 0 0 0 0 0 0 6800 0 0 0 0 0 0 0
6800 0 0 0 0 0 6801 0 0 0 0 0 0 0 0 0 0 0 0 0 0 0 0 0 0 0 0 0 0 0 0
6801 0 0 0 0 0 0 0 0 0 0 0 0 0 0 0 0 0 0 0 0 0 0 0 0 0 0 0 0 0 1 locomotive
6802 0 0 0 0 0 0 0 6803 0 0 0 0 0 0 0 0 0 0 0 0 0 0 0 0 0 0 0 0 0 0
6803 0 0 0 0 0 6804 0 0 0 0 0 0 0 0 0 0 0 0 0 0 0 0 0 0 0 0 0 0 0 0
6804 0 0 0 0 0 0 0 0 0 0 0 0 0 0 0 0 0 0 0 0 0 0 0 0 0 0 0 0 0 1 lodge
6805 0 0 0 0 0 0 0 0 0 6806 0 0 0 0 0 0 0 0 0 0 0 0 0 0 0 0 0 0 0 1 log
6806 0 0 0 6807 0 0 0 0 0 0 0 0 0 0 0 0 0 0 0 0 0 0 0 0 0 0 0 0 0 0
6807 0 6808 0 0 0 0 0 0 0 0 0 0 0 0 0 0 0 0 0 0 0 0 0 0 0 0 0 0 0 1 logic
6808 0 0 0 0 0 0 0 0 0 0 0 0 6809 0 0 0 0 0 0 0 0 0 0 0 0 0 0 0 0 0
6809 0 0 0 0 0 0 0 0 0 0 0 0 0 0 0 0 0 0 0 0 0 0 0 0 0 0 0 0 0 1 logical
6810 0 0 0 0 0 6811 0 6814 0 0 0 0 0 0 0 0 0 0 0 0 0 0 0 0 0 0 0 0 0 0
6811 0 0 0 0 0 0 0 0 0 0 0 0 6812 0 0 0 0 0 0 0 0 0 0 0 0 0 0 0 0 0
6812 0 0 0 0 0 0 0 0 0 0 0 0 0 0 0 0 0 0 0 0 0 0 0 0 0 6813 0 0 0 0
6813 0 0 0 0 0 0 0 0 0 0 0 0 0 0 0 0 0 0 0 0 0 0 0 0 0 0 0 0 0 1 lonely
6814 0 0 0 0 0 0 0 0 0 0 0 0 0 0 0 0 0 0 0 0 0 0 0 0 0 0 0 0 0 1 long
6815 0 0 0 0 0 0 0 0 0 0 0 6816 0 0 0 0 6817 0 0 6818 0 0 0 0 0 0 0 0 0 0
6816 0 0 0 0 0 0 0 0 0 0 0 0 0 0 0 0 0 0 0 0 0 0 0 0 0 0 0 0 0 1 look
6817 0 0 0 0 0 0 0 0 0 0 0 0 0 0 0 0 0 0 0 0 0 0 0 0 0 0 0 0 0 1 loop
6818 0 0 0 0 0 6819 0 0 0 0 0 0 0 0 0 0 0 0 0 0 0 0 0 0 0 0 0 0 0 0
6819 0 0 0 0 0 0 0 0 0 0 0 0 0 0 6820 0 0 0 0 0 0 0 0 0 0 0 0 0 0 1 loose
6820 0 0 0 0 0 0 0 0 0 0 0 0 0 0 0 0 0 0 0 0 0 0 0 0 0 0 0 0 0 1 loosen
6821 0 0 0 0 6822 0 0 0 0 0 0 0 0 0 0 0 0 0 6823 0 0 0 0 0 0 0 0 0 0 0
6822 0 0 0 0 0 0 0 0 0 0 0 0 0 0 0 0 0 0 0 0 0 0 0 0 0 0 0 0 0 1 lord
6823 0 0 0 0 0 0 0 0 0 0 0 0 0 0 0 0 0 0 0 0 0 0 0 0 0 6824 0 0 0 0
6824 0 0 0 0 0 0 0 0 0 0 0 0 0 0 0 0 0 0 0 0 0 0 0 0 0 0 0 0 0 1 lorry
6825 0 0 0 0 0 6826 0 0 0 0 0 0 0 0 0 0 0 0 0 6827 0 0 0 0 0 0 0 0 0 0
6826 0 0 0 0 0 0 0 0 0 0 0 0 0 0 0 0 0 0 0 0 0 0 0 0 0 0 0 0 0 1 lose
6827 0 0 0 0 0 0 0 0 0 0 0 0 0 0 0 0 0 0 0 0 0 0 0 0 0 0 0 0 0 1 loss
6828 0 0 0 0 0 0 0 0 0 0 0 0 0 0 0 0 0 0 0 0 0 0 0 0 0 0 0 0 0 1 lot
6829 0 0 0 0 6830 0 0 0 0 0 0 0 0 0 0 0 0 0 0 0 0 0 0 0 0 0 0 0 0 0
6830 0 0 0 0 0 0 0 0 0 0 0 0 0 0 0 0 0 0 0 6831 0 0 0 0 0 0 0 0 0 1 loud
6831 0 0 0 0 0 0 0 0 0 0 0 0 0 0 0 0 6832 0 0 0 0 0 0 0 0 0 0 0 0 0
6832 0 0 0 0 0 6833 0 0 0 0 0 0 0 0 0 0 0 0 0 0 0 0 0 0 0 0 0 0 0 0
6833 0 6834 0 0 0 0 0 0 0 0 0 0 0 0 0 0 0 0 0 0 0 0 0 0 0 0 0 0 0 0
6834 0 0 0 0 0 0 0 0 0 0 0 6835 0 0 0 0 0 0 0 0 0 0 0 0 0 0 0 0 0 0
6835 0 0 0 0 0 6836 0 0 0 0 0 0 0 0 0 0 0 0 0 0 0 0 0 0 0 0 0 0 0 0
6836 0 0 0 0 0 0 0 0 0 0 0 0 0 0 0 0 0 0 6837 0 0 0 0 0 0 0 0 0 0 0
6837 0 0 0 0 0 0 0 0 0 0 0 0 0 0 0 0 0 0 0 0 0 0 0 0 0 0 0 0 0 1 loudspeaker
6838 0 0 0 0 0 6839 0 0 0 0 0 0 0 0 0 0 0 0 0 0 0 0 0 0 0 0 0 0 0 0
6839 0 0 0 0 0 0 0 0 0 0 0 0 6840 0 0 0 0 0 6842 0 0 0 0 0 0 0 0 0 0 1 love
6840 0 0 0 0 0 0 0 0 0 0 0 0 0 0 0 0 0 0 0 0 0 0 0 0 0 6841 0 0 0 0
6841 0 0 0 0 0 0 0 0 0 0 0 0 0 0 0 0 0 0 0 0 0 0 0 0 0 0 0 0 0 1 lovely
6842 0 0 0 0 0 0 0 0 0 0 0 0 0 0 0 0 0 0 0 0 0 0 0 0 0 0 0 0 0 1 lover
6843 0 0 0 0 0 6844 0 0 0 0 0 0 0 0 0 0 0 0 0 0 0 0 0 0 0 0 0 0 0 1 low
6844 0 0 0 0 0 0 0 0 0 0 0 0 0 0 0 0 0 0 6845 0 0 0 0 0 0 0 0 0 0 0
6845 0 0 0 0 0 0 0 0 0 0 0 0 0 0 0 0 0 0 0 0 0 0 0 0 0 0 0 0 0 1 lower
6846 0 6847 0 0 0 0 0 0 0 0 0 0 0 0 0 0 0 0 0 0 0 0 0 0 0 0 0 0 0 0
6847 0 0 0 0 0 0 0 0 0 0 0 0 6848 0 0 0 0 0 0 0 0 0 0 0 0 0 0 0 0 0
6848 0 0 0 0 0 0 0 0 0 0 0 0 0 0 0 0 0 0 0 0 6849 0 0 0 0 0 0 0 0 1 loyal
6849 0 0 0 0 0 0 0 0 0 0 0 0 0 0 0 0 0 0 0 0 0 0 0 0 0 6850 0 0 0 0
6850 0 0 0 0 0 0 0 0 0 0 0 0 0 0 0 0 0 0 0 0 0 0 0 0 0 0 0 0 0 1 loyalty
6851 0 0 0 6852 0 0 0 6855 0 0 0 0 0 6860 6865 0 0 0 0 0 0 0 0 0 6869 0 0 0 0 0
6852 0 0 0 0 0 0 0 0 0 0 0 6853 0 0 0 0 0 0 0 0 0 0 0 0 0 0 0 0 0 0
6853 0 0 0 0 0 0 0 0 0 0 0 0 0 0 0 0 0 0 0 0 0 0 0 0 0 6854 0 0 0 1 luck
6854 0 0 0 0 0 0 0 0 0 0 0 0 0 0 0 0 0 0 0 0 0 0 0 0 0 0 0 0 0 1 lucky
6855 0 0 0 0 0 0 0 6856 0 0 0 0 0 0 0 0 0 0 0 0 0 0 0 0 0 0 0 0 0 0
6856 0 6857 0 0 0 0 0 0 0 0 0 0 0 0 0 0 0 0 0 0 0 0 0 0 0 0 0 0 0 0
6857 0 0 0 0 0 0 0 6858 0 0 0 0 0 0 0 0 0 0 0 0 0 0 0 0 0 0 0 0 0 0
6858 0 0 0 0 0 6859 0 0 0 0 0 0 0 0 0 0 0 0 0 0 0 0 0 0 0 0 0 0 0 0
6859 0 0 0 0 0 0 0 0 0 0 0 0 0 0 0 0 0 0 0 0 0 0 0 0 0 0 0 0 0 1 luggage
6860 0 0 6861 0 0 0 0 0 0 0 0 0 0 0 0 0 6864 0 0 0 0 0 0 0 0 0 0 0 0 0
6861 0 0 0 0 0 6862 0 0 0 0 0 0 0 0 0 0 0 0 0 0 0 0 0 0 0 0 0 0 0 0
6862 0 0 0 0 0 0 0 0 0 0 0 0 0 0 0 0 0 0 6863 0 0 0 0 0 0 0 0 0 0 0
6863 0 0 0 0 0 0 0 0 0 0 0 0 0 0 0 0 0 0 0 0 0 0 0 0 0 0 0 0 0 1 lumber
6864 0 0 0 0 0 0 0 0 0 0 0 0 0 0 0 0 0 0 0 0 0 0 0 0 0 0 0 0 0 1 lump
6865 0 0 0 6866 0 0 0 6868 0 0 0 0 0 0 0 0 0 0 0 0 0 0 0 0 0 0 0 0 0 0
6866 0 0 0 0 0 0 0 0 6867 0 0 0 0 0 0 0 0 0 0 0 0 0 0 0 0 0 0 0 0 0
6867 0 0 0 0 0 0 0 0 0 0 0 0 0 0 0 0 0 0 0 0 0 0 0 0 0 0 0 0 0 1 lunch
6868 0 0 0 0 0 0 0 0 0 0 0 0 0 0 0 0 0 0 0 0 0 0 0 0 0 0 0 0 0 1 lung
6869 0 0 0 0 0 0 0 0 0 0 0 0 0 0 0 0 0 0 0 0 0 6870 0 0 0 0 0 0 0 0
6870 0 0 0 0 0 0 0 0 0 0 0 0 0 0 0 0 0 0 6871 0 0 0 0 0 0 0 0 0 0 0
6871 0 0 0 0 0 0 0 0 0 0 0 0 0 0 0 0 0 0 0 0 0 0 0 0 0 6872 0 0 0 0
6872 0 0 0 0 0 0 0 0 0 0 0 0 0 0 0 0 0 0 0 0 0 0 0 0 0 0 0 0 0 1 luxury
6873 0 6874 0 0 0 7047 0 0 0 7179 0 0 0 0 0 7312 0 0 0 0 0 7436 0 0 0 7486 0 0 0 0
6874 0 0 0 6875 6880 0 0 6883 0 6903 6922 6928 6930 0 6932 0 6962 0 6963 6998 7009 0 0 0 7037 7042 0 0 0 0
6875 0 0 0 0 0 0 0 0 6876 0 0 0 0 0 0 0 0 0 0 0 0 0 0 0 0 0 0 0 0 0
6876 0 0 0 0 0 0 0 0 0 6877 0 0 0 0 0 0 0 0 0 0 0 0 0 0 0 0 0 0 0 0
6877 0 0 0 0 0 0 0 0 0 0 0 0 0 0 6878 0 0 0 0 0 0 0 0 0 0 0 0 0 0 0
6878 0 0 0 0 0 6879 0 0 0 0 0 0 0 0 0 0 0 0 0 0 0 0 0 0 0 0 0 0 0 0
6879 0 0 0 0 0 0 0 0 0 0 0 0 0 0 0 0 0 0 0 0 0 0 0 0 0 0 0 0 0 1 machine
6880 0 6881 0 0 0 0 0 0 0 0 0 0 0 0 0 0 0 0 0 0 0 0 0 0 0 0 0 0 0 1 mad
6881 0 0 0 0 0 0 0 0 0 0 0 0 0 6882 0 0 0 0 0 0 0 0 0 0 0 0 0 0 0 0
6882 0 0 0 0 0 0 0 0 0 0 0 0 0 0 0 0 0 0 0 0 0 0 0 0 0 0 0 0 0 1 madam
6883 0 6884 0 0 0 0 0 0 0 6889 0 0 0 0 6891 0 0 0 0 0 0 0 0 0 0 0 0 0 0 0
6884 0 0 0 0 0 0 0 0 0 0 0 0 0 0 0 0 0 0 0 0 0 0 0 0 0 0 6885 0 0 0
6885 0 0 0 0 0 0 0 0 0 6886 0 0 0 0 0 0 0 0 0 0 0 0 0 0 0 0 0 0 0 0
6886 0 0 0 0 0 0 0 0 0 0 0 0 0 0 6887 0 0 0 0 0 0 0 0 0 0 0 0 0 0 0
6887 0 0 0 0 0 6888 0 0 0 0 0 0 0 0 0 0 0 0 0 0 0 0 0 0 0 0 0 0 0 0
6888 0 0 0 0 0 0 0 0 0 0 0 0 0 0 0 0 0 0 0 0 0 0 0 0 0 0 0 0 0 1 magazine
6889 0 0 0 6890 0 0 0 0 0 0 0 0 0 0 0 0 0 0 0 0 0 0 0 0 0 0 0 0 0 0
6890 0 0 0 0 0 0 0 0 0 0 0 0 0 0 0 0 0 0 0 0 0 0 0 0 0 0 0 0 0 1 magic
6891 0 0 0 0 0 6892 0 0 0 6896 0 0 0 0 0 0 0 0 0 0 0 0 0 0 0 0 0 0 0 0
6892 0 0 0 0 0 0 0 0 0 0 0 0 0 0 0 0 0 0 0 0 6893 0 0 0 0 0 0 0 0 0
6893 0 0 0 0 0 0 0 0 0 6894 0 0 0 0 0 0 0 0 0 0 0 0 0 0 0 0 0 0 0 1 magnet
6894 0 0 0 6895 0 0 0 0 0 0 0 0 0 0 0 0 0 0 0 0 0 0 0 0 0 0 0 0 0 0
6895 0 0 0 0 0 0 0 0 0 0 0 0 0 0 0 0 0 0 0 0 0 0 0 0 0 0 0 0 0 1 magnetic
6896 0 0 0 0 0 0 6897 0 0 0 0 0 0 0 0 0 0 0 0 0 0 0 0 0 0 0 0 0 0 0
6897 0 0 0 0 0 0 0 0 0 6898 0 0 0 0 0 0 0 0 0 0 0 0 0 0 0 0 0 0 0 0
6898 0 0 0 6899 0 0 0 0 0 0 0 0 0 0 0 0 0 0 0 0 0 0 0 0 0 0 0 0 0 0
6899 0 0 0 0 0 6900 0 0 0 0 0 0 0 0 0 0 0 0 0 0 0 0 0 0 0 0 0 0 0 0
6900 0 0 0 0 0 0 0 0 0 0 0 0 0 0 6901 0 0 0 0 0 0 0 0 0 0 0 0 0 0 0
6901 0 0 0 0 0 0 0 0 0 0 0 0 0 0 0 0 0 0 0 0 6902 0 0 0 0 0 0 0 0 0
6902 0 0 0 0 0 0 0 0 0 0 0 0 0 0 0 0 0 0 0 0 0 0 0 0 0 0 0 0 0 1 magnificent
6903 0 0 0 0 6904 0 0 0 0 0 0 0 6905 0 6906 0 0 0 0 0 0 0 0 0 0 0 0 0 0 0
6904 0 0 0 0 0 0 0 0 0 0 0 0 0 0 0 0 0 0 0 0 0 0 0 0 0 0 0 0 0 1 maid
6905 0 0 0 0 0 0 0 0 0 0 0 0 0 0 0 0 0 0 0 0 0 0 0 0 0 0 0 0 0 1 mail
6906 0 0 0 0 0 0 0 0 0 0 0 0 6907 0 0 0 0 0 0 0 6912 0 0 0 0 0 0 0 0 1 main
6907 0 6909 0 0 0 0 0 0 0 0 0 0 0 0 0 0 0 0 0 0 0 0 0 0 0 6908 0 0 0 0
6908 0 0 0 0 0 0 0 0 0 0 0 0 0 0 0 0 0 0 0 0 0 0 0 0 0 0 0 0 0 1 mainly
6909 0 0 0 0 0 0 0 0 0 0 0 0 0 0 6910 0 0 0 0 0 0 0 0 0 0 0 0 0 0 0
6910 0 0 0 0 6911 0 0 0 0 0 0 0 0 0 0 0 0 0 0 0 0 0 0 0 0 0 0 0 0 0
6911 0 0 0 0 0 0 0 0 0 0 0 0 0 0 0 0 0 0 0 0 0 0 0 0 0 0 0 0 0 1 mainland
6912 0 6913 0 0 0 6916 0 0 0 0 0 0 0 0 0 0 0 0 0 0 0 0 0 0 0 0 0 0 0 0
6913 0 0 0 0 0 0 0 0 0 6914 0 0 0 0 0 0 0 0 0 0 0 0 0 0 0 0 0 0 0 0
6914 0 0 0 0 0 0 0 0 0 0 0 0 0 0 6915 0 0 0 0 0 0 0 0 0 0 0 0 0 0 0
6915 0 0 0 0 0 0 0 0 0 0 0 0 0 0 0 0 0 0 0 0 0 0 0 0 0 0 0 0 0 1 maintain
6916 0 0 0 0 0 0 0 0 0 0 0 0 0 0 6917 0 0 0 0 0 0 0 0 0 0 0 0 0 0 0
6917 0 6918 0 0 0 0 0 0 0 0 0 0 0 0 0 0 0 0 0 0 0 0 0 0 0 0 0 0 0 0
6918 0 0 0 0 0 0 0 0 0 0 0 0 0 0 6919 0 0 0 0 0 0 0 0 0 0 0 0 0 0 0
6919 0 0 0 6920 0 0 0 0 0 0 0 0 0 0 0 0 0 0 0 0 0 0 0 0 0 0 0 0 0 0
6920 0 0 0 0 0 6921 0 0 0 0 0 0 0 0 0 0 0 0 0 0 0 0 0 0 0 0 0 0 0 0
6921 0 0 0 0 0 0 0 0 0 0 0 0 0 0 0 0 0 0 0 0 0 0 0 0 0 0 0 0 0 1 maintenance
6922 0 0 0 0 0 0 0 0 0 0 0 0 0 0 0 6923 0 0 0 0 0 0 0 0 0 0 0 0 0 0
6923 0 0 0 0 0 0 0 0 0 0 0 0 0 0 0 0 0 0 6924 0 0 0 0 0 0 0 0 0 0 0
6924 0 0 0 0 0 0 0 0 0 6925 0 0 0 0 0 0 0 0 0 0 0 0 0 0 0 0 0 0 0 1 major
6925 0 0 0 0 0 0 0 0 0 0 0 0 0 0 0 0 0 0 0 0 6926 0 0 0 0 0 0 0 0 0
6926 0 0 0 0 0 0 0 0 0 0 0 0 0 0 0 0 0 0 0 0 0 0 0 0 0 6927 0 0 0 0
6927 0 0 0 0 0 0 0 0 0 0 0 0 0 0 0 0 0 0 0 0 0 0 0 0 0 0 0 0 0 1 majority
6928 0 0 0 0 0 6929 0 0 0 0 0 0 0 0 0 0 0 0 0 0 0 0 0 0 0 0 0 0 0 0
6929 0 0 0 0 0 0 0 0 0 0 0 0 0 0 0 0 0 0 0 0 0 0 0 0 0 0 0 0 0 1 make
6930 0 0 0 0 0 6931 0 0 0 0 0 0 0 0 0 0 0 0 0 0 0 0 0 0 0 0 0 0 0 0
6931 0 0 0 0 0 0 0 0 0 0 0 0 0 0 0 0 0 0 0 0 0 0 0 0 0 0 0 0 0 1 male
6932 0 6933 0 0 0 0 0 0 0 0 0 6941 6945 0 6947 0 0 0 0 0 0 6950 0 0 0 6961 0 0 0 1 man
6933 0 0 0 0 0 0 0 6934 0 0 0 0 0 0 0 0 0 0 0 0 0 0 0 0 0 0 0 0 0 0
6934 0 0 0 0 0 6935 0 0 0 0 0 0 0 0 0 0 0 0 0 0 0 0 0 0 0 0 0 0 0 0
6935 0 0 0 0 0 0 0 0 0 0 0 0 0 6936 0 0 0 0 6940 0 0 0 0 0 0 0 0 0 0 1 manage
6936 0 0 0 0 0 6937 0 0 0 0 0 0 0 0 0 0 0 0 0 0 0 0 0 0 0 0 0 0 0 0
6937 0 0 0 0 0 0 0 0 0 0 0 0 0 0 6938 0 0 0 0 0 0 0 0 0 0 0 0 0 0 0
6938 0 0 0 0 0 0 0 0 0 0 0 0 0 0 0 0 0 0 0 0 6939 0 0 0 0 0 0 0 0 0
6939 0 0 0 0 0 0 0 0 0 0 0 0 0 0 0 0 0 0 0 0 0 0 0 0 0 0 0 0 0 1 management
6940 0 0 0 0 0 0 0 0 0 0 0 0 0 0 0 0 0 0 0 0 0 0 0 0 0 0 0 0 0 1 manager
6941 0 0 0 0 0 0 0 0 0 6942 0 0 0 0 0 0 0 0 0 0 0 0 0 0 0 0 0 0 0 0
6942 0 0 0 0 0 0 0 0 0 0 0 0 0 0 6943 0 0 0 0 0 0 0 0 0 0 0 0 0 0 0
6943 0 0 0 0 6944 0 0 0 0 0 0 0 0 0 0 0 0 0 0 0 0 0 0 0 0 0 0 0 0 0
6944 0 0 0 0 0 0 0 0 0 0 0 0 0 0 0 0 0 0 0 0 0 0 0 0 0 0 0 0 0 1 mankind
6945 0 0 0 0 0 0 0 0 0 0 0 0 0 0 0 0 0 0 0 0 0 0 0 0 0 6946 0 0 0 0
6946 0 0 0 0 0 0 0 0 0 0 0 0 0 0 0 0 0 0 0 0 0 0 0 0 0 0 0 0 0 1 manly
6947 0 0 0 0 0 6948 0 0 0 0 0 0 0 0 0 0 0 0 0 0 0 0 0 0 0 0 0 0 0 0
6948 0 0 0 0 0 0 0 0 0 0 0 0 0 0 0 0 0 0 6949 0 0 0 0 0 0 0 0 0 0 0
6949 0 0 0 0 0 0 0 0 0 0 0 0 0 0 0 0 0 0 0 0 0 0 0 0 0 0 0 0 0 1 manner
6950 0 6951 0 0 0 0 6953 0 0 0 0 0 0 0 0 0 0 0 0 0 0 0 0 0 0 0 0 0 0 0
6951 0 0 0 0 0 0 0 0 0 0 0 0 6952 0 0 0 0 0 0 0 0 0 0 0 0 0 0 0 0 0
6952 0 0 0 0 0 0 0 0 0 0 0 0 0 0 0 0 0 0 0 0 0 0 0 0 0 0 0 0 0 1 manual
6953 0 6954 0 0 0 0 0 0 0 0 0 0 0 0 0 0 0 0 0 0 0 0 0 0 0 0 0 0 0 0
6954 0 0 0 6955 0 0 0 0 0 0 0 0 0 0 0 0 0 0 0 0 0 0 0 0 0 0 0 0 0 0
6955 0 0 0 0 0 0 0 0 0 0 0 0 0 0 0 0 0 0 0 0 6956 0 0 0 0 0 0 0 0 0
6956 0 0 0 0 0 0 0 0 0 0 0 0 0 0 0 0 0 0 0 0 0 6957 0 0 0 0 0 0 0 0
6957 0 0 0 0 0 0 0 0 0 0 0 0 0 0 0 0 0 0 6958 0 0 0 0 0 0 0 0 0 0 0
6958 0 0 0 0 0 6959 0 0 0 0 0 0 0 0 0 0 0 0 0 0 0 0 0 0 0 0 0 0 0 0
6959 0 0 0 0 0 0 0 0 0 0 0 0 0 0 0 0 0 0 6960 0 0 0 0 0 0 0 0 0 0 1 manufacture
6960 0 0 0 0 0 0 0 0 0 0 0 0 0 0 0 0 0 0 0 0 0 0 0 0 0 0 0 0 0 1 manufacturer
6961 0 0 0 0 0 0 0 0 0 0 0 0 0 0 0 0 0 0 0 0 0 0 0 0 0 0 0 0 0 1 many
6962 0 0 0 0 0 0 0 0 0 0 0 0 0 0 0 0 0 0 0 0 0 0 0 0 0 0 0 0 0 1 map
6963 0 0 6964 6967 0 0 0 6969 0 6972 0 6975 0 0 0 0 0 0 6978 0 0 0 6986 0 6992 0 0 0 0 0
6964 0 0 0 0 0 0 0 0 0 0 0 0 6965 0 0 0 0 0 0 0 0 0 0 0 0 0 0 0 0 0
6965 0 0 0 0 0 6966 0 0 0 0 0 0 0 0 0 0 0 0 0 0 0 0 0 0 0 0 0 0 0 0
6966 0 0 0 0 0 0 0 0 0 0 0 0 0 0 0 0 0 0 0 0 0 0 0 0 0 0 0 0 0 1 marble
6967 0 0 0 0 0 0 0 0 6968 0 0 0 0 0 0 0 0 0 0 0 0 0 0 0 0 0 0 0 0 0
6968 0 0 0 0 0 0 0 0 0 0 0 0 0 0 0 0 0 0 0 0 0 0 0 0 0 0 0 0 0 1 march
6969 0 0 0 0 0 0 0 0 0 6970 0 0 0 0 0 0 0 0 0 0 0 0 0 0 0 0 0 0 0 0
6970 0 0 0 0 0 0 0 0 0 0 0 0 0 0 6971 0 0 0 0 0 0 0 0 0 0 0 0 0 0 0
6971 0 0 0 0 0 0 0 0 0 0 0 0 0 0 0 0 0 0 0 0 0 0 0 0 0 0 0 0 0 1 margin
6972 0 0 0 0 0 0 0 0 0 0 0 0 0 0 6973 0 0 0 0 0 0 0 0 0 0 0 0 0 0 0
6973 0 0 0 0 0 6974 0 0 0 0 0 0 0 0 0 0 0 0 0 0 0 0 0 0 0 0 0 0 0 0
6974 0 0 0 0 0 0 0 0 0 0 0 0 0 0 0 0 0 0 0 0 0 0 0 0 0 0 0 0 0 1 marine
6975 0 0 0 0 0 6976 0 0 0 0 0 0 0 0 0 0 0 0 0 0 0 0 0 0 0 0 0 0 0 1 mark
6976 0 0 0 0 0 0 0 0 0 0 0 0 0 0 0 0 0 0 0 0 6977 0 0 0 0 0 0 0 0 0
6977 0 0 0 0 0 0 0 0 0 0 0 0 0 0 0 0 0 0 0 0 0 0 0 0 0 0 0 0 0 1 market
6978 0 0 0 0 0 0 0 0 0 6979 0 0 0 0 0 0 0 0 0 0 0 0 0 0 0 6985 0 0 0 0
6979 0 6980 0 0 0 6983 0 0 0 0 0 0 0 0 0 0 0 0 0 0 0 0 0 0 0 0 0 0 0 0
6980 0 0 0 0 0 0 0 6981 0 0 0 0 0 0 0 0 0 0 0 0 0 0 0 0 0 0 0 0 0 0
6981 0 0 0 0 0 6982 0 0 0 0 0 0 0 0 0 0 0 0 0 0 0 0 0 0 0 0 0 0 0 0
6982 0 0 0 0 0 0 0 0 0 0 0 0 0 0 0 0 0 0 0 0 0 0 0 0 0 0 0 0 0 1 marriage
6983 0 0 0 0 6984 0 0 0 0 0 0 0 0 0 0 0 0 0 0 0 0 0 0 0 0 0 0 0 0 0
6984 0 0 0 0 0 0 0 0 0 0 0 0 0 0 0 0 0 0 0 0 0 0 0 0 0 0 0 0 0 1 married
6985 0 0 0 0 0 0 0 0 0 0 0 0 0 0 0 0 0 0 0 0 0 0 0 0 0 0 0 0 0 1 marry
6986 0 0 0 0 0 6987 0 0 0 0 0 0 0 0 0 0 0 0 0 0 0 0 0 0 0 0 0 0 0 0
6987 0 0 0 0 0 0 0 0 0 0 0 0 6988 0 0 0 0 0 0 0 0 0 0 0 0 0 0 0 0 0
6988 0 0 0 0 0 0 0 0 0 0 0 0 0 0 0 6989 0 0 0 0 0 0 0 0 0 0 0 0 0 0
6989 0 0 0 0 0 0 0 0 0 0 0 0 0 0 0 0 0 0 0 0 0 6990 0 0 0 0 0 0 0 0
6990 0 0 0 0 0 0 0 0 0 0 0 0 0 0 0 0 0 0 0 6991 0 0 0 0 0 0 0 0 0 0
6991 0 0 0 0 0 0 0 0 0 0 0 0 0 0 0 0 0 0 0 0 0 0 0 0 0 0 0 0 0 1 marvelous
6992 0 0 0 0 0 0 0 0 0 6993 0 0 0 0 0 0 0 0 0 0 0 0 0 0 0 0 0 0 0 0
6993 0 0 0 0 0 0 0 0 0 0 0 0 0 0 0 0 0 0 0 6994 0 0 0 0 0 0 0 0 0 0
6994 0 0 0 0 0 0 0 0 0 6995 0 0 0 0 0 0 0 0 0 0 6997 0 0 0 0 0 0 0 0 0
6995 0 0 0 0 0 0 0 0 0 0 0 0 0 6996 0 0 0 0 0 0 0 0 0 0 0 0 0 0 0 0
6996 0 0 0 0 0 0 0 0 0 0 0 0 0 0 0 0 0 0 0 0 0 0 0 0 0 0 0 0 0 1 Marxisim
6997 0 0 0 0 0 0 0 0 0 0 0 0 0 0 0 0 0 0 0 0 0 0 0 0 0 0 0 0 0 1 Marxist
6998 0 0 0 0 0 0 0 0 0 0 0 6999 0 0 0 0 0 0 0 7000 7001 0 0 0 0 0 0 0 0 0
6999 0 0 0 0 0 0 0 0 0 0 0 0 0 0 0 0 0 0 0 0 0 0 0 0 0 0 0 0 0 1 mask
7000 0 0 0 0 0 0 0 0 0 0 0 0 0 0 0 0 0 0 0 0 0 0 0 0 0 0 0 0 0 1 mass
7001 0 0 0 0 0 7002 0 0 0 0 0 0 0 0 0 0 0 0 0 0 0 0 0 0 0 0 0 0 0 0
7002 0 0 0 0 0 0 0 0 0 0 0 0 0 0 0 0 0 0 7003 0 0 0 0 0 0 0 0 0 0 0
7003 0 0 0 0 0 0 0 0 0 0 0 0 0 0 0 0 7004 0 0 0 0 0 0 0 0 0 0 0 0 1 master
7004 0 0 0 0 0 0 0 0 0 7005 0 0 0 0 0 0 0 0 0 0 0 0 0 0 0 0 0 0 0 0
7005 0 0 0 0 0 7006 0 0 0 0 0 0 0 0 0 0 0 0 0 0 0 0 0 0 0 0 0 0 0 0
7006 0 0 0 7007 0 0 0 0 0 0 0 0 0 0 0 0 0 0 0 0 0 0 0 0 0 0 0 0 0 0
7007 0 0 0 0 0 7008 0 0 0 0 0 0 0 0 0 0 0 0 0 0 0 0 0 0 0 0 0 0 0 0
7008 0 0 0 0 0 0 0 0 0 0 0 0 0 0 0 0 0 0 0 0 0 0 0 0 0 0 0 0 0 1 masterpiece
7009 0 0 0 7010 0 7012 0 0 7020 0 0 0 0 0 0 0 0 0 0 0 7031 7034 0 0 0 0 0 0 0 1 mat
7010 0 0 0 0 0 0 0 0 7011 0 0 0 0 0 0 0 0 0 0 0 0 0 0 0 0 0 0 0 0 0
7011 0 0 0 0 0 0 0 0 0 0 0 0 0 0 0 0 0 0 0 0 0 0 0 0 0 0 0 0 0 1 match
7012 0 0 0 0 0 0 0 0 0 0 0 0 0 0 0 0 0 0 7013 0 0 0 0 0 0 0 0 0 0 1 mate
7013 0 0 0 0 0 0 0 0 0 7014 0 0 0 0 0 0 0 0 0 0 0 0 0 0 0 0 0 0 0 0
7014 0 7015 0 0 0 0 0 0 0 0 0 0 0 0 0 0 0 0 0 0 0 0 0 0 0 0 0 0 0 0
7015 0 0 0 0 0 0 0 0 0 0 0 0 7016 0 0 0 0 0 0 0 0 0 0 0 0 0 0 0 0 0
7016 0 0 0 0 0 0 0 0 0 7017 0 0 0 0 0 0 0 0 0 0 0 0 0 0 0 0 0 0 0 1 material
7017 0 0 0 0 0 0 0 0 0 0 0 0 0 0 0 0 0 0 0 7018 0 0 0 0 0 0 0 0 0 0
7018 0 0 0 0 0 0 0 0 0 0 0 0 0 7019 0 0 0 0 0 0 0 0 0 0 0 0 0 0 0 0
7019 0 0 0 0 0 0 0 0 0 0 0 0 0 0 0 0 0 0 0 0 0 0 0 0 0 0 0 0 0 1 materialism
7020 0 0 0 0 0 7021 0 0 0 0 0 0 0 0 0 0 0 0 0 7030 0 0 0 0 0 0 0 0 0 0
7021 0 0 0 0 0 0 0 0 0 0 0 0 0 7022 0 0 0 0 0 0 0 0 0 0 0 0 0 0 0 0
7022 0 7023 0 0 0 0 0 0 0 0 0 0 0 0 0 0 0 0 0 0 0 0 0 0 0 0 0 0 0 0
7023 0 0 0 0 0 0 0 0 0 0 0 0 0 0 0 0 0 0 0 0 7024 0 0 0 0 0 0 0 0 0
7024 0 0 0 0 0 0 0 0 0 7025 0 0 0 0 0 0 0 0 0 0 0 0 0 0 0 0 0 0 0 0
7025 0 0 0 7026 0 0 0 0 0 0 0 0 0 0 0 0 0 0 0 0 0 0 0 0 0 0 0 0 0 0
7026 0 7027 0 0 0 0 0 0 0 0 0 0 0 0 0 0 0 0 0 7029 0 0 0 0 0 0 0 0 0 0
7027 0 0 0 0 0 0 0 0 0 0 0 0 7028 0 0 0 0 0 0 0 0 0 0 0 0 0 0 0 0 0
7028 0 0 0 0 0 0 0 0 0 0 0 0 0 0 0 0 0 0 0 0 0 0 0 0 0 0 0 0 0 1 mathematical
7029 0 0 0 0 0 0 0 0 0 0 0 0 0 0 0 0 0 0 0 0 0 0 0 0 0 0 0 0 0 1 mathematics
7030 0 0 0 0 0 0 0 0 0 0 0 0 0 0 0 0 0 0 0 0 0 0 0 0 0 0 0 0 0 1 maths
7031 0 0 0 0 0 7032 0 0 0 0 0 0 0 0 0 0 0 0 0 0 0 0 0 0 0 0 0 0 0 0
7032 0 0 0 0 0 0 0 0 0 0 0 0 0 0 0 0 0 0 7033 0 0 0 0 0 0 0 0 0 0 0
7033 0 0 0 0 0 0 0 0 0 0 0 0 0 0 0 0 0 0 0 0 0 0 0 0 0 0 0 0 0 1 matter
7034 0 0 0 0 0 0 0 0 0 0 0 0 0 0 0 0 0 0 7035 0 0 0 0 0 0 0 0 0 0 0
7035 0 0 0 0 0 7036 0 0 0 0 0 0 0 0 0 0 0 0 0 0 0 0 0 0 0 0 0 0 0 0
7036 0 0 0 0 0 0 0 0 0 0 0 0 0 0 0 0 0 0 0 0 0 0 0 0 0 0 0 0 0 1 mature
7037 0 0 0 0 0 0 0 0 0 7038 0 0 0 0 0 0 0 0 0 0 0 0 0 0 0 0 0 0 0 0
7038 0 0 0 0 0 0 0 0 0 0 0 0 0 7039 0 0 0 0 0 0 0 0 0 0 0 0 0 0 0 0
7039 0 0 0 0 0 0 0 0 0 0 0 0 0 0 0 0 0 0 0 0 0 7040 0 0 0 0 0 0 0 0
7040 0 0 0 0 0 0 0 0 0 0 0 0 0 7041 0 0 0 0 0 0 0 0 0 0 0 0 0 0 0 0
7041 0 0 0 0 0 0 0 0 0 0 0 0 0 0 0 0 0 0 0 0 0 0 0 0 0 0 0 0 0 1 maximum
7042 0 0 7043 0 0 0 0 0 0 0 0 0 0 0 0 7045 0 0 0 0 0 0 0 0 0 0 0 0 0 1 may
7043 0 0 0 0 0 7044 0 0 0 0 0 0 0 0 0 0 0 0 0 0 0 0 0 0 0 0 0 0 0 0
7044 0 0 0 0 0 0 0 0 0 0 0 0 0 0 0 0 0 0 0 0 0 0 0 0 0 0 0 0 0 1 maybe
7045 0 0 0 0 0 0 0 0 0 0 0 0 0 0 0 0 0 0 7046 0 0 0 0 0 0 0 0 0 0 0
7046 0 0 0 0 0 0 0 0 0 0 0 0 0 0 0 0 0 0 0 0 0 0 0 0 0 0 0 0 0 1 mayor
7047 0 7048 0 7080 7091 7112 0 0 0 0 0 0 7117 7121 7131 0 0 0 7140 7157 7167 0 0 0 0 0 0 0 0 1 me
7048 0 0 0 0 7049 0 0 0 0 0 0 0 7052 0 7053 0 0 0 0 7067 7079 0 0 0 0 0 0 0 0 0
7049 0 0 0 0 0 0 0 0 0 0 0 0 0 0 0 7050 0 0 0 0 0 0 0 0 0 0 0 0 0 0
7050 0 0 0 0 0 0 0 0 0 0 0 0 0 0 0 0 0 0 0 0 0 0 0 7051 0 0 0 0 0 0
7051 0 0 0 0 0 0 0 0 0 0 0 0 0 0 0 0 0 0 0 0 0 0 0 0 0 0 0 0 0 1 meadow
7052 0 0 0 0 0 0 0 0 0 0 0 0 0 0 0 0 0 0 0 0 0 0 0 0 0 0 0 0 0 1 meal
7053 0 0 0 0 0 0 0 0 0 7054 0 0 0 0 0 0 0 0 0 7057 7058 0 0 7062 0 0 0 0 0 1 mean
7054 0 0 0 0 0 0 0 0 0 0 0 0 0 0 7055 0 0 0 0 0 0 0 0 0 0 0 0 0 0 0
7055 0 0 0 0 0 0 0 7056 0 0 0 0 0 0 0 0 0 0 0 0 0 0 0 0 0 0 0 0 0 0
7056 0 0 0 0 0 0 0 0 0 0 0 0 0 0 0 0 0 0 0 0 0 0 0 0 0 0 0 0 0 1 meaning
7057 0 0 0 0 0 0 0 0 0 0 0 0 0 0 0 0 0 0 0 0 0 0 0 0 0 0 0 0 0 1 means
7058 0 0 0 0 0 0 0 0 0 7059 0 0 0 0 0 0 0 0 0 0 0 0 0 0 0 0 0 0 0 0
7059 0 0 0 0 0 0 0 0 0 0 0 0 0 7060 0 0 0 0 0 0 0 0 0 0 0 0 0 0 0 0
7060 0 0 0 0 0 7061 0 0 0 0 0 0 0 0 0 0 0 0 0 0 0 0 0 0 0 0 0 0 0 0
7061 0 0 0 0 0 0 0 0 0 0 0 0 0 0 0 0 0 0 0 0 0 0 0 0 0 0 0 0 0 1 meantime
7062 0 0 0 0 0 0 0 0 7063 0 0 0 0 0 0 0 0 0 0 0 0 0 0 0 0 0 0 0 0 0
7063 0 0 0 0 0 0 0 0 0 7064 0 0 0 0 0 0 0 0 0 0 0 0 0 0 0 0 0 0 0 0
7064 0 0 0 0 0 0 0 0 0 0 0 0 7065 0 0 0 0 0 0 0 0 0 0 0 0 0 0 0 0 0
7065 0 0 0 0 0 7066 0 0 0 0 0 0 0 0 0 0 0 0 0 0 0 0 0 0 0 0 0 0 0 0
7066 0 0 0 0 0 0 0 0 0 0 0 0 0 0 0 0 0 0 0 0 0 0 0 0 0 0 0 0 0 1 meanwhile
7067 0 0 0 0 0 0 0 0 0 0 0 0 0 0 0 0 0 0 0 0 0 7068 0 0 0 0 0 0 0 0
7068 0 0 0 0 0 0 0 0 0 0 0 0 0 0 0 0 0 0 7069 0 0 0 0 0 0 0 0 0 0 0
7069 0 7070 0 0 0 7074 0 0 0 0 0 0 0 0 0 0 0 0 0 0 0 0 0 0 0 0 0 0 0 0
7070 0 0 7071 0 0 0 0 0 0 0 0 0 0 0 0 0 0 0 0 0 0 0 0 0 0 0 0 0 0 0
7071 0 0 0 0 0 0 0 0 0 0 0 0 7072 0 0 0 0 0 0 0 0 0 0 0 0 0 0 0 0 0
7072 0 0 0 0 0 7073 0 0 0 0 0 0 0 0 0 0 0 0 0 0 0 0 0 0 0 0 0 0 0 0
7073 0 0 0 0 0 0 0 0 0 0 0 0 0 0 0 0 0 0 0 0 0 0 0 0 0 0 0 0 0 1 measurable
7074 0 0 0 0 0 0 0 0 0 0 0 0 0 7075 0 0 0 0 0 0 0 0 0 0 0 0 0 0 0 1 measure
7075 0 0 0 0 0 7076 0 0 0 0 0 0 0 0 0 0 0 0 0 0 0 0 0 0 0 0 0 0 0 0
7076 0 0 0 0 0 0 0 0 0 0 0 0 0 0 7077 0 0 0 0 0 0 0 0 0 0 0 0 0 0 0
7077 0 0 0 0 0 0 0 0 0 0 0 0 0 0 0 0 0 0 0 0 7078 0 0 0 0 0 0 0 0 0
7078 0 0 0 0 0 0 0 0 0 0 0 0 0 0 0 0 0 0 0 0 0 0 0 0 0 0 0 0 0 1 measurement
7079 0 0 0 0 0 0 0 0 0 0 0 0 0 0 0 0 0 0 0 0 0 0 0 0 0 0 0 0 0 1 meat
7080 0 0 0 0 0 0 0 0 7081 0 0 0 0 0 0 0 0 0 0 0 0 0 0 0 0 0 0 0 0 0
7081 0 7082 0 0 0 0 0 0 0 0 0 0 0 0 0 0 0 0 0 0 0 0 0 0 0 0 0 0 0 0
7082 0 0 0 0 0 0 0 0 0 0 0 0 0 0 7083 0 0 0 0 0 0 0 0 0 0 0 0 0 0 0
7083 0 0 0 0 0 0 0 0 0 7084 0 0 0 0 0 0 0 0 0 0 0 0 0 0 0 0 0 0 0 0
7084 0 0 0 7085 0 0 0 0 0 0 0 0 0 0 0 0 0 0 0 0 0 0 0 0 0 0 0 0 0 0
7085 0 7086 0 0 0 0 0 0 0 0 0 0 0 0 0 0 0 0 0 7090 0 0 0 0 0 0 0 0 0 1 mechanic
7086 0 0 0 0 0 0 0 0 0 0 0 0 7087 0 0 0 0 0 0 0 0 0 0 0 0 0 0 0 0 0
7087 0 0 0 0 0 0 0 0 0 0 0 0 7088 0 0 0 0 0 0 0 0 0 0 0 0 0 0 0 0 1 mechanical
7088 0 0 0 0 0 0 0 0 0 0 0 0 0 0 0 0 0 0 0 0 0 0 0 0 0 7089 0 0 0 0
7089 0 0 0 0 0 0 0 0 0 0 0 0 0 0 0 0 0 0 0 0 0 0 0 0 0 0 0 0 0 1 mechanically
7090 0 0 0 0 0 0 0 0 0 0 0 0 0 0 0 0 0 0 0 0 0 0 0 0 0 0 0 0 0 1 mechanics
7091 0 7092 0 0 0 0 0 0 0 7094 0 0 0 0 0 0 0 0 0 0 0 0 0 0 0 0 0 0 0 0
7092 0 0 0 0 0 0 0 0 0 0 0 0 7093 0 0 0 0 0 0 0 0 0 0 0 0 0 0 0 0 0
7093 0 0 0 0 0 0 0 0 0 0 0 0 0 0 0 0 0 0 0 0 0 0 0 0 0 0 0 0 0 1 medal
7094 0 0 0 7095 0 0 0 0 0 0 0 0 0 0 0 0 0 0 0 0 7101 7110 0 0 0 0 0 0 0 0
7095 0 7096 0 0 0 0 0 0 0 7098 0 0 0 0 0 0 0 0 0 0 0 0 0 0 0 0 0 0 0 0
7096 0 0 0 0 0 0 0 0 0 0 0 0 7097 0 0 0 0 0 0 0 0 0 0 0 0 0 0 0 0 0
7097 0 0 0 0 0 0 0 0 0 0 0 0 0 0 0 0 0 0 0 0 0 0 0 0 0 0 0 0 0 1 medical
7098 0 0 0 0 0 0 0 0 0 0 0 0 0 0 7099 0 0 0 0 0 0 0 0 0 0 0 0 0 0 0
7099 0 0 0 0 0 7100 0 0 0 0 0 0 0 0 0 0 0 0 0 0 0 0 0 0 0 0 0 0 0 0
7100 0 0 0 0 0 0 0 0 0 0 0 0 0 0 0 0 0 0 0 0 0 0 0 0 0 0 0 0 0 1 medicine
7101 0 0 0 0 0 7102 0 0 0 0 0 0 0 0 0 0 0 0 0 0 0 0 0 0 0 0 0 0 0 0
7102 0 0 0 0 0 0 0 0 0 0 0 0 0 0 0 0 0 0 7103 0 0 0 0 0 0 0 0 0 0 0
7103 0 0 0 0 0 0 0 0 0 0 0 0 0 0 0 0 0 0 7104 0 0 0 0 0 0 0 0 0 0 0
7104 0 7105 0 0 0 0 0 0 0 0 0 0 0 0 0 0 0 0 0 0 0 0 0 0 0 0 0 0 0 0
7105 0 0 0 0 0 0 0 0 0 0 0 0 0 0 7106 0 0 0 0 0 0 0 0 0 0 0 0 0 0 0
7106 0 0 0 0 0 7107 0 0 0 0 0 0 0 0 0 0 0 0 0 0 0 0 0 0 0 0 0 0 0 0
7107 0 7108 0 0 0 0 0 0 0 0 0 0 0 0 0 0 0 0 0 0 0 0 0 0 0 0 0 0 0 0
7108 0 0 0 0 0 0 0 0 0 0 0 0 0 0 7109 0 0 0 0 0 0 0 0 0 0 0 0 0 0 0
7109 0 0 0 0 0 0 0 0 0 0 0 0 0 0 0 0 0 0 0 0 0 0 0 0 0 0 0 0 0 1 Mediterranean
7110 0 0 0 0 0 0 0 0 0 0 0 0 0 7111 0 0 0 0 0 0 0 0 0 0 0 0 0 0 0 0
7111 0 0 0 0 0 0 0 0 0 0 0 0 0 0 0 0 0 0 0 0 0 0 0 0 0 0 0 0 0 1 medium
7112 0 0 0 0 0 0 0 0 0 0 0 0 0 0 0 0 0 0 0 0 7113 0 0 0 0 0 0 0 0 0
7113 0 0 0 0 0 0 0 0 0 7114 0 0 0 0 0 0 0 0 0 0 0 0 0 0 0 0 0 0 0 1 meet
7114 0 0 0 0 0 0 0 0 0 0 0 0 0 0 7115 0 0 0 0 0 0 0 0 0 0 0 0 0 0 0
7115 0 0 0 0 0 0 0 7116 0 0 0 0 0 0 0 0 0 0 0 0 0 0 0 0 0 0 0 0 0 0
7116 0 0 0 0 0 0 0 0 0 0 0 0 0 0 0 0 0 0 0 0 0 0 0 0 0 0 0 0 0 1 meeting
7117 0 0 0 0 0 0 0 0 0 0 0 0 0 0 0 7118 0 0 0 0 7120 0 0 0 0 0 0 0 0 0
7118 0 0 0 0 0 0 0 0 0 0 0 0 0 0 7119 0 0 0 0 0 0 0 0 0 0 0 0 0 0 0
7119 0 0 0 0 0 0 0 0 0 0 0 0 0 0 0 0 0 0 0 0 0 0 0 0 0 0 0 0 0 1 melon
7120 0 0 0 0 0 0 0 0 0 0 0 0 0 0 0 0 0 0 0 0 0 0 0 0 0 0 0 0 0 1 melt
7121 0 0 7122 0 0 0 0 0 0 0 0 0 0 0 0 7125 0 0 0 0 0 0 0 0 0 0 0 0 0 0
7122 0 0 0 0 0 7123 0 0 0 0 0 0 0 0 0 0 0 0 0 0 0 0 0 0 0 0 0 0 0 0
7123 0 0 0 0 0 0 0 0 0 0 0 0 0 0 0 0 0 0 7124 0 0 0 0 0 0 0 0 0 0 0
7124 0 0 0 0 0 0 0 0 0 0 0 0 0 0 0 0 0 0 0 0 0 0 0 0 0 0 0 0 0 1 member
7125 0 0 0 0 0 0 0 0 0 0 0 0 0 0 0 0 0 0 7126 0 0 0 0 0 0 0 0 0 0 0
7126 0 0 0 0 0 0 0 0 0 7127 0 0 0 0 0 0 0 0 0 0 0 0 0 0 0 7130 0 0 0 0
7127 0 7128 0 0 0 0 0 0 0 0 0 0 0 0 0 0 0 0 0 0 0 0 0 0 0 0 0 0 0 0
7128 0 0 0 0 0 0 0 0 0 0 0 0 7129 0 0 0 0 0 0 0 0 0 0 0 0 0 0 0 0 0
7129 0 0 0 0 0 0 0 0 0 0 0 0 0 0 0 0 0 0 0 0 0 0 0 0 0 0 0 0 0 1 memorial
7130 0 0 0 0 0 0 0 0 0 0 0 0 0 0 0 0 0 0 0 0 0 0 0 0 0 0 0 0 0 1 memory
7131 0 0 0 0 7132 0 0 0 0 0 0 0 0 0 0 0 0 0 0 0 7133 7139 0 0 0 0 0 0 0 0
7132 0 0 0 0 0 0 0 0 0 0 0 0 0 0 0 0 0 0 0 0 0 0 0 0 0 0 0 0 0 1 mend
7133 0 7134 0 0 0 0 0 0 0 7136 0 0 0 0 0 0 0 0 0 0 0 0 0 0 0 0 0 0 0 0
7134 0 0 0 0 0 0 0 0 0 0 0 0 7135 0 0 0 0 0 0 0 0 0 0 0 0 0 0 0 0 0
7135 0 0 0 0 0 0 0 0 0 0 0 0 0 0 0 0 0 0 0 0 0 0 0 0 0 0 0 0 0 1 mental
7136 0 0 0 0 0 0 0 0 0 0 0 0 0 0 0 7137 0 0 0 0 0 0 0 0 0 0 0 0 0 0
7137 0 0 0 0 0 0 0 0 0 0 0 0 0 0 7138 0 0 0 0 0 0 0 0 0 0 0 0 0 0 0
7138 0 0 0 0 0 0 0 0 0 0 0 0 0 0 0 0 0 0 0 0 0 0 0 0 0 0 0 0 0 1 mention
7139 0 0 0 0 0 0 0 0 0 0 0 0 0 0 0 0 0 0 0 0 0 0 0 0 0 0 0 0 0 1 menu
7140 0 0 0 7141 0 7150 0 0 0 7153 0 0 0 0 0 0 0 0 7155 0 0 0 0 0 0 0 0 0 0 0
7141 0 0 0 0 0 0 0 0 7142 0 0 0 0 0 0 0 0 0 0 0 0 7146 0 0 0 7149 0 0 0 0
7142 0 7143 0 0 0 0 0 0 0 0 0 0 0 0 0 0 0 0 0 0 0 0 0 0 0 0 0 0 0 0
7143 0 0 0 0 0 0 0 0 0 0 0 0 0 0 7144 0 0 0 0 0 0 0 0 0 0 0 0 0 0 0
7144 0 0 0 0 0 0 0 0 0 0 0 0 0 0 0 0 0 0 0 0 7145 0 0 0 0 0 0 0 0 0
7145 0 0 0 0 0 0 0 0 0 0 0 0 0 0 0 0 0 0 0 0 0 0 0 0 0 0 0 0 0 1 merchant
7146 0 0 0 0 0 0 0 0 0 0 0 0 0 0 0 0 0 0 7147 0 0 0 0 0 0 0 0 0 0 0
7147 0 0 0 0 0 0 0 0 0 0 0 0 0 0 0 0 0 0 0 0 0 0 0 0 0 7148 0 0 0 0
7148 0 0 0 0 0 0 0 0 0 0 0 0 0 0 0 0 0 0 0 0 0 0 0 0 0 0 0 0 0 1 Mercury
7149 0 0 0 0 0 0 0 0 0 0 0 0 0 0 0 0 0 0 0 0 0 0 0 0 0 0 0 0 0 1 mercy
7150 0 0 0 0 0 0 0 0 0 0 0 0 7151 0 0 0 0 0 0 0 0 0 0 0 0 0 0 0 0 1 mere
7151 0 0 0 0 0 0 0 0 0 0 0 0 0 0 0 0 0 0 0 0 0 0 0 0 0 7152 0 0 0 0
7152 0 0 0 0 0 0 0 0 0 0 0 0 0 0 0 0 0 0 0 0 0 0 0 0 0 0 0 0 0 1 merely
7153 0 0 0 0 0 0 0 0 0 0 0 0 0 0 0 0 0 0 0 0 7154 0 0 0 0 0 0 0 0 0
7154 0 0 0 0 0 0 0 0 0 0 0 0 0 0 0 0 0 0 0 0 0 0 0 0 0 0 0 0 0 1 merit
7155 0 0 0 0 0 0 0 0 0 0 0 0 0 0 0 0 0 0 0 0 0 0 0 0 0 7156 0 0 0 0
7156 0 0 0 0 0 0 0 0 0 0 0 0 0 0 0 0 0 0 0 0 0 0 0 0 0 0 0 0 0 1 merry
7157 0 0 0 0 0 0 0 0 0 0 0 0 0 0 0 0 0 0 0 7158 0 0 0 0 0 0 0 0 0 0
7158 0 7159 0 0 0 7162 0 0 0 0 0 0 0 0 0 0 0 0 0 0 0 0 0 0 0 0 0 0 0 1 mess
7159 0 0 0 0 0 0 0 7160 0 0 0 0 0 0 0 0 0 0 0 0 0 0 0 0 0 0 0 0 0 0
7160 0 0 0 0 0 7161 0 0 0 0 0 0 0 0 0 0 0 0 0 0 0 0 0 0 0 0 0 0 0 0
7161 0 0 0 0 0 0 0 0 0 0 0 0 0 0 0 0 0 0 0 0 0 0 0 0 0 0 0 0 0 1 message
7162 0 0 0 0 0 0 0 0 0 0 0 0 0 0 7163 0 0 0 0 0 0 0 0 0 0 0 0 0 0 0
7163 0 0 0 0 0 0 0 7164 0 0 0 0 0 0 0 0 0 0 0 0 0 0 0 0 0 0 0 0 0 0
7164 0 0 0 0 0 7165 0 0 0 0 0 0 0 0 0 0 0 0 0 0 0 0 0 0 0 0 0 0 0 0
7165 0 0 0 0 0 0 0 0 0 0 0 0 0 0 0 0 0 0 7166 0 0 0 0 0 0 0 0 0 0 0
7166 0 0 0 0 0 0 0 0 0 0 0 0 0 0 0 0 0 0 0 0 0 0 0 0 0 0 0 0 0 1 messenger
7167 0 7168 0 0 0 7170 0 0 7172 0 0 0 0 0 0 0 0 0 7175 0 0 0 0 0 0 0 0 0 0 0
7168 0 0 0 0 0 0 0 0 0 0 0 0 7169 0 0 0 0 0 0 0 0 0 0 0 0 0 0 0 0 0
7169 0 0 0 0 0 0 0 0 0 0 0 0 0 0 0 0 0 0 0 0 0 0 0 0 0 0 0 0 0 1 metal
7170 0 0 0 0 0 0 0 0 0 0 0 0 0 0 0 0 0 0 7171 0 0 0 0 0 0 0 0 0 0 0
7171 0 0 0 0 0 0 0 0 0 0 0 0 0 0 0 0 0 0 0 0 0 0 0 0 0 0 0 0 0 1 meter
7172 0 0 0 0 0 0 0 0 0 0 0 0 0 0 0 7173 0 0 0 0 0 0 0 0 0 0 0 0 0 0
7173 0 0 0 0 7174 0 0 0 0 0 0 0 0 0 0 0 0 0 0 0 0 0 0 0 0 0 0 0 0 0
7174 0 0 0 0 0 0 0 0 0 0 0 0 0 0 0 0 0 0 0 0 0 0 0 0 0 0 0 0 0 1 method
7175 0 0 0 0 0 7176 0 0 0 7177 0 0 0 0 0 0 0 0 0 0 0 0 0 0 0 0 0 0 0 0
7176 0 0 0 0 0 0 0 0 0 0 0 0 0 0 0 0 0 0 0 0 0 0 0 0 0 0 0 0 0 1 metre
7177 0 0 0 7178 0 0 0 0 0 0 0 0 0 0 0 0 0 0 0 0 0 0 0 0 0 0 0 0 0 0
7178 0 0 0 0 0 0 0 0 0 0 0 0 0 0 0 0 0 0 0 0 0 0 0 0 0 0 0 0 0 1 metric
7179 0 0 0 7180 7201 0 0 7214 0 0 0 0 7217 0 7235 0 0 0 7260 7268 0 0 0 0 7307 0 0 0 0 0
7180 0 0 0 0 0 0 0 0 0 0 0 0 0 0 0 0 0 0 7181 0 0 0 0 0 0 0 0 0 0 0
7181 0 0 0 0 0 0 0 0 0 0 0 0 0 0 0 7182 0 0 0 0 0 0 0 0 0 0 0 0 0 0
7182 0 0 0 7183 0 0 0 0 0 0 0 0 0 0 0 0 7191 0 0 7196 0 0 0 0 0 0 0 0 0 0
7183 0 0 0 0 0 0 0 0 0 0 0 0 0 0 0 7184 0 0 0 0 0 0 0 0 0 0 0 0 0 0
7184 0 0 0 0 0 0 0 0 0 0 0 0 0 7185 0 0 0 0 0 0 0 0 0 0 0 0 0 0 0 0
7185 0 0 0 0 0 0 0 0 0 0 0 0 0 0 0 0 7186 0 0 0 0 0 0 0 0 0 0 0 0 0
7186 0 0 0 0 0 0 0 0 0 0 0 0 0 0 0 0 0 0 0 0 0 7187 0 0 0 0 0 0 0 0
7187 0 0 0 0 0 0 0 0 0 0 0 0 0 0 0 0 0 0 0 0 7188 0 0 0 0 0 0 0 0 0
7188 0 0 0 0 0 7189 0 0 0 0 0 0 0 0 0 0 0 0 0 0 0 0 0 0 0 0 0 0 0 0
7189 0 0 0 0 0 0 0 0 0 0 0 0 0 0 0 0 0 0 7190 0 0 0 0 0 0 0 0 0 0 0
7190 0 0 0 0 0 0 0 0 0 0 0 0 0 0 0 0 0 0 0 0 0 0 0 0 0 0 0 0 0 1 microcomputer
7191 0 0 0 0 0 0 0 0 7192 0 0 0 0 0 0 0 0 0 0 0 0 0 0 0 0 0 0 0 0 0
7192 0 0 0 0 0 0 0 0 0 0 0 0 0 0 0 7193 0 0 0 0 0 0 0 0 0 0 0 0 0 0
7193 0 0 0 0 0 0 0 0 0 0 0 0 0 0 7194 0 0 0 0 0 0 0 0 0 0 0 0 0 0 0
7194 0 0 0 0 0 7195 0 0 0 0 0 0 0 0 0 0 0 0 0 0 0 0 0 0 0 0 0 0 0 0
7195 0 0 0 0 0 0 0 0 0 0 0 0 0 0 0 0 0 0 0 0 0 0 0 0 0 0 0 0 0 1 microphone
7196 0 0 0 7197 0 0 0 0 0 0 0 0 0 0 0 0 0 0 0 0 0 0 0 0 0 0 0 0 0 0
7197 0 0 0 0 0 0 0 0 0 0 0 0 0 0 0 7198 0 0 0 0 0 0 0 0 0 0 0 0 0 0
7198 0 0 0 0 0 0 0 0 0 0 0 0 0 0 0 0 7199 0 0 0 0 0 0 0 0 0 0 0 0 0
7199 0 0 0 0 0 7200 0 0 0 0 0 0 0 0 0 0 0 0 0 0 0 0 0 0 0 0 0 0 0 0
7200 0 0 0 0 0 0 0 0 0 0 0 0 0 0 0 0 0 0 0 0 0 0 0 0 0 0 0 0 0 1 microscope
7201 0 0 0 0 7202 0 0 0 0 0 0 0 0 0 7207 0 0 0 0 7212 0 0 0 0 0 0 0 0 0 0
7202 0 7203 0 0 0 0 0 0 0 0 0 0 7205 0 0 0 0 0 0 0 0 0 0 0 0 0 0 0 0 0
7203 0 0 0 0 0 0 0 0 0 0 0 0 0 0 0 0 0 0 0 0 0 0 0 0 0 7204 0 0 0 0
7204 0 0 0 0 0 0 0 0 0 0 0 0 0 0 0 0 0 0 0 0 0 0 0 0 0 0 0 0 0 1 midday
7205 0 0 0 0 0 7206 0 0 0 0 0 0 0 0 0 0 0 0 0 0 0 0 0 0 0 0 0 0 0 0
7206 0 0 0 0 0 0 0 0 0 0 0 0 0 0 0 0 0 0 0 0 0 0 0 0 0 0 0 0 0 1 middle
7207 0 0 0 0 0 0 0 0 0 7208 0 0 0 0 0 0 0 0 0 0 0 0 0 0 0 0 0 0 0 0
7208 0 0 0 0 0 0 0 7209 0 0 0 0 0 0 0 0 0 0 0 0 0 0 0 0 0 0 0 0 0 0
7209 0 0 0 0 0 0 0 0 7210 0 0 0 0 0 0 0 0 0 0 0 0 0 0 0 0 0 0 0 0 0
7210 0 0 0 0 0 0 0 0 0 0 0 0 0 0 0 0 0 0 0 0 7211 0 0 0 0 0 0 0 0 0
7211 0 0 0 0 0 0 0 0 0 0 0 0 0 0 0 0 0 0 0 0 0 0 0 0 0 0 0 0 0 1 midnight
7212 0 0 0 0 0 0 0 0 0 0 0 0 0 0 0 0 0 0 0 0 7213 0 0 0 0 0 0 0 0 0
7213 0 0 0 0 0 0 0 0 0 0 0 0 0 0 0 0 0 0 0 0 0 0 0 0 0 0 0 0 0 1 midst
7214 0 0 0 0 0 0 0 0 7215 0 0 0 0 0 0 0 0 0 0 0 0 0 0 0 0 0 0 0 0 0
7215 0 0 0 0 0 0 0 0 0 0 0 0 0 0 0 0 0 0 0 0 7216 0 0 0 0 0 0 0 0 0
7216 0 0 0 0 0 0 0 0 0 0 0 0 0 0 0 0 0 0 0 0 0 0 0 0 0 0 0 0 0 1 might
7217 0 0 0 0 7218 7219 0 0 0 7220 0 7225 7226 0 0 0 0 0 0 0 0 0 0 0 0 0 0 0 0 0
7218 0 0 0 0 0 0 0 0 0 0 0 0 0 0 0 0 0 0 0 0 0 0 0 0 0 0 0 0 0 1 mild
7219 0 0 0 0 0 0 0 0 0 0 0 0 0 0 0 0 0 0 0 0 0 0 0 0 0 0 0 0 0 1 mile
7220 0 0 0 0 0 0 0 0 0 0 0 0 0 0 0 0 0 0 0 0 7221 0 0 0 0 0 0 0 0 0
7221 0 7222 0 0 0 0 0 0 0 0 0 0 0 0 0 0 0 0 0 0 0 0 0 0 0 0 0 0 0 0
7222 0 0 0 0 0 0 0 0 0 0 0 0 0 0 0 0 0 0 7223 0 0 0 0 0 0 0 0 0 0 0
7223 0 0 0 0 0 0 0 0 0 0 0 0 0 0 0 0 0 0 0 0 0 0 0 0 0 7224 0 0 0 0
7224 0 0 0 0 0 0 0 0 0 0 0 0 0 0 0 0 0 0 0 0 0 0 0 0 0 0 0 0 0 1 military
7225 0 0 0 0 0 0 0 0 0 0 0 0 0 0 0 0 0 0 0 0 0 0 0 0 0 0 0 0 0 1 milk
7226 0 0 0 0 0 0 0 0 0 7227 0 0 0 0 0 0 0 0 0 0 0 0 0 0 0 0 0 0 0 1 mill
7227 0 0 0 0 0 0 0 0 0 0 0 0 0 7228 0 7233 0 0 0 0 0 0 0 0 0 0 0 0 0 0
7228 0 0 0 0 0 7229 0 0 0 0 0 0 0 0 0 0 0 0 0 0 0 0 0 0 0 0 0 0 0 0
7229 0 0 0 0 0 0 0 0 0 0 0 0 0 0 0 0 0 0 0 0 7230 0 0 0 0 0 0 0 0 0
7230 0 0 0 0 0 0 0 0 0 0 0 0 0 0 0 0 0 0 7231 0 0 0 0 0 0 0 0 0 0 0
7231 0 0 0 0 0 7232 0 0 0 0 0 0 0 0 0 0 0 0 0 0 0 0 0 0 0 0 0 0 0 0
7232 0 0 0 0 0 0 0 0 0 0 0 0 0 0 0 0 0 0 0 0 0 0 0 0 0 0 0 0 0 1 millimetre
7233 0 0 0 0 0 0 0 0 0 0 0 0 0 0 7234 0 0 0 0 0 0 0 0 0 0 0 0 0 0 0
7234 0 0 0 0 0 0 0 0 0 0 0 0 0 0 0 0 0 0 0 0 0 0 0 0 0 0 0 0 0 1 million
7235 0 0 0 0 7236 7237 0 0 0 7241 0 0 0 0 0 7251 0 0 0 0 0 7256 0 0 0 0 0 0 0 0
7236 0 0 0 0 0 0 0 0 0 0 0 0 0 0 0 0 0 0 0 0 0 0 0 0 0 0 0 0 0 1 mind
7237 0 0 0 0 0 0 0 0 0 0 0 0 0 0 0 0 0 0 7238 0 0 0 0 0 0 0 0 0 0 1 mine
7238 0 7239 0 0 0 0 0 0 0 0 0 0 0 0 0 0 0 0 0 0 0 0 0 0 0 0 0 0 0 1 miner
7239 0 0 0 0 0 0 0 0 0 0 0 0 7240 0 0 0 0 0 0 0 0 0 0 0 0 0 0 0 0 0
7240 0 0 0 0 0 0 0 0 0 0 0 0 0 0 0 0 0 0 0 0 0 0 0 0 0 0 0 0 0 1 mineral
7241 0 0 0 0 0 0 0 0 0 0 0 0 0 7242 0 0 0 0 0 7245 0 0 0 0 0 0 0 0 0 0
7242 0 0 0 0 0 0 0 0 0 0 0 0 0 0 0 0 0 0 0 0 0 7243 0 0 0 0 0 0 0 0
7243 0 0 0 0 0 0 0 0 0 0 0 0 0 7244 0 0 0 0 0 0 0 0 0 0 0 0 0 0 0 0
7244 0 0 0 0 0 0 0 0 0 0 0 0 0 0 0 0 0 0 0 0 0 0 0 0 0 0 0 0 0 1 minimum
7245 0 0 0 0 0 0 0 0 0 0 0 0 0 0 0 0 0 0 0 0 7246 0 0 0 0 0 0 0 0 0
7246 0 0 0 0 0 7247 0 0 0 0 0 0 0 0 0 0 0 0 7249 0 0 0 0 0 0 0 0 0 0 0
7247 0 0 0 0 0 0 0 0 0 0 0 0 0 0 0 0 0 0 7248 0 0 0 0 0 0 0 0 0 0 0
7248 0 0 0 0 0 0 0 0 0 0 0 0 0 0 0 0 0 0 0 0 0 0 0 0 0 0 0 0 0 1 minister
7249 0 0 0 0 0 0 0 0 0 0 0 0 0 0 0 0 0 0 0 0 0 0 0 0 0 7250 0 0 0 0
7250 0 0 0 0 0 0 0 0 0 0 0 0 0 0 0 0 0 0 0 0 0 0 0 0 0 0 0 0 0 1 ministry
7251 0 0 0 0 0 0 0 0 0 0 0 0 0 0 0 0 0 0 7252 0 0 0 0 0 0 0 0 0 0 0
7252 0 0 0 0 0 0 0 0 0 7253 0 0 0 0 0 0 0 0 0 0 0 0 0 0 0 0 0 0 0 1 minor
7253 0 0 0 0 0 0 0 0 0 0 0 0 0 0 0 0 0 0 0 0 7254 0 0 0 0 0 0 0 0 0
7254 0 0 0 0 0 0 0 0 0 0 0 0 0 0 0 0 0 0 0 0 0 0 0 0 0 7255 0 0 0 0
7255 0 0 0 0 0 0 0 0 0 0 0 0 0 0 0 0 0 0 0 0 0 0 0 0 0 0 0 0 0 1 minority
7256 0 0 0 0 0 0 0 0 0 0 0 0 0 0 0 0 0 0 0 7257 7258 0 0 0 0 0 0 0 0 0
7257 0 0 0 0 0 0 0 0 0 0 0 0 0 0 0 0 0 0 0 0 0 0 0 0 0 0 0 0 0 1 minus
7258 0 0 0 0 0 7259 0 0 0 0 0 0 0 0 0 0 0 0 0 0 0 0 0 0 0 0 0 0 0 0
7259 0 0 0 0 0 0 0 0 0 0 0 0 0 0 0 0 0 0 0 0 0 0 0 0 0 0 0 0 0 1 minute
7260 0 7261 0 0 0 0 0 0 0 0 0 0 0 0 0 0 0 0 7265 0 0 0 0 0 0 0 0 0 0 0
7261 0 0 0 7262 0 0 0 0 0 0 0 0 0 0 0 0 0 0 0 0 0 0 0 0 0 0 0 0 0 0
7262 0 0 0 0 0 0 0 0 0 0 0 0 7263 0 0 0 0 0 0 0 0 0 0 0 0 0 0 0 0 0
7263 0 0 0 0 0 7264 0 0 0 0 0 0 0 0 0 0 0 0 0 0 0 0 0 0 0 0 0 0 0 0
7264 0 0 0 0 0 0 0 0 0 0 0 0 0 0 0 0 0 0 0 0 0 0 0 0 0 0 0 0 0 1 miracle
7265 0 0 0 0 0 0 0 0 0 0 0 0 0 0 0 7266 0 0 0 0 0 0 0 0 0 0 0 0 0 0
7266 0 0 0 0 0 0 0 0 0 0 0 0 0 0 0 0 0 0 7267 0 0 0 0 0 0 0 0 0 0 0
7267 0 0 0 0 0 0 0 0 0 0 0 0 0 0 0 0 0 0 0 0 0 0 0 0 0 0 0 0 0 1 mirror
7268 0 0 0 0 0 7269 0 0 0 0 0 0 7275 0 0 0 0 0 0 7279 7287 7297 0 0 0 0 0 0 0 0
7269 0 0 0 0 0 0 0 0 0 0 0 0 0 0 0 0 0 0 7270 0 0 0 0 0 0 0 0 0 0 0
7270 0 7271 0 0 0 0 0 0 0 0 0 0 0 0 0 0 0 0 0 0 0 0 0 0 0 0 0 0 0 0
7271 0 0 7272 0 0 0 0 0 0 0 0 0 0 0 0 0 0 0 0 0 0 0 0 0 0 0 0 0 0 0
7272 0 0 0 0 0 0 0 0 0 0 0 0 7273 0 0 0 0 0 0 0 0 0 0 0 0 0 0 0 0 0
7273 0 0 0 0 0 7274 0 0 0 0 0 0 0 0 0 0 0 0 0 0 0 0 0 0 0 0 0 0 0 0
7274 0 0 0 0 0 0 0 0 0 0 0 0 0 0 0 0 0 0 0 0 0 0 0 0 0 0 0 0 0 1 miserable
7275 0 0 0 0 0 7276 0 0 0 0 0 0 0 0 0 0 0 0 0 0 0 0 0 0 0 0 0 0 0 0
7276 0 7277 0 0 0 0 0 0 0 0 0 0 0 0 0 0 0 0 0 0 0 0 0 0 0 0 0 0 0 0
7277 0 0 0 0 7278 0 0 0 0 0 0 0 0 0 0 0 0 0 0 0 0 0 0 0 0 0 0 0 0 0
7278 0 0 0 0 0 0 0 0 0 0 0 0 0 0 0 0 0 0 0 0 0 0 0 0 0 0 0 0 0 1 mislead
7279 0 0 0 0 0 0 0 0 0 7280 0 0 0 0 0 0 0 0 0 0 0 0 0 0 0 0 0 0 0 1 miss
7280 0 0 0 0 0 0 0 0 0 0 0 0 7281 0 7283 7285 0 0 0 0 0 0 0 0 0 0 0 0 0 0
7281 0 0 0 0 0 7282 0 0 0 0 0 0 0 0 0 0 0 0 0 0 0 0 0 0 0 0 0 0 0 0
7282 0 0 0 0 0 0 0 0 0 0 0 0 0 0 0 0 0 0 0 0 0 0 0 0 0 0 0 0 0 1 missile
7283 0 0 0 0 0 0 0 7284 0 0 0 0 0 0 0 0 0 0 0 0 0 0 0 0 0 0 0 0 0 0
7284 0 0 0 0 0 0 0 0 0 0 0 0 0 0 0 0 0 0 0 0 0 0 0 0 0 0 0 0 0 1 missing
7285 0 0 0 0 0 0 0 0 0 0 0 0 0 0 7286 0 0 0 0 0 0 0 0 0 0 0 0 0 0 0
7286 0 0 0 0 0 0 0 0 0 0 0 0 0 0 0 0 0 0 0 0 0 0 0 0 0 0 0 0 0 1 mission
7287 0 7288 0 0 0 7291 0 0 0 0 0 0 0 0 0 0 0 0 7293 0 0 0 0 0 0 0 0 0 0 1 mist
7288 0 0 0 0 0 0 0 0 0 0 0 7289 0 0 0 0 0 0 0 0 0 0 0 0 0 0 0 0 0 0
7289 0 0 0 0 0 7290 0 0 0 0 0 0 0 0 0 0 0 0 0 0 0 0 0 0 0 0 0 0 0 0
7290 0 0 0 0 0 0 0 0 0 0 0 0 0 0 0 0 0 0 0 0 0 0 0 0 0 0 0 0 0 1 mistake
7291 0 0 0 0 0 0 0 0 0 0 0 0 0 0 0 0 0 0 7292 0 0 0 0 0 0 0 0 0 0 0
7292 0 0 0 0 0 0 0 0 0 0 0 0 0 0 0 0 0 0 0 0 0 0 0 0 0 0 0 0 0 1 Mister
7293 0 0 0 0 0 7294 0 0 0 0 0 0 0 0 0 0 0 0 0 0 0 0 0 0 0 0 0 0 0 0
7294 0 0 0 0 0 0 0 0 0 0 0 0 0 0 0 0 0 0 0 7295 0 0 0 0 0 0 0 0 0 0
7295 0 0 0 0 0 0 0 0 0 0 0 0 0 0 0 0 0 0 0 7296 0 0 0 0 0 0 0 0 0 0
7296 0 0 0 0 0 0 0 0 0 0 0 0 0 0 0 0 0 0 0 0 0 0 0 0 0 0 0 0 0 1 mistress
7297 0 0 0 0 0 0 0 0 0 0 0 0 0 0 7298 0 0 0 0 0 0 0 0 0 0 0 0 0 0 0
7298 0 0 0 0 7299 0 0 0 0 0 0 0 0 0 0 0 0 0 0 0 0 0 0 0 0 0 0 0 0 0
7299 0 0 0 0 0 7300 0 0 0 0 0 0 0 0 0 0 0 0 0 0 0 0 0 0 0 0 0 0 0 0
7300 0 0 0 0 0 0 0 0 0 0 0 0 0 0 0 0 0 0 7301 0 0 0 0 0 0 0 0 0 0 0
7301 0 0 0 0 0 0 0 0 0 0 0 0 0 0 0 0 0 0 0 7302 0 0 0 0 0 0 0 0 0 0
7302 0 0 0 0 0 0 0 0 0 0 0 0 0 0 0 0 0 0 0 0 7303 0 0 0 0 0 0 0 0 0
7303 0 7304 0 0 0 0 0 0 0 0 0 0 0 0 0 0 0 0 0 0 0 0 0 0 0 0 0 0 0 0
7304 0 0 0 0 0 0 0 0 0 0 0 0 0 0 7305 0 0 0 0 0 0 0 0 0 0 0 0 0 0 0
7305 0 0 0 0 7306 0 0 0 0 0 0 0 0 0 0 0 0 0 0 0 0 0 0 0 0 0 0 0 0 0
7306 0 0 0 0 0 0 0 0 0 0 0 0 0 0 0 0 0 0 0 0 0 0 0 0 0 0 0 0 0 1 misunderstand
7307 0 0 0 0 0 0 0 0 0 0 0 0 0 0 0 0 0 0 0 0 7308 0 0 0 0 0 0 0 0 1 mix
7308 0 0 0 0 0 0 0 0 0 0 0 0 0 0 0 0 0 0 0 0 0 7309 0 0 0 0 0 0 0 0
7309 0 0 0 0 0 0 0 0 0 0 0 0 0 0 0 0 0 0 7310 0 0 0 0 0 0 0 0 0 0 0
7310 0 0 0 0 0 7311 0 0 0 0 0 0 0 0 0 0 0 0 0 0 0 0 0 0 0 0 0 0 0 0
7311 0 0 0 0 0 0 0 0 0 0 0 0 0 0 0 0 0 0 0 0 0 0 0 0 0 0 0 0 0 1 mixture
7312 0 7313 7315 0 7319 0 0 0 0 7332 0 0 7338 7344 7348 7370 0 0 7373 7388 7397 7411 7428 0 0 0 0 0 0 0
7313 0 0 0 0 0 0 0 0 0 0 0 0 0 0 7314 0 0 0 0 0 0 0 0 0 0 0 0 0 0 0
7314 0 0 0 0 0 0 0 0 0 0 0 0 0 0 0 0 0 0 0 0 0 0 0 0 0 0 0 0 0 1 moan
7315 0 0 0 0 0 0 0 0 0 7316 0 0 0 0 0 0 0 0 0 0 0 0 0 0 0 0 0 0 0 0
7316 0 0 0 0 0 0 0 0 0 0 0 0 7317 0 0 0 0 0 0 0 0 0 0 0 0 0 0 0 0 0
7317 0 0 0 0 0 7318 0 0 0 0 0 0 0 0 0 0 0 0 0 0 0 0 0 0 0 0 0 0 0 0
7318 0 0 0 0 0 0 0 0 0 0 0 0 0 0 0 0 0 0 0 0 0 0 0 0 0 0 0 0 0 1 mobile
7319 0 0 0 0 0 7320 0 0 0 7329 0 0 0 0 0 0 0 0 0 0 0 0 0 0 0 0 0 0 0 0
7320 0 0 0 0 0 0 0 0 0 0 0 0 7321 0 0 0 0 0 7322 7327 0 0 0 0 0 0 0 0 0 1 mode
7321 0 0 0 0 0 0 0 0 0 0 0 0 0 0 0 0 0 0 0 0 0 0 0 0 0 0 0 0 0 1 model
7322 0 7323 0 0 0 0 0 0 0 0 0 0 0 0 7326 0 0 0 0 0 0 0 0 0 0 0 0 0 0 0
7323 0 0 0 0 0 0 0 0 0 0 0 0 0 0 0 0 0 0 0 0 7324 0 0 0 0 0 0 0 0 0
7324 0 0 0 0 0 7325 0 0 0 0 0 0 0 0 0 0 0 0 0 0 0 0 0 0 0 0 0 0 0 0
7325 0 0 0 0 0 0 0 0 0 0 0 0 0 0 0 0 0 0 0 0 0 0 0 0 0 0 0 0 0 1 moderate
7326 0 0 0 0 0 0 0 0 0 0 0 0 0 0 0 0 0 0 0 0 0 0 0 0 0 0 0 0 0 1 modern
7327 0 0 0 0 0 0 0 0 0 0 0 0 0 0 0 0 0 0 0 0 7328 0 0 0 0 0 0 0 0 0
7328 0 0 0 0 0 0 0 0 0 0 0 0 0 0 0 0 0 0 0 0 0 0 0 0 0 0 0 0 0 1 modest
7329 0 0 0 0 0 0 7330 0 0 0 0 0 0 0 0 0 0 0 0 0 0 0 0 0 0 0 0 0 0 0
7330 0 0 0 0 0 0 0 0 0 0 0 0 0 0 0 0 0 0 0 0 0 0 0 0 0 7331 0 0 0 0
7331 0 0 0 0 0 0 0 0 0 0 0 0 0 0 0 0 0 0 0 0 0 0 0 0 0 0 0 0 0 1 modify
7332 0 0 0 0 0 0 0 0 0 0 0 0 0 0 0 0 0 0 0 7333 0 0 0 0 0 0 0 0 0 0
7333 0 0 0 0 0 0 0 0 0 0 0 0 0 0 0 0 0 0 0 0 7334 0 0 0 0 0 0 0 0 0
7334 0 0 0 0 0 0 0 0 0 0 0 0 0 0 0 0 0 0 0 0 0 7335 0 0 0 0 0 0 0 1 moist
7335 0 0 0 0 0 0 0 0 0 0 0 0 0 0 0 0 0 0 7336 0 0 0 0 0 0 0 0 0 0 0
7336 0 0 0 0 0 7337 0 0 0 0 0 0 0 0 0 0 0 0 0 0 0 0 0 0 0 0 0 0 0 0
7337 0 0 0 0 0 0 0 0 0 0 0 0 0 0 0 0 0 0 0 0 0 0 0 0 0 0 0 0 0 1 moisture
7338 0 0 0 0 0 7339 0 0 0 0 0 0 0 0 0 0 0 0 0 0 0 0 0 0 0 0 0 0 0 0
7339 0 0 0 7340 0 0 0 0 0 0 0 0 0 0 0 0 0 0 0 0 0 0 0 0 0 0 0 0 0 0
7340 0 0 0 0 0 0 0 0 0 0 0 0 0 0 0 0 0 0 0 0 0 7341 0 0 0 0 0 0 0 0
7341 0 0 0 0 0 0 0 0 0 0 0 0 7342 0 0 0 0 0 0 0 0 0 0 0 0 0 0 0 0 0
7342 0 0 0 0 0 7343 0 0 0 0 0 0 0 0 0 0 0 0 0 0 0 0 0 0 0 0 0 0 0 0
7343 0 0 0 0 0 0 0 0 0 0 0 0 0 0 0 0 0 0 0 0 0 0 0 0 0 0 0 0 0 1 molecule
7344 0 0 0 0 0 7345 0 0 0 0 0 0 0 0 0 0 0 0 0 0 0 0 0 0 0 0 0 0 0 0
7345 0 0 0 0 0 0 0 0 0 0 0 0 0 0 7346 0 0 0 0 0 0 0 0 0 0 0 0 0 0 0
7346 0 0 0 0 0 0 0 0 0 0 0 0 0 0 0 0 0 0 0 0 7347 0 0 0 0 0 0 0 0 0
7347 0 0 0 0 0 0 0 0 0 0 0 0 0 0 0 0 0 0 0 0 0 0 0 0 0 0 0 0 0 1 moment
7348 0 0 0 0 7349 7352 0 0 0 7354 0 7358 0 0 0 0 0 0 0 0 7361 7365 0 0 0 0 0 0 0 0
7349 0 7350 0 0 0 0 0 0 0 0 0 0 0 0 0 0 0 0 0 0 0 0 0 0 0 0 0 0 0 0
7350 0 0 0 0 0 0 0 0 0 0 0 0 0 0 0 0 0 0 0 0 0 0 0 0 0 7351 0 0 0 0
7351 0 0 0 0 0 0 0 0 0 0 0 0 0 0 0 0 0 0 0 0 0 0 0 0 0 0 0 0 0 1 Monday
7352 0 0 0 0 0 0 0 0 0 0 0 0 0 0 0 0 0 0 0 0 0 0 0 0 0 7353 0 0 0 0
7353 0 0 0 0 0 0 0 0 0 0 0 0 0 0 0 0 0 0 0 0 0 0 0 0 0 0 0 0 0 1 money
7354 0 0 0 0 0 0 0 0 0 0 0 0 0 0 0 0 0 0 0 0 7355 0 0 0 0 0 0 0 0 0
7355 0 0 0 0 0 0 0 0 0 0 0 0 0 0 0 7356 0 0 0 0 0 0 0 0 0 0 0 0 0 0
7356 0 0 0 0 0 0 0 0 0 0 0 0 0 0 0 0 0 0 7357 0 0 0 0 0 0 0 0 0 0 0
7357 0 0 0 0 0 0 0 0 0 0 0 0 0 0 0 0 0 0 0 0 0 0 0 0 0 0 0 0 0 1 monitor
7358 0 0 0 0 0 7359 0 0 0 0 0 0 0 0 0 0 0 0 0 0 0 0 0 0 0 0 0 0 0 0
7359 0 0 0 0 0 0 0 0 0 0 0 0 0 0 0 0 0 0 0 0 0 0 0 0 0 7360 0 0 0 0
7360 0 0 0 0 0 0 0 0 0 0 0 0 0 0 0 0 0 0 0 0 0 0 0 0 0 0 0 0 0 1 monkey
7361 0 0 0 0 0 0 0 0 7362 0 0 0 0 0 0 0 0 0 0 0 0 0 0 0 0 0 0 0 0 0
7362 0 0 0 0 0 0 0 0 0 0 0 0 7363 0 0 0 0 0 0 0 0 0 0 0 0 0 0 0 0 1 month
7363 0 0 0 0 0 0 0 0 0 0 0 0 0 0 0 0 0 0 0 0 0 0 0 0 0 7364 0 0 0 0
7364 0 0 0 0 0 0 0 0 0 0 0 0 0 0 0 0 0 0 0 0 0 0 0 0 0 0 0 0 0 1 monthly
7365 0 0 0 0 0 0 0 0 0 0 0 0 0 7366 0 0 0 0 0 0 0 0 0 0 0 0 0 0 0 0
7366 0 0 0 0 0 7367 0 0 0 0 0 0 0 0 0 0 0 0 0 0 0 0 0 0 0 0 0 0 0 0
7367 0 0 0 0 0 0 0 0 0 0 0 0 0 0 7368 0 0 0 0 0 0 0 0 0 0 0 0 0 0 0
7368 0 0 0 0 0 0 0 0 0 0 0 0 0 0 0 0 0 0 0 0 7369 0 0 0 0 0 0 0 0 0
7369 0 0 0 0 0 0 0 0 0 0 0 0 0 0 0 0 0 0 0 0 0 0 0 0 0 0 0 0 0 1 monument
7370 0 0 0 0 7371 0 0 0 0 0 0 0 0 0 7372 0 0 0 0 0 0 0 0 0 0 0 0 0 0 0
7371 0 0 0 0 0 0 0 0 0 0 0 0 0 0 0 0 0 0 0 0 0 0 0 0 0 0 0 0 0 1 mood
7372 0 0 0 0 0 0 0 0 0 0 0 0 0 0 0 0 0 0 0 0 0 0 0 0 0 0 0 0 0 1 moon
7373 0 7374 0 0 0 7376 0 0 0 0 0 0 0 0 7381 0 0 0 0 0 7385 0 0 0 0 0 0 0 0 0
7374 0 0 0 0 0 0 0 0 0 0 0 0 7375 0 0 0 0 0 0 0 0 0 0 0 0 0 0 0 0 0
7375 0 0 0 0 0 0 0 0 0 0 0 0 0 0 0 0 0 0 0 0 0 0 0 0 0 0 0 0 0 1 moral
7376 0 0 0 0 0 0 0 0 0 0 0 0 0 0 0 7377 0 0 0 0 0 0 0 0 0 0 0 0 0 1 more
7377 0 0 0 0 0 0 0 0 0 0 0 0 0 0 0 0 0 0 0 0 0 0 7378 0 0 0 0 0 0 0
7378 0 0 0 0 0 7379 0 0 0 0 0 0 0 0 0 0 0 0 0 0 0 0 0 0 0 0 0 0 0 0
7379 0 0 0 0 0 0 0 0 0 0 0 0 0 0 0 0 0 0 7380 0 0 0 0 0 0 0 0 0 0 0
7380 0 0 0 0 0 0 0 0 0 0 0 0 0 0 0 0 0 0 0 0 0 0 0 0 0 0 0 0 0 1 moreover
7381 0 0 0 0 0 0 0 0 0 7382 0 0 0 0 0 0 0 0 0 0 0 0 0 0 0 0 0 0 0 0
7382 0 0 0 0 0 0 0 0 0 0 0 0 0 0 7383 0 0 0 0 0 0 0 0 0 0 0 0 0 0 0
7383 0 0 0 0 0 0 0 7384 0 0 0 0 0 0 0 0 0 0 0 0 0 0 0 0 0 0 0 0 0 0
7384 0 0 0 0 0 0 0 0 0 0 0 0 0 0 0 0 0 0 0 0 0 0 0 0 0 0 0 0 0 1 morning
7385 0 7386 0 0 0 0 0 0 0 0 0 0 0 0 0 0 0 0 0 0 0 0 0 0 0 0 0 0 0 0
7386 0 0 0 0 0 0 0 0 0 0 0 0 7387 0 0 0 0 0 0 0 0 0 0 0 0 0 0 0 0 0
7387 0 0 0 0 0 0 0 0 0 0 0 0 0 0 0 0 0 0 0 0 0 0 0 0 0 0 0 0 0 1 mortal
7388 0 0 0 0 0 0 0 0 0 0 0 0 0 0 0 0 0 7389 0 0 7394 0 0 0 0 0 0 0 0 0
7389 0 0 0 0 0 0 0 0 0 0 0 0 0 0 0 0 0 0 0 0 0 7390 0 0 0 0 0 0 0 0
7390 0 0 0 0 0 0 0 0 0 7391 0 0 0 0 0 0 0 0 0 0 0 0 0 0 0 0 0 0 0 0
7391 0 0 0 0 0 0 0 0 0 0 0 0 0 0 0 0 0 0 0 0 7392 0 0 0 0 0 0 0 0 0
7392 0 0 0 0 0 0 0 0 0 0 0 0 0 0 0 7393 0 0 0 0 0 0 0 0 0 0 0 0 0 0
7393 0 0 0 0 0 0 0 0 0 0 0 0 0 0 0 0 0 0 0 0 0 0 0 0 0 0 0 0 0 1 mosquito
7394 0 0 0 0 0 0 0 0 0 0 0 0 7395 0 0 0 0 0 0 0 0 0 0 0 0 0 0 0 0 1 most
7395 0 0 0 0 0 0 0 0 0 0 0 0 0 0 0 0 0 0 0 0 0 0 0 0 0 7396 0 0 0 0
7396 0 0 0 0 0 0 0 0 0 0 0 0 0 0 0 0 0 0 0 0 0 0 0 0 0 0 0 0 0 1 mostly
7397 0 0 0 0 0 0 0 0 7398 7401 0 0 0 0 0 7409 0 0 0 0 0 0 0 0 0 0 0 0 0 0
7398 0 0 0 0 0 7399 0 0 0 0 0 0 0 0 0 0 0 0 0 0 0 0 0 0 0 0 0 0 0 0
7399 0 0 0 0 0 0 0 0 0 0 0 0 0 0 0 0 0 0 7400 0 0 0 0 0 0 0 0 0 0 0
7400 0 0 0 0 0 0 0 0 0 0 0 0 0 0 0 0 0 0 0 0 0 0 0 0 0 0 0 0 0 1 mother
7401 0 0 0 0 0 0 0 0 0 0 0 0 0 0 0 7402 0 0 0 0 0 0 7404 0 0 0 0 0 0 0
7402 0 0 0 0 0 0 0 0 0 0 0 0 0 0 7403 0 0 0 0 0 0 0 0 0 0 0 0 0 0 0
7403 0 0 0 0 0 0 0 0 0 0 0 0 0 0 0 0 0 0 0 0 0 0 0 0 0 0 0 0 0 1 motion
7404 0 7405 0 0 0 7408 0 0 0 0 0 0 0 0 0 0 0 0 0 0 0 0 0 0 0 0 0 0 0 0
7405 0 0 0 0 0 0 0 0 0 0 0 0 0 0 0 0 0 0 0 0 7406 0 0 0 0 0 0 0 0 0
7406 0 0 0 0 0 7407 0 0 0 0 0 0 0 0 0 0 0 0 0 0 0 0 0 0 0 0 0 0 0 0
7407 0 0 0 0 0 0 0 0 0 0 0 0 0 0 0 0 0 0 0 0 0 0 0 0 0 0 0 0 0 1 motivate
7408 0 0 0 0 0 0 0 0 0 0 0 0 0 0 0 0 0 0 0 0 0 0 0 0 0 0 0 0 0 1 motive
7409 0 0 0 0 0 0 0 0 0 0 0 0 0 0 0 0 0 0 7410 0 0 0 0 0 0 0 0 0 0 0
7410 0 0 0 0 0 0 0 0 0 0 0 0 0 0 0 0 0 0 0 0 0 0 0 0 0 0 0 0 0 1 motor
7411 0 0 0 0 0 0 0 0 0 0 0 0 7412 0 7414 0 0 0 7419 7421 7423 0 0 0 0 0 0 0 0 0
7412 0 0 0 0 7413 0 0 0 0 0 0 0 0 0 0 0 0 0 0 0 0 0 0 0 0 0 0 0 0 0
7413 0 0 0 0 0 0 0 0 0 0 0 0 0 0 0 0 0 0 0 0 0 0 0 0 0 0 0 0 0 1 mould
7414 0 0 0 0 0 0 0 0 0 0 0 0 0 0 0 0 0 0 0 0 7415 0 0 0 0 0 0 0 0 0
7415 0 7416 0 0 0 0 0 0 0 0 0 0 0 0 0 0 0 0 0 0 0 0 0 0 0 0 0 0 0 1 mount
7416 0 0 0 0 0 0 0 0 0 7417 0 0 0 0 0 0 0 0 0 0 0 0 0 0 0 0 0 0 0 0
7417 0 0 0 0 0 0 0 0 0 0 0 0 0 0 7418 0 0 0 0 0 0 0 0 0 0 0 0 0 0 0
7418 0 0 0 0 0 0 0 0 0 0 0 0 0 0 0 0 0 0 0 0 0 0 0 0 0 0 0 0 0 1 mountain
7419 0 0 0 0 0 0 0 0 0 0 0 0 0 0 7420 0 0 0 0 0 0 0 0 0 0 0 0 0 0 0
7420 0 0 0 0 0 0 0 0 0 0 0 0 0 0 0 0 0 0 0 0 0 0 0 0 0 0 0 0 0 1 mourn
7421 0 0 0 0 0 7422 0 0 0 0 0 0 0 0 0 0 0 0 0 0 0 0 0 0 0 0 0 0 0 0
7422 0 0 0 0 0 0 0 0 0 0 0 0 0 0 0 0 0 0 0 0 0 0 0 0 0 0 0 0 0 1 mouse
7423 0 0 0 0 0 0 0 0 7424 0 0 0 0 0 0 0 0 0 0 0 0 0 0 0 0 0 0 0 0 0
7424 0 0 0 0 0 0 7425 0 0 0 0 0 0 0 0 0 0 0 0 0 0 0 0 0 0 0 0 0 0 1 mouth
7425 0 0 0 0 0 0 0 0 0 0 0 0 0 0 0 0 0 0 0 0 0 7426 0 0 0 0 0 0 0 0
7426 0 0 0 0 0 0 0 0 0 0 0 0 7427 0 0 0 0 0 0 0 0 0 0 0 0 0 0 0 0 0
7427 0 0 0 0 0 0 0 0 0 0 0 0 0 0 0 0 0 0 0 0 0 0 0 0 0 0 0 0 0 1 mouthful
7428 0 0 0 0 0 7429 0 0 0 7434 0 0 0 0 0 0 0 0 0 0 0 0 0 0 0 0 0 0 0 0
7429 0 0 0 0 0 0 0 0 0 0 0 0 0 7430 0 0 0 0 0 0 0 0 0 0 0 0 0 0 0 1 move
7430 0 0 0 0 0 7431 0 0 0 0 0 0 0 0 0 0 0 0 0 0 0 0 0 0 0 0 0 0 0 0
7431 0 0 0 0 0 0 0 0 0 0 0 0 0 0 7432 0 0 0 0 0 0 0 0 0 0 0 0 0 0 0
7432 0 0 0 0 0 0 0 0 0 0 0 0 0 0 0 0 0 0 0 0 7433 0 0 0 0 0 0 0 0 0
7433 0 0 0 0 0 0 0 0 0 0 0 0 0 0 0 0 0 0 0 0 0 0 0 0 0 0 0 0 0 1 movement
7434 0 0 0 0 0 7435 0 0 0 0 0 0 0 0 0 0 0 0 0 0 0 0 0 0 0 0 0 0 0 0
7435 0 0 0 0 0 0 0 0 0 0 0 0 0 0 0 0 0 0 0 0 0 0 0 0 0 0 0 0 0 1 movie
7436 0 0 0 7437 7439 0 0 7442 0 0 0 0 7443 0 0 0 0 0 7450 7456 7476 0 0 0 0 0 0 0 0 0
7437 0 0 0 0 0 0 0 0 7438 0 0 0 0 0 0 0 0 0 0 0 0 0 0 0 0 0 0 0 0 0
7438 0 0 0 0 0 0 0 0 0 0 0 0 0 0 0 0 0 0 0 0 0 0 0 0 0 0 0 0 0 1 much
7439 0 0 0 0 7440 0 0 0 0 0 0 0 0 0 0 0 0 0 0 0 0 0 0 0 0 0 0 0 0 1 mud
7440 0 0 0 0 0 0 0 0 0 0 0 0 0 0 0 0 0 0 0 0 0 0 0 0 0 7441 0 0 0 0
7441 0 0 0 0 0 0 0 0 0 0 0 0 0 0 0 0 0 0 0 0 0 0 0 0 0 0 0 0 0 1 muddy
7442 0 0 0 0 0 0 0 0 0 0 0 0 0 0 0 0 0 0 0 0 0 0 0 0 0 0 0 0 0 1 mug
7443 0 0 0 0 0 0 0 0 0 0 0 0 0 0 0 0 0 0 0 0 7444 0 0 0 0 0 0 0 0 0
7444 0 0 0 0 0 0 0 0 0 7445 0 0 0 0 0 0 0 0 0 0 0 0 0 0 0 0 0 0 0 0
7445 0 0 0 0 0 0 0 0 0 0 0 0 0 0 0 0 7446 0 0 0 0 0 0 0 0 0 0 0 0 0
7446 0 0 0 0 0 0 0 0 0 0 0 0 7447 0 0 0 0 0 0 0 0 0 0 0 0 0 0 0 0 0
7447 0 0 0 0 0 7448 0 0 0 0 0 0 0 0 0 0 0 0 0 0 0 0 0 0 0 7449 0 0 0 0
7448 0 0 0 0 0 0 0 0 0 0 0 0 0 0 0 0 0 0 0 0 0 0 0 0 0 0 0 0 0 1 multiple
7449 0 0 0 0 0 0 0 0 0 0 0 0 0 0 0 0 0 0 0 0 0 0 0 0 0 0 0 0 0 1 multiply
7450 0 0 0 0 7451 0 0 0 0 0 0 0 0 0 0 0 0 0 0 0 0 0 0 0 0 0 0 0 0 0
7451 0 0 0 0 0 7452 0 0 0 0 0 0 0 0 0 0 0 0 0 0 0 0 0 0 0 0 0 0 0 0
7452 0 0 0 0 0 0 0 0 0 0 0 0 0 0 0 0 0 0 7453 0 0 0 0 0 0 0 0 0 0 0
7453 0 0 0 0 0 7454 0 0 0 0 0 0 0 0 0 0 0 0 0 0 0 0 0 0 0 0 0 0 0 1 murder
7454 0 0 0 0 0 0 0 0 0 0 0 0 0 0 0 0 0 0 7455 0 0 0 0 0 0 0 0 0 0 0
7455 0 0 0 0 0 0 0 0 0 0 0 0 0 0 0 0 0 0 0 0 0 0 0 0 0 0 0 0 0 1 murderer
7456 0 0 0 7457 0 7460 0 0 7463 7468 0 0 0 0 0 0 0 0 0 0 7475 0 0 0 0 0 0 0 0 0
7457 0 0 0 0 0 0 0 0 0 0 0 0 7458 0 0 0 0 0 0 0 0 0 0 0 0 0 0 0 0 0
7458 0 0 0 0 0 7459 0 0 0 0 0 0 0 0 0 0 0 0 0 0 0 0 0 0 0 0 0 0 0 0
7459 0 0 0 0 0 0 0 0 0 0 0 0 0 0 0 0 0 0 0 0 0 0 0 0 0 0 0 0 0 1 muscle
7460 0 0 0 0 0 0 0 0 0 0 0 0 0 0 0 0 0 0 0 0 0 7461 0 0 0 0 0 0 0 0
7461 0 0 0 0 0 0 0 0 0 0 0 0 0 7462 0 0 0 0 0 0 0 0 0 0 0 0 0 0 0 0
7462 0 0 0 0 0 0 0 0 0 0 0 0 0 0 0 0 0 0 0 0 0 0 0 0 0 0 0 0 0 1 museum
7463 0 0 0 0 0 0 0 0 0 0 0 0 0 0 0 0 0 0 7464 0 0 0 0 0 0 0 0 0 0 0
7464 0 0 0 0 0 0 0 0 0 0 0 0 0 0 0 7465 0 0 0 0 0 0 0 0 0 0 0 0 0 0
7465 0 0 0 0 0 0 0 0 0 0 0 0 0 0 0 7466 0 0 0 0 0 0 0 0 0 0 0 0 0 0
7466 0 0 0 0 0 0 0 0 0 0 0 0 0 7467 0 0 0 0 0 0 0 0 0 0 0 0 0 0 0 0
7467 0 0 0 0 0 0 0 0 0 0 0 0 0 0 0 0 0 0 0 0 0 0 0 0 0 0 0 0 0 1 mushroom
7468 0 0 0 7469 0 0 0 0 0 0 0 0 0 0 0 0 0 0 0 0 0 0 0 0 0 0 0 0 0 0
7469 0 7470 0 0 0 0 0 0 0 7472 0 0 0 0 0 0 0 0 0 0 0 0 0 0 0 0 0 0 0 1 music
7470 0 0 0 0 0 0 0 0 0 0 0 0 7471 0 0 0 0 0 0 0 0 0 0 0 0 0 0 0 0 0
7471 0 0 0 0 0 0 0 0 0 0 0 0 0 0 0 0 0 0 0 0 0 0 0 0 0 0 0 0 0 1 musical
7472 0 7473 0 0 0 0 0 0 0 0 0 0 0 0 0 0 0 0 0 0 0 0 0 0 0 0 0 0 0 0
7473 0 0 0 0 0 0 0 0 0 0 0 0 0 0 7474 0 0 0 0 0 0 0 0 0 0 0 0 0 0 0
7474 0 0 0 0 0 0 0 0 0 0 0 0 0 0 0 0 0 0 0 0 0 0 0 0 0 0 0 0 0 1 musician
7475 0 0 0 0 0 0 0 0 0 0 0 0 0 0 0 0 0 0 0 0 0 0 0 0 0 0 0 0 0 1 must
7476 0 0 0 0 0 7477 0 0 0 0 0 0 0 0 0 0 0 0 0 0 7478 7483 0 0 0 0 0 0 0 0
7477 0 0 0 0 0 0 0 0 0 0 0 0 0 0 0 0 0 0 0 0 0 0 0 0 0 0 0 0 0 1 mute
7478 0 0 0 0 0 7479 0 0 0 0 0 0 0 0 0 7481 0 0 0 0 0 0 0 0 0 0 0 0 0 0
7479 0 0 0 0 0 0 0 0 0 0 0 0 0 0 0 0 0 0 7480 0 0 0 0 0 0 0 0 0 0 0
7480 0 0 0 0 0 0 0 0 0 0 0 0 0 0 0 0 0 0 0 0 0 0 0 0 0 0 0 0 0 1 mutter
7481 0 0 0 0 0 0 0 0 0 0 0 0 0 0 7482 0 0 0 0 0 0 0 0 0 0 0 0 0 0 0
7482 0 0 0 0 0 0 0 0 0 0 0 0 0 0 0 0 0 0 0 0 0 0 0 0 0 0 0 0 0 1 mutton
7483 0 7484 0 0 0 0 0 0 0 0 0 0 0 0 0 0 0 0 0 0 0 0 0 0 0 0 0 0 0 0
7484 0 0 0 0 0 0 0 0 0 0 0 0 7485 0 0 0 0 0 0 0 0 0 0 0 0 0 0 0 0 0
7485 0 0 0 0 0 0 0 0 0 0 0 0 0 0 0 0 0 0 0 0 0 0 0 0 0 0 0 0 0 1 mutual
7486 0 0 0 0 0 0 0 0 0 0 0 0 0 0 0 0 0 0 0 7487 0 0 0 0 0 0 0 0 0 1 my
7487 0 0 0 0 0 7488 0 0 0 0 0 0 0 0 0 0 0 0 0 0 7491 0 0 0 0 0 0 0 0 0
7488 0 0 0 0 0 0 0 0 0 0 0 0 7489 0 0 0 0 0 0 0 0 0 0 0 0 0 0 0 0 0
7489 0 0 0 0 0 0 7490 0 0 0 0 0 0 0 0 0 0 0 0 0 0 0 0 0 0 0 0 0 0 0
7490 0 0 0 0 0 0 0 0 0 0 0 0 0 0 0 0 0 0 0 0 0 0 0 0 0 0 0 0 0 1 myself
7491 0 0 0 0 0 7492 0 0 0 0 0 0 0 0 0 0 0 0 0 0 0 0 0 0 0 0 0 0 0 0
7492 0 0 0 0 0 0 0 0 0 0 0 0 0 0 0 0 0 0 7493 0 0 0 0 0 0 0 0 0 0 0
7493 0 0 0 0 0 0 0 0 0 7494 0 0 0 0 0 0 0 0 0 0 0 0 0 0 0 7498 0 0 0 0
7494 0 0 0 0 0 0 0 0 0 0 0 0 0 0 0 7495 0 0 0 0 0 0 0 0 0 0 0 0 0 0
7495 0 0 0 0 0 0 0 0 0 0 0 0 0 0 0 0 0 0 0 0 0 7496 0 0 0 0 0 0 0 0
7496 0 0 0 0 0 0 0 0 0 0 0 0 0 0 0 0 0 0 0 7497 0 0 0 0 0 0 0 0 0 0
7497 0 0 0 0 0 0 0 0 0 0 0 0 0 0 0 0 0 0 0 0 0 0 0 0 0 0 0 0 0 1 mysterious
7498 0 0 0 0 0 0 0 0 0 0 0 0 0 0 0 0 0 0 0 0 0 0 0 0 0 0 0 0 0 1 mystery
7499 0 7500 0 0 0 7552 0 0 0 7654 0 0 0 0 0 7678 0 0 0 0 0 7755 0 0 0 7784 0 10132 0 0
7500 0 0 0 0 0 0 0 0 0 7501 0 7503 0 7506 0 0 7510 0 7511 7515 7518 7536 7541 0 0 0 0 0 0 0
7501 0 0 0 0 0 0 0 0 0 0 0 0 7502 0 0 0 0 0 0 0 0 0 0 0 0 0 0 0 0 0
7502 0 0 0 0 0 0 0 0 0 0 0 0 0 0 0 0 0 0 0 0 0 0 0 0 0 0 0 0 0 1 nail
7503 0 0 0 0 0 7504 0 0 0 0 0 0 0 0 0 0 0 0 0 0 0 0 0 0 0 0 0 0 0 0
7504 0 0 0 0 7505 0 0 0 0 0 0 0 0 0 0 0 0 0 0 0 0 0 0 0 0 0 0 0 0 0
7505 0 0 0 0 0 0 0 0 0 0 0 0 0 0 0 0 0 0 0 0 0 0 0 0 0 0 0 0 0 1 naked
7506 0 0 0 0 0 7507 0 0 0 0 0 0 0 0 0 0 0 0 0 0 0 0 0 0 0 0 0 0 0 0
7507 0 0 0 0 0 0 0 0 0 0 0 0 7508 0 0 0 0 0 0 0 0 0 0 0 0 0 0 0 0 1 name
7508 0 0 0 0 0 0 0 0 0 0 0 0 0 0 0 0 0 0 0 0 0 0 0 0 0 7509 0 0 0 0
7509 0 0 0 0 0 0 0 0 0 0 0 0 0 0 0 0 0 0 0 0 0 0 0 0 0 0 0 0 0 1 namely
7510 0 0 0 0 0 0 0 0 0 0 0 0 0 0 0 0 0 0 0 0 0 0 0 0 0 0 0 0 0 1 nap
7511 0 0 0 0 0 0 0 0 0 0 0 0 0 0 0 0 0 0 7512 0 0 0 0 0 0 0 0 0 0 0
7512 0 0 0 0 0 0 0 0 0 0 0 0 0 0 0 7513 0 0 0 0 0 0 0 0 0 0 0 0 0 0
7513 0 0 0 0 0 0 0 0 0 0 0 0 0 0 0 0 0 0 0 0 0 0 0 7514 0 0 0 0 0 0
7514 0 0 0 0 0 0 0 0 0 0 0 0 0 0 0 0 0 0 0 0 0 0 0 0 0 0 0 0 0 1 narrow
7515 0 0 0 0 0 0 0 0 0 0 0 0 0 0 0 0 0 0 0 0 7516 0 0 0 0 0 0 0 0 0
7516 0 0 0 0 0 0 0 0 0 0 0 0 0 0 0 0 0 0 0 0 0 0 0 0 0 7517 0 0 0 0
7517 0 0 0 0 0 0 0 0 0 0 0 0 0 0 0 0 0 0 0 0 0 0 0 0 0 0 0 0 0 1 nasty
7518 0 0 0 0 0 0 0 0 0 7519 0 0 0 0 0 0 0 0 0 0 0 7529 0 0 0 0 0 0 0 0
7519 0 0 0 0 0 0 0 0 0 0 0 0 0 0 0 7520 0 0 0 0 0 0 7527 0 0 0 0 0 0 0
7520 0 0 0 0 0 0 0 0 0 0 0 0 0 0 7521 0 0 0 0 0 0 0 0 0 0 0 0 0 0 0
7521 0 7522 0 0 0 0 0 0 0 0 0 0 0 0 0 0 0 0 0 0 0 0 0 0 0 0 0 0 0 1 nation
7522 0 0 0 0 0 0 0 0 0 0 0 0 7523 0 0 0 0 0 0 0 0 0 0 0 0 0 0 0 0 0
7523 0 0 0 0 0 0 0 0 0 7524 0 0 0 0 0 0 0 0 0 0 0 0 0 0 0 0 0 0 0 1 national
7524 0 0 0 0 0 0 0 0 0 0 0 0 0 0 0 0 0 0 0 0 7525 0 0 0 0 0 0 0 0 0
7525 0 0 0 0 0 0 0 0 0 0 0 0 0 0 0 0 0 0 0 0 0 0 0 0 0 7526 0 0 0 0
7526 0 0 0 0 0 0 0 0 0 0 0 0 0 0 0 0 0 0 0 0 0 0 0 0 0 0 0 0 0 1 nationality
7527 0 0 0 0 0 7528 0 0 0 0 0 0 0 0 0 0 0 0 0 0 0 0 0 0 0 0 0 0 0 0
7528 0 0 0 0 0 0 0 0 0 0 0 0 0 0 0 0 0 0 0 0 0 0 0 0 0 0 0 0 0 1 native
7529 0 0 0 0 0 0 0 0 0 0 0 0 0 0 0 0 0 0 7530 0 0 0 0 0 0 0 0 0 0 0
7530 0 7531 0 0 0 7535 0 0 0 0 0 0 0 0 0 0 0 0 0 0 0 0 0 0 0 0 0 0 0 0
7531 0 0 0 0 0 0 0 0 0 0 0 0 7532 0 0 0 0 0 0 0 0 0 0 0 0 0 0 0 0 0
7532 0 0 0 0 0 0 0 0 0 0 0 0 7533 0 0 0 0 0 0 0 0 0 0 0 0 0 0 0 0 1 natural
7533 0 0 0 0 0 0 0 0 0 0 0 0 0 0 0 0 0 0 0 0 0 0 0 0 0 7534 0 0 0 0
7534 0 0 0 0 0 0 0 0 0 0 0 0 0 0 0 0 0 0 0 0 0 0 0 0 0 0 0 0 0 1 naturally
7535 0 0 0 0 0 0 0 0 0 0 0 0 0 0 0 0 0 0 0 0 0 0 0 0 0 0 0 0 0 1 nature
7536 0 0 0 0 0 0 0 7537 0 0 0 0 0 0 0 0 0 0 0 0 0 0 0 0 0 0 0 0 0 0
7537 0 0 0 0 0 0 0 0 7538 0 0 0 0 0 0 0 0 0 0 0 0 0 0 0 0 0 0 0 0 0
7538 0 0 0 0 0 0 0 0 0 0 0 0 0 0 0 0 0 0 0 0 7539 0 0 0 0 0 0 0 0 0
7539 0 0 0 0 0 0 0 0 0 0 0 0 0 0 0 0 0 0 0 0 0 0 0 0 0 7540 0 0 0 0
7540 0 0 0 0 0 0 0 0 0 0 0 0 0 0 0 0 0 0 0 0 0 0 0 0 0 0 0 0 0 1 naughty
7541 0 7542 0 0 0 0 0 0 0 7544 0 0 0 0 0 0 0 0 0 0 0 0 0 0 0 7551 0 0 0 0
7542 0 0 0 0 0 0 0 0 0 0 0 0 7543 0 0 0 0 0 0 0 0 0 0 0 0 0 0 0 0 0
7543 0 0 0 0 0 0 0 0 0 0 0 0 0 0 0 0 0 0 0 0 0 0 0 0 0 0 0 0 0 1 naval
7544 0 0 0 0 0 0 0 7545 0 0 0 0 0 0 0 0 0 0 0 0 0 0 0 0 0 0 0 0 0 0
7545 0 7546 0 0 0 0 0 0 0 0 0 0 0 0 0 0 0 0 0 0 0 0 0 0 0 0 0 0 0 0
7546 0 0 0 0 0 0 0 0 0 0 0 0 0 0 0 0 0 0 0 0 7547 0 0 0 0 0 0 0 0 0
7547 0 0 0 0 0 0 0 0 0 7548 0 0 0 0 0 0 0 0 0 0 0 0 0 0 0 0 0 0 0 0
7548 0 0 0 0 0 0 0 0 0 0 0 0 0 0 0 7549 0 0 0 0 0 0 0 0 0 0 0 0 0 0
7549 0 0 0 0 0 0 0 0 0 0 0 0 0 0 7550 0 0 0 0 0 0 0 0 0 0 0 0 0 0 0
7550 0 0 0 0 0 0 0 0 0 0 0 0 0 0 0 0 0 0 0 0 0 0 0 0 0 0 0 0 0 1 navigation
7551 0 0 0 0 0 0 0 0 0 0 0 0 0 0 0 0 0 0 0 0 0 0 0 0 0 0 0 0 0 1 navy
7552 0 7553 0 7560 0 7578 0 7584 0 7596 0 0 0 0 0 0 7611 0 7615 7621 7623 7628 7633 7643 7652 0 0 0 0 0
7553 0 0 0 0 0 0 0 0 0 0 0 0 0 0 0 0 0 0 7554 0 7559 0 0 0 0 0 0 0 0 0
7554 0 0 7555 0 0 0 0 0 0 0 0 0 7557 0 0 0 0 0 0 0 0 0 0 0 0 0 0 0 0 1 near
7555 0 0 0 0 0 0 0 0 0 0 0 0 0 0 0 0 0 0 0 0 0 0 0 0 0 7556 0 0 0 0
7556 0 0 0 0 0 0 0 0 0 0 0 0 0 0 0 0 0 0 0 0 0 0 0 0 0 0 0 0 0 1 nearby
7557 0 0 0 0 0 0 0 0 0 0 0 0 0 0 0 0 0 0 0 0 0 0 0 0 0 7558 0 0 0 0
7558 0 0 0 0 0 0 0 0 0 0 0 0 0 0 0 0 0 0 0 0 0 0 0 0 0 0 0 0 0 1 nearly
7559 0 0 0 0 0 0 0 0 0 0 0 0 0 0 0 0 0 0 0 0 0 0 0 0 0 0 0 0 0 1 neat
7560 0 0 0 0 0 7561 0 0 0 0 0 7573 0 0 0 0 0 0 0 0 0 0 0 0 0 0 0 0 0 0
7561 0 0 0 0 0 0 0 0 0 0 0 0 0 0 0 0 0 0 0 7562 0 0 0 0 0 0 0 0 0 0
7562 0 0 0 0 0 0 0 0 0 0 0 0 0 0 0 0 0 0 0 7563 0 0 0 0 0 0 0 0 0 0
7563 0 7564 0 0 0 0 0 0 0 7570 0 0 0 0 0 0 0 0 0 0 0 0 0 0 0 0 0 0 0 0
7564 0 0 0 0 0 0 0 0 0 0 0 0 0 0 0 0 0 0 7565 0 0 0 0 0 0 0 0 0 0 0
7565 0 0 0 0 0 0 0 0 0 7566 0 0 0 0 0 0 0 0 0 0 0 0 0 0 0 7569 0 0 0 0
7566 0 0 0 0 0 0 0 0 0 0 0 0 7567 0 0 0 0 0 0 0 0 0 0 0 0 0 0 0 0 0
7567 0 0 0 0 0 0 0 0 0 0 0 0 0 0 0 0 0 0 0 0 0 0 0 0 0 7568 0 0 0 0
7568 0 0 0 0 0 0 0 0 0 0 0 0 0 0 0 0 0 0 0 0 0 0 0 0 0 0 0 0 0 1 necessarily
7569 0 0 0 0 0 0 0 0 0 0 0 0 0 0 0 0 0 0 0 0 0 0 0 0 0 0 0 0 0 1 necessary
7570 0 0 0 0 0 0 0 0 0 0 0 0 0 0 0 0 0 0 0 0 7571 0 0 0 0 0 0 0 0 0
7571 0 0 0 0 0 0 0 0 0 0 0 0 0 0 0 0 0 0 0 0 0 0 0 0 0 7572 0 0 0 0
7572 0 0 0 0 0 0 0 0 0 0 0 0 0 0 0 0 0 0 0 0 0 0 0 0 0 0 0 0 0 1 necessity
7573 0 0 0 0 0 0 0 0 0 0 0 0 7574 0 0 0 0 0 0 0 0 0 0 0 0 0 0 0 0 1 neck
7574 0 7575 0 0 0 0 0 0 0 0 0 0 0 0 0 0 0 0 0 0 0 0 0 0 0 0 0 0 0 0
7575 0 0 0 7576 0 0 0 0 0 0 0 0 0 0 0 0 0 0 0 0 0 0 0 0 0 0 0 0 0 0
7576 0 0 0 0 0 7577 0 0 0 0 0 0 0 0 0 0 0 0 0 0 0 0 0 0 0 0 0 0 0 0
7577 0 0 0 0 0 0 0 0 0 0 0 0 0 0 0 0 0 0 0 0 0 0 0 0 0 0 0 0 0 1 necklace
7578 0 0 0 0 7579 0 0 0 0 0 0 0 0 0 0 0 0 0 0 0 0 0 0 0 0 0 0 0 0 0
7579 0 0 0 0 0 0 0 0 0 0 0 0 7580 0 0 0 0 0 0 0 0 0 0 0 0 0 0 0 0 1 need
7580 0 0 0 0 0 7581 0 0 0 0 0 0 0 0 0 0 0 0 0 0 0 0 0 0 0 0 0 0 0 0
7581 0 0 0 0 0 0 0 0 0 0 0 0 0 0 0 0 0 0 0 7582 0 0 0 0 0 0 0 0 0 1 needle
7582 0 0 0 0 0 0 0 0 0 0 0 0 0 0 0 0 0 0 0 7583 0 0 0 0 0 0 0 0 0 0
7583 0 0 0 0 0 0 0 0 0 0 0 0 0 0 0 0 0 0 0 0 0 0 0 0 0 0 0 0 0 1 needless
7584 0 7585 0 0 0 0 0 0 0 0 0 0 7590 0 0 0 0 0 7594 0 0 0 0 0 0 0 0 0 0 0
7585 0 0 0 0 0 0 0 0 0 0 0 0 0 0 0 0 0 0 0 0 7586 0 0 0 0 0 0 0 0 0
7586 0 0 0 0 0 0 0 0 0 7587 0 0 0 0 0 0 0 0 0 0 0 0 0 0 0 0 0 0 0 0
7587 0 0 0 0 0 0 0 0 0 0 0 0 0 0 0 0 0 0 0 0 0 0 7588 0 0 0 0 0 0 0
7588 0 0 0 0 0 7589 0 0 0 0 0 0 0 0 0 0 0 0 0 0 0 0 0 0 0 0 0 0 0 0
7589 0 0 0 0 0 0 0 0 0 0 0 0 0 0 0 0 0 0 0 0 0 0 0 0 0 0 0 0 0 1 negative
7590 0 0 0 0 0 7591 0 0 0 0 0 0 0 0 0 0 0 0 0 0 0 0 0 0 0 0 0 0 0 0
7591 0 0 0 7592 0 0 0 0 0 0 0 0 0 0 0 0 0 0 0 0 0 0 0 0 0 0 0 0 0 0
7592 0 0 0 0 0 0 0 0 0 0 0 0 0 0 0 0 0 0 0 0 7593 0 0 0 0 0 0 0 0 0
7593 0 0 0 0 0 0 0 0 0 0 0 0 0 0 0 0 0 0 0 0 0 0 0 0 0 0 0 0 0 1 neglect
7594 0 0 0 0 0 0 0 0 0 0 0 0 0 0 0 7595 0 0 0 0 0 0 0 0 0 0 0 0 0 0
7595 0 0 0 0 0 0 0 0 0 0 0 0 0 0 0 0 0 0 0 0 0 0 0 0 0 0 0 0 0 1 Negro
7596 0 0 0 0 0 0 0 7597 0 0 0 0 0 0 0 0 0 0 0 0 7607 0 0 0 0 0 0 0 0 0
7597 0 0 0 0 0 0 0 0 7598 0 0 0 0 0 0 0 0 0 0 0 0 0 0 0 0 0 0 0 0 0
7598 0 0 7599 0 0 0 0 0 0 0 0 0 0 0 0 0 0 0 0 0 0 0 0 0 0 0 0 0 0 0
7599 0 0 0 0 0 0 0 0 0 0 0 0 0 0 0 7600 0 0 0 0 0 0 0 0 0 0 0 0 0 0
7600 0 0 0 0 0 0 0 0 0 0 0 0 0 0 0 0 0 0 0 0 0 7601 0 0 0 0 0 0 0 0
7601 0 0 0 0 0 0 0 0 0 0 0 0 0 0 0 0 0 0 7602 0 0 0 0 0 0 0 0 0 0 0
7602 0 0 0 0 0 0 0 0 7603 0 0 0 0 0 0 0 0 0 0 0 0 0 0 0 0 0 0 0 0 1 neighbour
7603 0 0 0 0 0 0 0 0 0 0 0 0 0 0 0 7604 0 0 0 0 0 0 0 0 0 0 0 0 0 0
7604 0 0 0 0 0 0 0 0 0 0 0 0 0 0 0 7605 0 0 0 0 0 0 0 0 0 0 0 0 0 0
7605 0 0 0 0 7606 0 0 0 0 0 0 0 0 0 0 0 0 0 0 0 0 0 0 0 0 0 0 0 0 0
7606 0 0 0 0 0 0 0 0 0 0 0 0 0 0 0 0 0 0 0 0 0 0 0 0 0 0 0 0 0 1 neighbourhood
7607 0 0 0 0 0 0 0 0 7608 0 0 0 0 0 0 0 0 0 0 0 0 0 0 0 0 0 0 0 0 0
7608 0 0 0 0 0 7609 0 0 0 0 0 0 0 0 0 0 0 0 0 0 0 0 0 0 0 0 0 0 0 0
7609 0 0 0 0 0 0 0 0 0 0 0 0 0 0 0 0 0 0 7610 0 0 0 0 0 0 0 0 0 0 0
7610 0 0 0 0 0 0 0 0 0 0 0 0 0 0 0 0 0 0 0 0 0 0 0 0 0 0 0 0 0 1 neither
7611 0 0 0 0 0 0 0 0 7612 0 0 0 0 0 0 0 0 0 0 0 0 0 0 0 0 0 0 0 0 0
7612 0 0 0 0 0 7613 0 0 0 0 0 0 0 0 0 0 0 0 0 0 0 0 0 0 0 0 0 0 0 0
7613 0 0 0 0 0 0 0 0 0 0 0 0 0 0 0 0 0 0 0 0 0 0 0 7614 0 0 0 0 0 0
7614 0 0 0 0 0 0 0 0 0 0 0 0 0 0 0 0 0 0 0 0 0 0 0 0 0 0 0 0 0 1 nephew
7615 0 0 0 0 0 0 0 0 0 0 0 0 0 0 0 0 0 0 0 0 0 0 7616 0 0 0 0 0 0 0
7616 0 0 0 0 0 7617 0 0 0 0 0 0 0 0 0 7618 0 0 0 0 0 0 0 0 0 0 0 0 0 0
7617 0 0 0 0 0 0 0 0 0 0 0 0 0 0 0 0 0 0 0 0 0 0 0 0 0 0 0 0 0 1 nerve
7618 0 0 0 0 0 0 0 0 0 0 0 0 0 0 0 0 0 0 0 0 0 7619 0 0 0 0 0 0 0 0
7619 0 0 0 0 0 0 0 0 0 0 0 0 0 0 0 0 0 0 0 7620 0 0 0 0 0 0 0 0 0 0
7620 0 0 0 0 0 0 0 0 0 0 0 0 0 0 0 0 0 0 0 0 0 0 0 0 0 0 0 0 0 1 nervous
7621 0 0 0 0 0 0 0 0 0 0 0 0 0 0 0 0 0 0 0 0 7622 0 0 0 0 0 0 0 0 0
7622 0 0 0 0 0 0 0 0 0 0 0 0 0 0 0 0 0 0 0 0 0 0 0 0 0 0 0 0 0 1 nest
7623 0 0 0 0 0 0 0 0 0 0 0 0 0 0 0 0 0 0 0 0 0 0 0 7624 0 0 0 0 0 1 net
7624 0 0 0 0 0 0 0 0 0 0 0 0 0 0 0 7625 0 0 0 0 0 0 0 0 0 0 0 0 0 0
7625 0 0 0 0 0 0 0 0 0 0 0 0 0 0 0 0 0 0 7626 0 0 0 0 0 0 0 0 0 0 0
7626 0 0 0 0 0 0 0 0 0 0 0 7627 0 0 0 0 0 0 0 0 0 0 0 0 0 0 0 0 0 0
7627 0 0 0 0 0 0 0 0 0 0 0 0 0 0 0 0 0 0 0 0 0 0 0 0 0 0 0 0 0 1 network
7628 0 0 0 0 0 0 0 0 0 0 0 0 0 0 0 0 0 0 0 0 7629 0 0 0 0 0 0 0 0 0
7629 0 0 0 0 0 0 0 0 0 0 0 0 0 0 0 0 0 0 7630 0 0 0 0 0 0 0 0 0 0 0
7630 0 7631 0 0 0 0 0 0 0 0 0 0 0 0 0 0 0 0 0 0 0 0 0 0 0 0 0 0 0 0
7631 0 0 0 0 0 0 0 0 0 0 0 0 7632 0 0 0 0 0 0 0 0 0 0 0 0 0 0 0 0 0
7632 0 0 0 0 0 0 0 0 0 0 0 0 0 0 0 0 0 0 0 0 0 0 0 0 0 0 0 0 0 1 neutral
7633 0 0 0 0 0 7634 0 0 0 0 0 0 0 0 0 0 0 0 0 0 0 0 0 0 0 0 0 0 0 0
7634 0 0 0 0 0 0 0 0 0 0 0 0 0 0 0 0 0 0 7635 0 0 0 0 0 0 0 0 0 0 0
7635 0 0 0 0 0 0 0 0 0 0 0 0 0 0 0 0 0 0 0 0 7636 0 0 0 0 0 0 0 0 1 never
7636 0 0 0 0 0 0 0 0 7637 0 0 0 0 0 0 0 0 0 0 0 0 0 0 0 0 0 0 0 0 0
7637 0 0 0 0 0 7638 0 0 0 0 0 0 0 0 0 0 0 0 0 0 0 0 0 0 0 0 0 0 0 0
7638 0 0 0 0 0 0 0 0 0 0 0 0 7639 0 0 0 0 0 0 0 0 0 0 0 0 0 0 0 0 0
7639 0 0 0 0 0 7640 0 0 0 0 0 0 0 0 0 0 0 0 0 0 0 0 0 0 0 0 0 0 0 0
7640 0 0 0 0 0 0 0 0 0 0 0 0 0 0 0 0 0 0 0 7641 0 0 0 0 0 0 0 0 0 0
7641 0 0 0 0 0 0 0 0 0 0 0 0 0 0 0 0 0 0 0 7642 0 0 0 0 0 0 0 0 0 0
7642 0 0 0 0 0 0 0 0 0 0 0 0 0 0 0 0 0 0 0 0 0 0 0 0 0 0 0 0 0 1 nevertheless
7643 0 0 0 0 0 0 0 0 0 0 0 0 7644 0 0 0 0 0 0 7646 0 0 0 0 0 0 0 0 0 1 new
7644 0 0 0 0 0 0 0 0 0 0 0 0 0 0 0 0 0 0 0 0 0 0 0 0 0 7645 0 0 0 0
7645 0 0 0 0 0 0 0 0 0 0 0 0 0 0 0 0 0 0 0 0 0 0 0 0 0 0 0 0 0 1 newly
7646 0 0 0 0 0 0 0 0 0 0 0 0 0 0 0 0 7647 0 0 0 0 0 0 0 0 0 0 0 0 1 news
7647 0 7648 0 0 0 0 0 0 0 0 0 0 0 0 0 0 0 0 0 0 0 0 0 0 0 0 0 0 0 0
7648 0 0 0 0 0 0 0 0 0 0 0 0 0 0 0 0 7649 0 0 0 0 0 0 0 0 0 0 0 0 0
7649 0 0 0 0 0 7650 0 0 0 0 0 0 0 0 0 0 0 0 0 0 0 0 0 0 0 0 0 0 0 0
7650 0 0 0 0 0 0 0 0 0 0 0 0 0 0 0 0 0 0 7651 0 0 0 0 0 0 0 0 0 0 0
7651 0 0 0 0 0 0 0 0 0 0 0 0 0 0 0 0 0 0 0 0 0 0 0 0 0 0 0 0 0 1 newspaper
7652 0 0 0 0 0 0 0 0 0 0 0 0 0 0 0 0 0 0 0 0 7653 0 0 0 0 0 0 0 0 0
7653 0 0 0 0 0 0 0 0 0 0 0 0 0 0 0 0 0 0 0 0 0 0 0 0 0 0 0 0 0 1 next
7654 0 0 0 7655 0 7657 0 7660 0 0 0 0 0 0 7663 0 0 0 0 0 7672 0 0 0 0 0 0 0 0 0
7655 0 0 0 0 0 7656 0 0 0 0 0 0 0 0 0 0 0 0 0 0 0 0 0 0 0 0 0 0 0 0
7656 0 0 0 0 0 0 0 0 0 0 0 0 0 0 0 0 0 0 0 0 0 0 0 0 0 0 0 0 0 1 nice
7657 0 0 0 7658 0 0 0 0 0 0 0 0 0 0 0 0 0 0 0 0 0 0 0 0 0 0 0 0 0 0
7658 0 0 0 0 0 7659 0 0 0 0 0 0 0 0 0 0 0 0 0 0 0 0 0 0 0 0 0 0 0 0
7659 0 0 0 0 0 0 0 0 0 0 0 0 0 0 0 0 0 0 0 0 0 0 0 0 0 0 0 0 0 1 niece
7660 0 0 0 0 0 0 0 0 7661 0 0 0 0 0 0 0 0 0 0 0 0 0 0 0 0 0 0 0 0 0
7661 0 0 0 0 0 0 0 0 0 0 0 0 0 0 0 0 0 0 0 0 7662 0 0 0 0 0 0 0 0 0
7662 0 0 0 0 0 0 0 0 0 0 0 0 0 0 0 0 0 0 0 0 0 0 0 0 0 0 0 0 0 1 night
7663 0 0 0 0 0 7664 0 0 0 0 0 0 0 0 0 0 0 0 0 0 7670 0 0 0 0 0 0 0 0 0
7664 0 0 0 0 0 0 0 0 0 0 0 0 0 0 0 0 0 0 0 0 7665 0 0 0 0 0 0 0 0 1 nine
7665 0 0 0 0 0 7666 0 0 0 0 0 0 0 0 0 0 0 0 0 0 0 0 0 0 0 7669 0 0 0 0
7666 0 0 0 0 0 7667 0 0 0 0 0 0 0 0 0 0 0 0 0 0 0 0 0 0 0 0 0 0 0 0
7667 0 0 0 0 0 0 0 0 0 0 0 0 0 0 7668 0 0 0 0 0 0 0 0 0 0 0 0 0 0 0
7668 0 0 0 0 0 0 0 0 0 0 0 0 0 0 0 0 0 0 0 0 0 0 0 0 0 0 0 0 0 1 nineteen
7669 0 0 0 0 0 0 0 0 0 0 0 0 0 0 0 0 0 0 0 0 0 0 0 0 0 0 0 0 0 1 ninety
7670 0 0 0 0 0 0 0 0 7671 0 0 0 0 0 0 0 0 0 0 0 0 0 0 0 0 0 0 0 0 0
7671 0 0 0 0 0 0 0 0 0 0 0 0 0 0 0 0 0 0 0 0 0 0 0 0 0 0 0 0 0 1 ninth
7672 0 0 0 0 0 0 0 0 0 0 0 0 0 0 0 0 0 0 7673 0 0 0 0 0 0 0 0 0 0 0
7673 0 0 0 0 0 0 0 0 0 0 0 0 0 0 0 7674 0 0 0 0 0 0 0 0 0 0 0 0 0 0
7674 0 0 0 0 0 0 0 7675 0 0 0 0 0 0 0 0 0 0 0 0 0 0 0 0 0 0 0 0 0 0
7675 0 0 0 0 0 7676 0 0 0 0 0 0 0 0 0 0 0 0 0 0 0 0 0 0 0 0 0 0 0 0
7676 0 0 0 0 0 0 0 0 0 0 0 0 0 0 7677 0 0 0 0 0 0 0 0 0 0 0 0 0 0 0
7677 0 0 0 0 0 0 0 0 0 0 0 0 0 0 0 0 0 0 0 0 0 0 0 0 0 0 0 0 0 1 nitrogen
7678 0 0 7679 0 7685 0 0 0 0 7686 0 0 0 0 7690 7697 0 0 7699 7717 7719 7736 7738 7745 0 0 0 0 0 1 no
7679 0 0 0 0 0 0 0 0 0 0 0 0 7680 0 0 7682 0 0 0 0 0 0 0 0 0 0 0 0 0 0
7680 0 0 0 0 0 7681 0 0 0 0 0 0 0 0 0 0 0 0 0 0 0 0 0 0 0 0 0 0 0 0
7681 0 0 0 0 0 0 0 0 0 0 0 0 0 0 0 0 0 0 0 0 0 0 0 0 0 0 0 0 0 1 noble
7682 0 0 0 0 7683 0 0 0 0 0 0 0 0 0 0 0 0 0 0 0 0 0 0 0 0 0 0 0 0 0
7683 0 0 0 0 0 0 0 0 0 0 0 0 0 0 0 0 0 0 0 0 0 0 0 0 0 7684 0 0 0 0
7684 0 0 0 0 0 0 0 0 0 0 0 0 0 0 0 0 0 0 0 0 0 0 0 0 0 0 0 0 0 1 nobody
7685 0 0 0 0 0 0 0 0 0 0 0 0 0 0 0 0 0 0 0 0 0 0 0 0 0 0 0 0 0 1 nod
7686 0 0 0 0 0 0 0 0 0 0 0 0 0 0 0 0 0 0 0 7687 0 0 0 0 0 0 0 0 0 0
7687 0 0 0 0 0 7688 0 0 0 0 0 0 0 0 0 0 0 0 0 0 0 0 0 0 0 7689 0 0 0 0
7688 0 0 0 0 0 0 0 0 0 0 0 0 0 0 0 0 0 0 0 0 0 0 0 0 0 0 0 0 0 1 noise
7689 0 0 0 0 0 0 0 0 0 0 0 0 0 0 0 0 0 0 0 0 0 0 0 0 0 0 0 0 0 1 noisy
7690 0 0 0 0 0 7691 0 0 0 0 0 0 0 0 0 0 0 0 0 7692 0 0 0 0 0 0 0 0 0 0
7691 0 0 0 0 0 0 0 0 0 0 0 0 0 0 0 0 0 0 0 0 0 0 0 0 0 0 0 0 0 1 none
7692 0 0 0 0 0 7693 0 0 0 0 0 0 0 0 0 0 0 0 0 0 0 0 0 0 0 0 0 0 0 0
7693 0 0 0 0 0 0 0 0 0 0 0 0 0 0 7694 0 0 0 0 0 0 0 0 0 0 0 0 0 0 0
7694 0 0 0 0 0 0 0 0 0 0 0 0 0 0 0 0 0 0 0 7695 0 0 0 0 0 0 0 0 0 0
7695 0 0 0 0 0 7696 0 0 0 0 0 0 0 0 0 0 0 0 0 0 0 0 0 0 0 0 0 0 0 0
7696 0 0 0 0 0 0 0 0 0 0 0 0 0 0 0 0 0 0 0 0 0 0 0 0 0 0 0 0 0 1 nonsense
7697 0 0 0 0 0 0 0 0 0 0 0 0 0 0 7698 0 0 0 0 0 0 0 0 0 0 0 0 0 0 0
7698 0 0 0 0 0 0 0 0 0 0 0 0 0 0 0 0 0 0 0 0 0 0 0 0 0 0 0 0 0 1 noon
7699 0 0 0 0 0 0 0 0 0 0 0 0 0 7700 0 0 0 0 0 0 7705 0 0 0 0 0 0 0 0 1 nor
7700 0 7701 0 0 0 0 0 0 0 0 0 0 0 0 0 0 0 0 0 0 0 0 0 0 0 0 0 0 0 0
7701 0 0 0 0 0 0 0 0 0 0 0 0 7702 0 0 0 0 0 0 0 0 0 0 0 0 0 0 0 0 0
7702 0 0 0 0 0 0 0 0 0 0 0 0 7703 0 0 0 0 0 0 0 0 0 0 0 0 0 0 0 0 1 normal
7703 0 0 0 0 0 0 0 0 0 0 0 0 0 0 0 0 0 0 0 0 0 0 0 0 0 7704 0 0 0 0
7704 0 0 0 0 0 0 0 0 0 0 0 0 0 0 0 0 0 0 0 0 0 0 0 0 0 0 0 0 0 1 normally
7705 0 0 0 0 0 0 0 0 7706 0 0 0 0 0 0 0 0 0 0 0 0 0 0 0 0 0 0 0 0 0
7706 0 0 0 0 0 7707 0 0 0 0 0 0 0 0 0 0 0 0 0 0 0 0 0 7713 0 0 0 0 0 1 north
7707 0 7708 0 0 0 0 0 0 0 0 0 0 0 0 0 0 0 0 7711 0 0 0 0 0 0 0 0 0 0 0
7708 0 0 0 0 0 0 0 0 0 0 0 0 0 0 0 0 0 0 0 7709 0 0 0 0 0 0 0 0 0 0
7709 0 0 0 0 0 0 0 0 0 0 0 0 0 0 0 0 0 0 0 0 7710 0 0 0 0 0 0 0 0 0
7710 0 0 0 0 0 0 0 0 0 0 0 0 0 0 0 0 0 0 0 0 0 0 0 0 0 0 0 0 0 1 northeast
7711 0 0 0 0 0 0 0 0 0 0 0 0 0 0 7712 0 0 0 0 0 0 0 0 0 0 0 0 0 0 0
7712 0 0 0 0 0 0 0 0 0 0 0 0 0 0 0 0 0 0 0 0 0 0 0 0 0 0 0 0 0 1 northern
7713 0 0 0 0 0 7714 0 0 0 0 0 0 0 0 0 0 0 0 0 0 0 0 0 0 0 0 0 0 0 0
7714 0 0 0 0 0 0 0 0 0 0 0 0 0 0 0 0 0 0 0 7715 0 0 0 0 0 0 0 0 0 0
7715 0 0 0 0 0 0 0 0 0 0 0 0 0 0 0 0 0 0 0 0 7716 0 0 0 0 0 0 0 0 0
7716 0 0 0 0 0 0 0 0 0 0 0 0 0 0 0 0 0 0 0 0 0 0 0 0 0 0 0 0 0 1 northwest
7717 0 0 0 0 0 7718 0 0 0 0 0 0 0 0 0 0 0 0 0 0 0 0 0 0 0 0 0 0 0 0
7718 0 0 0 0 0 0 0 0 0 0 0 0 0 0 0 0 0 0 0 0 0 0 0 0 0 0 0 0 0 1 nose
7719 0 0 0 0 0 7720 0 0 7725 7729 0 0 0 0 0 0 0 0 0 0 0 0 0 0 0 0 0 0 0 1 not
7720 0 0 7721 0 0 0 0 0 0 0 0 0 0 0 0 0 0 0 0 0 0 0 0 0 0 0 0 0 0 1 note
7721 0 0 0 0 0 0 0 0 0 0 0 0 0 0 0 7722 0 0 0 0 0 0 0 0 0 0 0 0 0 0
7722 0 0 0 0 0 0 0 0 0 0 0 0 0 0 0 7723 0 0 0 0 0 0 0 0 0 0 0 0 0 0
7723 0 0 0 0 0 0 0 0 0 0 0 7724 0 0 0 0 0 0 0 0 0 0 0 0 0 0 0 0 0 0
7724 0 0 0 0 0 0 0 0 0 0 0 0 0 0 0 0 0 0 0 0 0 0 0 0 0 0 0 0 0 1 notebook
7725 0 0 0 0 0 0 0 0 0 7726 0 0 0 0 0 0 0 0 0 0 0 0 0 0 0 0 0 0 0 0
7726 0 0 0 0 0 0 0 0 0 0 0 0 0 0 7727 0 0 0 0 0 0 0 0 0 0 0 0 0 0 0
7727 0 0 0 0 0 0 0 7728 0 0 0 0 0 0 0 0 0 0 0 0 0 0 0 0 0 0 0 0 0 0
7728 0 0 0 0 0 0 0 0 0 0 0 0 0 0 0 0 0 0 0 0 0 0 0 0 0 0 0 0 0 1 nothing
7729 0 0 0 7730 0 0 0 0 0 0 0 0 0 0 0 0 0 0 0 0 0 0 0 0 0 0 0 0 0 0
7730 0 0 0 0 0 7731 0 0 0 0 0 0 0 0 0 0 0 0 0 0 0 0 0 0 0 0 0 0 0 0
7731 0 7732 0 0 0 0 0 0 0 0 0 0 0 0 0 0 0 0 0 0 0 0 0 0 0 0 0 0 0 1 notice
7732 0 0 7733 0 0 0 0 0 0 0 0 0 0 0 0 0 0 0 0 0 0 0 0 0 0 0 0 0 0 0
7733 0 0 0 0 0 0 0 0 0 0 0 0 7734 0 0 0 0 0 0 0 0 0 0 0 0 0 0 0 0 0
7734 0 0 0 0 0 7735 0 0 0 0 0 0 0 0 0 0 0 0 0 0 0 0 0 0 0 0 0 0 0 0
7735 0 0 0 0 0 0 0 0 0 0 0 0 0 0 0 0 0 0 0 0 0 0 0 0 0 0 0 0 0 1 noticeable
7736 0 0 0 0 0 0 0 0 0 0 0 0 0 0 7737 0 0 0 0 0 0 0 0 0 0 0 0 0 0 0
7737 0 0 0 0 0 0 0 0 0 0 0 0 0 0 0 0 0 0 0 0 0 0 0 0 0 0 0 0 0 1 noun
7738 0 0 0 0 0 7739 0 0 0 0 0 0 0 0 0 0 0 0 0 0 0 0 0 0 0 0 0 0 0 0
7739 0 0 0 0 0 0 0 0 0 0 0 0 7740 7741 0 0 0 0 0 0 0 0 0 0 0 0 0 0 0 0
7740 0 0 0 0 0 0 0 0 0 0 0 0 0 0 0 0 0 0 0 0 0 0 0 0 0 0 0 0 0 1 novel
7741 0 0 7742 0 0 0 0 0 0 0 0 0 0 0 0 0 0 0 0 0 0 0 0 0 0 0 0 0 0 0
7742 0 0 0 0 0 7743 0 0 0 0 0 0 0 0 0 0 0 0 0 0 0 0 0 0 0 0 0 0 0 0
7743 0 0 0 0 0 0 0 0 0 0 0 0 0 0 0 0 0 0 7744 0 0 0 0 0 0 0 0 0 0 0
7744 0 0 0 0 0 0 0 0 0 0 0 0 0 0 0 0 0 0 0 0 0 0 0 0 0 0 0 0 0 1 November
7745 0 7746 0 0 0 0 0 0 7751 0 0 0 0 0 0 0 0 0 0 0 0 0 0 0 0 0 0 0 0 1 now
7746 0 0 0 0 7747 0 0 0 0 0 0 0 0 0 0 0 0 0 0 0 0 0 0 0 0 0 0 0 0 0
7747 0 7748 0 0 0 0 0 0 0 0 0 0 0 0 0 0 0 0 0 0 0 0 0 0 0 0 0 0 0 0
7748 0 0 0 0 0 0 0 0 0 0 0 0 0 0 0 0 0 0 0 0 0 0 0 0 0 7749 0 0 0 0
7749 0 0 0 0 0 0 0 0 0 0 0 0 0 0 0 0 0 0 0 7750 0 0 0 0 0 0 0 0 0 0
7750 0 0 0 0 0 0 0 0 0 0 0 0 0 0 0 0 0 0 0 0 0 0 0 0 0 0 0 0 0 1 nowadays
7751 0 0 0 0 0 7752 0 0 0 0 0 0 0 0 0 0 0 0 0 0 0 0 0 0 0 0 0 0 0 0
7752 0 0 0 0 0 0 0 0 0 0 0 0 0 0 0 0 0 0 7753 0 0 0 0 0 0 0 0 0 0 0
7753 0 0 0 0 0 7754 0 0 0 0 0 0 0 0 0 0 0 0 0 0 0 0 0 0 0 0 0 0 0 0
7754 0 0 0 0 0 0 0 0 0 0 0 0 0 0 0 0 0 0 0 0 0 0 0 0 0 0 0 0 0 1 nowhere
7755 0 0 0 7756 0 0 0 0 0 7763 0 0 0 7769 0 0 0 0 7778 0 7783 0 0 0 0 0 0 0 0 0
7756 0 0 0 0 0 0 0 0 0 0 0 0 7757 0 0 0 0 0 0 0 0 0 0 0 0 0 0 0 0 0
7757 0 0 0 0 0 7758 0 0 0 0 0 0 0 0 0 0 0 0 0 0 0 0 0 0 0 0 0 0 0 0
7758 0 7759 0 0 0 0 0 0 0 0 0 0 0 0 0 0 0 0 0 0 0 7761 0 0 0 0 0 0 0 0
7759 0 0 0 0 0 0 0 0 0 0 0 0 0 0 0 0 0 0 7760 0 0 0 0 0 0 0 0 0 0 0
7760 0 0 0 0 0 0 0 0 0 0 0 0 0 0 0 0 0 0 0 0 0 0 0 0 0 0 0 0 0 1 nuclear
7761 0 0 0 0 0 0 0 0 0 0 0 0 0 0 0 0 0 0 0 7762 0 0 0 0 0 0 0 0 0 0
7762 0 0 0 0 0 0 0 0 0 0 0 0 0 0 0 0 0 0 0 0 0 0 0 0 0 0 0 0 0 1 nucleus
7763 0 0 0 0 0 0 0 0 0 0 0 0 0 0 0 0 0 0 0 7764 0 0 0 0 0 0 0 0 0 0
7764 0 7765 0 0 0 0 0 0 0 0 0 0 0 0 0 0 0 0 0 0 0 0 0 0 0 0 0 0 0 0
7765 0 0 0 0 0 0 0 0 0 0 0 0 0 0 7766 0 0 0 0 0 0 0 0 0 0 0 0 0 0 0
7766 0 0 0 7767 0 0 0 0 0 0 0 0 0 0 0 0 0 0 0 0 0 0 0 0 0 0 0 0 0 0
7767 0 0 0 0 0 7768 0 0 0 0 0 0 0 0 0 0 0 0 0 0 0 0 0 0 0 0 0 0 0 0
7768 0 0 0 0 0 0 0 0 0 0 0 0 0 0 0 0 0 0 0 0 0 0 0 0 0 0 0 0 0 1 nuisance
7769 0 0 7770 0 0 7773 0 0 0 0 0 0 0 0 0 0 0 0 0 0 0 0 0 0 0 0 0 0 0 0
7770 0 0 0 0 0 7771 0 0 0 0 0 0 0 0 0 0 0 0 0 0 0 0 0 0 0 0 0 0 0 0
7771 0 0 0 0 0 0 0 0 0 0 0 0 0 0 0 0 0 0 7772 0 0 0 0 0 0 0 0 0 0 0
7772 0 0 0 0 0 0 0 0 0 0 0 0 0 0 0 0 0 0 0 0 0 0 0 0 0 0 0 0 0 1 number
7773 0 0 0 0 0 0 0 0 0 0 0 0 0 0 0 0 0 0 7774 0 0 0 0 0 0 0 0 0 0 0
7774 0 0 0 0 0 0 0 0 0 0 0 0 0 0 0 7775 0 0 0 0 0 0 0 0 0 0 0 0 0 0
7775 0 0 0 0 0 0 0 0 0 0 0 0 0 0 0 0 0 0 0 0 0 7776 0 0 0 0 0 0 0 0
7776 0 0 0 0 0 0 0 0 0 0 0 0 0 0 0 0 0 0 0 7777 0 0 0 0 0 0 0 0 0 0
7777 0 0 0 0 0 0 0 0 0 0 0 0 0 0 0 0 0 0 0 0 0 0 0 0 0 0 0 0 0 1 numerous
7778 0 0 0 0 0 0 0 0 0 0 0 0 0 0 0 0 0 0 0 7779 0 0 0 0 0 0 0 0 0 0
7779 0 0 0 0 0 7780 0 0 0 0 0 0 0 0 0 0 0 0 0 0 0 0 0 0 0 0 0 0 0 0
7780 0 0 0 0 0 0 0 0 0 0 0 0 0 0 0 0 0 0 7781 0 0 0 0 0 0 0 0 0 0 1 nurse
7781 0 0 0 0 0 0 0 0 0 0 0 0 0 0 0 0 0 0 0 0 0 0 0 0 0 7782 0 0 0 0
7782 0 0 0 0 0 0 0 0 0 0 0 0 0 0 0 0 0 0 0 0 0 0 0 0 0 0 0 0 0 1 nursery
7783 0 0 0 0 0 0 0 0 0 0 0 0 0 0 0 0 0 0 0 0 0 0 0 0 0 0 0 0 0 1 nut
7784 0 0 0 0 0 0 0 0 0 0 0 0 7785 0 0 0 0 0 0 0 0 0 0 0 0 0 0 0 0 0
7785 0 0 0 0 0 0 0 0 0 0 0 0 0 0 0 7786 0 0 0 0 0 0 0 0 0 0 0 0 0 0
7786 0 0 0 0 0 0 0 0 0 0 0 0 0 0 7787 0 0 0 0 0 0 0 0 0 0 0 0 0 0 0
7787 0 0 0 0 0 0 0 0 0 0 0 0 0 0 0 0 0 0 0 0 0 0 0 0 0 0 0 0 0 1 nylon
7788 0 7789 7792 7835 7876 0 7881 0 7897 7898 0 7900 7903 7905 7908 0 7923 0 7982 0 8044 8052 8112 8149 8159 0 0 0 0 0
7789 0 0 7865 0 0 0 0 0 0 0 0 7790 0 0 0 0 0 0 7791 0 0 0 0 0 0 0 0 0 0 0
7790 0 0 0 0 0 0 0 0 0 0 0 0 0 0 0 0 0 0 0 0 0 0 0 0 0 0 0 0 0 1 oak
7791 0 0 0 0 0 0 0 0 0 0 0 0 0 0 0 0 0 0 0 0 0 0 0 0 0 0 0 0 0 1 oar
7792 0 0 0 0 0 7793 0 0 0 0 7795 0 7804 0 0 0 0 0 0 7808 7824 0 7828 0 0 0 0 0 0 0
7793 0 0 0 0 0 0 0 0 0 0 0 0 0 0 0 0 0 0 0 0 0 0 0 0 0 7794 0 0 0 0
7794 0 0 0 0 0 0 0 0 0 0 0 0 0 0 0 0 0 0 0 0 0 0 0 0 0 0 0 0 0 1 obey
7795 0 0 0 0 0 7796 0 0 0 0 0 0 0 0 0 0 0 0 0 0 0 0 0 0 0 0 0 0 0 0
7796 0 0 0 7797 0 0 0 0 0 0 0 0 0 0 0 0 0 0 0 0 0 0 0 0 0 0 0 0 0 0
7797 0 0 0 0 0 0 0 0 0 0 0 0 0 0 0 0 0 0 0 0 7798 0 0 0 0 0 0 0 0 0
7798 0 0 0 0 0 0 0 0 0 7799 0 0 0 0 0 0 0 0 0 0 0 0 0 0 0 0 0 0 0 1 object
7799 0 0 0 0 0 0 0 0 0 0 0 0 0 0 0 7800 0 0 0 0 0 0 7802 0 0 0 0 0 0 0
7800 0 0 0 0 0 0 0 0 0 0 0 0 0 0 7801 0 0 0 0 0 0 0 0 0 0 0 0 0 0 0
7801 0 0 0 0 0 0 0 0 0 0 0 0 0 0 0 0 0 0 0 0 0 0 0 0 0 0 0 0 0 1 objection
7802 0 0 0 0 0 7803 0 0 0 0 0 0 0 0 0 0 0 0 0 0 0 0 0 0 0 0 0 0 0 0
7803 0 0 0 0 0 0 0 0 0 0 0 0 0 0 0 0 0 0 0 0 0 0 0 0 0 0 0 0 0 1 objective
7804 0 0 0 0 0 0 0 0 0 7805 0 0 0 0 0 0 0 0 0 0 0 0 0 0 0 0 0 0 0 0
7805 0 0 0 0 0 0 0 7806 0 0 0 0 0 0 0 0 0 0 0 0 0 0 0 0 0 0 0 0 0 0
7806 0 0 0 0 0 7807 0 0 0 0 0 0 0 0 0 0 0 0 0 0 0 0 0 0 0 0 0 0 0 0
7807 0 0 0 0 0 0 0 0 0 0 0 0 0 0 0 0 0 0 0 0 0 0 0 0 0 0 0 0 0 1 oblige
7808 0 0 0 0 0 7809 0 0 0 0 0 0 0 0 0 0 0 0 0 0 7819 0 0 0 0 0 0 0 0 0
7809 0 0 0 0 0 0 0 0 0 0 0 0 0 0 0 0 0 0 7810 0 0 0 0 0 0 0 0 0 0 0
7810 0 0 0 0 0 0 0 0 0 0 0 0 0 0 0 0 0 0 0 0 0 0 7811 0 0 0 0 0 0 0
7811 0 7812 0 0 0 7817 0 0 0 0 0 0 0 0 0 0 0 0 0 0 0 0 0 0 0 0 0 0 0 0
7812 0 0 0 0 0 0 0 0 0 0 0 0 0 0 0 0 0 0 0 0 7813 0 0 0 0 0 0 0 0 0
7813 0 0 0 0 0 0 0 0 0 7814 0 0 0 0 0 0 0 0 0 0 0 0 0 0 0 0 0 0 0 0
7814 0 0 0 0 0 0 0 0 0 0 0 0 0 0 0 7815 0 0 0 0 0 0 0 0 0 0 0 0 0 0
7815 0 0 0 0 0 0 0 0 0 0 0 0 0 0 7816 0 0 0 0 0 0 0 0 0 0 0 0 0 0 0
7816 0 0 0 0 0 0 0 0 0 0 0 0 0 0 0 0 0 0 0 0 0 0 0 0 0 0 0 0 0 1 observation
7817 0 0 0 0 0 0 0 0 0 0 0 0 0 0 0 0 0 0 7818 0 0 0 0 0 0 0 0 0 0 1 observe
7818 0 0 0 0 0 0 0 0 0 0 0 0 0 0 0 0 0 0 0 0 0 0 0 0 0 0 0 0 0 1 observer
7819 0 7820 0 0 0 0 0 0 0 0 0 0 0 0 0 0 0 0 0 0 0 0 0 0 0 0 0 0 0 0
7820 0 0 0 7821 0 0 0 0 0 0 0 0 0 0 0 0 0 0 0 0 0 0 0 0 0 0 0 0 0 0
7821 0 0 0 0 0 0 0 0 0 0 0 0 7822 0 0 0 0 0 0 0 0 0 0 0 0 0 0 0 0 0
7822 0 0 0 0 0 7823 0 0 0 0 0 0 0 0 0 0 0 0 0 0 0 0 0 0 0 0 0 0 0 0
7823 0 0 0 0 0 0 0 0 0 0 0 0 0 0 0 0 0 0 0 0 0 0 0 0 0 0 0 0 0 1 obstacle
7824 0 7825 0 0 0 0 0 0 0 0 0 0 0 0 0 0 0 0 0 0 0 0 0 0 0 0 0 0 0 0
7825 0 0 0 0 0 0 0 0 0 7826 0 0 0 0 0 0 0 0 0 0 0 0 0 0 0 0 0 0 0 0
7826 0 0 0 0 0 0 0 0 0 0 0 0 0 0 7827 0 0 0 0 0 0 0 0 0 0 0 0 0 0 0
7827 0 0 0 0 0 0 0 0 0 0 0 0 0 0 0 0 0 0 0 0 0 0 0 0 0 0 0 0 0 1 obtain
7828 0 0 0 0 0 0 0 0 0 7829 0 0 0 0 0 0 0 0 0 0 0 0 0 0 0 0 0 0 0 0
7829 0 0 0 0 0 0 0 0 0 0 0 0 0 0 0 7830 0 0 0 0 0 0 0 0 0 0 0 0 0 0
7830 0 0 0 0 0 0 0 0 0 0 0 0 0 0 0 0 0 0 0 0 0 7831 0 0 0 0 0 0 0 0
7831 0 0 0 0 0 0 0 0 0 0 0 0 0 0 0 0 0 0 0 7832 0 0 0 0 0 0 0 0 0 0
7832 0 0 0 0 0 0 0 0 0 0 0 0 7833 0 0 0 0 0 0 0 0 0 0 0 0 0 0 0 0 1 obvious
7833 0 0 0 0 0 0 0 0 0 0 0 0 0 0 0 0 0 0 0 0 0 0 0 0 0 7834 0 0 0 0
7834 0 0 0 0 0 0 0 0 0 0 0 0 0 0 0 0 0 0 0 0 0 0 0 0 0 0 0 0 0 1 obviously
7835 0 0 0 7836 0 7860 0 0 0 0 0 0 0 0 0 0 0 0 0 0 7871 0 0 0 0 0 0 0 0 0
7836 0 7837 0 0 0 0 0 0 0 0 0 0 0 0 0 0 0 0 0 0 0 7846 0 0 0 0 0 0 0 0
7837 0 0 0 0 0 0 0 0 0 0 0 0 0 0 0 0 0 0 0 7838 0 0 0 0 0 0 0 0 0 0
7838 0 0 0 0 0 0 0 0 0 7839 0 0 0 0 0 0 0 0 0 0 0 0 0 0 0 0 0 0 0 0
7839 0 0 0 0 0 0 0 0 0 0 0 0 0 0 0 7840 0 0 0 0 0 0 0 0 0 0 0 0 0 0
7840 0 0 0 0 0 0 0 0 0 0 0 0 0 0 7841 0 0 0 0 0 0 0 0 0 0 0 0 0 0 0
7841 0 7842 0 0 0 0 0 0 0 0 0 0 0 0 0 0 0 0 0 0 0 0 0 0 0 0 0 0 0 1 occasion
7842 0 0 0 0 0 0 0 0 0 0 0 0 7843 0 0 0 0 0 0 0 0 0 0 0 0 0 0 0 0 0
7843 0 0 0 0 0 0 0 0 0 0 0 0 7844 0 0 0 0 0 0 0 0 0 0 0 0 0 0 0 0 1 occasional
7844 0 0 0 0 0 0 0 0 0 0 0 0 0 0 0 0 0 0 0 0 0 0 0 0 0 7845 0 0 0 0
7845 0 0 0 0 0 0 0 0 0 0 0 0 0 0 0 0 0 0 0 0 0 0 0 0 0 0 0 0 0 1 occasionally
7846 0 0 0 0 0 0 0 0 0 0 0 0 0 0 0 0 7847 0 7854 0 0 0 0 0 0 0 0 0 0 0
7847 0 7848 0 0 0 0 0 0 0 0 0 0 0 0 0 0 0 0 0 0 0 0 0 0 0 7853 0 0 0 0
7848 0 0 0 0 0 0 0 0 0 0 0 0 0 0 0 0 0 0 0 0 7849 0 0 0 0 0 0 0 0 0
7849 0 0 0 0 0 0 0 0 0 7850 0 0 0 0 0 0 0 0 0 0 0 0 0 0 0 0 0 0 0 0
7850 0 0 0 0 0 0 0 0 0 0 0 0 0 0 0 7851 0 0 0 0 0 0 0 0 0 0 0 0 0 0
7851 0 0 0 0 0 0 0 0 0 0 0 0 0 0 7852 0 0 0 0 0 0 0 0 0 0 0 0 0 0 0
7852 0 0 0 0 0 0 0 0 0 0 0 0 0 0 0 0 0 0 0 0 0 0 0 0 0 0 0 0 0 1 occupation
7853 0 0 0 0 0 0 0 0 0 0 0 0 0 0 0 0 0 0 0 0 0 0 0 0 0 0 0 0 0 1 occupy
7854 0 0 0 0 0 0 0 0 0 0 0 0 0 0 0 0 0 0 7855 0 0 0 0 0 0 0 0 0 0 1 occur
7855 0 0 0 0 0 7856 0 0 0 0 0 0 0 0 0 0 0 0 0 0 0 0 0 0 0 0 0 0 0 0
7856 0 0 0 0 0 0 0 0 0 0 0 0 0 0 7857 0 0 0 0 0 0 0 0 0 0 0 0 0 0 0
7857 0 0 0 7858 0 0 0 0 0 0 0 0 0 0 0 0 0 0 0 0 0 0 0 0 0 0 0 0 0 0
7858 0 0 0 0 0 7859 0 0 0 0 0 0 0 0 0 0 0 0 0 0 0 0 0 0 0 0 0 0 0 0
7859 0 0 0 0 0 0 0 0 0 0 0 0 0 0 0 0 0 0 0 0 0 0 0 0 0 0 0 0 0 1 occurrence
7860 0 7861 0 0 0 0 0 0 0 0 0 0 0 0 0 0 0 0 0 0 0 0 0 0 0 0 0 0 0 0
7861 0 0 0 0 0 0 0 0 0 0 0 0 0 0 7862 0 0 0 0 0 0 0 0 0 0 0 0 0 0 0
7862 0 0 0 0 0 0 0 0 0 7863 0 0 0 0 0 0 0 0 0 0 0 0 0 0 0 0 0 0 0 1 ocean
7863 0 7864 0 0 0 0 0 0 0 0 0 0 0 0 0 0 0 0 0 0 0 0 0 0 0 0 0 0 0 0
7864 0 0 0 0 0 0 0 0 0 0 0 0 0 0 0 0 0 0 0 0 0 0 0 0 0 0 0 0 0 1 Oceania
7865 0 0 0 7866 0 0 0 0 0 0 0 0 0 0 0 0 0 0 0 0 0 0 0 0 0 0 0 0 0 0
7866 0 0 0 0 0 0 0 0 0 0 0 0 7867 0 0 0 0 0 0 0 0 0 0 0 0 0 0 0 0 0
7867 0 0 0 0 0 0 0 0 0 0 0 0 0 0 0 7868 0 0 0 0 0 0 0 0 0 0 0 0 0 0
7868 0 0 0 7869 0 0 0 0 0 0 0 0 0 0 0 0 0 0 0 0 0 0 0 0 0 0 0 0 0 0
7869 0 0 0 0 0 0 0 0 0 0 0 7870 0 0 0 0 0 0 0 0 0 0 0 0 0 0 0 0 0 0
7870 0 0 0 0 0 0 0 0 0 0 0 0 0 0 0 0 0 0 0 0 0 0 0 0 0 0 0 0 0 1 o'clock
7871 0 0 0 0 0 0 0 0 0 0 0 0 0 0 0 7872 0 0 0 0 0 0 0 0 0 0 0 0 0 0
7872 0 0 7873 0 0 0 0 0 0 0 0 0 0 0 0 0 0 0 0 0 0 0 0 0 0 0 0 0 0 0
7873 0 0 0 0 0 7874 0 0 0 0 0 0 0 0 0 0 0 0 0 0 0 0 0 0 0 0 0 0 0 0
7874 0 0 0 0 0 0 0 0 0 0 0 0 0 0 0 0 0 0 7875 0 0 0 0 0 0 0 0 0 0 0
7875 0 0 0 0 0 0 0 0 0 0 0 0 0 0 0 0 0 0 0 0 0 0 0 0 0 0 0 0 0 1 October
7876 0 0 0 0 7877 0 0 0 0 0 0 0 0 0 0 7878 0 0 0 0 0 0 0 0 0 0 0 0 0 0
7877 0 0 0 0 0 0 0 0 0 0 0 0 0 0 0 0 0 0 0 0 0 0 0 0 0 0 0 0 0 1 odd
7878 0 0 0 0 0 0 0 0 0 0 0 0 0 0 0 0 0 0 0 0 0 7879 0 0 0 0 0 0 0 0
7879 0 0 0 0 0 0 0 0 0 0 0 0 0 0 0 0 0 0 7880 0 0 0 0 0 0 0 0 0 0 0
7880 0 0 0 0 0 0 0 0 0 0 0 0 0 0 0 0 0 0 0 0 0 0 0 0 0 0 0 0 0 1 odour
7881 0 0 0 0 0 0 7882 0 0 0 0 0 0 0 0 0 0 0 0 0 7894 0 0 0 0 0 0 0 0 1 of
7882 0 0 0 0 0 7883 0 0 0 7887 0 0 0 0 0 0 0 0 0 0 0 0 0 0 0 0 0 0 0 1 off
7883 0 0 0 0 0 0 0 0 0 0 0 0 0 0 7884 0 0 0 7886 0 0 0 0 0 0 0 0 0 0 0
7884 0 0 0 0 7885 0 0 0 0 0 0 0 0 0 0 0 0 0 0 0 0 0 0 0 0 0 0 0 0 0
7885 0 0 0 0 0 0 0 0 0 0 0 0 0 0 0 0 0 0 0 0 0 0 0 0 0 0 0 0 0 1 offend
7886 0 0 0 0 0 0 0 0 0 0 0 0 0 0 0 0 0 0 0 0 0 0 0 0 0 0 0 0 0 1 offer
7887 0 0 0 7888 0 0 0 0 0 0 0 0 0 0 0 0 0 0 0 0 0 0 0 0 0 0 0 0 0 0
7888 0 0 0 0 0 7889 0 0 0 7891 0 0 0 0 0 0 0 0 0 0 0 0 0 0 0 0 0 0 0 0
7889 0 0 0 0 0 0 0 0 0 0 0 0 0 0 0 0 0 0 7890 0 0 0 0 0 0 0 0 0 0 1 office
7890 0 0 0 0 0 0 0 0 0 0 0 0 0 0 0 0 0 0 0 0 0 0 0 0 0 0 0 0 0 1 officer
7891 0 7892 0 0 0 0 0 0 0 0 0 0 0 0 0 0 0 0 0 0 0 0 0 0 0 0 0 0 0 0
7892 0 0 0 0 0 0 0 0 0 0 0 0 7893 0 0 0 0 0 0 0 0 0 0 0 0 0 0 0 0 0
7893 0 0 0 0 0 0 0 0 0 0 0 0 0 0 0 0 0 0 0 0 0 0 0 0 0 0 0 0 0 1 official
7894 0 0 0 0 0 7895 0 0 0 0 0 0 0 0 0 0 0 0 0 0 0 0 0 0 0 0 0 0 0 0
7895 0 0 0 0 0 0 0 0 0 0 0 0 0 0 7896 0 0 0 0 0 0 0 0 0 0 0 0 0 0 0
7896 0 0 0 0 0 0 0 0 0 0 0 0 0 0 0 0 0 0 0 0 0 0 0 0 0 0 0 0 0 1 often
7897 0 0 0 0 0 0 0 0 0 0 0 0 0 0 0 0 0 0 0 0 0 0 0 0 0 0 0 0 0 1 oh
7898 0 0 0 0 0 0 0 0 0 0 0 0 7899 0 0 0 0 0 0 0 0 0 0 0 0 0 0 0 0 0
7899 0 0 0 0 0 0 0 0 0 0 0 0 0 0 0 0 0 0 0 0 0 0 0 0 0 0 0 0 0 1 oil
7900 0 7901 0 0 0 0 0 0 0 0 0 0 0 0 0 0 0 0 0 0 0 0 0 0 0 0 0 0 0 0
7901 0 0 0 0 0 0 0 0 0 0 0 0 0 0 0 0 0 0 0 0 0 0 0 0 0 7902 0 0 0 0
7902 0 0 0 0 0 0 0 0 0 0 0 0 0 0 0 0 0 0 0 0 0 0 0 0 0 0 0 0 0 1 okay
7903 0 0 0 0 7904 0 0 0 0 0 0 0 0 0 0 0 0 0 0 0 0 0 0 0 0 0 0 0 0 0
7904 0 0 0 0 0 0 0 0 0 0 0 0 0 0 0 0 0 0 0 0 0 0 0 0 0 0 0 0 0 1 old
7905 0 0 0 0 0 0 0 0 0 7906 0 0 0 0 0 0 0 0 0 0 0 0 0 0 0 0 0 0 0 0
7906 0 0 0 0 0 0 0 0 0 0 0 0 0 0 0 0 0 0 0 0 7907 0 0 0 0 0 0 0 0 0
7907 0 0 0 0 0 0 0 0 0 0 0 0 0 0 0 0 0 0 0 0 0 0 0 0 0 0 0 0 0 1 omit
7908 0 0 0 7909 0 7911 0 0 0 7916 0 0 7919 0 0 0 0 0 0 0 7921 0 0 0 0 0 0 0 0 1 on
7909 0 0 0 0 0 7910 0 0 0 0 0 0 0 0 0 0 0 0 0 0 0 0 0 0 0 0 0 0 0 0
7910 0 0 0 0 0 0 0 0 0 0 0 0 0 0 0 0 0 0 0 0 0 0 0 0 0 0 0 0 0 1 once
7911 0 0 0 0 0 0 0 0 0 0 0 0 0 0 0 0 0 0 0 7912 0 0 0 0 0 0 0 0 0 1 one
7912 0 0 0 0 0 7913 0 0 0 0 0 0 0 0 0 0 0 0 0 0 0 0 0 0 0 0 0 0 0 0
7913 0 0 0 0 0 0 0 0 0 0 0 0 7914 0 0 0 0 0 0 0 0 0 0 0 0 0 0 0 0 0
7914 0 0 0 0 0 0 7915 0 0 0 0 0 0 0 0 0 0 0 0 0 0 0 0 0 0 0 0 0 0 0
7915 0 0 0 0 0 0 0 0 0 0 0 0 0 0 0 0 0 0 0 0 0 0 0 0 0 0 0 0 0 1 oneself
7916 0 0 0 0 0 0 0 0 0 0 0 0 0 0 0 7917 0 0 0 0 0 0 0 0 0 0 0 0 0 0
7917 0 0 0 0 0 0 0 0 0 0 0 0 0 0 7918 0 0 0 0 0 0 0 0 0 0 0 0 0 0 0
7918 0 0 0 0 0 0 0 0 0 0 0 0 0 0 0 0 0 0 0 0 0 0 0 0 0 0 0 0 0 1 onion
7919 0 0 0 0 0 0 0 0 0 0 0 0 0 0 0 0 0 0 0 0 0 0 0 0 0 7920 0 0 0 0
7920 0 0 0 0 0 0 0 0 0 0 0 0 0 0 0 0 0 0 0 0 0 0 0 0 0 0 0 0 0 1 only
7921 0 0 0 0 0 0 0 0 0 0 0 0 0 0 0 7922 0 0 0 0 0 0 0 0 0 0 0 0 0 0
7922 0 0 0 0 0 0 0 0 0 0 0 0 0 0 0 0 0 0 0 0 0 0 0 0 0 0 0 0 0 1 onto
7923 0 0 0 0 0 7924 0 0 0 7940 0 0 0 0 0 0 7945 0 0 0 7967 0 0 0 0 0 0 0 0 0
7924 0 0 0 0 0 0 0 0 0 0 0 0 0 0 7925 0 0 0 7929 0 0 0 0 0 0 0 0 0 0 0
7925 0 0 0 0 0 0 0 0 0 7926 0 0 0 0 0 0 0 0 0 0 0 0 0 0 0 0 0 0 0 1 open
7926 0 0 0 0 0 0 0 0 0 0 0 0 0 0 7927 0 0 0 0 0 0 0 0 0 0 0 0 0 0 0
7927 0 0 0 0 0 0 0 7928 0 0 0 0 0 0 0 0 0 0 0 0 0 0 0 0 0 0 0 0 0 0
7928 0 0 0 0 0 0 0 0 0 0 0 0 0 0 0 0 0 0 0 0 0 0 0 0 0 0 0 0 0 1 opening
7929 0 7930 0 0 0 0 0 0 0 0 0 0 0 0 0 0 0 0 0 0 0 0 0 0 0 0 0 0 0 0
7930 0 0 0 0 0 0 0 0 0 0 0 0 0 0 0 0 0 0 0 0 7931 0 0 0 0 0 0 0 0 1 opera
7931 0 0 0 0 0 7932 0 0 0 7933 0 0 0 0 0 7938 0 0 0 0 0 0 0 0 0 0 0 0 0 0
7932 0 0 0 0 0 0 0 0 0 0 0 0 0 0 0 0 0 0 0 0 0 0 0 0 0 0 0 0 0 1 operate
7933 0 0 0 0 0 0 0 0 0 0 0 0 0 0 0 7934 0 0 0 0 0 0 0 0 0 0 0 0 0 0
7934 0 0 0 0 0 0 0 0 0 0 0 0 0 0 7935 0 0 0 0 0 0 0 0 0 0 0 0 0 0 0
7935 0 7936 0 0 0 0 0 0 0 0 0 0 0 0 0 0 0 0 0 0 0 0 0 0 0 0 0 0 0 1 operation
7936 0 0 0 0 0 0 0 0 0 0 0 0 7937 0 0 0 0 0 0 0 0 0 0 0 0 0 0 0 0 0
7937 0 0 0 0 0 0 0 0 0 0 0 0 0 0 0 0 0 0 0 0 0 0 0 0 0 0 0 0 0 1 operational
7938 0 0 0 0 0 0 0 0 0 0 0 0 0 0 0 0 0 0 7939 0 0 0 0 0 0 0 0 0 0 0
7939 0 0 0 0 0 0 0 0 0 0 0 0 0 0 0 0 0 0 0 0 0 0 0 0 0 0 0 0 0 1 operator
7940 0 0 0 0 0 0 0 0 0 0 0 0 0 0 7941 0 0 0 0 0 0 0 0 0 0 0 0 0 0 0
7941 0 0 0 0 0 0 0 0 0 7942 0 0 0 0 0 0 0 0 0 0 0 0 0 0 0 0 0 0 0 0
7942 0 0 0 0 0 0 0 0 0 0 0 0 0 0 0 7943 0 0 0 0 0 0 0 0 0 0 0 0 0 0
7943 0 0 0 0 0 0 0 0 0 0 0 0 0 0 7944 0 0 0 0 0 0 0 0 0 0 0 0 0 0 0
7944 0 0 0 0 0 0 0 0 0 0 0 0 0 0 0 0 0 0 0 0 0 0 0 0 0 0 0 0 0 1 opinion
7945 0 0 0 0 0 0 0 0 0 0 0 0 0 0 0 7946 0 0 7963 0 0 0 0 0 0 0 0 0 0 0
7946 0 0 0 0 0 0 0 0 0 0 0 0 0 0 7947 0 0 0 7951 7958 0 0 0 0 0 0 0 0 0 0
7947 0 0 0 0 0 7948 0 0 0 0 0 0 0 0 0 0 0 0 0 0 0 0 0 0 0 0 0 0 0 0
7948 0 0 0 0 0 0 0 0 0 0 0 0 0 0 7949 0 0 0 0 0 0 0 0 0 0 0 0 0 0 0
7949 0 0 0 0 0 0 0 0 0 0 0 0 0 0 0 0 0 0 0 0 7950 0 0 0 0 0 0 0 0 0
7950 0 0 0 0 0 0 0 0 0 0 0 0 0 0 0 0 0 0 0 0 0 0 0 0 0 0 0 0 0 1 opponent
7951 0 0 0 0 0 0 0 0 0 0 0 0 0 0 0 0 0 0 0 0 7952 0 0 0 0 0 0 0 0 0
7952 0 0 0 0 0 0 0 0 0 0 0 0 0 0 0 0 0 0 0 0 0 7953 0 0 0 0 0 0 0 0
7953 0 0 0 0 0 0 0 0 0 0 0 0 0 0 7954 0 0 0 0 0 0 0 0 0 0 0 0 0 0 0
7954 0 0 0 0 0 0 0 0 0 7955 0 0 0 0 0 0 0 0 0 0 0 0 0 0 0 0 0 0 0 0
7955 0 0 0 0 0 0 0 0 0 0 0 0 0 0 0 0 0 0 0 0 7956 0 0 0 0 0 0 0 0 0
7956 0 0 0 0 0 0 0 0 0 0 0 0 0 0 0 0 0 0 0 0 0 0 0 0 0 7957 0 0 0 0
7957 0 0 0 0 0 0 0 0 0 0 0 0 0 0 0 0 0 0 0 0 0 0 0 0 0 0 0 0 0 1 opportunity
7958 0 0 0 0 0 7959 0 0 0 7960 0 0 0 0 0 0 0 0 0 0 0 0 0 0 0 0 0 0 0 0
7959 0 0 0 0 0 0 0 0 0 0 0 0 0 0 0 0 0 0 0 0 0 0 0 0 0 0 0 0 0 1 oppose
7960 0 0 0 0 0 0 0 0 0 0 0 0 0 0 0 0 0 0 0 0 7961 0 0 0 0 0 0 0 0 0
7961 0 0 0 0 0 7962 0 0 0 0 0 0 0 0 0 0 0 0 0 0 0 0 0 0 0 0 0 0 0 0
7962 0 0 0 0 0 0 0 0 0 0 0 0 0 0 0 0 0 0 0 0 0 0 0 0 0 0 0 0 0 1 opposite
7963 0 0 0 0 0 7964 0 0 0 0 0 0 0 0 0 0 0 0 0 0 0 0 0 0 0 0 0 0 0 0
7964 0 0 0 0 0 0 0 0 0 0 0 0 0 0 0 0 0 0 0 7965 0 0 0 0 0 0 0 0 0 0
7965 0 0 0 0 0 0 0 0 0 0 0 0 0 0 0 0 0 0 0 7966 0 0 0 0 0 0 0 0 0 0
7966 0 0 0 0 0 0 0 0 0 0 0 0 0 0 0 0 0 0 0 0 0 0 0 0 0 0 0 0 0 1 oppress
7967 0 0 0 0 0 0 0 0 0 7968 0 0 0 0 0 0 0 0 0 0 0 0 0 0 0 0 0 0 0 0
7968 0 0 0 7969 0 0 0 0 0 0 0 0 0 7972 0 7978 0 0 0 0 0 0 0 0 0 0 0 0 0 0
7969 0 7970 0 0 0 0 0 0 0 0 0 0 0 0 0 0 0 0 0 0 0 0 0 0 0 0 0 0 0 0
7970 0 0 0 0 0 0 0 0 0 0 0 0 7971 0 0 0 0 0 0 0 0 0 0 0 0 0 0 0 0 0
7971 0 0 0 0 0 0 0 0 0 0 0 0 0 0 0 0 0 0 0 0 0 0 0 0 0 0 0 0 0 1 optical
7972 0 0 0 0 0 0 0 0 0 7973 0 0 0 0 0 0 0 0 0 0 0 0 0 0 0 0 0 0 0 0
7973 0 0 0 0 0 0 0 0 0 0 0 0 0 0 0 0 0 0 0 7974 0 0 0 0 0 0 0 0 0 0
7974 0 0 0 0 0 0 0 0 0 0 0 0 0 0 0 0 0 0 0 0 7975 0 0 0 0 0 0 0 0 0
7975 0 0 0 0 0 0 0 0 0 7976 0 0 0 0 0 0 0 0 0 0 0 0 0 0 0 0 0 0 0 0
7976 0 0 0 7977 0 0 0 0 0 0 0 0 0 0 0 0 0 0 0 0 0 0 0 0 0 0 0 0 0 0
7977 0 0 0 0 0 0 0 0 0 0 0 0 0 0 0 0 0 0 0 0 0 0 0 0 0 0 0 0 0 1 optimistic
7978 0 0 0 0 0 0 0 0 0 0 0 0 0 0 7979 0 0 0 0 0 0 0 0 0 0 0 0 0 0 0
7979 0 7980 0 0 0 0 0 0 0 0 0 0 0 0 0 0 0 0 0 0 0 0 0 0 0 0 0 0 0 1 option
7980 0 0 0 0 0 0 0 0 0 0 0 0 7981 0 0 0 0 0 0 0 0 0 0 0 0 0 0 0 0 0
7981 0 0 0 0 0 0 0 0 0 0 0 0 0 0 0 0 0 0 0 0 0 0 0 0 0 0 0 0 0 1 optional
7982 0 7983 7988 7991 7998 8008 0 8009 0 8023 0 0 0 0 8034 0 8040 0 0 0 0 0 0 0 0 0 0 0 0 1 or
7983 0 0 0 0 0 0 0 0 0 0 0 0 7984 0 7985 0 0 0 0 0 0 0 0 0 0 0 0 0 0 0
7984 0 0 0 0 0 0 0 0 0 0 0 0 0 0 0 0 0 0 0 0 0 0 0 0 0 0 0 0 0 1 oral
7985 0 0 0 0 0 0 0 7986 0 0 0 0 0 0 0 0 0 0 0 0 0 0 0 0 0 0 0 0 0 0
7986 0 0 0 0 0 7987 0 0 0 0 0 0 0 0 0 0 0 0 0 0 0 0 0 0 0 0 0 0 0 0
7987 0 0 0 0 0 0 0 0 0 0 0 0 0 0 0 0 0 0 0 0 0 0 0 0 0 0 0 0 0 1 orange
7988 0 0 0 0 0 0 0 0 0 7989 0 0 0 0 0 0 0 0 0 0 0 0 0 0 0 0 0 0 0 0
7989 0 0 0 0 0 0 0 0 0 0 0 0 0 0 0 0 0 0 0 0 7990 0 0 0 0 0 0 0 0 0
7990 0 0 0 0 0 0 0 0 0 0 0 0 0 0 0 0 0 0 0 0 0 0 0 0 0 0 0 0 0 1 orbit
7991 0 0 0 0 0 0 0 0 7992 0 0 0 0 0 0 0 0 0 0 0 0 0 0 0 0 0 0 0 0 0
7992 0 0 0 0 0 7993 0 0 0 0 0 0 0 0 0 0 0 0 0 0 0 0 0 0 0 0 0 0 0 0
7993 0 0 0 0 0 0 0 0 0 0 0 0 0 0 0 0 0 0 0 7994 0 0 0 0 0 0 0 0 0 0
7994 0 0 0 0 0 0 0 0 0 0 0 0 0 0 0 0 0 0 0 0 7995 0 0 0 0 0 0 0 0 0
7995 0 0 0 0 0 0 0 0 0 0 0 0 0 0 0 0 0 0 7996 0 0 0 0 0 0 0 0 0 0 0
7996 0 7997 0 0 0 0 0 0 0 0 0 0 0 0 0 0 0 0 0 0 0 0 0 0 0 0 0 0 0 0
7997 0 0 0 0 0 0 0 0 0 0 0 0 0 0 0 0 0 0 0 0 0 0 0 0 0 0 0 0 0 1 orchestra
7998 0 0 0 0 0 7999 0 0 0 8003 0 0 0 0 0 0 0 0 0 0 0 0 0 0 0 0 0 0 0 0
7999 0 0 0 0 0 0 0 0 0 0 0 0 0 0 0 0 0 0 8000 0 0 0 0 0 0 0 0 0 0 0
8000 0 0 0 0 0 0 0 0 0 0 0 0 8001 0 0 0 0 0 0 0 0 0 0 0 0 0 0 0 0 1 order
8001 0 0 0 0 0 0 0 0 0 0 0 0 0 0 0 0 0 0 0 0 0 0 0 0 0 8002 0 0 0 0
8002 0 0 0 0 0 0 0 0 0 0 0 0 0 0 0 0 0 0 0 0 0 0 0 0 0 0 0 0 0 1 orderly
8003 0 0 0 0 0 0 0 0 0 0 0 0 0 0 8004 0 0 0 0 0 0 0 0 0 0 0 0 0 0 0
8004 0 8005 0 0 0 0 0 0 0 0 0 0 0 0 0 0 0 0 0 0 0 0 0 0 0 0 0 0 0 0
8005 0 0 0 0 0 0 0 0 0 0 0 0 0 0 0 0 0 0 8006 0 0 0 0 0 0 0 0 0 0 0
8006 0 0 0 0 0 0 0 0 0 0 0 0 0 0 0 0 0 0 0 0 0 0 0 0 0 8007 0 0 0 0
8007 0 0 0 0 0 0 0 0 0 0 0 0 0 0 0 0 0 0 0 0 0 0 0 0 0 0 0 0 0 1 ordinary
8008 0 0 0 0 0 0 0 0 0 0 0 0 0 0 0 0 0 0 0 0 0 0 0 0 0 0 0 0 0 1 ore
8009 0 8010 0 0 0 0 0 0 0 0 0 0 0 0 0 0 0 0 0 0 0 0 0 0 0 0 0 0 0 0
8010 0 0 0 0 0 0 0 0 0 0 0 0 0 0 8011 0 0 0 0 0 0 0 0 0 0 0 0 0 0 0
8011 0 0 0 0 0 0 0 0 0 8012 0 0 0 0 0 0 0 0 0 0 0 0 0 0 0 0 0 0 0 1 organ
8012 0 0 0 8013 0 0 0 0 0 0 0 0 0 0 0 0 0 0 0 8014 0 0 0 0 0 0 8016 0 0 0
8013 0 0 0 0 0 0 0 0 0 0 0 0 0 0 0 0 0 0 0 0 0 0 0 0 0 0 0 0 0 1 organic
8014 0 0 0 0 0 0 0 0 0 0 0 0 0 8015 0 0 0 0 0 0 0 0 0 0 0 0 0 0 0 0
8015 0 0 0 0 0 0 0 0 0 0 0 0 0 0 0 0 0 0 0 0 0 0 0 0 0 0 0 0 0 1 organism
8016 0 8017 0 0 0 8022 0 0 0 0 0 0 0 0 0 0 0 0 0 0 0 0 0 0 0 0 0 0 0 0
8017 0 0 0 0 0 0 0 0 0 0 0 0 0 0 0 0 0 0 0 0 8018 0 0 0 0 0 0 0 0 0
8018 0 0 0 0 0 0 0 0 0 8019 0 0 0 0 0 0 0 0 0 0 0 0 0 0 0 0 0 0 0 0
8019 0 0 0 0 0 0 0 0 0 0 0 0 0 0 0 8020 0 0 0 0 0 0 0 0 0 0 0 0 0 0
8020 0 0 0 0 0 0 0 0 0 0 0 0 0 0 8021 0 0 0 0 0 0 0 0 0 0 0 0 0 0 0
8021 0 0 0 0 0 0 0 0 0 0 0 0 0 0 0 0 0 0 0 0 0 0 0 0 0 0 0 0 0 1 organization
8022 0 0 0 0 0 0 0 0 0 0 0 0 0 0 0 0 0 0 0 0 0 0 0 0 0 0 0 0 0 1 organize
8023 0 0 0 0 0 8024 0 8029 0 0 0 0 0 0 0 0 0 0 0 0 0 0 0 0 0 0 0 0 0 0
8024 0 0 0 0 0 0 0 0 0 0 0 0 0 0 8025 0 0 0 0 0 0 0 0 0 0 0 0 0 0 0
8025 0 0 0 0 0 0 0 0 0 0 0 0 0 0 0 0 0 0 0 0 8026 0 0 0 0 0 0 0 0 0
8026 0 8027 0 0 0 0 0 0 0 0 0 0 0 0 0 0 0 0 0 0 0 0 0 0 0 0 0 0 0 0
8027 0 0 0 0 0 0 0 0 0 0 0 0 8028 0 0 0 0 0 0 0 0 0 0 0 0 0 0 0 0 0
8028 0 0 0 0 0 0 0 0 0 0 0 0 0 0 0 0 0 0 0 0 0 0 0 0 0 0 0 0 0 1 oriental
8029 0 0 0 0 0 0 0 0 0 8030 0 0 0 0 0 0 0 0 0 0 0 0 0 0 0 0 0 0 0 0
8030 0 0 0 0 0 0 0 0 0 0 0 0 0 0 8031 0 0 0 0 0 0 0 0 0 0 0 0 0 0 0
8031 0 8032 0 0 0 0 0 0 0 0 0 0 0 0 0 0 0 0 0 0 0 0 0 0 0 0 0 0 0 1 origin
8032 0 0 0 0 0 0 0 0 0 0 0 0 8033 0 0 0 0 0 0 0 0 0 0 0 0 0 0 0 0 0
8033 0 0 0 0 0 0 0 0 0 0 0 0 0 0 0 0 0 0 0 0 0 0 0 0 0 0 0 0 0 1 original
8034 0 8035 0 0 0 0 0 0 0 0 0 0 0 0 0 0 0 0 0 0 0 0 0 0 0 0 0 0 0 0
8035 0 0 0 0 0 0 0 0 0 0 0 0 0 8036 0 0 0 0 0 0 0 0 0 0 0 0 0 0 0 0
8036 0 0 0 0 0 8037 0 0 0 0 0 0 0 0 0 0 0 0 0 0 0 0 0 0 0 0 0 0 0 0
8037 0 0 0 0 0 0 0 0 0 0 0 0 0 0 8038 0 0 0 0 0 0 0 0 0 0 0 0 0 0 0
8038 0 0 0 0 0 0 0 0 0 0 0 0 0 0 0 0 0 0 0 0 8039 0 0 0 0 0 0 0 0 0
8039 0 0 0 0 0 0 0 0 0 0 0 0 0 0 0 0 0 0 0 0 0 0 0 0 0 0 0 0 0 1 ornament
8040 0 0 0 0 0 0 0 0 8041 0 0 0 0 0 0 0 0 0 0 0 0 0 0 0 0 0 0 0 0 0
8041 0 8042 0 0 0 0 0 0 0 0 0 0 0 0 0 0 0 0 0 0 0 0 0 0 0 0 0 0 0 0
8042 0 0 0 0 0 0 0 0 0 0 0 0 0 0 8043 0 0 0 0 0 0 0 0 0 0 0 0 0 0 0
8043 0 0 0 0 0 0 0 0 0 0 0 0 0 0 0 0 0 0 0 0 0 0 0 0 0 0 0 0 0 1 orphan
8044 0 0 0 0 0 0 0 0 8045 0 0 0 0 0 0 0 0 0 0 0 0 0 0 0 0 0 0 0 0 0
8045 0 0 0 0 0 8046 0 0 0 0 0 0 0 0 0 0 0 0 0 0 0 0 0 0 0 0 0 0 0 0
8046 0 0 0 0 0 0 0 0 0 0 0 0 0 0 0 0 0 0 8047 0 0 0 0 0 0 0 0 0 0 0
8047 0 0 0 0 0 0 0 0 0 0 0 0 0 0 0 0 0 0 0 0 0 0 0 8048 0 0 0 0 0 1 other
8048 0 0 0 0 0 0 0 0 0 8049 0 0 0 0 0 0 0 0 0 0 0 0 0 0 0 0 0 0 0 0
8049 0 0 0 0 0 0 0 0 0 0 0 0 0 0 0 0 0 0 0 8050 0 0 0 0 0 0 0 0 0 0
8050 0 0 0 0 0 8051 0 0 0 0 0 0 0 0 0 0 0 0 0 0 0 0 0 0 0 0 0 0 0 0
8051 0 0 0 0 0 0 0 0 0 0 0 0 0 0 0 0 0 0 0 0 0 0 0 0 0 0 0 0 0 1 otherwise
8052 0 0 0 0 0 0 0 8053 0 0 0 0 0 0 8056 0 0 0 8059 0 8066 0 0 0 0 0 0 0 0 0
8053 0 0 0 0 0 0 0 0 8054 0 0 0 0 0 0 0 0 0 0 0 0 0 0 0 0 0 0 0 0 0
8054 0 0 0 0 0 0 0 0 0 0 0 0 0 0 0 0 0 0 0 0 8055 0 0 0 0 0 0 0 0 0
8055 0 0 0 0 0 0 0 0 0 0 0 0 0 0 0 0 0 0 0 0 0 0 0 0 0 0 0 0 0 1 ought
8056 0 0 0 8057 0 0 0 0 0 0 0 0 0 0 0 0 0 0 0 0 0 0 0 0 0 0 0 0 0 0
8057 0 0 0 0 0 8058 0 0 0 0 0 0 0 0 0 0 0 0 0 0 0 0 0 0 0 0 0 0 0 0
8058 0 0 0 0 0 0 0 0 0 0 0 0 0 0 0 0 0 0 0 0 0 0 0 0 0 0 0 0 0 1 ounce
8059 0 0 0 0 0 0 0 0 0 0 0 0 0 0 0 0 0 0 0 8060 0 0 0 0 0 0 0 0 0 1 our
8060 0 0 0 0 0 8061 0 0 0 0 0 0 0 0 0 0 0 0 0 0 0 0 0 0 0 0 0 0 0 1 ours
8061 0 0 0 0 0 0 0 0 0 0 0 0 8062 0 0 0 0 0 0 0 0 0 0 0 0 0 0 0 0 0
8062 0 0 0 0 0 0 0 0 0 0 0 0 0 0 0 0 0 0 0 0 0 0 8063 0 0 0 0 0 0 0
8063 0 0 0 0 0 8064 0 0 0 0 0 0 0 0 0 0 0 0 0 0 0 0 0 0 0 0 0 0 0 0
8064 0 0 0 0 0 0 0 0 0 0 0 0 0 0 0 0 0 0 0 8065 0 0 0 0 0 0 0 0 0 0
8065 0 0 0 0 0 0 0 0 0 0 0 0 0 0 0 0 0 0 0 0 0 0 0 0 0 0 0 0 0 1 ourselves
8066 0 0 0 8067 8071 8076 0 0 0 0 0 0 8078 0 0 0 8087 0 0 8090 0 0 0 8107 0 0 0 0 0 1 out
8067 0 0 0 0 0 0 0 0 0 0 0 0 0 0 0 8068 0 0 0 0 0 0 0 0 0 0 0 0 0 0
8068 0 0 0 0 0 0 0 0 0 0 0 0 0 8069 0 0 0 0 0 0 0 0 0 0 0 0 0 0 0 0
8069 0 0 0 0 0 8070 0 0 0 0 0 0 0 0 0 0 0 0 0 0 0 0 0 0 0 0 0 0 0 0
8070 0 0 0 0 0 0 0 0 0 0 0 0 0 0 0 0 0 0 0 0 0 0 0 0 0 0 0 0 0 1 outcome
8071 0 0 0 0 0 0 0 0 0 0 0 0 0 0 0 8072 0 0 0 0 0 0 0 0 0 0 0 0 0 0
8072 0 0 0 0 0 0 0 0 0 0 0 0 0 0 0 8073 0 0 0 0 0 0 0 0 0 0 0 0 0 0
8073 0 0 0 0 0 0 0 0 0 0 0 0 0 0 0 0 0 0 8074 0 0 0 0 0 0 0 0 0 0 0
8074 0 0 0 0 0 0 0 0 0 0 0 0 0 0 0 0 0 0 0 8075 0 0 0 0 0 0 0 0 0 1 outdoor
8075 0 0 0 0 0 0 0 0 0 0 0 0 0 0 0 0 0 0 0 0 0 0 0 0 0 0 0 0 0 1 outdoors
8076 0 0 0 0 0 0 0 0 0 0 0 0 0 0 0 0 0 0 8077 0 0 0 0 0 0 0 0 0 0 0
8077 0 0 0 0 0 0 0 0 0 0 0 0 0 0 0 0 0 0 0 0 0 0 0 0 0 0 0 0 0 1 outer
8078 0 0 0 0 0 8079 0 0 0 8081 0 0 0 0 0 8084 0 0 0 0 0 0 0 0 0 0 0 0 0 0
8079 0 0 0 0 0 0 0 0 0 0 0 0 0 0 0 0 0 0 0 0 8080 0 0 0 0 0 0 0 0 0
8080 0 0 0 0 0 0 0 0 0 0 0 0 0 0 0 0 0 0 0 0 0 0 0 0 0 0 0 0 0 1 outlet
8081 0 0 0 0 0 0 0 0 0 0 0 0 0 0 8082 0 0 0 0 0 0 0 0 0 0 0 0 0 0 0
8082 0 0 0 0 0 8083 0 0 0 0 0 0 0 0 0 0 0 0 0 0 0 0 0 0 0 0 0 0 0 0
8083 0 0 0 0 0 0 0 0 0 0 0 0 0 0 0 0 0 0 0 0 0 0 0 0 0 0 0 0 0 1 outline
8084 0 0 0 0 0 0 0 0 0 0 0 0 0 0 0 8085 0 0 0 0 0 0 0 0 0 0 0 0 0 0
8085 0 0 0 0 0 0 0 0 0 0 0 8086 0 0 0 0 0 0 0 0 0 0 0 0 0 0 0 0 0 0
8086 0 0 0 0 0 0 0 0 0 0 0 0 0 0 0 0 0 0 0 0 0 0 0 0 0 0 0 0 0 1 outlook
8087 0 0 0 0 0 0 0 0 0 0 0 0 0 0 0 0 0 0 0 0 0 8088 0 0 0 0 0 0 0 0
8088 0 0 0 0 0 0 0 0 0 0 0 0 0 0 0 0 0 0 0 0 8089 0 0 0 0 0 0 0 0 0
8089 0 0 0 0 0 0 0 0 0 0 0 0 0 0 0 0 0 0 0 0 0 0 0 0 0 0 0 0 0 1 output
8090 0 0 0 0 0 8091 0 0 0 8093 0 8096 0 0 0 0 0 0 0 0 8100 0 0 0 0 0 0 0 0 0
8091 0 0 0 0 0 0 0 0 0 0 0 0 0 0 0 0 0 0 0 0 8092 0 0 0 0 0 0 0 0 0
8092 0 0 0 0 0 0 0 0 0 0 0 0 0 0 0 0 0 0 0 0 0 0 0 0 0 0 0 0 0 1 outset
8093 0 0 0 0 8094 0 0 0 0 0 0 0 0 0 0 0 0 0 0 0 0 0 0 0 0 0 0 0 0 0
8094 0 0 0 0 0 8095 0 0 0 0 0 0 0 0 0 0 0 0 0 0 0 0 0 0 0 0 0 0 0 0
8095 0 0 0 0 0 0 0 0 0 0 0 0 0 0 0 0 0 0 0 0 0 0 0 0 0 0 0 0 0 1 outside
8096 0 0 0 0 0 0 0 0 0 8097 0 0 0 0 0 0 0 0 0 0 0 0 0 0 0 0 0 0 0 0
8097 0 0 0 0 0 0 0 0 0 0 0 0 0 0 0 0 0 0 8098 0 0 0 0 0 0 0 0 0 0 0
8098 0 0 0 0 0 0 0 0 0 0 0 0 0 0 0 0 0 0 0 0 8099 0 0 0 0 0 0 0 0 0
8099 0 0 0 0 0 0 0 0 0 0 0 0 0 0 0 0 0 0 0 0 0 0 0 0 0 0 0 0 0 1 outskirt
8100 0 8101 0 0 0 0 0 0 0 0 0 0 0 0 0 0 0 0 0 0 0 0 0 0 0 0 0 0 0 0
8101 0 0 0 0 0 0 0 0 0 0 0 0 0 0 8102 0 0 0 0 0 0 0 0 0 0 0 0 0 0 0
8102 0 0 0 0 8103 0 0 0 0 0 0 0 0 0 0 0 0 0 0 0 0 0 0 0 0 0 0 0 0 0
8103 0 0 0 0 0 0 0 0 0 8104 0 0 0 0 0 0 0 0 0 0 0 0 0 0 0 0 0 0 0 0
8104 0 0 0 0 0 0 0 0 0 0 0 0 0 0 8105 0 0 0 0 0 0 0 0 0 0 0 0 0 0 0
8105 0 0 0 0 0 0 0 8106 0 0 0 0 0 0 0 0 0 0 0 0 0 0 0 0 0 0 0 0 0 0
8106 0 0 0 0 0 0 0 0 0 0 0 0 0 0 0 0 0 0 0 0 0 0 0 0 0 0 0 0 0 1 outstanding
8107 0 8108 0 0 0 0 0 0 0 0 0 0 0 0 0 0 0 0 0 0 0 0 0 0 0 0 0 0 0 0
8108 0 0 0 0 0 0 0 0 0 0 0 0 0 0 0 0 0 0 8109 0 0 0 0 0 0 0 0 0 0 0
8109 0 0 0 0 8110 0 0 0 0 0 0 0 0 0 0 0 0 0 0 0 0 0 0 0 0 0 0 0 0 0
8110 0 0 0 0 0 0 0 0 0 0 0 0 0 0 0 0 0 0 0 8111 0 0 0 0 0 0 0 0 0 1 outward
8111 0 0 0 0 0 0 0 0 0 0 0 0 0 0 0 0 0 0 0 0 0 0 0 0 0 0 0 0 0 1 outwards
8112 0 0 0 0 0 8113 0 0 0 0 0 0 0 0 0 0 0 0 0 0 0 0 0 0 0 0 0 0 0 0
8113 0 0 0 0 0 0 0 0 0 0 0 0 0 0 8114 0 0 0 8115 0 0 0 0 0 0 0 0 0 0 0
8114 0 0 0 0 0 0 0 0 0 0 0 0 0 0 0 0 0 0 0 0 0 0 0 0 0 0 0 0 0 1 oven
8115 0 8116 0 8119 0 0 0 0 8125 0 0 0 8129 0 8133 0 0 0 0 8138 8142 0 0 0 0 0 0 0 0 1 over
8116 0 0 0 0 0 0 0 0 0 0 0 0 8117 0 0 0 0 0 0 0 0 0 0 0 0 0 0 0 0 0
8117 0 0 0 0 0 0 0 0 0 0 0 0 8118 0 0 0 0 0 0 0 0 0 0 0 0 0 0 0 0 0
8118 0 0 0 0 0 0 0 0 0 0 0 0 0 0 0 0 0 0 0 0 0 0 0 0 0 0 0 0 0 1 overall
8119 0 0 0 0 0 0 0 0 0 0 0 0 0 0 0 8120 0 0 0 0 0 0 0 0 0 0 0 0 0 0
8120 0 8121 0 0 0 0 0 0 0 0 0 0 0 8123 0 0 0 0 0 0 0 0 0 0 0 0 0 0 0 0
8121 0 0 0 0 0 0 0 0 0 0 0 0 0 0 0 0 0 0 0 0 8122 0 0 0 0 0 0 0 0 0
8122 0 0 0 0 0 0 0 0 0 0 0 0 0 0 0 0 0 0 0 0 0 0 0 0 0 0 0 0 0 1 overcoat
8123 0 0 0 0 0 8124 0 0 0 0 0 0 0 0 0 0 0 0 0 0 0 0 0 0 0 0 0 0 0 0
8124 0 0 0 0 0 0 0 0 0 0 0 0 0 0 0 0 0 0 0 0 0 0 0 0 0 0 0 0 0 1 overcome
8125 0 0 0 0 0 8126 0 0 0 0 0 0 0 0 0 0 0 0 0 0 0 0 0 0 0 0 0 0 0 0
8126 0 8127 0 0 0 0 0 0 0 0 0 0 0 0 0 0 0 0 0 0 0 0 0 0 0 0 0 0 0 0
8127 0 0 0 0 8128 0 0 0 0 0 0 0 0 0 0 0 0 0 0 0 0 0 0 0 0 0 0 0 0 0
8128 0 0 0 0 0 0 0 0 0 0 0 0 0 0 0 0 0 0 0 0 0 0 0 0 0 0 0 0 0 1 overhead
8129 0 0 0 0 0 0 0 0 0 0 0 0 0 0 0 8130 0 0 0 0 0 0 0 0 0 0 0 0 0 0
8130 0 0 0 0 0 0 0 0 0 0 0 0 0 0 0 8131 0 0 0 0 0 0 0 0 0 0 0 0 0 0
8131 0 0 0 0 0 0 0 0 0 0 0 8132 0 0 0 0 0 0 0 0 0 0 0 0 0 0 0 0 0 0
8132 0 0 0 0 0 0 0 0 0 0 0 0 0 0 0 0 0 0 0 0 0 0 0 0 0 0 0 0 0 1 overlook
8133 0 0 0 0 0 0 0 0 0 8134 0 0 0 0 0 0 0 0 0 0 0 0 0 0 0 0 0 0 0 0
8134 0 0 0 0 0 0 0 8135 0 0 0 0 0 0 0 0 0 0 0 0 0 0 0 0 0 0 0 0 0 0
8135 0 0 0 0 0 0 0 0 8136 0 0 0 0 0 0 0 0 0 0 0 0 0 0 0 0 0 0 0 0 0
8136 0 0 0 0 0 0 0 0 0 0 0 0 0 0 0 0 0 0 0 0 8137 0 0 0 0 0 0 0 0 0
8137 0 0 0 0 0 0 0 0 0 0 0 0 0 0 0 0 0 0 0 0 0 0 0 0 0 0 0 0 0 1 overnight
8138 0 0 0 0 0 8139 0 0 0 0 0 0 0 0 0 0 0 0 0 0 0 0 0 0 0 0 0 0 0 0
8139 0 8140 0 0 0 0 0 0 0 0 0 0 0 0 0 0 0 0 0 0 0 0 0 0 0 0 0 0 0 0
8140 0 0 0 0 0 0 0 0 0 0 0 0 0 0 0 0 0 0 0 8141 0 0 0 0 0 0 0 0 0 0
8141 0 0 0 0 0 0 0 0 0 0 0 0 0 0 0 0 0 0 0 0 0 0 0 0 0 0 0 0 0 1 overseas
8142 0 8143 0 0 0 0 0 0 0 8146 0 0 0 0 0 0 0 0 0 0 0 0 0 0 0 0 0 0 0 0
8143 0 0 0 0 0 0 0 0 0 0 0 8144 0 0 0 0 0 0 0 0 0 0 0 0 0 0 0 0 0 0
8144 0 0 0 0 0 8145 0 0 0 0 0 0 0 0 0 0 0 0 0 0 0 0 0 0 0 0 0 0 0 0
8145 0 0 0 0 0 0 0 0 0 0 0 0 0 0 0 0 0 0 0 0 0 0 0 0 0 0 0 0 0 1 overtake
8146 0 0 0 0 0 0 0 0 0 0 0 0 0 8147 0 0 0 0 0 0 0 0 0 0 0 0 0 0 0 0
8147 0 0 0 0 0 8148 0 0 0 0 0 0 0 0 0 0 0 0 0 0 0 0 0 0 0 0 0 0 0 0
8148 0 0 0 0 0 0 0 0 0 0 0 0 0 0 0 0 0 0 0 0 0 0 0 0 0 0 0 0 0 1 overtime
8149 0 0 0 0 0 8150 0 0 0 0 0 0 8151 0 8152 0 0 0 0 0 0 0 0 0 0 0 0 0 0 0
8150 0 0 0 0 0 0 0 0 0 0 0 0 0 0 0 0 0 0 0 0 0 0 0 0 0 0 0 0 0 1 owe
8151 0 0 0 0 0 0 0 0 0 0 0 0 0 0 0 0 0 0 0 0 0 0 0 0 0 0 0 0 0 1 owl
8152 0 0 0 0 0 8153 0 0 0 0 0 0 0 0 0 0 0 0 0 0 0 0 0 0 0 0 0 0 0 1 own
8153 0 0 0 0 0 0 0 0 0 0 0 0 0 0 0 0 0 0 8154 0 0 0 0 0 0 0 0 0 0 0
8154 0 0 0 0 0 0 0 0 0 0 0 0 0 0 0 0 0 0 0 8155 0 0 0 0 0 0 0 0 0 1 owner
8155 0 0 0 0 0 0 0 0 8156 0 0 0 0 0 0 0 0 0 0 0 0 0 0 0 0 0 0 0 0 0
8156 0 0 0 0 0 0 0 0 0 8157 0 0 0 0 0 0 0 0 0 0 0 0 0 0 0 0 0 0 0 0
8157 0 0 0 0 0 0 0 0 0 0 0 0 0 0 0 0 8158 0 0 0 0 0 0 0 0 0 0 0 0 0
8158 0 0 0 0 0 0 0 0 0 0 0 0 0 0 0 0 0 0 0 0 0 0 0 0 0 0 0 0 0 1 ownership
8159 0 0 0 0 0 0 0 0 0 0 0 0 0 0 0 0 0 0 0 0 0 0 0 0 0 0 0 0 0 1 ox
8160 0 0 0 0 0 0 0 0 8161 8211 0 0 8268 0 0 8340 0 0 8494 8848 0 8860 0 0 0 0 0 8337 0 0
8161 0 8162 0 0 0 8165 0 0 0 8173 0 0 0 0 0 8183 0 0 8195 0 0 0 0 0 0 8199 0 0 0 0
8162 0 0 0 0 0 0 0 0 0 0 0 0 0 0 0 0 0 0 0 8163 0 0 0 0 0 0 0 0 0 0
8163 0 0 0 0 0 8164 0 0 0 0 0 0 0 0 0 0 0 0 0 0 0 0 0 0 0 0 0 0 0 0
8164 0 0 0 0 0 0 0 0 0 0 0 0 0 0 0 0 0 0 0 0 0 0 0 0 0 0 0 0 0 1 phase
8165 0 0 0 0 0 0 0 0 0 0 0 0 0 0 8166 0 0 0 0 0 0 0 0 0 0 0 0 0 0 0
8166 0 0 0 0 0 0 0 0 0 0 0 0 0 0 0 8167 0 0 0 0 0 0 0 0 0 0 0 0 0 0
8167 0 0 0 0 0 0 0 0 0 0 0 0 0 8168 0 0 0 0 0 0 0 0 0 0 0 0 0 0 0 0
8168 0 0 0 0 0 8169 0 0 0 0 0 0 0 0 0 0 0 0 0 0 0 0 0 0 0 0 0 0 0 0
8169 0 0 0 0 0 0 0 0 0 0 0 0 0 0 8170 0 0 0 0 0 0 0 0 0 0 0 0 0 0 0
8170 0 0 0 0 0 0 0 0 0 0 0 0 0 0 0 8171 0 0 0 0 0 0 0 0 0 0 0 0 0 0
8171 0 0 0 0 0 0 0 0 0 0 0 0 0 0 8172 0 0 0 0 0 0 0 0 0 0 0 0 0 0 0
8172 0 0 0 0 0 0 0 0 0 0 0 0 0 0 0 0 0 0 0 0 0 0 0 0 0 0 0 0 0 1 phenomenon
8173 0 0 0 0 0 0 0 0 0 0 0 0 8174 0 0 0 0 0 0 0 0 0 0 0 0 0 0 0 0 0
8174 0 0 0 0 0 0 0 0 0 0 0 0 0 0 0 8175 0 0 0 0 0 0 0 0 0 0 0 0 0 0
8175 0 0 0 0 0 0 0 0 0 0 0 0 0 0 0 0 0 0 0 8176 0 0 0 0 0 0 0 0 0 0
8176 0 0 0 0 0 0 0 0 0 0 0 0 0 0 0 8177 0 0 0 0 0 0 0 0 0 0 0 0 0 0
8177 0 0 0 0 0 0 0 0 0 0 0 0 0 0 0 0 8178 0 0 0 0 0 0 0 0 0 0 0 0 0
8178 0 0 0 0 0 0 0 0 8179 0 0 0 0 0 0 0 0 0 0 0 0 0 0 0 0 0 0 0 0 0
8179 0 0 0 0 0 8180 0 0 0 0 0 0 0 0 0 0 0 0 0 0 0 0 0 0 0 8182 0 0 0 0
8180 0 0 0 0 0 0 0 0 0 0 0 0 0 0 0 0 0 0 8181 0 0 0 0 0 0 0 0 0 0 0
8181 0 0 0 0 0 0 0 0 0 0 0 0 0 0 0 0 0 0 0 0 0 0 0 0 0 0 0 0 0 1 philosopher
8182 0 0 0 0 0 0 0 0 0 0 0 0 0 0 0 0 0 0 0 0 0 0 0 0 0 0 0 0 0 1 philosophy
8183 0 0 0 0 0 0 0 0 0 0 0 0 0 0 8184 0 0 0 0 0 8186 0 0 0 0 0 0 0 0 0
8184 0 0 0 0 0 8185 0 0 0 0 0 0 0 0 0 0 0 0 0 0 0 0 0 0 0 0 0 0 0 0
8185 0 0 0 0 0 0 0 0 0 0 0 0 0 0 0 0 0 0 0 0 0 0 0 0 0 0 0 0 0 1 phone
8186 0 0 0 0 0 0 0 0 0 0 0 0 0 0 0 8187 0 0 0 0 0 0 0 0 0 0 0 0 0 0
8187 0 0 0 0 0 0 0 8188 0 0 0 0 0 0 0 0 0 0 0 0 0 0 0 0 0 0 0 0 0 0
8188 0 0 0 0 0 0 0 0 0 0 0 0 0 0 0 0 0 0 8189 0 0 0 0 0 0 0 0 0 0 0
8189 0 8190 0 0 0 0 0 0 0 0 0 0 0 0 0 0 0 0 0 0 0 0 0 0 0 0 0 0 0 0
8190 0 0 0 0 0 0 0 0 0 0 0 0 0 0 0 0 8191 0 0 0 0 0 0 0 0 0 0 0 0 0
8191 0 0 0 0 0 0 0 0 8192 0 0 0 0 0 0 0 0 0 0 0 0 0 0 0 0 0 0 0 0 0
8192 0 0 0 0 0 0 0 0 0 8193 0 0 0 0 0 0 0 0 0 0 0 0 0 0 0 0 0 0 0 1 photograph
8193 0 0 0 8194 0 0 0 0 0 0 0 0 0 0 0 0 0 0 0 0 0 0 0 0 0 0 0 0 0 0
8194 0 0 0 0 0 0 0 0 0 0 0 0 0 0 0 0 0 0 0 0 0 0 0 0 0 0 0 0 0 1 photographic
8195 0 8196 0 0 0 0 0 0 0 0 0 0 0 0 0 0 0 0 0 0 0 0 0 0 0 0 0 0 0 0
8196 0 0 0 0 0 0 0 0 0 0 0 0 0 0 0 0 0 0 0 8197 0 0 0 0 0 0 0 0 0 0
8197 0 0 0 0 0 8198 0 0 0 0 0 0 0 0 0 0 0 0 0 0 0 0 0 0 0 0 0 0 0 0
8198 0 0 0 0 0 0 0 0 0 0 0 0 0 0 0 0 0 0 0 0 0 0 0 0 0 0 0 0 0 1 phrase
8199 0 0 0 0 0 0 0 0 0 0 0 0 0 0 0 0 0 0 0 8200 0 0 0 0 0 0 0 0 0 0
8200 0 0 0 0 0 0 0 0 0 8201 0 0 0 0 0 0 0 0 0 0 0 0 0 0 0 0 0 0 0 0
8201 0 0 0 8202 0 0 0 0 0 0 0 0 0 0 0 0 0 0 0 0 0 0 0 0 0 0 0 0 0 0
8202 0 8203 0 0 0 0 0 0 0 8205 0 0 0 0 0 0 0 0 0 8210 0 0 0 0 0 0 0 0 0 0
8203 0 0 0 0 0 0 0 0 0 0 0 0 8204 0 0 0 0 0 0 0 0 0 0 0 0 0 0 0 0 0
8204 0 0 0 0 0 0 0 0 0 0 0 0 0 0 0 0 0 0 0 0 0 0 0 0 0 0 0 0 0 1 physical
8205 0 8206 0 0 0 0 0 0 0 0 0 0 0 0 0 0 0 0 0 8208 0 0 0 0 0 0 0 0 0 0
8206 0 0 0 0 0 0 0 0 0 0 0 0 0 0 8207 0 0 0 0 0 0 0 0 0 0 0 0 0 0 0
8207 0 0 0 0 0 0 0 0 0 0 0 0 0 0 0 0 0 0 0 0 0 0 0 0 0 0 0 0 0 1 physician
8208 0 0 0 0 0 0 0 0 0 0 0 0 0 0 0 0 0 0 0 0 8209 0 0 0 0 0 0 0 0 0
8209 0 0 0 0 0 0 0 0 0 0 0 0 0 0 0 0 0 0 0 0 0 0 0 0 0 0 0 0 0 1 physicist
8210 0 0 0 0 0 0 0 0 0 0 0 0 0 0 0 0 0 0 0 0 0 0 0 0 0 0 0 0 0 1 physics
8211 0 8212 0 8215 0 8224 0 8230 0 0 0 0 8234 0 8243 8249 8254 0 0 8260 8264 0 0 0 0 0 0 0 0 0
8212 0 0 0 0 0 0 0 0 0 0 0 0 0 0 8213 0 0 0 0 0 0 0 0 0 0 0 0 0 0 0
8213 0 0 0 0 0 0 0 0 0 0 0 0 0 0 0 8214 0 0 0 0 0 0 0 0 0 0 0 0 0 0
8214 0 0 0 0 0 0 0 0 0 0 0 0 0 0 0 0 0 0 0 0 0 0 0 0 0 0 0 0 0 1 piano
8215 0 0 0 0 0 0 0 0 0 0 0 8216 0 0 8217 0 0 0 0 0 8220 0 0 0 0 0 0 0 0 0
8216 0 0 0 0 0 0 0 0 0 0 0 0 0 0 0 0 0 0 0 0 0 0 0 0 0 0 0 0 0 1 pick
8217 0 0 0 0 0 0 0 0 0 8218 0 0 0 0 0 0 0 0 0 0 0 0 0 0 0 0 0 0 0 0
8218 0 0 0 8219 0 0 0 0 0 0 0 0 0 0 0 0 0 0 0 0 0 0 0 0 0 0 0 0 0 0
8219 0 0 0 0 0 0 0 0 0 0 0 0 0 0 0 0 0 0 0 0 0 0 0 0 0 0 0 0 0 1 picnic
8220 0 0 0 0 0 0 0 0 0 0 0 0 0 0 0 0 0 0 0 0 0 8221 0 0 0 0 0 0 0 0
8221 0 0 0 0 0 0 0 0 0 0 0 0 0 0 0 0 0 0 8222 0 0 0 0 0 0 0 0 0 0 0
8222 0 0 0 0 0 8223 0 0 0 0 0 0 0 0 0 0 0 0 0 0 0 0 0 0 0 0 0 0 0 0
8223 0 0 0 0 0 0 0 0 0 0 0 0 0 0 0 0 0 0 0 0 0 0 0 0 0 0 0 0 0 1 picture
8224 0 0 0 8225 0 0 0 0 0 0 0 0 0 0 0 0 0 0 8227 0 0 0 0 0 0 0 0 0 0 1 pie
8225 0 0 0 0 0 8226 0 0 0 0 0 0 0 0 0 0 0 0 0 0 0 0 0 0 0 0 0 0 0 0
8226 0 0 0 0 0 0 0 0 0 0 0 0 0 0 0 0 0 0 0 0 0 0 0 0 0 0 0 0 0 1 piece
8227 0 0 0 8228 0 0 0 0 0 0 0 0 0 0 0 0 0 0 0 0 0 0 0 0 0 0 0 0 0 0
8228 0 0 0 0 0 8229 0 0 0 0 0 0 0 0 0 0 0 0 0 0 0 0 0 0 0 0 0 0 0 0
8229 0 0 0 0 0 0 0 0 0 0 0 0 0 0 0 0 0 0 0 0 0 0 0 0 0 0 0 0 0 1 pierce
8230 0 0 0 0 0 8231 0 0 0 0 0 0 0 0 0 0 0 0 0 0 0 0 0 0 0 0 0 0 0 1 pig
8231 0 0 0 0 0 0 0 0 0 0 0 0 0 0 0 8232 0 0 0 0 0 0 0 0 0 0 0 0 0 0
8232 0 0 0 0 0 0 0 0 0 0 0 0 0 0 8233 0 0 0 0 0 0 0 0 0 0 0 0 0 0 0
8233 0 0 0 0 0 0 0 0 0 0 0 0 0 0 0 0 0 0 0 0 0 0 0 0 0 0 0 0 0 1 pigeon
8234 0 0 0 0 0 8235 0 0 0 0 0 0 8236 0 0 8241 0 0 0 0 0 0 0 0 0 0 0 0 0 0
8235 0 0 0 0 0 0 0 0 0 0 0 0 0 0 0 0 0 0 0 0 0 0 0 0 0 0 0 0 0 1 pile
8236 0 8237 0 0 0 0 0 0 0 0 0 0 0 0 0 8239 0 0 0 0 0 0 0 0 0 0 0 0 0 1 pill
8237 0 0 0 0 0 0 0 0 0 0 0 0 0 0 0 0 0 0 8238 0 0 0 0 0 0 0 0 0 0 0
8238 0 0 0 0 0 0 0 0 0 0 0 0 0 0 0 0 0 0 0 0 0 0 0 0 0 0 0 0 0 1 pillar
8239 0 0 0 0 0 0 0 0 0 0 0 0 0 0 0 0 0 0 0 0 0 0 0 8240 0 0 0 0 0 0
8240 0 0 0 0 0 0 0 0 0 0 0 0 0 0 0 0 0 0 0 0 0 0 0 0 0 0 0 0 0 1 pillow
8241 0 0 0 0 0 0 0 0 0 0 0 0 0 0 0 0 0 0 0 0 8242 0 0 0 0 0 0 0 0 0
8242 0 0 0 0 0 0 0 0 0 0 0 0 0 0 0 0 0 0 0 0 0 0 0 0 0 0 0 0 0 1 pilot
8243 0 0 0 8244 0 8246 0 0 0 0 0 8247 0 0 0 0 0 0 0 0 8248 0 0 0 0 0 0 0 0 1 pin
8244 0 0 0 0 0 0 0 0 8245 0 0 0 0 0 0 0 0 0 0 0 0 0 0 0 0 0 0 0 0 0
8245 0 0 0 0 0 0 0 0 0 0 0 0 0 0 0 0 0 0 0 0 0 0 0 0 0 0 0 0 0 1 pinch
8246 0 0 0 0 0 0 0 0 0 0 0 0 0 0 0 0 0 0 0 0 0 0 0 0 0 0 0 0 0 1 pine
8247 0 0 0 0 0 0 0 0 0 0 0 0 0 0 0 0 0 0 0 0 0 0 0 0 0 0 0 0 0 1 pink
8248 0 0 0 0 0 0 0 0 0 0 0 0 0 0 0 0 0 0 0 0 0 0 0 0 0 0 0 0 0 1 pint
8249 0 0 0 0 0 0 0 0 0 0 0 0 0 0 8250 0 0 0 0 0 0 0 0 0 0 0 0 0 0 0
8250 0 0 0 0 0 8251 0 0 0 0 0 0 0 0 0 0 0 0 0 0 0 0 0 0 0 0 0 0 0 0
8251 0 0 0 0 0 8252 0 0 0 0 0 0 0 0 0 0 0 0 0 0 0 0 0 0 0 0 0 0 0 0
8252 0 0 0 0 0 0 0 0 0 0 0 0 0 0 0 0 0 0 8253 0 0 0 0 0 0 0 0 0 0 0
8253 0 0 0 0 0 0 0 0 0 0 0 0 0 0 0 0 0 0 0 0 0 0 0 0 0 0 0 0 0 1 pioneer
8254 0 0 0 0 0 8255 0 0 0 0 0 0 0 0 0 0 0 0 0 0 0 0 0 0 0 0 0 0 0 0
8255 0 0 0 0 0 0 0 0 0 0 0 0 8256 0 0 0 0 0 0 0 0 0 0 0 0 0 0 0 0 1 pipe
8256 0 0 0 0 0 0 0 0 0 8257 0 0 0 0 0 0 0 0 0 0 0 0 0 0 0 0 0 0 0 0
8257 0 0 0 0 0 0 0 0 0 0 0 0 0 0 8258 0 0 0 0 0 0 0 0 0 0 0 0 0 0 0
8258 0 0 0 0 0 8259 0 0 0 0 0 0 0 0 0 0 0 0 0 0 0 0 0 0 0 0 0 0 0 0
8259 0 0 0 0 0 0 0 0 0 0 0 0 0 0 0 0 0 0 0 0 0 0 0 0 0 0 0 0 0 1 pipeline
8260 0 0 0 0 0 0 0 0 0 0 0 0 0 0 0 0 0 0 0 0 8261 0 0 0 0 0 0 0 0 0
8261 0 0 0 0 0 0 0 0 0 0 0 0 0 0 0 8262 0 0 0 0 0 0 0 0 0 0 0 0 0 0
8262 0 0 0 0 0 0 0 0 0 0 0 0 8263 0 0 0 0 0 0 0 0 0 0 0 0 0 0 0 0 0
8263 0 0 0 0 0 0 0 0 0 0 0 0 0 0 0 0 0 0 0 0 0 0 0 0 0 0 0 0 0 1 pistol
8264 0 0 0 8265 0 0 0 0 0 0 0 0 0 0 0 0 0 0 0 0 0 0 0 0 0 8267 0 0 0 1 pit
8265 0 0 0 0 0 0 0 0 8266 0 0 0 0 0 0 0 0 0 0 0 0 0 0 0 0 0 0 0 0 0
8266 0 0 0 0 0 0 0 0 0 0 0 0 0 0 0 0 0 0 0 0 0 0 0 0 0 0 0 0 0 1 pitch
8267 0 0 0 0 0 0 0 0 0 0 0 0 0 0 0 0 0 0 0 0 0 0 0 0 0 0 0 0 0 1 pity
8268 0 8269 0 0 0 8304 0 0 0 0 0 0 0 0 0 8321 0 0 0 0 0 8326 0 0 0 0 0 0 0 0
8269 0 0 0 8270 0 0 0 0 0 8272 0 0 0 0 8274 0 0 0 0 8283 8289 0 0 0 0 8295 0 0 0 0
8270 0 0 0 0 0 8271 0 0 0 0 0 0 0 0 0 0 0 0 0 0 0 0 0 0 0 0 0 0 0 0
8271 0 0 0 0 0 0 0 0 0 0 0 0 0 0 0 0 0 0 0 0 0 0 0 0 0 0 0 0 0 1 place
8272 0 0 0 0 0 0 0 0 0 0 0 0 0 0 8273 0 0 0 0 0 0 0 0 0 0 0 0 0 0 0
8273 0 0 0 0 0 0 0 0 0 0 0 0 0 0 0 0 0 0 0 0 0 0 0 0 0 0 0 0 0 1 plain
8274 0 0 0 0 0 8275 0 0 0 0 0 0 0 0 0 0 0 0 0 0 8277 0 0 0 0 0 0 0 0 1 plan
8275 0 0 0 0 0 0 0 0 0 0 0 0 0 0 0 0 0 0 0 0 8276 0 0 0 0 0 0 0 0 1 plane
8276 0 0 0 0 0 0 0 0 0 0 0 0 0 0 0 0 0 0 0 0 0 0 0 0 0 0 0 0 0 1 planet
8277 0 8278 0 0 0 0 0 0 0 0 0 0 0 0 0 0 0 0 0 0 0 0 0 0 0 0 0 0 0 1 plant
8278 0 0 0 0 0 0 0 0 0 0 0 0 0 0 0 0 0 0 0 0 8279 0 0 0 0 0 0 0 0 0
8279 0 0 0 0 0 0 0 0 0 8280 0 0 0 0 0 0 0 0 0 0 0 0 0 0 0 0 0 0 0 0
8280 0 0 0 0 0 0 0 0 0 0 0 0 0 0 0 8281 0 0 0 0 0 0 0 0 0 0 0 0 0 0
8281 0 0 0 0 0 0 0 0 0 0 0 0 0 0 8282 0 0 0 0 0 0 0 0 0 0 0 0 0 0 0
8282 0 0 0 0 0 0 0 0 0 0 0 0 0 0 0 0 0 0 0 0 0 0 0 0 0 0 0 0 0 1 plantation
8283 0 0 0 0 0 0 0 0 0 0 0 0 0 0 0 0 0 0 0 0 8284 0 0 0 0 0 0 0 0 0
8284 0 0 0 0 0 8285 0 0 0 8287 0 0 0 0 0 0 0 0 0 0 0 0 0 0 0 0 0 0 0 0
8285 0 0 0 0 0 0 0 0 0 0 0 0 0 0 0 0 0 0 8286 0 0 0 0 0 0 0 0 0 0 0
8286 0 0 0 0 0 0 0 0 0 0 0 0 0 0 0 0 0 0 0 0 0 0 0 0 0 0 0 0 0 1 plaster
8287 0 0 0 8288 0 0 0 0 0 0 0 0 0 0 0 0 0 0 0 0 0 0 0 0 0 0 0 0 0 0
8288 0 0 0 0 0 0 0 0 0 0 0 0 0 0 0 0 0 0 0 0 0 0 0 0 0 0 0 0 0 1 plastic
8289 0 0 0 0 0 8290 8291 0 0 0 0 0 0 0 0 0 0 0 0 0 0 0 0 0 0 0 0 0 0 0
8290 0 0 0 0 0 0 0 0 0 0 0 0 0 0 0 0 0 0 0 0 0 0 0 0 0 0 0 0 0 1 plate
8291 0 0 0 0 0 0 0 0 0 0 0 0 0 0 0 8292 0 0 0 0 0 0 0 0 0 0 0 0 0 0
8292 0 0 0 0 0 0 0 0 0 0 0 0 0 0 0 0 0 0 8293 0 0 0 0 0 0 0 0 0 0 0
8293 0 0 0 0 0 0 0 0 0 0 0 0 0 8294 0 0 0 0 0 0 0 0 0 0 0 0 0 0 0 0
8294 0 0 0 0 0 0 0 0 0 0 0 0 0 0 0 0 0 0 0 0 0 0 0 0 0 0 0 0 0 1 platform
8295 0 0 0 0 0 8296 0 8298 0 0 0 0 0 0 0 0 0 0 0 0 0 0 0 0 0 0 0 0 0 1 play
8296 0 0 0 0 0 0 0 0 0 0 0 0 0 0 0 0 0 0 8297 0 0 0 0 0 0 0 0 0 0 0
8297 0 0 0 0 0 0 0 0 0 0 0 0 0 0 0 0 0 0 0 0 0 0 0 0 0 0 0 0 0 1 player
8298 0 0 0 0 0 0 0 0 0 0 0 0 0 0 0 0 0 0 8299 0 0 0 0 0 0 0 0 0 0 0
8299 0 0 0 0 0 0 0 0 0 0 0 0 0 0 0 8300 0 0 0 0 0 0 0 0 0 0 0 0 0 0
8300 0 0 0 0 0 0 0 0 0 0 0 0 0 0 0 0 0 0 0 0 0 8301 0 0 0 0 0 0 0 0
8301 0 0 0 0 0 0 0 0 0 0 0 0 0 0 8302 0 0 0 0 0 0 0 0 0 0 0 0 0 0 0
8302 0 0 0 0 8303 0 0 0 0 0 0 0 0 0 0 0 0 0 0 0 0 0 0 0 0 0 0 0 0 0
8303 0 0 0 0 0 0 0 0 0 0 0 0 0 0 0 0 0 0 0 0 0 0 0 0 0 0 0 0 0 1 playground
8304 0 8305 0 0 0 0 0 0 0 0 0 0 0 0 8314 0 0 0 0 0 0 0 0 0 0 0 0 0 0 0
8305 0 0 0 0 0 0 0 0 0 0 0 0 0 0 0 0 0 0 0 8306 0 0 0 0 0 0 0 0 0 0
8306 0 8307 0 0 0 8310 0 0 0 0 0 0 0 0 0 0 0 0 0 0 0 8311 0 0 0 0 0 0 0 0
8307 0 0 0 0 0 0 0 0 0 0 0 0 0 0 8308 0 0 0 0 0 0 0 0 0 0 0 0 0 0 0
8308 0 0 0 0 0 0 0 0 0 0 0 0 0 0 0 0 0 0 0 0 8309 0 0 0 0 0 0 0 0 0
8309 0 0 0 0 0 0 0 0 0 0 0 0 0 0 0 0 0 0 0 0 0 0 0 0 0 0 0 0 0 1 pleasant
8310 0 0 0 0 0 0 0 0 0 0 0 0 0 0 0 0 0 0 0 0 0 0 0 0 0 0 0 0 0 1 please
8311 0 0 0 0 0 0 0 0 0 0 0 0 0 0 0 0 0 0 8312 0 0 0 0 0 0 0 0 0 0 0
8312 0 0 0 0 0 8313 0 0 0 0 0 0 0 0 0 0 0 0 0 0 0 0 0 0 0 0 0 0 0 0
8313 0 0 0 0 0 0 0 0 0 0 0 0 0 0 0 0 0 0 0 0 0 0 0 0 0 0 0 0 0 1 pleasure
8314 0 0 0 0 0 0 0 0 0 0 0 0 0 0 0 0 0 0 0 0 8315 0 0 0 0 0 0 0 0 0
8315 0 0 0 0 0 0 0 0 0 8316 0 0 0 0 0 0 0 0 0 0 0 0 0 0 0 8320 0 0 0 0
8316 0 0 0 0 0 0 8317 0 0 0 0 0 0 0 0 0 0 0 0 0 0 0 0 0 0 0 0 0 0 0
8317 0 0 0 0 0 0 0 0 0 0 0 0 0 0 0 0 0 0 0 0 0 8318 0 0 0 0 0 0 0 0
8318 0 0 0 0 0 0 0 0 0 0 0 0 8319 0 0 0 0 0 0 0 0 0 0 0 0 0 0 0 0 0
8319 0 0 0 0 0 0 0 0 0 0 0 0 0 0 0 0 0 0 0 0 0 0 0 0 0 0 0 0 0 1 plentiful
8320 0 0 0 0 0 0 0 0 0 0 0 0 0 0 0 0 0 0 0 0 0 0 0 0 0 0 0 0 0 1 plenty
8321 0 0 0 0 0 0 0 0 0 0 0 0 0 0 0 0 0 0 0 0 8322 8323 0 0 0 0 0 0 0 0
8322 0 0 0 0 0 0 0 0 0 0 0 0 0 0 0 0 0 0 0 0 0 0 0 0 0 0 0 0 0 1 plot
8323 0 0 0 0 0 0 0 8324 0 0 0 0 0 0 0 0 0 0 0 0 0 0 0 0 0 0 0 0 0 0
8324 0 0 0 0 0 0 0 0 8325 0 0 0 0 0 0 0 0 0 0 0 0 0 0 0 0 0 0 0 0 0
8325 0 0 0 0 0 0 0 0 0 0 0 0 0 0 0 0 0 0 0 0 0 0 0 0 0 0 0 0 0 1 plough
8326 0 0 0 8327 0 0 0 8329 0 0 0 0 0 0 8330 0 0 0 8333 8336 0 0 0 0 0 0 0 0 0 0
8327 0 0 0 0 0 0 0 0 0 0 0 8328 0 0 0 0 0 0 0 0 0 0 0 0 0 0 0 0 0 0
8328 0 0 0 0 0 0 0 0 0 0 0 0 0 0 0 0 0 0 0 0 0 0 0 0 0 0 0 0 0 1 pluck
8329 0 0 0 0 0 0 0 0 0 0 0 0 0 0 0 0 0 0 0 0 0 0 0 0 0 0 0 0 0 1 plug
8330 0 0 0 0 0 0 0 8331 0 0 0 0 0 0 0 0 0 0 0 0 0 0 0 0 0 0 0 0 0 0
8331 0 0 0 0 0 8332 0 0 0 0 0 0 0 0 0 0 0 0 0 0 0 0 0 0 0 0 0 0 0 0
8332 0 0 0 0 0 0 0 0 0 0 0 0 0 0 0 0 0 0 0 0 0 0 0 0 0 0 0 0 0 1 plunge
8333 0 8334 0 0 0 0 0 0 0 0 0 0 0 0 0 0 0 0 0 0 0 0 0 0 0 0 0 0 0 0
8334 0 0 0 0 0 0 0 0 0 0 0 0 8335 0 0 0 0 0 0 0 0 0 0 0 0 0 0 0 0 0
8335 0 0 0 0 0 0 0 0 0 0 0 0 0 0 0 0 0 0 0 0 0 0 0 0 0 0 0 0 0 1 plural
8336 0 0 0 0 0 0 0 0 0 0 0 0 0 0 0 0 0 0 0 0 0 0 0 0 0 0 0 0 0 1 plus
8337 0 0 0 0 0 0 0 0 0 0 0 0 0 8338 0 0 0 0 0 0 0 0 0 0 0 0 0 0 0 0
8338 0 0 0 0 0 0 0 0 0 0 0 0 0 0 0 0 0 0 0 0 0 0 0 0 0 0 0 8339 0 0
8339 0 0 0 0 0 0 0 0 0 0 0 0 0 0 0 0 0 0 0 0 0 0 0 0 0 0 0 0 0 1 P.M.
8340 0 0 0 8341 0 8345 0 0 0 8350 0 0 8359 0 8387 8389 8392 0 8401 8430 8466 8476 8480 8485 0 0 0 0 0 0
8341 0 0 0 0 0 0 0 0 0 0 0 8342 0 0 0 0 0 0 0 0 0 0 0 0 0 0 0 0 0 0
8342 0 0 0 0 0 8343 0 0 0 0 0 0 0 0 0 0 0 0 0 0 0 0 0 0 0 0 0 0 0 0
8343 0 0 0 0 0 0 0 0 0 0 0 0 0 0 0 0 0 0 0 0 8344 0 0 0 0 0 0 0 0 0
8344 0 0 0 0 0 0 0 0 0 0 0 0 0 0 0 0 0 0 0 0 0 0 0 0 0 0 0 0 0 1 pocket
8345 0 0 0 0 0 0 0 0 0 0 0 0 0 8346 0 0 0 0 0 0 8347 0 0 0 0 0 0 0 0 0
8346 0 0 0 0 0 0 0 0 0 0 0 0 0 0 0 0 0 0 0 0 0 0 0 0 0 0 0 0 0 1 poem
8347 0 0 0 0 0 0 0 0 0 0 0 0 0 0 0 0 0 0 8348 0 0 0 0 0 0 0 0 0 0 1 poet
8348 0 0 0 0 0 0 0 0 0 0 0 0 0 0 0 0 0 0 0 0 0 0 0 0 0 8349 0 0 0 0
8349 0 0 0 0 0 0 0 0 0 0 0 0 0 0 0 0 0 0 0 0 0 0 0 0 0 0 0 0 0 1 poetry
8350 0 0 0 0 0 0 0 0 0 0 0 0 0 0 8351 0 0 0 0 8353 0 0 0 0 0 0 0 0 0 0
8351 0 0 0 0 0 0 0 0 0 0 0 0 0 0 0 0 0 0 0 0 8352 0 0 0 0 0 0 0 0 0
8352 0 0 0 0 0 0 0 0 0 0 0 0 0 0 0 0 0 0 0 0 0 0 0 0 0 0 0 0 0 1 point
8353 0 0 0 0 0 0 0 0 0 0 0 0 0 0 0 8354 0 0 0 0 0 0 0 0 0 0 0 0 0 0
8354 0 0 0 0 0 0 0 0 0 0 0 0 0 0 8355 0 0 0 0 0 0 0 0 0 0 0 0 0 0 0
8355 0 0 0 0 0 0 0 0 0 0 0 0 0 0 0 8356 0 0 0 0 0 0 0 0 0 0 0 0 0 1 poison
8356 0 0 0 0 0 0 0 0 0 0 0 0 0 0 0 0 0 0 0 0 0 8357 0 0 0 0 0 0 0 0
8357 0 0 0 0 0 0 0 0 0 0 0 0 0 0 0 0 0 0 0 8358 0 0 0 0 0 0 0 0 0 0
8358 0 0 0 0 0 0 0 0 0 0 0 0 0 0 0 0 0 0 0 0 0 0 0 0 0 0 0 0 0 1 poisonous
8359 0 0 0 0 0 8360 0 0 0 8361 0 0 8380 0 0 0 0 0 0 0 0 0 0 0 0 0 0 0 0 0
8360 0 0 0 0 0 0 0 0 0 0 0 0 0 0 0 0 0 0 0 0 0 0 0 0 0 0 0 0 0 1 pole
8361 0 0 0 8362 0 0 0 0 0 0 0 0 0 0 0 0 0 0 0 8368 8370 0 0 0 0 0 0 0 0 0
8362 0 0 0 0 0 8363 0 0 0 0 0 0 0 0 0 0 0 0 0 0 0 0 0 0 0 8367 0 0 0 0
8363 0 0 0 0 0 0 0 0 0 0 0 0 0 8364 0 0 0 0 0 0 0 0 0 0 0 0 0 0 0 1 police
8364 0 8365 0 0 0 0 0 0 0 0 0 0 0 0 0 0 0 0 0 0 0 0 0 0 0 0 0 0 0 0
8365 0 0 0 0 0 0 0 0 0 0 0 0 0 0 8366 0 0 0 0 0 0 0 0 0 0 0 0 0 0 0
8366 0 0 0 0 0 0 0 0 0 0 0 0 0 0 0 0 0 0 0 0 0 0 0 0 0 0 0 0 0 1 policeman
8367 0 0 0 0 0 0 0 0 0 0 0 0 0 0 0 0 0 0 0 0 0 0 0 0 0 0 0 0 0 1 policy
8368 0 0 0 0 0 0 0 0 8369 0 0 0 0 0 0 0 0 0 0 0 0 0 0 0 0 0 0 0 0 0
8369 0 0 0 0 0 0 0 0 0 0 0 0 0 0 0 0 0 0 0 0 0 0 0 0 0 0 0 0 0 1 polish
8370 0 0 0 0 0 8371 0 0 0 8372 0 0 0 0 0 0 0 0 0 0 0 0 0 0 0 0 0 0 0 0
8371 0 0 0 0 0 0 0 0 0 0 0 0 0 0 0 0 0 0 0 0 0 0 0 0 0 0 0 0 0 1 polite
8372 0 0 0 8373 0 0 0 0 0 0 0 0 0 0 0 0 0 0 0 0 0 0 0 0 0 0 0 0 0 0
8373 0 8374 0 0 0 0 0 0 0 8376 0 0 0 0 0 0 0 0 0 8379 0 0 0 0 0 0 0 0 0 0
8374 0 0 0 0 0 0 0 0 0 0 0 0 8375 0 0 0 0 0 0 0 0 0 0 0 0 0 0 0 0 0
8375 0 0 0 0 0 0 0 0 0 0 0 0 0 0 0 0 0 0 0 0 0 0 0 0 0 0 0 0 0 1 political
8376 0 8377 0 0 0 0 0 0 0 0 0 0 0 0 0 0 0 0 0 0 0 0 0 0 0 0 0 0 0 0
8377 0 0 0 0 0 0 0 0 0 0 0 0 0 0 8378 0 0 0 0 0 0 0 0 0 0 0 0 0 0 0
8378 0 0 0 0 0 0 0 0 0 0 0 0 0 0 0 0 0 0 0 0 0 0 0 0 0 0 0 0 0 1 politician
8379 0 0 0 0 0 0 0 0 0 0 0 0 0 0 0 0 0 0 0 0 0 0 0 0 0 0 0 0 0 1 politics
8380 0 0 0 0 0 0 0 0 0 0 0 0 0 0 0 0 0 0 0 0 0 8381 0 0 0 0 0 0 0 0
8381 0 0 0 0 0 0 0 0 0 0 0 0 0 0 0 0 0 0 0 0 8382 0 0 0 0 0 0 0 0 0
8382 0 0 0 0 0 8383 0 0 0 8384 0 0 0 0 0 0 0 0 0 0 0 0 0 0 0 0 0 0 0 0
8383 0 0 0 0 0 0 0 0 0 0 0 0 0 0 0 0 0 0 0 0 0 0 0 0 0 0 0 0 0 1 pollute
8384 0 0 0 0 0 0 0 0 0 0 0 0 0 0 0 8385 0 0 0 0 0 0 0 0 0 0 0 0 0 0
8385 0 0 0 0 0 0 0 0 0 0 0 0 0 0 8386 0 0 0 0 0 0 0 0 0 0 0 0 0 0 0
8386 0 0 0 0 0 0 0 0 0 0 0 0 0 0 0 0 0 0 0 0 0 0 0 0 0 0 0 0 0 1 pollution
8387 0 0 0 0 8388 0 0 0 0 0 0 0 0 0 0 0 0 0 0 0 0 0 0 0 0 0 0 0 0 0
8388 0 0 0 0 0 0 0 0 0 0 0 0 0 0 0 0 0 0 0 0 0 0 0 0 0 0 0 0 0 1 pond
8389 0 0 0 0 0 0 0 0 0 0 0 0 8390 0 0 0 0 0 8391 0 0 0 0 0 0 0 0 0 0 0
8390 0 0 0 0 0 0 0 0 0 0 0 0 0 0 0 0 0 0 0 0 0 0 0 0 0 0 0 0 0 1 pool
8391 0 0 0 0 0 0 0 0 0 0 0 0 0 0 0 0 0 0 0 0 0 0 0 0 0 0 0 0 0 1 poor
8392 0 0 0 0 0 0 0 0 0 0 0 0 0 0 0 0 0 0 0 0 0 8393 0 0 0 0 0 0 0 1 pop
8393 0 0 0 0 0 0 0 0 0 0 0 0 8394 0 0 0 0 0 0 0 0 0 0 0 0 0 0 0 0 0
8394 0 8395 0 0 0 0 0 0 0 0 0 0 0 0 0 0 0 0 0 0 0 0 0 0 0 0 0 0 0 0
8395 0 0 0 0 0 0 0 0 0 0 0 0 0 0 0 0 0 0 8396 0 8397 0 0 0 0 0 0 0 0 0
8396 0 0 0 0 0 0 0 0 0 0 0 0 0 0 0 0 0 0 0 0 0 0 0 0 0 0 0 0 0 1 popular
8397 0 0 0 0 0 0 0 0 0 8398 0 0 0 0 0 0 0 0 0 0 0 0 0 0 0 0 0 0 0 0
8398 0 0 0 0 0 0 0 0 0 0 0 0 0 0 0 8399 0 0 0 0 0 0 0 0 0 0 0 0 0 0
8399 0 0 0 0 0 0 0 0 0 0 0 0 0 0 8400 0 0 0 0 0 0 0 0 0 0 0 0 0 0 0
8400 0 0 0 0 0 0 0 0 0 0 0 0 0 0 0 0 0 0 0 0 0 0 0 0 0 0 0 0 0 1 population
8401 0 0 0 8402 0 0 0 0 0 0 0 8404 0 0 0 0 0 0 8405 0 8410 0 0 0 0 0 0 0 0 0
8402 0 0 0 0 0 0 0 0 8403 0 0 0 0 0 0 0 0 0 0 0 0 0 0 0 0 0 0 0 0 0
8403 0 0 0 0 0 0 0 0 0 0 0 0 0 0 0 0 0 0 0 0 0 0 0 0 0 0 0 0 0 1 porch
8404 0 0 0 0 0 0 0 0 0 0 0 0 0 0 0 0 0 0 0 0 0 0 0 0 0 0 0 0 0 1 pork
8405 0 0 0 0 0 0 0 0 0 8406 0 0 0 0 0 0 0 0 0 0 0 0 0 0 0 0 0 0 0 0
8406 0 0 0 0 8407 0 0 0 0 0 0 0 0 0 0 0 0 0 0 0 0 0 0 0 0 0 0 0 0 0
8407 0 0 0 0 0 0 0 8408 0 0 0 0 0 0 0 0 0 0 0 0 0 0 0 0 0 0 0 0 0 0
8408 0 0 0 0 0 8409 0 0 0 0 0 0 0 0 0 0 0 0 0 0 0 0 0 0 0 0 0 0 0 0
8409 0 0 0 0 0 0 0 0 0 0 0 0 0 0 0 0 0 0 0 0 0 0 0 0 0 0 0 0 0 1 porridge
8410 0 8411 0 0 0 8415 0 0 0 8417 0 0 0 0 0 0 0 0 8420 0 0 8424 0 0 0 0 0 0 0 1 port
8411 0 0 8412 0 0 0 0 0 0 0 0 0 0 0 0 0 0 0 0 0 0 0 0 0 0 0 0 0 0 0
8412 0 0 0 0 0 0 0 0 0 0 0 0 8413 0 0 0 0 0 0 0 0 0 0 0 0 0 0 0 0 0
8413 0 0 0 0 0 8414 0 0 0 0 0 0 0 0 0 0 0 0 0 0 0 0 0 0 0 0 0 0 0 0
8414 0 0 0 0 0 0 0 0 0 0 0 0 0 0 0 0 0 0 0 0 0 0 0 0 0 0 0 0 0 1 portable
8415 0 0 0 0 0 0 0 0 0 0 0 0 0 0 0 0 0 0 8416 0 0 0 0 0 0 0 0 0 0 0
8416 0 0 0 0 0 0 0 0 0 0 0 0 0 0 0 0 0 0 0 0 0 0 0 0 0 0 0 0 0 1 porter
8417 0 0 0 0 0 0 0 0 0 0 0 0 0 0 0 8418 0 0 0 0 0 0 0 0 0 0 0 0 0 0
8418 0 0 0 0 0 0 0 0 0 0 0 0 0 0 8419 0 0 0 0 0 0 0 0 0 0 0 0 0 0 0
8419 0 0 0 0 0 0 0 0 0 0 0 0 0 0 0 0 0 0 0 0 0 0 0 0 0 0 0 0 0 1 portion
8420 0 8421 0 0 0 0 0 0 0 0 0 0 0 0 0 0 0 0 0 0 0 0 0 0 0 0 0 0 0 0
8421 0 0 0 0 0 0 0 0 0 8422 0 0 0 0 0 0 0 0 0 0 0 0 0 0 0 0 0 0 0 0
8422 0 0 0 0 0 0 0 0 0 0 0 0 0 0 0 0 0 0 0 0 8423 0 0 0 0 0 0 0 0 0
8423 0 0 0 0 0 0 0 0 0 0 0 0 0 0 0 0 0 0 0 0 0 0 0 0 0 0 0 0 0 1 portrait
8424 0 0 0 0 0 0 0 8425 0 0 0 0 0 0 0 0 0 0 0 0 0 0 0 0 0 0 0 0 0 0
8425 0 0 0 0 0 0 0 0 0 0 0 0 0 0 0 0 0 0 0 0 0 8426 0 0 0 0 0 0 0 0
8426 0 0 0 0 0 8427 0 0 0 0 0 0 0 0 0 0 0 0 0 0 0 0 0 0 0 0 0 0 0 0
8427 0 0 0 0 0 0 0 0 0 0 0 0 0 0 0 0 0 0 0 8428 0 0 0 0 0 0 0 0 0 0
8428 0 0 0 0 0 8429 0 0 0 0 0 0 0 0 0 0 0 0 0 0 0 0 0 0 0 0 0 0 0 0
8429 0 0 0 0 0 0 0 0 0 0 0 0 0 0 0 0 0 0 0 0 0 0 0 0 0 0 0 0 0 1 Portuguese
8430 0 0 0 0 0 0 0 0 0 8431 0 0 0 0 0 0 0 0 0 8438 8455 0 0 0 0 0 0 0 0 0
8431 0 0 0 0 0 0 0 0 0 0 0 0 0 0 0 0 0 0 0 0 8432 0 0 0 0 0 0 0 0 0
8432 0 0 0 0 0 0 0 0 0 8433 0 0 0 0 0 0 0 0 0 0 0 0 0 0 0 0 0 0 0 0
8433 0 0 0 0 0 0 0 0 0 0 0 0 0 0 0 8434 0 0 0 0 0 0 8436 0 0 0 0 0 0 0
8434 0 0 0 0 0 0 0 0 0 0 0 0 0 0 8435 0 0 0 0 0 0 0 0 0 0 0 0 0 0 0
8435 0 0 0 0 0 0 0 0 0 0 0 0 0 0 0 0 0 0 0 0 0 0 0 0 0 0 0 0 0 1 position
8436 0 0 0 0 0 8437 0 0 0 0 0 0 0 0 0 0 0 0 0 0 0 0 0 0 0 0 0 0 0 0
8437 0 0 0 0 0 0 0 0 0 0 0 0 0 0 0 0 0 0 0 0 0 0 0 0 0 0 0 0 0 1 positive
8438 0 0 0 0 0 8439 0 0 0 8445 0 0 0 0 0 0 0 0 0 0 0 0 0 0 0 0 0 0 0 0
8439 0 0 0 0 0 0 0 0 0 0 0 0 0 0 0 0 0 0 0 8440 0 0 0 0 0 0 0 0 0 0
8440 0 0 0 0 0 0 0 0 0 0 0 0 0 0 0 0 0 0 0 8441 0 0 0 0 0 0 0 0 0 0
8441 0 0 0 0 0 0 0 0 0 8442 0 0 0 0 0 0 0 0 0 0 0 0 0 0 0 0 0 0 0 1 possess
8442 0 0 0 0 0 0 0 0 0 0 0 0 0 0 0 8443 0 0 0 0 0 0 0 0 0 0 0 0 0 0
8443 0 0 0 0 0 0 0 0 0 0 0 0 0 0 8444 0 0 0 0 0 0 0 0 0 0 0 0 0 0 0
8444 0 0 0 0 0 0 0 0 0 0 0 0 0 0 0 0 0 0 0 0 0 0 0 0 0 0 0 0 0 1 possession
8445 0 0 8446 0 0 0 0 0 0 0 0 0 0 0 0 0 0 0 0 0 0 0 0 0 0 0 0 0 0 0
8446 0 0 0 0 0 0 0 0 0 8447 0 0 8452 0 0 0 0 0 0 0 0 0 0 0 0 0 0 0 0 0
8447 0 0 0 0 0 0 0 0 0 0 0 0 8448 0 0 0 0 0 0 0 0 0 0 0 0 0 0 0 0 0
8448 0 0 0 0 0 0 0 0 0 8449 0 0 0 0 0 0 0 0 0 0 0 0 0 0 0 0 0 0 0 0
8449 0 0 0 0 0 0 0 0 0 0 0 0 0 0 0 0 0 0 0 0 8450 0 0 0 0 0 0 0 0 0
8450 0 0 0 0 0 0 0 0 0 0 0 0 0 0 0 0 0 0 0 0 0 0 0 0 0 8451 0 0 0 0
8451 0 0 0 0 0 0 0 0 0 0 0 0 0 0 0 0 0 0 0 0 0 0 0 0 0 0 0 0 0 1 possibility
8452 0 0 0 0 0 8453 0 0 0 0 0 0 0 0 0 0 0 0 0 0 0 0 0 0 0 8454 0 0 0 0
8453 0 0 0 0 0 0 0 0 0 0 0 0 0 0 0 0 0 0 0 0 0 0 0 0 0 0 0 0 0 1 possible
8454 0 0 0 0 0 0 0 0 0 0 0 0 0 0 0 0 0 0 0 0 0 0 0 0 0 0 0 0 0 1 possibly
8455 0 8456 0 0 0 0 0 0 0 0 0 0 0 8459 0 0 8462 0 0 0 0 0 0 0 0 0 0 0 0 1 post
8456 0 0 0 0 0 0 0 8457 0 0 0 0 0 0 0 0 0 0 0 0 0 0 0 0 0 0 0 0 0 0
8457 0 0 0 0 0 8458 0 0 0 0 0 0 0 0 0 0 0 0 0 0 0 0 0 0 0 0 0 0 0 0
8458 0 0 0 0 0 0 0 0 0 0 0 0 0 0 0 0 0 0 0 0 0 0 0 0 0 0 0 0 0 1 postage
8459 0 8460 0 0 0 0 0 0 0 0 0 0 0 0 0 0 0 0 0 0 0 0 0 0 0 0 0 0 0 0
8460 0 0 0 0 0 0 0 0 0 0 0 0 0 0 8461 0 0 0 0 0 0 0 0 0 0 0 0 0 0 0
8461 0 0 0 0 0 0 0 0 0 0 0 0 0 0 0 0 0 0 0 0 0 0 0 0 0 0 0 0 0 1 postman
8462 0 0 0 0 0 0 0 0 0 0 0 0 0 0 0 8463 0 0 0 0 0 0 0 0 0 0 0 0 0 0
8463 0 0 0 0 0 0 0 0 0 0 0 0 0 0 8464 0 0 0 0 0 0 0 0 0 0 0 0 0 0 0
8464 0 0 0 0 0 8465 0 0 0 0 0 0 0 0 0 0 0 0 0 0 0 0 0 0 0 0 0 0 0 0
8465 0 0 0 0 0 0 0 0 0 0 0 0 0 0 0 0 0 0 0 0 0 0 0 0 0 0 0 0 0 1 postpone
8466 0 8467 0 0 0 8470 0 0 0 0 0 0 0 0 0 0 0 0 0 0 0 0 0 0 0 0 0 0 0 1 pot
8467 0 0 0 0 0 0 0 0 0 0 0 0 0 0 0 0 0 0 0 0 8468 0 0 0 0 0 0 0 0 0
8468 0 0 0 0 0 0 0 0 0 0 0 0 0 0 0 8469 0 0 0 0 0 0 0 0 0 0 0 0 0 0
8469 0 0 0 0 0 0 0 0 0 0 0 0 0 0 0 0 0 0 0 0 0 0 0 0 0 0 0 0 0 1 potato
8470 0 0 0 0 0 0 0 0 0 0 0 0 0 0 8471 0 0 0 0 0 0 0 0 0 0 0 0 0 0 0
8471 0 0 0 0 0 0 0 0 0 0 0 0 0 0 0 0 0 0 0 0 8472 0 0 0 0 0 0 0 0 0
8472 0 0 0 0 0 0 0 0 0 8473 0 0 0 0 0 0 0 0 0 0 0 0 0 0 0 0 0 0 0 0
8473 0 8474 0 0 0 0 0 0 0 0 0 0 0 0 0 0 0 0 0 0 0 0 0 0 0 0 0 0 0 0
8474 0 0 0 0 0 0 0 0 0 0 0 0 8475 0 0 0 0 0 0 0 0 0 0 0 0 0 0 0 0 0
8475 0 0 0 0 0 0 0 0 0 0 0 0 0 0 0 0 0 0 0 0 0 0 0 0 0 0 0 0 0 1 potential
8476 0 0 0 0 0 0 0 0 0 0 0 0 0 0 8477 0 0 0 8479 0 0 0 0 0 0 0 0 0 0 0
8477 0 0 0 0 8478 0 0 0 0 0 0 0 0 0 0 0 0 0 0 0 0 0 0 0 0 0 0 0 0 0
8478 0 0 0 0 0 0 0 0 0 0 0 0 0 0 0 0 0 0 0 0 0 0 0 0 0 0 0 0 0 1 pound
8479 0 0 0 0 0 0 0 0 0 0 0 0 0 0 0 0 0 0 0 0 0 0 0 0 0 0 0 0 0 1 pour
8480 0 0 0 0 0 8481 0 0 0 0 0 0 0 0 0 0 0 0 0 0 0 0 0 0 0 0 0 0 0 0
8481 0 0 0 0 0 0 0 0 0 0 0 0 0 0 0 0 0 0 8482 0 0 0 0 0 0 0 0 0 0 0
8482 0 0 0 0 0 0 0 0 0 0 0 0 0 0 0 0 0 0 0 0 8483 0 0 0 0 0 0 0 0 0
8483 0 0 0 0 0 0 0 0 0 0 0 0 0 0 0 0 0 0 0 0 0 0 0 0 0 8484 0 0 0 0
8484 0 0 0 0 0 0 0 0 0 0 0 0 0 0 0 0 0 0 0 0 0 0 0 0 0 0 0 0 0 1 poverty
8485 0 0 0 0 8486 8489 0 0 0 0 0 0 0 0 0 0 0 0 0 0 0 0 0 0 0 0 0 0 0 0
8486 0 0 0 0 0 8487 0 0 0 0 0 0 0 0 0 0 0 0 0 0 0 0 0 0 0 0 0 0 0 0
8487 0 0 0 0 0 0 0 0 0 0 0 0 0 0 0 0 0 0 8488 0 0 0 0 0 0 0 0 0 0 0
8488 0 0 0 0 0 0 0 0 0 0 0 0 0 0 0 0 0 0 0 0 0 0 0 0 0 0 0 0 0 1 powder
8489 0 0 0 0 0 0 0 0 0 0 0 0 0 0 0 0 0 0 8490 0 0 0 0 0 0 0 0 0 0 0
8490 0 0 0 0 0 0 8491 0 0 0 0 0 0 0 0 0 0 0 0 0 0 0 0 0 0 0 0 0 0 1 power
8491 0 0 0 0 0 0 0 0 0 0 0 0 0 0 0 0 0 0 0 0 0 8492 0 0 0 0 0 0 0 0
8492 0 0 0 0 0 0 0 0 0 0 0 0 8493 0 0 0 0 0 0 0 0 0 0 0 0 0 0 0 0 0
8493 0 0 0 0 0 0 0 0 0 0 0 0 0 0 0 0 0 0 0 0 0 0 0 0 0 0 0 0 0 1 powerful
8494 0 8495 0 0 0 8513 0 0 0 8631 0 0 0 0 0 8682 0 0 0 0 0 0 0 0 0 0 0 0 0 0
8495 0 0 0 8496 0 0 0 0 0 8507 0 0 0 0 0 0 0 0 0 0 0 0 0 0 0 8510 0 0 0 0
8496 0 0 0 0 0 0 0 0 0 0 0 0 0 0 0 0 0 0 0 0 8497 0 0 0 0 0 0 0 0 0
8497 0 0 0 0 0 0 0 0 0 8498 0 0 0 0 0 0 0 0 0 0 0 0 0 0 0 0 0 0 0 0
8498 0 0 0 8499 0 0 0 0 0 0 0 0 0 0 0 0 0 0 0 8505 0 0 0 0 0 0 0 0 0 0
8499 0 8500 0 0 0 8504 0 0 0 0 0 0 0 0 0 0 0 0 0 0 0 0 0 0 0 0 0 0 0 0
8500 0 0 0 0 0 0 0 0 0 0 0 0 8501 0 0 0 0 0 0 0 0 0 0 0 0 0 0 0 0 0
8501 0 0 0 0 0 0 0 0 0 0 0 0 8502 0 0 0 0 0 0 0 0 0 0 0 0 0 0 0 0 1 practical
8502 0 0 0 0 0 0 0 0 0 0 0 0 0 0 0 0 0 0 0 0 0 0 0 0 0 8503 0 0 0 0
8503 0 0 0 0 0 0 0 0 0 0 0 0 0 0 0 0 0 0 0 0 0 0 0 0 0 0 0 0 0 1 practically
8504 0 0 0 0 0 0 0 0 0 0 0 0 0 0 0 0 0 0 0 0 0 0 0 0 0 0 0 0 0 1 practice
8505 0 0 0 0 0 8506 0 0 0 0 0 0 0 0 0 0 0 0 0 0 0 0 0 0 0 0 0 0 0 0
8506 0 0 0 0 0 0 0 0 0 0 0 0 0 0 0 0 0 0 0 0 0 0 0 0 0 0 0 0 0 1 practise
8507 0 0 0 0 0 0 0 0 0 0 0 0 0 0 0 0 0 0 0 8508 0 0 0 0 0 0 0 0 0 0
8508 0 0 0 0 0 8509 0 0 0 0 0 0 0 0 0 0 0 0 0 0 0 0 0 0 0 0 0 0 0 0
8509 0 0 0 0 0 0 0 0 0 0 0 0 0 0 0 0 0 0 0 0 0 0 0 0 0 0 0 0 0 1 praise
8510 0 0 0 0 0 8511 0 0 0 0 0 0 0 0 0 0 0 0 0 0 0 0 0 0 0 0 0 0 0 1 pray
8511 0 0 0 0 0 0 0 0 0 0 0 0 0 0 0 0 0 0 8512 0 0 0 0 0 0 0 0 0 0 0
8512 0 0 0 0 0 0 0 0 0 0 0 0 0 0 0 0 0 0 0 0 0 0 0 0 0 0 0 0 0 1 prayer
8513 0 0 0 8514 8535 0 8539 0 0 0 8553 0 8559 8567 0 0 8571 0 0 8587 8612 0 8618 0 0 0 0 0 0 0
8514 0 8515 0 0 0 8521 0 0 0 8526 0 0 0 0 0 0 0 0 0 0 0 0 0 0 0 0 0 0 0 0
8515 0 0 0 0 0 0 0 0 0 0 0 0 0 0 0 0 0 0 0 0 0 8516 0 0 0 0 0 0 0 0
8516 0 0 0 0 0 0 0 0 0 0 0 0 0 0 0 0 0 0 0 0 8517 0 0 0 0 0 0 0 0 0
8517 0 0 0 0 0 0 0 0 0 8518 0 0 0 0 0 0 0 0 0 0 0 0 0 0 0 0 0 0 0 0
8518 0 0 0 0 0 0 0 0 0 0 0 0 0 0 0 8519 0 0 0 0 0 0 0 0 0 0 0 0 0 0
8519 0 0 0 0 0 0 0 0 0 0 0 0 0 0 8520 0 0 0 0 0 0 0 0 0 0 0 0 0 0 0
8520 0 0 0 0 0 0 0 0 0 0 0 0 0 0 0 0 0 0 0 0 0 0 0 0 0 0 0 0 0 1 precaution
8521 0 0 0 0 8522 0 0 0 0 0 0 0 0 0 0 0 0 0 0 0 0 0 0 0 0 0 0 0 0 0
8522 0 0 0 0 0 0 0 0 0 8523 0 0 0 0 0 0 0 0 0 0 0 0 0 0 0 0 0 0 0 0
8523 0 0 0 0 0 0 0 0 0 0 0 0 0 0 8524 0 0 0 0 0 0 0 0 0 0 0 0 0 0 0
8524 0 0 0 0 0 0 0 8525 0 0 0 0 0 0 0 0 0 0 0 0 0 0 0 0 0 0 0 0 0 0
8525 0 0 0 0 0 0 0 0 0 0 0 0 0 0 0 0 0 0 0 0 0 0 0 0 0 0 0 0 0 1 preceding
8526 0 0 0 0 0 0 0 0 0 0 0 0 0 0 0 8527 0 0 0 8530 0 0 0 0 0 0 0 0 0 0
8527 0 0 0 0 0 0 0 0 0 0 0 0 0 0 0 0 0 0 0 0 0 8528 0 0 0 0 0 0 0 0
8528 0 0 0 0 0 0 0 0 0 0 0 0 0 0 0 0 0 0 0 8529 0 0 0 0 0 0 0 0 0 0
8529 0 0 0 0 0 0 0 0 0 0 0 0 0 0 0 0 0 0 0 0 0 0 0 0 0 0 0 0 0 1 precious
8530 0 0 0 0 0 8531 0 0 0 8532 0 0 0 0 0 0 0 0 0 0 0 0 0 0 0 0 0 0 0 0
8531 0 0 0 0 0 0 0 0 0 0 0 0 0 0 0 0 0 0 0 0 0 0 0 0 0 0 0 0 0 1 precise
8532 0 0 0 0 0 0 0 0 0 0 0 0 0 0 0 8533 0 0 0 0 0 0 0 0 0 0 0 0 0 0
8533 0 0 0 0 0 0 0 0 0 0 0 0 0 0 8534 0 0 0 0 0 0 0 0 0 0 0 0 0 0 0
8534 0 0 0 0 0 0 0 0 0 0 0 0 0 0 0 0 0 0 0 0 0 0 0 0 0 0 0 0 0 1 precision
8535 0 0 0 0 0 0 0 0 0 8536 0 0 0 0 0 0 0 0 0 0 0 0 0 0 0 0 0 0 0 0
8536 0 0 0 8537 0 0 0 0 0 0 0 0 0 0 0 0 0 0 0 0 0 0 0 0 0 0 0 0 0 0
8537 0 0 0 0 0 0 0 0 0 0 0 0 0 0 0 0 0 0 0 0 8538 0 0 0 0 0 0 0 0 0
8538 0 0 0 0 0 0 0 0 0 0 0 0 0 0 0 0 0 0 0 0 0 0 0 0 0 0 0 0 0 1 predict
8539 0 8540 0 0 0 8543 0 0 0 0 0 0 0 0 0 0 0 0 0 0 0 0 0 0 0 0 0 0 0 0
8540 0 0 0 8541 0 0 0 0 0 0 0 0 0 0 0 0 0 0 0 0 0 0 0 0 0 0 0 0 0 0
8541 0 0 0 0 0 8542 0 0 0 0 0 0 0 0 0 0 0 0 0 0 0 0 0 0 0 0 0 0 0 0
8542 0 0 0 0 0 0 0 0 0 0 0 0 0 0 0 0 0 0 0 0 0 0 0 0 0 0 0 0 0 1 preface
8543 0 0 0 0 0 0 0 0 0 0 0 0 0 0 0 0 0 0 8544 0 0 0 0 0 0 0 0 0 0 0
8544 0 8545 0 0 0 8549 0 0 0 0 0 0 0 0 0 0 0 0 0 0 0 0 0 0 0 0 0 0 0 1 prefer
8545 0 0 8546 0 0 0 0 0 0 0 0 0 0 0 0 0 0 0 0 0 0 0 0 0 0 0 0 0 0 0
8546 0 0 0 0 0 0 0 0 0 0 0 0 8547 0 0 0 0 0 0 0 0 0 0 0 0 0 0 0 0 0
8547 0 0 0 0 0 8548 0 0 0 0 0 0 0 0 0 0 0 0 0 0 0 0 0 0 0 0 0 0 0 0
8548 0 0 0 0 0 0 0 0 0 0 0 0 0 0 0 0 0 0 0 0 0 0 0 0 0 0 0 0 0 1 preferable
8549 0 0 0 0 0 0 0 0 0 0 0 0 0 0 8550 0 0 0 0 0 0 0 0 0 0 0 0 0 0 0
8550 0 0 0 8551 0 0 0 0 0 0 0 0 0 0 0 0 0 0 0 0 0 0 0 0 0 0 0 0 0 0
8551 0 0 0 0 0 8552 0 0 0 0 0 0 0 0 0 0 0 0 0 0 0 0 0 0 0 0 0 0 0 0
8552 0 0 0 0 0 0 0 0 0 0 0 0 0 0 0 0 0 0 0 0 0 0 0 0 0 0 0 0 0 1 preference
8553 0 0 0 0 0 0 0 0 0 0 0 0 0 0 0 0 0 0 0 0 0 8554 0 0 0 0 0 0 0 0
8554 0 0 0 0 8555 0 0 0 0 0 0 0 0 0 0 0 0 0 0 0 0 0 0 0 0 0 0 0 0 0
8555 0 0 0 0 0 0 0 0 0 8556 0 0 0 0 0 0 0 0 0 0 0 0 0 0 0 0 0 0 0 0
8556 0 0 0 8557 0 0 0 0 0 0 0 0 0 0 0 0 0 0 0 0 0 0 0 0 0 0 0 0 0 0
8557 0 0 0 0 0 8558 0 0 0 0 0 0 0 0 0 0 0 0 0 0 0 0 0 0 0 0 0 0 0 0
8558 0 0 0 0 0 0 0 0 0 0 0 0 0 0 0 0 0 0 0 0 0 0 0 0 0 0 0 0 0 1 prejudice
8559 0 0 0 0 0 0 0 0 0 8560 0 0 0 0 0 0 0 0 0 0 0 0 0 0 0 0 0 0 0 0
8560 0 0 0 0 0 0 0 0 0 0 0 0 0 8561 0 0 0 0 0 0 0 0 0 0 0 0 0 0 0 0
8561 0 0 0 0 0 0 0 0 0 8562 0 0 0 0 0 0 0 0 0 0 0 0 0 0 0 0 0 0 0 0
8562 0 0 0 0 0 0 0 0 0 0 0 0 0 0 8563 0 0 0 0 0 0 0 0 0 0 0 0 0 0 0
8563 0 8564 0 0 0 0 0 0 0 0 0 0 0 0 0 0 0 0 0 0 0 0 0 0 0 0 0 0 0 0
8564 0 0 0 0 0 0 0 0 0 0 0 0 0 0 0 0 0 0 8565 0 0 0 0 0 0 0 0 0 0 0
8565 0 0 0 0 0 0 0 0 0 0 0 0 0 0 0 0 0 0 0 0 0 0 0 0 0 8566 0 0 0 0
8566 0 0 0 0 0 0 0 0 0 0 0 0 0 0 0 0 0 0 0 0 0 0 0 0 0 0 0 0 0 1 preliminary
8567 0 0 0 0 0 0 0 0 0 8568 0 0 0 0 0 0 0 0 0 0 0 0 0 0 0 0 0 0 0 0
8568 0 0 0 0 0 8569 0 0 0 0 0 0 0 0 0 0 0 0 0 0 0 0 0 0 0 0 0 0 0 0
8569 0 0 0 0 0 0 0 0 0 0 0 0 0 0 0 0 0 0 8570 0 0 0 0 0 0 0 0 0 0 0
8570 0 0 0 0 0 0 0 0 0 0 0 0 0 0 0 0 0 0 0 0 0 0 0 0 0 0 0 0 0 1 premier
8571 0 8572 0 0 0 0 0 0 0 0 0 0 0 0 0 8580 0 0 0 0 0 0 0 0 0 0 0 0 0 0
8572 0 0 0 0 0 0 0 0 0 0 0 0 0 0 0 0 0 0 8573 0 0 0 0 0 0 0 0 0 0 0
8573 0 8574 0 0 0 8579 0 0 0 0 0 0 0 0 0 0 0 0 0 0 0 0 0 0 0 0 0 0 0 0
8574 0 0 0 0 0 0 0 0 0 0 0 0 0 0 0 0 0 0 0 0 8575 0 0 0 0 0 0 0 0 0
8575 0 0 0 0 0 0 0 0 0 8576 0 0 0 0 0 0 0 0 0 0 0 0 0 0 0 0 0 0 0 0
8576 0 0 0 0 0 0 0 0 0 0 0 0 0 0 0 8577 0 0 0 0 0 0 0 0 0 0 0 0 0 0
8577 0 0 0 0 0 0 0 0 0 0 0 0 0 0 8578 0 0 0 0 0 0 0 0 0 0 0 0 0 0 0
8578 0 0 0 0 0 0 0 0 0 0 0 0 0 0 0 0 0 0 0 0 0 0 0 0 0 0 0 0 0 1 preparation
8579 0 0 0 0 0 0 0 0 0 0 0 0 0 0 0 0 0 0 0 0 0 0 0 0 0 0 0 0 0 1 prepare
8580 0 0 0 0 0 0 0 0 0 0 0 0 0 0 0 0 0 0 0 8581 0 0 0 0 0 0 0 0 0 0
8581 0 0 0 0 0 0 0 0 0 8582 0 0 0 0 0 0 0 0 0 0 0 0 0 0 0 0 0 0 0 0
8582 0 0 0 0 0 0 0 0 0 0 0 0 0 0 0 0 0 0 0 0 8583 0 0 0 0 0 0 0 0 0
8583 0 0 0 0 0 0 0 0 0 8584 0 0 0 0 0 0 0 0 0 0 0 0 0 0 0 0 0 0 0 0
8584 0 0 0 0 0 0 0 0 0 0 0 0 0 0 0 8585 0 0 0 0 0 0 0 0 0 0 0 0 0 0
8585 0 0 0 0 0 0 0 0 0 0 0 0 0 0 8586 0 0 0 0 0 0 0 0 0 0 0 0 0 0 0
8586 0 0 0 0 0 0 0 0 0 0 0 0 0 0 0 0 0 0 0 0 0 0 0 0 0 0 0 0 0 1 preposition
8587 0 0 0 8588 0 8593 0 0 0 8603 0 0 0 0 0 0 0 0 0 8608 0 0 0 0 0 0 0 0 0 0
8588 0 0 0 0 0 0 0 0 0 0 0 0 0 0 0 0 0 0 8589 0 0 0 0 0 0 0 0 0 0 0
8589 0 0 0 0 0 0 0 0 0 8590 0 0 0 0 0 0 0 0 0 0 0 0 0 0 0 0 0 0 0 0
8590 0 0 8591 0 0 0 0 0 0 0 0 0 0 0 0 0 0 0 0 0 0 0 0 0 0 0 0 0 0 0
8591 0 0 0 0 0 8592 0 0 0 0 0 0 0 0 0 0 0 0 0 0 0 0 0 0 0 0 0 0 0 0
8592 0 0 0 0 0 0 0 0 0 0 0 0 0 0 0 0 0 0 0 0 0 0 0 0 0 0 0 0 0 1 prescribe
8593 0 0 0 0 0 0 0 0 0 0 0 0 0 0 8594 0 0 0 8600 0 0 0 0 0 0 0 0 0 0 0
8594 0 0 0 8595 0 0 0 0 0 0 0 0 0 0 0 0 0 0 0 0 8597 0 0 0 0 0 0 0 0 0
8595 0 0 0 0 0 8596 0 0 0 0 0 0 0 0 0 0 0 0 0 0 0 0 0 0 0 0 0 0 0 0
8596 0 0 0 0 0 0 0 0 0 0 0 0 0 0 0 0 0 0 0 0 0 0 0 0 0 0 0 0 0 1 presence
8597 0 0 0 0 0 0 0 0 0 0 0 0 8598 0 0 0 0 0 0 0 0 0 0 0 0 0 0 0 0 1 present
8598 0 0 0 0 0 0 0 0 0 0 0 0 0 0 0 0 0 0 0 0 0 0 0 0 0 8599 0 0 0 0
8599 0 0 0 0 0 0 0 0 0 0 0 0 0 0 0 0 0 0 0 0 0 0 0 0 0 0 0 0 0 1 presently
8600 0 0 0 0 0 0 0 0 0 0 0 0 0 0 0 0 0 0 0 0 0 0 8601 0 0 0 0 0 0 0
8601 0 0 0 0 0 8602 0 0 0 0 0 0 0 0 0 0 0 0 0 0 0 0 0 0 0 0 0 0 0 0
8602 0 0 0 0 0 0 0 0 0 0 0 0 0 0 0 0 0 0 0 0 0 0 0 0 0 0 0 0 0 1 preserve
8603 0 0 0 0 8604 0 0 0 0 0 0 0 0 0 0 0 0 0 0 0 0 0 0 0 0 0 0 0 0 0
8604 0 0 0 0 0 8605 0 0 0 0 0 0 0 0 0 0 0 0 0 0 0 0 0 0 0 0 0 0 0 0
8605 0 0 0 0 0 0 0 0 0 0 0 0 0 0 8606 0 0 0 0 0 0 0 0 0 0 0 0 0 0 0
8606 0 0 0 0 0 0 0 0 0 0 0 0 0 0 0 0 0 0 0 0 8607 0 0 0 0 0 0 0 0 0
8607 0 0 0 0 0 0 0 0 0 0 0 0 0 0 0 0 0 0 0 0 0 0 0 0 0 0 0 0 0 1 president
8608 0 0 0 0 0 0 0 0 0 0 0 0 0 0 0 0 0 0 0 0 0 8609 0 0 0 0 0 0 0 1 press
8609 0 0 0 0 0 0 0 0 0 0 0 0 0 0 0 0 0 0 8610 0 0 0 0 0 0 0 0 0 0 0
8610 0 0 0 0 0 8611 0 0 0 0 0 0 0 0 0 0 0 0 0 0 0 0 0 0 0 0 0 0 0 0
8611 0 0 0 0 0 0 0 0 0 0 0 0 0 0 0 0 0 0 0 0 0 0 0 0 0 0 0 0 0 1 pressure
8612 0 0 0 0 0 8613 0 0 0 0 0 0 0 0 0 0 0 0 0 0 8616 0 0 0 0 0 0 0 0 0
8613 0 0 0 0 0 0 0 0 0 0 0 0 0 0 8614 0 0 0 0 0 0 0 0 0 0 0 0 0 0 0
8614 0 0 0 0 8615 0 0 0 0 0 0 0 0 0 0 0 0 0 0 0 0 0 0 0 0 0 0 0 0 0
8615 0 0 0 0 0 0 0 0 0 0 0 0 0 0 0 0 0 0 0 0 0 0 0 0 0 0 0 0 0 1 pretend
8616 0 0 0 0 0 0 0 0 0 0 0 0 0 0 0 0 0 0 0 0 0 0 0 0 0 8617 0 0 0 0
8617 0 0 0 0 0 0 0 0 0 0 0 0 0 0 0 0 0 0 0 0 0 0 0 0 0 0 0 0 0 1 pretty
8618 0 8619 0 0 0 8622 0 0 0 8625 0 0 0 0 0 0 0 0 0 0 0 0 0 0 0 0 0 0 0 0
8619 0 0 0 0 0 0 0 0 0 8620 0 0 0 0 0 0 0 0 0 0 0 0 0 0 0 0 0 0 0 0
8620 0 0 0 0 0 0 0 0 0 0 0 0 8621 0 0 0 0 0 0 0 0 0 0 0 0 0 0 0 0 0
8621 0 0 0 0 0 0 0 0 0 0 0 0 0 0 0 0 0 0 0 0 0 0 0 0 0 0 0 0 0 1 prevail
8622 0 0 0 0 0 0 0 0 0 0 0 0 0 0 8623 0 0 0 0 0 0 0 0 0 0 0 0 0 0 0
8623 0 0 0 0 0 0 0 0 0 0 0 0 0 0 0 0 0 0 0 0 8624 0 0 0 0 0 0 0 0 0
8624 0 0 0 0 0 0 0 0 0 0 0 0 0 0 0 0 0 0 0 0 0 0 0 0 0 0 0 0 0 1 prevent
8625 0 0 0 0 0 0 0 0 0 0 0 0 0 0 0 8626 0 0 0 0 0 0 0 0 0 0 0 0 0 0
8626 0 0 0 0 0 0 0 0 0 0 0 0 0 0 0 0 0 0 0 0 0 8627 0 0 0 0 0 0 0 0
8627 0 0 0 0 0 0 0 0 0 0 0 0 0 0 0 0 0 0 0 8628 0 0 0 0 0 0 0 0 0 0
8628 0 0 0 0 0 0 0 0 0 0 0 0 8629 0 0 0 0 0 0 0 0 0 0 0 0 0 0 0 0 1 previous
8629 0 0 0 0 0 0 0 0 0 0 0 0 0 0 0 0 0 0 0 0 0 0 0 0 0 8630 0 0 0 0
8630 0 0 0 0 0 0 0 0 0 0 0 0 0 0 0 0 0 0 0 0 0 0 0 0 0 0 0 0 0 1 previously
8631 0 0 0 8632 8634 8636 0 0 0 0 0 0 0 8639 8652 8664 0 0 0 8666 0 0 8671 0 0 0 8680 0 0 0
8632 0 0 0 0 0 8633 0 0 0 0 0 0 0 0 0 0 0 0 0 0 0 0 0 0 0 0 0 0 0 0
8633 0 0 0 0 0 0 0 0 0 0 0 0 0 0 0 0 0 0 0 0 0 0 0 0 0 0 0 0 0 1 price
8634 0 0 0 0 0 8635 0 0 0 0 0 0 0 0 0 0 0 0 0 0 0 0 0 0 0 0 0 0 0 0
8635 0 0 0 0 0 0 0 0 0 0 0 0 0 0 0 0 0 0 0 0 0 0 0 0 0 0 0 0 0 1 pride
8636 0 0 0 0 0 0 0 0 0 0 0 0 0 0 0 0 0 0 0 8637 0 0 0 0 0 0 0 0 0 0
8637 0 0 0 0 0 0 0 0 0 0 0 0 0 0 0 0 0 0 0 0 8638 0 0 0 0 0 0 0 0 0
8638 0 0 0 0 0 0 0 0 0 0 0 0 0 0 0 0 0 0 0 0 0 0 0 0 0 0 0 0 0 1 priest
8639 0 8640 0 0 0 8646 0 0 0 8647 0 0 0 0 0 0 0 0 0 0 0 0 0 0 0 0 0 0 0 0
8640 0 0 0 0 0 0 0 0 0 0 0 0 0 0 0 0 0 0 8641 0 0 0 0 0 0 0 0 0 0 0
8641 0 0 0 0 0 0 0 0 0 8642 0 0 0 0 0 0 0 0 0 0 0 0 0 0 0 8645 0 0 0 0
8642 0 0 0 0 0 0 0 0 0 0 0 0 8643 0 0 0 0 0 0 0 0 0 0 0 0 0 0 0 0 0
8643 0 0 0 0 0 0 0 0 0 0 0 0 0 0 0 0 0 0 0 0 0 0 0 0 0 8644 0 0 0 0
8644 0 0 0 0 0 0 0 0 0 0 0 0 0 0 0 0 0 0 0 0 0 0 0 0 0 0 0 0 0 1 primarily
8645 0 0 0 0 0 0 0 0 0 0 0 0 0 0 0 0 0 0 0 0 0 0 0 0 0 0 0 0 0 1 primary
8646 0 0 0 0 0 0 0 0 0 0 0 0 0 0 0 0 0 0 0 0 0 0 0 0 0 0 0 0 0 1 prime
8647 0 0 0 0 0 0 0 0 0 0 0 0 0 0 0 0 0 0 0 0 8648 0 0 0 0 0 0 0 0 0
8648 0 0 0 0 0 0 0 0 0 8649 0 0 0 0 0 0 0 0 0 0 0 0 0 0 0 0 0 0 0 0
8649 0 0 0 0 0 0 0 0 0 0 0 0 0 0 0 0 0 0 0 0 0 0 8650 0 0 0 0 0 0 0
8650 0 0 0 0 0 8651 0 0 0 0 0 0 0 0 0 0 0 0 0 0 0 0 0 0 0 0 0 0 0 0
8651 0 0 0 0 0 0 0 0 0 0 0 0 0 0 0 0 0 0 0 0 0 0 0 0 0 0 0 0 0 1 primitive
8652 0 0 0 8653 0 0 0 0 0 0 0 0 0 0 0 0 0 0 0 0 8663 0 0 0 0 0 0 0 0 0
8653 0 0 0 0 0 8654 0 0 0 8657 0 0 0 0 0 0 0 0 0 0 0 0 0 0 0 0 0 0 0 0
8654 0 0 0 0 0 0 0 0 0 0 0 0 0 0 0 0 0 0 0 8655 0 0 0 0 0 0 0 0 0 1 prince
8655 0 0 0 0 0 0 0 0 0 0 0 0 0 0 0 0 0 0 0 8656 0 0 0 0 0 0 0 0 0 0
8656 0 0 0 0 0 0 0 0 0 0 0 0 0 0 0 0 0 0 0 0 0 0 0 0 0 0 0 0 0 1 princess
8657 0 0 0 0 0 0 0 0 0 0 0 0 0 0 0 0 8658 0 0 0 0 0 0 0 0 0 0 0 0 0
8658 0 8659 0 0 0 0 0 0 0 0 0 0 8661 0 0 0 0 0 0 0 0 0 0 0 0 0 0 0 0 0
8659 0 0 0 0 0 0 0 0 0 0 0 0 8660 0 0 0 0 0 0 0 0 0 0 0 0 0 0 0 0 0
8660 0 0 0 0 0 0 0 0 0 0 0 0 0 0 0 0 0 0 0 0 0 0 0 0 0 0 0 0 0 1 principal
8661 0 0 0 0 0 8662 0 0 0 0 0 0 0 0 0 0 0 0 0 0 0 0 0 0 0 0 0 0 0 0
8662 0 0 0 0 0 0 0 0 0 0 0 0 0 0 0 0 0 0 0 0 0 0 0 0 0 0 0 0 0 1 principle
8663 0 0 0 0 0 0 0 0 0 0 0 0 0 0 0 0 0 0 0 0 0 0 0 0 0 0 0 0 0 1 print
8664 0 0 0 0 0 0 0 0 0 0 0 0 0 0 0 0 0 0 8665 0 0 0 0 0 0 0 0 0 0 0
8665 0 0 0 0 0 0 0 0 0 0 0 0 0 0 0 0 0 0 0 0 0 0 0 0 0 0 0 0 0 1 prior
8666 0 0 0 0 0 0 0 0 0 0 0 0 0 0 0 8667 0 0 0 0 0 0 0 0 0 0 0 0 0 0
8667 0 0 0 0 0 0 0 0 0 0 0 0 0 0 8668 0 0 0 0 0 0 0 0 0 0 0 0 0 0 0
8668 0 0 0 0 0 8669 0 0 0 0 0 0 0 0 0 0 0 0 0 0 0 0 0 0 0 0 0 0 0 1 prison
8669 0 0 0 0 0 0 0 0 0 0 0 0 0 0 0 0 0 0 8670 0 0 0 0 0 0 0 0 0 0 0
8670 0 0 0 0 0 0 0 0 0 0 0 0 0 0 0 0 0 0 0 0 0 0 0 0 0 0 0 0 0 1 prisoner
8671 0 8672 0 0 0 0 0 0 0 8675 0 0 0 0 0 0 0 0 0 0 0 0 0 0 0 0 0 0 0 0
8672 0 0 0 0 0 0 0 0 0 0 0 0 0 0 0 0 0 0 0 0 8673 0 0 0 0 0 0 0 0 0
8673 0 0 0 0 0 8674 0 0 0 0 0 0 0 0 0 0 0 0 0 0 0 0 0 0 0 0 0 0 0 0
8674 0 0 0 0 0 0 0 0 0 0 0 0 0 0 0 0 0 0 0 0 0 0 0 0 0 0 0 0 0 1 private
8675 0 0 0 0 0 0 0 0 0 0 0 0 8676 0 0 0 0 0 0 0 0 0 0 0 0 0 0 0 0 0
8676 0 0 0 0 0 8677 0 0 0 0 0 0 0 0 0 0 0 0 0 0 0 0 0 0 0 0 0 0 0 0
8677 0 0 0 0 0 0 0 8678 0 0 0 0 0 0 0 0 0 0 0 0 0 0 0 0 0 0 0 0 0 0
8678 0 0 0 0 0 8679 0 0 0 0 0 0 0 0 0 0 0 0 0 0 0 0 0 0 0 0 0 0 0 0
8679 0 0 0 0 0 0 0 0 0 0 0 0 0 0 0 0 0 0 0 0 0 0 0 0 0 0 0 0 0 1 privilege
8680 0 0 0 0 0 8681 0 0 0 0 0 0 0 0 0 0 0 0 0 0 0 0 0 0 0 0 0 0 0 0
8681 0 0 0 0 0 0 0 0 0 0 0 0 0 0 0 0 0 0 0 0 0 0 0 0 0 0 0 0 0 1 prize
8682 0 0 8683 8697 8714 0 8724 8737 8747 0 8752 0 0 8756 8772 8787 8789 0 0 8808 8820 8833 8835 0 0 0 0 0 0 0
8683 0 8684 0 0 0 0 0 0 0 0 0 0 8694 0 0 0 0 0 0 0 0 0 0 0 0 0 0 0 0 0
8684 0 0 8685 0 0 0 0 0 0 0 0 0 0 0 0 0 0 0 0 0 0 0 0 0 0 0 0 0 0 0
8685 0 0 0 0 0 0 0 0 0 8686 0 0 8691 0 0 0 0 0 0 0 0 0 0 0 0 0 0 0 0 0
8686 0 0 0 0 0 0 0 0 0 0 0 0 8687 0 0 0 0 0 0 0 0 0 0 0 0 0 0 0 0 0
8687 0 0 0 0 0 0 0 0 0 8688 0 0 0 0 0 0 0 0 0 0 0 0 0 0 0 0 0 0 0 0
8688 0 0 0 0 0 0 0 0 0 0 0 0 0 0 0 0 0 0 0 0 8689 0 0 0 0 0 0 0 0 0
8689 0 0 0 0 0 0 0 0 0 0 0 0 0 0 0 0 0 0 0 0 0 0 0 0 0 8690 0 0 0 0
8690 0 0 0 0 0 0 0 0 0 0 0 0 0 0 0 0 0 0 0 0 0 0 0 0 0 0 0 0 0 1 probability
8691 0 0 0 0 0 8692 0 0 0 0 0 0 0 0 0 0 0 0 0 0 0 0 0 0 0 8693 0 0 0 0
8692 0 0 0 0 0 0 0 0 0 0 0 0 0 0 0 0 0 0 0 0 0 0 0 0 0 0 0 0 0 1 probable
8693 0 0 0 0 0 0 0 0 0 0 0 0 0 0 0 0 0 0 0 0 0 0 0 0 0 0 0 0 0 1 probably
8694 0 0 0 0 0 8695 0 0 0 0 0 0 0 0 0 0 0 0 0 0 0 0 0 0 0 0 0 0 0 0
8695 0 0 0 0 0 0 0 0 0 0 0 0 0 8696 0 0 0 0 0 0 0 0 0 0 0 0 0 0 0 0
8696 0 0 0 0 0 0 0 0 0 0 0 0 0 0 0 0 0 0 0 0 0 0 0 0 0 0 0 0 0 1 problem
8697 0 0 0 0 0 8698 0 0 0 0 0 0 8710 0 0 0 0 0 0 0 0 0 0 0 0 0 0 0 0 0
8698 0 0 0 0 8699 8703 0 0 0 0 0 0 0 0 0 0 0 0 0 8705 0 0 0 0 0 0 0 0 0 0
8699 0 0 0 0 0 0 0 0 0 0 0 0 0 0 0 0 0 0 0 0 0 8700 0 0 0 0 0 0 0 0
8700 0 0 0 0 0 0 0 0 0 0 0 0 0 0 0 0 0 0 8701 0 0 0 0 0 0 0 0 0 0 0
8701 0 0 0 0 0 8702 0 0 0 0 0 0 0 0 0 0 0 0 0 0 0 0 0 0 0 0 0 0 0 0
8702 0 0 0 0 0 0 0 0 0 0 0 0 0 0 0 0 0 0 0 0 0 0 0 0 0 0 0 0 0 1 procedure
8703 0 0 0 0 8704 0 0 0 0 0 0 0 0 0 0 0 0 0 0 0 0 0 0 0 0 0 0 0 0 0
8704 0 0 0 0 0 0 0 0 0 0 0 0 0 0 0 0 0 0 0 0 0 0 0 0 0 0 0 0 0 1 proceed
8705 0 0 0 0 0 0 0 0 0 0 0 0 0 0 0 0 0 0 0 8706 0 0 0 0 0 0 0 0 0 0
8706 0 0 0 0 0 0 0 0 0 8707 0 0 0 0 0 0 0 0 0 0 0 0 0 0 0 0 0 0 0 1 process
8707 0 0 0 0 0 0 0 0 0 0 0 0 0 0 0 8708 0 0 0 0 0 0 0 0 0 0 0 0 0 0
8708 0 0 0 0 0 0 0 0 0 0 0 0 0 0 8709 0 0 0 0 0 0 0 0 0 0 0 0 0 0 0
8709 0 0 0 0 0 0 0 0 0 0 0 0 0 0 0 0 0 0 0 0 0 0 0 0 0 0 0 0 0 1 procession
8710 0 8711 0 0 0 0 0 0 0 0 0 0 0 0 0 0 0 0 0 0 0 0 0 0 0 0 0 0 0 0
8711 0 0 0 0 0 0 0 0 0 8712 0 0 0 0 0 0 0 0 0 0 0 0 0 0 0 0 0 0 0 0
8712 0 0 0 0 0 0 0 0 0 0 0 0 0 8713 0 0 0 0 0 0 0 0 0 0 0 0 0 0 0 0
8713 0 0 0 0 0 0 0 0 0 0 0 0 0 0 0 0 0 0 0 0 0 0 0 0 0 0 0 0 0 1 proclaim
8714 0 0 0 0 0 0 0 0 0 0 0 0 0 0 0 0 0 0 0 0 0 8715 0 0 0 0 0 0 0 0
8715 0 0 0 8716 0 0 0 0 0 0 0 0 0 0 0 0 0 0 0 0 0 0 0 0 0 0 0 0 0 0
8716 0 0 0 0 0 8717 0 0 0 0 0 0 0 0 0 0 0 0 0 0 8718 0 0 0 0 0 0 0 0 0
8717 0 0 0 0 0 0 0 0 0 0 0 0 0 0 0 0 0 0 0 0 0 0 0 0 0 0 0 0 0 1 produce
8718 0 0 0 0 0 0 0 0 0 8719 0 0 0 0 0 0 0 0 0 0 0 0 0 0 0 0 0 0 0 1 product
8719 0 0 0 0 0 0 0 0 0 0 0 0 0 0 0 8720 0 0 0 0 0 0 8722 0 0 0 0 0 0 0
8720 0 0 0 0 0 0 0 0 0 0 0 0 0 0 8721 0 0 0 0 0 0 0 0 0 0 0 0 0 0 0
8721 0 0 0 0 0 0 0 0 0 0 0 0 0 0 0 0 0 0 0 0 0 0 0 0 0 0 0 0 0 1 production
8722 0 0 0 0 0 8723 0 0 0 0 0 0 0 0 0 0 0 0 0 0 0 0 0 0 0 0 0 0 0 0
8723 0 0 0 0 0 0 0 0 0 0 0 0 0 0 0 0 0 0 0 0 0 0 0 0 0 0 0 0 0 1 productive
8724 0 0 0 0 0 8725 0 0 0 8735 0 0 0 0 0 0 0 0 0 0 0 0 0 0 0 0 0 0 0 0
8725 0 0 0 0 0 0 0 0 0 0 0 0 0 0 0 0 0 0 0 8726 0 0 0 0 0 0 0 0 0 0
8726 0 0 0 0 0 0 0 0 0 0 0 0 0 0 0 0 0 0 0 8727 0 0 0 0 0 0 0 0 0 0
8727 0 0 0 0 0 0 0 0 0 8728 0 0 0 0 0 8733 0 0 0 0 0 0 0 0 0 0 0 0 0 0
8728 0 0 0 0 0 0 0 0 0 0 0 0 0 0 0 8729 0 0 0 0 0 0 0 0 0 0 0 0 0 0
8729 0 0 0 0 0 0 0 0 0 0 0 0 0 0 8730 0 0 0 0 0 0 0 0 0 0 0 0 0 0 0
8730 0 8731 0 0 0 0 0 0 0 0 0 0 0 0 0 0 0 0 0 0 0 0 0 0 0 0 0 0 0 1 profession
8731 0 0 0 0 0 0 0 0 0 0 0 0 8732 0 0 0 0 0 0 0 0 0 0 0 0 0 0 0 0 0
8732 0 0 0 0 0 0 0 0 0 0 0 0 0 0 0 0 0 0 0 0 0 0 0 0 0 0 0 0 0 1 professional
8733 0 0 0 0 0 0 0 0 0 0 0 0 0 0 0 0 0 0 8734 0 0 0 0 0 0 0 0 0 0 0
8734 0 0 0 0 0 0 0 0 0 0 0 0 0 0 0 0 0 0 0 0 0 0 0 0 0 0 0 0 0 1 professor
8735 0 0 0 0 0 0 0 0 0 0 0 0 0 0 0 0 0 0 0 0 8736 0 0 0 0 0 0 0 0 0
8736 0 0 0 0 0 0 0 0 0 0 0 0 0 0 0 0 0 0 0 0 0 0 0 0 0 0 0 0 0 1 profit
8737 0 0 0 0 0 0 0 0 0 0 0 0 0 0 0 0 0 0 8738 0 0 0 0 0 0 0 0 0 0 0
8738 0 8739 0 0 0 8741 0 0 0 0 0 0 0 0 0 0 0 0 0 0 0 0 0 0 0 0 0 0 0 0
8739 0 0 0 0 0 0 0 0 0 0 0 0 0 8740 0 0 0 0 0 0 0 0 0 0 0 0 0 0 0 0
8740 0 0 0 0 0 0 0 0 0 0 0 0 0 0 0 0 0 0 0 0 0 0 0 0 0 0 0 0 0 1 program
8741 0 0 0 0 0 0 0 0 0 0 0 0 0 0 0 0 0 0 0 8742 0 0 0 0 0 0 0 0 0 0
8742 0 0 0 0 0 0 0 0 0 0 0 0 0 0 0 0 0 0 0 8743 0 0 0 0 0 0 0 0 0 0
8743 0 0 0 0 0 0 0 0 0 8744 0 0 0 0 0 0 0 0 0 0 0 0 0 0 0 0 0 0 0 1 progress
8744 0 0 0 0 0 0 0 0 0 0 0 0 0 0 0 0 0 0 0 0 0 0 8745 0 0 0 0 0 0 0
8745 0 0 0 0 0 8746 0 0 0 0 0 0 0 0 0 0 0 0 0 0 0 0 0 0 0 0 0 0 0 0
8746 0 0 0 0 0 0 0 0 0 0 0 0 0 0 0 0 0 0 0 0 0 0 0 0 0 0 0 0 0 1 progressive
8747 0 0 0 0 0 0 0 0 0 8748 0 0 0 0 0 0 0 0 0 0 0 0 0 0 0 0 0 0 0 0
8748 0 0 8749 0 0 0 0 0 0 0 0 0 0 0 0 0 0 0 0 0 0 0 0 0 0 0 0 0 0 0
8749 0 0 0 0 0 0 0 0 0 8750 0 0 0 0 0 0 0 0 0 0 0 0 0 0 0 0 0 0 0 0
8750 0 0 0 0 0 0 0 0 0 0 0 0 0 0 0 0 0 0 0 0 8751 0 0 0 0 0 0 0 0 0
8751 0 0 0 0 0 0 0 0 0 0 0 0 0 0 0 0 0 0 0 0 0 0 0 0 0 0 0 0 0 1 prohibit
8752 0 0 0 0 0 8753 0 0 0 0 0 0 0 0 0 0 0 0 0 0 0 0 0 0 0 0 0 0 0 0
8753 0 0 0 8754 0 0 0 0 0 0 0 0 0 0 0 0 0 0 0 0 0 0 0 0 0 0 0 0 0 0
8754 0 0 0 0 0 0 0 0 0 0 0 0 0 0 0 0 0 0 0 0 8755 0 0 0 0 0 0 0 0 0
8755 0 0 0 0 0 0 0 0 0 0 0 0 0 0 0 0 0 0 0 0 0 0 0 0 0 0 0 0 0 1 project
8756 0 0 0 0 0 0 0 0 0 8757 0 0 0 0 0 8767 8770 0 0 0 0 0 0 0 0 0 0 0 0 0
8757 0 0 0 0 0 0 0 0 0 0 0 0 0 0 8758 0 0 0 0 8762 0 0 0 0 0 0 0 0 0 0
8758 0 0 0 0 0 8759 0 0 0 0 0 0 0 0 0 0 0 0 0 0 0 0 0 0 0 0 0 0 0 0
8759 0 0 0 0 0 0 0 0 0 0 0 0 0 0 8760 0 0 0 0 0 0 0 0 0 0 0 0 0 0 0
8760 0 0 0 0 0 0 0 0 0 0 0 0 0 0 0 0 0 0 0 0 8761 0 0 0 0 0 0 0 0 0
8761 0 0 0 0 0 0 0 0 0 0 0 0 0 0 0 0 0 0 0 0 0 0 0 0 0 0 0 0 0 1 prominent
8762 0 0 0 0 0 8763 0 0 0 8764 0 0 0 0 0 0 0 0 0 0 0 0 0 0 0 0 0 0 0 0
8763 0 0 0 0 0 0 0 0 0 0 0 0 0 0 0 0 0 0 0 0 0 0 0 0 0 0 0 0 0 1 promise
8764 0 0 0 0 0 0 0 0 0 0 0 0 0 0 8765 0 0 0 0 0 0 0 0 0 0 0 0 0 0 0
8765 0 0 0 0 0 0 0 8766 0 0 0 0 0 0 0 0 0 0 0 0 0 0 0 0 0 0 0 0 0 0
8766 0 0 0 0 0 0 0 0 0 0 0 0 0 0 0 0 0 0 0 0 0 0 0 0 0 0 0 0 0 1 promising
8767 0 0 0 0 0 0 0 0 0 0 0 0 0 0 0 0 0 0 0 0 8768 0 0 0 0 0 0 0 0 0
8768 0 0 0 0 0 8769 0 0 0 0 0 0 0 0 0 0 0 0 0 0 0 0 0 0 0 0 0 0 0 0
8769 0 0 0 0 0 0 0 0 0 0 0 0 0 0 0 0 0 0 0 0 0 0 0 0 0 0 0 0 0 1 promote
8770 0 0 0 0 0 0 0 0 0 0 0 0 0 0 0 0 0 0 0 0 8771 0 0 0 0 0 0 0 0 0
8771 0 0 0 0 0 0 0 0 0 0 0 0 0 0 0 0 0 0 0 0 0 0 0 0 0 0 0 0 0 1 prompt
8772 0 0 0 0 0 0 0 0 0 0 0 0 0 0 0 8773 0 0 0 0 0 8778 0 0 0 0 0 0 0 0
8773 0 0 0 0 0 0 0 0 0 0 0 0 0 0 0 0 0 0 0 0 0 8774 0 0 0 0 0 0 0 0
8774 0 0 0 0 0 0 0 0 0 0 0 0 0 0 8775 0 0 0 0 0 0 0 0 0 0 0 0 0 0 0
8775 0 0 0 8776 0 0 0 0 0 0 0 0 0 0 0 0 0 0 0 0 0 0 0 0 0 0 0 0 0 1 pronoun
8776 0 0 0 0 0 8777 0 0 0 0 0 0 0 0 0 0 0 0 0 0 0 0 0 0 0 0 0 0 0 0
8777 0 0 0 0 0 0 0 0 0 0 0 0 0 0 0 0 0 0 0 0 0 0 0 0 0 0 0 0 0 1 pronounce
8778 0 0 0 0 0 0 0 0 0 0 0 0 0 0 8779 0 0 0 0 0 0 0 0 0 0 0 0 0 0 0
8779 0 0 0 8780 0 0 0 0 0 0 0 0 0 0 0 0 0 0 0 0 0 0 0 0 0 0 0 0 0 0
8780 0 0 0 0 0 0 0 0 0 8781 0 0 0 0 0 0 0 0 0 0 0 0 0 0 0 0 0 0 0 0
8781 0 8782 0 0 0 0 0 0 0 0 0 0 0 0 0 0 0 0 0 0 0 0 0 0 0 0 0 0 0 0
8782 0 0 0 0 0 0 0 0 0 0 0 0 0 0 0 0 0 0 0 0 8783 0 0 0 0 0 0 0 0 0
8783 0 0 0 0 0 0 0 0 0 8784 0 0 0 0 0 0 0 0 0 0 0 0 0 0 0 0 0 0 0 0
8784 0 0 0 0 0 0 0 0 0 0 0 0 0 0 0 8785 0 0 0 0 0 0 0 0 0 0 0 0 0 0
8785 0 0 0 0 0 0 0 0 0 0 0 0 0 0 8786 0 0 0 0 0 0 0 0 0 0 0 0 0 0 0
8786 0 0 0 0 0 0 0 0 0 0 0 0 0 0 0 0 0 0 0 0 0 0 0 0 0 0 0 0 0 1 pronunciation
8787 0 0 0 0 0 0 8788 0 0 0 0 0 0 0 0 0 0 0 0 0 0 0 0 0 0 0 0 0 0 0
8788 0 0 0 0 0 0 0 0 0 0 0 0 0 0 0 0 0 0 0 0 0 0 0 0 0 0 0 0 0 1 proof
8789 0 0 0 0 0 8790 0 0 0 0 0 0 0 0 0 8796 0 0 0 0 0 0 0 0 0 0 0 0 0 0
8790 0 0 0 0 0 0 0 0 0 0 0 0 0 0 0 0 0 0 8791 0 0 0 0 0 0 0 0 0 0 0
8791 0 0 0 0 0 0 0 0 0 0 0 0 8792 0 0 0 0 0 0 0 8794 0 0 0 0 0 0 0 0 1 proper
8792 0 0 0 0 0 0 0 0 0 0 0 0 0 0 0 0 0 0 0 0 0 0 0 0 0 8793 0 0 0 0
8793 0 0 0 0 0 0 0 0 0 0 0 0 0 0 0 0 0 0 0 0 0 0 0 0 0 0 0 0 0 1 properly
8794 0 0 0 0 0 0 0 0 0 0 0 0 0 0 0 0 0 0 0 0 0 0 0 0 0 8795 0 0 0 0
8795 0 0 0 0 0 0 0 0 0 0 0 0 0 0 0 0 0 0 0 0 0 0 0 0 0 0 0 0 0 1 property
8796 0 0 0 0 0 0 0 0 0 0 0 0 0 0 0 0 0 0 8797 8804 0 0 0 0 0 0 0 0 0 0
8797 0 0 0 0 0 0 0 0 0 0 0 0 0 0 0 0 0 0 0 0 8798 0 0 0 0 0 0 0 0 0
8798 0 0 0 0 0 0 0 0 0 8799 0 0 0 0 0 0 0 0 0 0 0 0 0 0 0 0 0 0 0 0
8799 0 0 0 0 0 0 0 0 0 0 0 0 0 0 0 8800 0 0 0 0 0 0 0 0 0 0 0 0 0 0
8800 0 0 0 0 0 0 0 0 0 0 0 0 0 0 8801 0 0 0 0 0 0 0 0 0 0 0 0 0 0 0
8801 0 8802 0 0 0 0 0 0 0 0 0 0 0 0 0 0 0 0 0 0 0 0 0 0 0 0 0 0 0 1 proportion
8802 0 0 0 0 0 0 0 0 0 0 0 0 8803 0 0 0 0 0 0 0 0 0 0 0 0 0 0 0 0 0
8803 0 0 0 0 0 0 0 0 0 0 0 0 0 0 0 0 0 0 0 0 0 0 0 0 0 0 0 0 0 1 proportional
8804 0 8805 0 0 0 8807 0 0 0 0 0 0 0 0 0 0 0 0 0 0 0 0 0 0 0 0 0 0 0 0
8805 0 0 0 0 0 0 0 0 0 0 0 0 8806 0 0 0 0 0 0 0 0 0 0 0 0 0 0 0 0 0
8806 0 0 0 0 0 0 0 0 0 0 0 0 0 0 0 0 0 0 0 0 0 0 0 0 0 0 0 0 0 1 proposal
8807 0 0 0 0 0 0 0 0 0 0 0 0 0 0 0 0 0 0 0 0 0 0 0 0 0 0 0 0 0 1 propose
8808 0 0 0 0 0 0 0 0 0 0 0 0 0 0 0 0 8809 0 0 0 0 0 0 0 0 0 0 0 0 0
8809 0 0 0 0 0 8810 0 0 0 0 0 0 0 0 0 0 0 0 0 0 0 0 0 0 0 0 0 0 0 0
8810 0 0 0 8811 0 0 0 0 0 0 0 0 0 0 0 0 0 0 8813 0 0 0 0 0 0 0 0 0 0 0
8811 0 0 0 0 0 0 0 0 0 0 0 0 0 0 0 0 0 0 0 0 8812 0 0 0 0 0 0 0 0 0
8812 0 0 0 0 0 0 0 0 0 0 0 0 0 0 0 0 0 0 0 0 0 0 0 0 0 0 0 0 0 1 prospect
8813 0 0 0 0 0 0 0 0 0 8814 0 0 0 0 0 8817 0 0 0 0 0 0 0 0 0 0 0 0 0 0
8814 0 0 0 0 0 0 0 0 0 0 0 0 0 0 0 0 0 0 0 0 8815 0 0 0 0 0 0 0 0 0
8815 0 0 0 0 0 0 0 0 0 0 0 0 0 0 0 0 0 0 0 0 0 0 0 0 0 8816 0 0 0 0
8816 0 0 0 0 0 0 0 0 0 0 0 0 0 0 0 0 0 0 0 0 0 0 0 0 0 0 0 0 0 1 prosperity
8817 0 0 0 0 0 0 0 0 0 0 0 0 0 0 0 0 0 0 0 0 0 8818 0 0 0 0 0 0 0 0
8818 0 0 0 0 0 0 0 0 0 0 0 0 0 0 0 0 0 0 0 8819 0 0 0 0 0 0 0 0 0 0
8819 0 0 0 0 0 0 0 0 0 0 0 0 0 0 0 0 0 0 0 0 0 0 0 0 0 0 0 0 0 1 prosperous
8820 0 0 0 0 0 8821 0 0 0 0 0 0 0 0 0 0 0 0 0 0 0 0 0 0 0 0 0 0 0 0
8821 0 0 0 8822 0 0 0 0 0 8829 0 0 0 0 0 0 0 0 0 8831 0 0 0 0 0 0 0 0 0 0
8822 0 0 0 0 0 0 0 0 0 0 0 0 0 0 0 0 0 0 0 0 8823 0 0 0 0 0 0 0 0 0
8823 0 0 0 0 0 0 0 0 0 8824 0 0 0 0 0 0 0 0 0 0 0 0 0 0 0 0 0 0 0 1 protect
8824 0 0 0 0 0 0 0 0 0 0 0 0 0 0 0 8825 0 0 0 0 0 0 8827 0 0 0 0 0 0 0
8825 0 0 0 0 0 0 0 0 0 0 0 0 0 0 8826 0 0 0 0 0 0 0 0 0 0 0 0 0 0 0
8826 0 0 0 0 0 0 0 0 0 0 0 0 0 0 0 0 0 0 0 0 0 0 0 0 0 0 0 0 0 1 protection
8827 0 0 0 0 0 8828 0 0 0 0 0 0 0 0 0 0 0 0 0 0 0 0 0 0 0 0 0 0 0 0
8828 0 0 0 0 0 0 0 0 0 0 0 0 0 0 0 0 0 0 0 0 0 0 0 0 0 0 0 0 0 1 protective
8829 0 0 0 0 0 0 0 0 0 0 0 0 0 0 8830 0 0 0 0 0 0 0 0 0 0 0 0 0 0 0
8830 0 0 0 0 0 0 0 0 0 0 0 0 0 0 0 0 0 0 0 0 0 0 0 0 0 0 0 0 0 1 protein
8831 0 0 0 0 0 0 0 0 0 0 0 0 0 0 0 0 0 0 0 0 8832 0 0 0 0 0 0 0 0 0
8832 0 0 0 0 0 0 0 0 0 0 0 0 0 0 0 0 0 0 0 0 0 0 0 0 0 0 0 0 0 1 protest
8833 0 0 0 0 8834 0 0 0 0 0 0 0 0 0 0 0 0 0 0 0 0 0 0 0 0 0 0 0 0 0
8834 0 0 0 0 0 0 0 0 0 0 0 0 0 0 0 0 0 0 0 0 0 0 0 0 0 0 0 0 0 1 proud
8835 0 0 0 0 0 8836 0 0 0 8837 0 0 0 0 0 0 0 0 0 0 0 0 0 0 0 0 0 0 0 0
8836 0 0 0 0 0 0 0 0 0 0 0 0 0 0 0 0 0 0 0 0 0 0 0 0 0 0 0 0 0 1 prove
8837 0 0 0 0 8838 0 0 0 0 0 0 0 0 0 8841 0 0 0 0 8844 0 0 0 0 0 0 0 0 0 0
8838 0 0 0 0 0 8839 0 0 0 0 0 0 0 0 0 0 0 0 0 0 0 0 0 0 0 0 0 0 0 0
8839 0 0 0 0 8840 0 0 0 0 0 0 0 0 0 0 0 0 0 0 0 0 0 0 0 0 0 0 0 0 1 provide
8840 0 0 0 0 0 0 0 0 0 0 0 0 0 0 0 0 0 0 0 0 0 0 0 0 0 0 0 0 0 1 provided
8841 0 0 0 8842 0 0 0 0 0 0 0 0 0 0 0 0 0 0 0 0 0 0 0 0 0 0 0 0 0 0
8842 0 0 0 0 0 8843 0 0 0 0 0 0 0 0 0 0 0 0 0 0 0 0 0 0 0 0 0 0 0 0
8843 0 0 0 0 0 0 0 0 0 0 0 0 0 0 0 0 0 0 0 0 0 0 0 0 0 0 0 0 0 1 province
8844 0 0 0 0 0 0 0 0 0 8845 0 0 0 0 0 0 0 0 0 0 0 0 0 0 0 0 0 0 0 0
8845 0 0 0 0 0 0 0 0 0 0 0 0 0 0 0 8846 0 0 0 0 0 0 0 0 0 0 0 0 0 0
8846 0 0 0 0 0 0 0 0 0 0 0 0 0 0 8847 0 0 0 0 0 0 0 0 0 0 0 0 0 0 0
8847 0 0 0 0 0 0 0 0 0 0 0 0 0 0 0 0 0 0 0 0 0 0 0 0 0 0 0 0 0 1 provision
8848 0 0 0 0 0 0 0 0 0 0 0 0 0 0 0 0 0 0 0 0 0 0 0 0 0 8849 0 0 0 0
8849 0 0 0 8850 0 0 0 0 0 0 0 0 0 0 0 0 0 0 0 0 0 0 0 0 0 0 0 0 0 0
8850 0 0 0 0 0 0 0 0 8851 0 0 0 0 0 0 0 0 0 0 0 0 0 0 0 0 0 0 0 0 0
8851 0 0 0 0 0 0 0 0 0 0 0 0 0 0 0 8852 0 0 0 0 0 0 0 0 0 0 0 0 0 0
8852 0 0 0 0 0 0 0 0 0 0 0 0 8853 0 0 0 0 0 0 0 0 0 0 0 0 0 0 0 0 0
8853 0 0 0 0 0 0 0 0 0 0 0 0 0 0 0 8854 0 0 0 0 0 0 0 0 0 0 0 0 0 0
8854 0 0 0 0 0 0 0 8855 0 0 0 0 0 0 0 0 0 0 0 0 0 0 0 0 0 0 0 0 0 0
8855 0 0 0 0 0 0 0 0 0 8856 0 0 0 0 0 0 0 0 0 0 0 0 0 0 0 0 0 0 0 0
8856 0 0 0 8857 0 0 0 0 0 0 0 0 0 0 0 0 0 0 0 0 0 0 0 0 0 0 0 0 0 0
8857 0 8858 0 0 0 0 0 0 0 0 0 0 0 0 0 0 0 0 0 0 0 0 0 0 0 0 0 0 0 0
8858 0 0 0 0 0 0 0 0 0 0 0 0 8859 0 0 0 0 0 0 0 0 0 0 0 0 0 0 0 0 0
8859 0 0 0 0 0 0 0 0 0 0 0 0 0 0 0 0 0 0 0 0 0 0 0 0 0 0 0 0 0 1 psychological
8860 0 0 8861 0 8872 0 8877 0 0 0 0 0 8879 8883 8885 0 8899 0 8905 8931 8933 0 0 0 0 0 8934 0 0 0
8861 0 0 0 0 0 0 0 0 0 0 0 0 8862 0 0 0 0 0 0 0 0 0 0 0 0 0 0 0 0 0
8862 0 0 0 0 0 0 0 0 0 8863 0 0 0 0 0 0 0 0 0 0 0 0 0 0 0 0 0 0 0 0
8863 0 0 0 8864 0 0 0 0 0 0 0 0 0 0 0 0 0 0 0 8870 0 0 0 0 0 0 0 0 0 0
8864 0 8865 0 0 0 0 0 0 0 0 0 0 0 0 0 0 0 0 0 0 0 0 0 0 0 0 0 0 0 1 public
8865 0 0 0 0 0 0 0 0 0 0 0 0 0 0 0 0 0 0 0 0 8866 0 0 0 0 0 0 0 0 0
8866 0 0 0 0 0 0 0 0 0 8867 0 0 0 0 0 0 0 0 0 0 0 0 0 0 0 0 0 0 0 0
8867 0 0 0 0 0 0 0 0 0 0 0 0 0 0 0 8868 0 0 0 0 0 0 0 0 0 0 0 0 0 0
8868 0 0 0 0 0 0 0 0 0 0 0 0 0 0 8869 0 0 0 0 0 0 0 0 0 0 0 0 0 0 0
8869 0 0 0 0 0 0 0 0 0 0 0 0 0 0 0 0 0 0 0 0 0 0 0 0 0 0 0 0 0 1 publication
8870 0 0 0 0 0 0 0 0 8871 0 0 0 0 0 0 0 0 0 0 0 0 0 0 0 0 0 0 0 0 0
8871 0 0 0 0 0 0 0 0 0 0 0 0 0 0 0 0 0 0 0 0 0 0 0 0 0 0 0 0 0 1 publish
8872 0 0 0 0 8873 0 0 0 0 0 0 0 0 0 0 0 0 0 0 0 0 0 0 0 0 0 0 0 0 0
8873 0 0 0 0 0 0 0 0 0 8874 0 0 0 0 0 0 0 0 0 0 0 0 0 0 0 0 0 0 0 0
8874 0 0 0 0 0 0 0 0 0 0 0 0 0 0 8875 0 0 0 0 0 0 0 0 0 0 0 0 0 0 0
8875 0 0 0 0 0 0 0 8876 0 0 0 0 0 0 0 0 0 0 0 0 0 0 0 0 0 0 0 0 0 0
8876 0 0 0 0 0 0 0 0 0 0 0 0 0 0 0 0 0 0 0 0 0 0 0 0 0 0 0 0 0 1 pudding
8877 0 0 0 0 0 0 8878 0 0 0 0 0 0 0 0 0 0 0 0 0 0 0 0 0 0 0 0 0 0 0
8878 0 0 0 0 0 0 0 0 0 0 0 0 0 0 0 0 0 0 0 0 0 0 0 0 0 0 0 0 0 1 puff
8879 0 0 0 0 0 0 0 0 0 0 0 0 8880 0 0 0 0 0 0 8881 0 0 0 0 0 0 0 0 0 0
8880 0 0 0 0 0 0 0 0 0 0 0 0 0 0 0 0 0 0 0 0 0 0 0 0 0 0 0 0 0 1 pull
8881 0 0 0 0 0 8882 0 0 0 0 0 0 0 0 0 0 0 0 0 0 0 0 0 0 0 0 0 0 0 0
8882 0 0 0 0 0 0 0 0 0 0 0 0 0 0 0 0 0 0 0 0 0 0 0 0 0 0 0 0 0 1 pulse
8883 0 0 0 0 0 0 0 0 0 0 0 0 0 0 0 0 8884 0 0 0 0 0 0 0 0 0 0 0 0 0
8884 0 0 0 0 0 0 0 0 0 0 0 0 0 0 0 0 0 0 0 0 0 0 0 0 0 0 0 0 0 1 pump
8885 0 0 0 8886 0 0 0 0 0 8892 0 0 0 0 0 0 0 0 0 0 0 0 0 0 0 0 0 0 0 0
8886 0 0 0 0 0 0 0 0 8887 0 0 0 0 0 0 0 0 0 0 0 8888 0 0 0 0 0 0 0 0 0
8887 0 0 0 0 0 0 0 0 0 0 0 0 0 0 0 0 0 0 0 0 0 0 0 0 0 0 0 0 0 1 punch
8888 0 0 0 0 0 0 0 0 0 0 0 0 0 0 0 0 0 0 0 0 0 8889 0 0 0 0 0 0 0 0
8889 0 8890 0 0 0 0 0 0 0 0 0 0 0 0 0 0 0 0 0 0 0 0 0 0 0 0 0 0 0 0
8890 0 0 0 0 0 0 0 0 0 0 0 0 8891 0 0 0 0 0 0 0 0 0 0 0 0 0 0 0 0 0
8891 0 0 0 0 0 0 0 0 0 0 0 0 0 0 0 0 0 0 0 0 0 0 0 0 0 0 0 0 0 1 punctual
8892 0 0 0 0 0 0 0 0 0 0 0 0 0 0 0 0 0 0 0 8893 0 0 0 0 0 0 0 0 0 0
8893 0 0 0 0 0 0 0 0 8894 0 0 0 0 0 0 0 0 0 0 0 0 0 0 0 0 0 0 0 0 0
8894 0 0 0 0 0 0 0 0 0 0 0 0 0 8895 0 0 0 0 0 0 0 0 0 0 0 0 0 0 0 1 punish
8895 0 0 0 0 0 8896 0 0 0 0 0 0 0 0 0 0 0 0 0 0 0 0 0 0 0 0 0 0 0 0
8896 0 0 0 0 0 0 0 0 0 0 0 0 0 0 8897 0 0 0 0 0 0 0 0 0 0 0 0 0 0 0
8897 0 0 0 0 0 0 0 0 0 0 0 0 0 0 0 0 0 0 0 0 8898 0 0 0 0 0 0 0 0 0
8898 0 0 0 0 0 0 0 0 0 0 0 0 0 0 0 0 0 0 0 0 0 0 0 0 0 0 0 0 0 1 punishment
8899 0 0 0 0 0 0 0 0 0 8900 0 0 0 0 0 0 8902 0 0 0 0 0 0 0 0 0 0 0 0 0
8900 0 0 0 0 0 0 0 0 0 0 0 0 8901 0 0 0 0 0 0 0 0 0 0 0 0 0 0 0 0 0
8901 0 0 0 0 0 0 0 0 0 0 0 0 0 0 0 0 0 0 0 0 0 0 0 0 0 0 0 0 0 1 pupil
8902 0 0 0 0 0 8903 0 0 0 0 0 0 0 0 0 0 0 0 0 0 0 0 0 0 0 0 0 0 0 0
8903 0 0 0 0 0 0 0 0 0 0 0 0 0 0 0 0 0 0 0 0 8904 0 0 0 0 0 0 0 0 0
8904 0 0 0 0 0 0 0 0 0 0 0 0 0 0 0 0 0 0 0 0 0 0 0 0 0 0 0 0 0 1 puppet
8905 0 0 0 8906 0 8911 0 0 0 8914 0 0 0 0 0 0 8919 0 0 8925 0 0 0 0 0 0 0 0 0 0
8906 0 0 0 0 0 0 0 0 8907 0 0 0 0 0 0 0 0 0 0 0 0 0 0 0 0 0 0 0 0 0
8907 0 8908 0 0 0 0 0 0 0 0 0 0 0 0 0 0 0 0 0 0 0 0 0 0 0 0 0 0 0 0
8908 0 0 0 0 0 0 0 0 0 0 0 0 0 0 0 0 0 0 0 8909 0 0 0 0 0 0 0 0 0 0
8909 0 0 0 0 0 8910 0 0 0 0 0 0 0 0 0 0 0 0 0 0 0 0 0 0 0 0 0 0 0 0
8910 0 0 0 0 0 0 0 0 0 0 0 0 0 0 0 0 0 0 0 0 0 0 0 0 0 0 0 0 0 1 purchase
8911 0 0 0 0 0 0 0 0 0 0 0 0 8912 0 0 0 0 0 0 0 0 0 0 0 0 0 0 0 0 1 pure
8912 0 0 0 0 0 0 0 0 0 0 0 0 0 0 0 0 0 0 0 0 0 0 0 0 0 8913 0 0 0 0
8913 0 0 0 0 0 0 0 0 0 0 0 0 0 0 0 0 0 0 0 0 0 0 0 0 0 0 0 0 0 1 purely
8914 0 0 0 0 0 0 8915 0 0 0 0 0 0 0 0 0 0 0 0 0 8917 0 0 0 0 0 0 0 0 0
8915 0 0 0 0 0 0 0 0 0 0 0 0 0 0 0 0 0 0 0 0 0 0 0 0 0 8916 0 0 0 0
8916 0 0 0 0 0 0 0 0 0 0 0 0 0 0 0 0 0 0 0 0 0 0 0 0 0 0 0 0 0 1 purify
8917 0 0 0 0 0 0 0 0 0 0 0 0 0 0 0 0 0 0 0 0 0 0 0 0 0 8918 0 0 0 0
8918 0 0 0 0 0 0 0 0 0 0 0 0 0 0 0 0 0 0 0 0 0 0 0 0 0 0 0 0 0 1 purity
8919 0 0 0 0 0 0 0 0 0 0 0 0 8920 0 0 8922 0 0 0 0 0 0 0 0 0 0 0 0 0 0
8920 0 0 0 0 0 8921 0 0 0 0 0 0 0 0 0 0 0 0 0 0 0 0 0 0 0 0 0 0 0 0
8921 0 0 0 0 0 0 0 0 0 0 0 0 0 0 0 0 0 0 0 0 0 0 0 0 0 0 0 0 0 1 purple
8922 0 0 0 0 0 0 0 0 0 0 0 0 0 0 0 0 0 0 0 8923 0 0 0 0 0 0 0 0 0 0
8923 0 0 0 0 0 8924 0 0 0 0 0 0 0 0 0 0 0 0 0 0 0 0 0 0 0 0 0 0 0 0
8924 0 0 0 0 0 0 0 0 0 0 0 0 0 0 0 0 0 0 0 0 0 0 0 0 0 0 0 0 0 1 purpose
8925 0 0 0 0 0 8926 0 0 0 0 0 0 0 0 0 0 0 0 0 0 0 8927 0 0 0 0 0 0 0 0
8926 0 0 0 0 0 0 0 0 0 0 0 0 0 0 0 0 0 0 0 0 0 0 0 0 0 0 0 0 0 1 purse
8927 0 0 0 0 0 8928 0 0 0 8929 0 0 0 0 0 0 0 0 0 0 0 0 0 0 0 0 0 0 0 0
8928 0 0 0 0 0 0 0 0 0 0 0 0 0 0 0 0 0 0 0 0 0 0 0 0 0 0 0 0 0 1 pursue
8929 0 0 0 0 0 0 0 0 0 0 0 0 0 0 0 0 0 0 0 0 8930 0 0 0 0 0 0 0 0 0
8930 0 0 0 0 0 0 0 0 0 0 0 0 0 0 0 0 0 0 0 0 0 0 0 0 0 0 0 0 0 1 pursuit
8931 0 0 0 0 0 0 0 0 8932 0 0 0 0 0 0 0 0 0 0 0 0 0 0 0 0 0 0 0 0 0
8932 0 0 0 0 0 0 0 0 0 0 0 0 0 0 0 0 0 0 0 0 0 0 0 0 0 0 0 0 0 1 push
8933 0 0 0 0 0 0 0 0 0 0 0 0 0 0 0 0 0 0 0 0 0 0 0 0 0 0 0 0 0 1 put
8934 0 0 0 0 0 0 0 0 0 0 0 0 0 0 0 0 0 0 0 0 0 0 0 0 0 0 8935 0 0 0
8935 0 0 0 0 0 0 0 0 0 0 0 0 8936 0 0 0 0 0 0 0 0 0 0 0 0 0 0 0 0 0
8936 0 0 0 0 0 8937 0 0 0 0 0 0 0 0 0 0 0 0 0 0 0 0 0 0 0 0 0 0 0 0
8937 0 0 0 0 0 0 0 0 0 0 0 0 0 0 0 0 0 0 0 0 0 0 0 0 0 0 0 0 0 1 puzzle
8938 0 0 0 0 0 0 0 0 0 0 0 0 0 0 0 0 0 0 0 0 0 8939 0 0 0 0 0 0 0 0
8939 0 8940 0 0 0 8961 0 0 0 8972 0 0 0 0 0 8986 0 0 0 0 0 0 0 0 0 0 0 0 0 0
8940 0 0 0 0 0 0 0 0 0 0 0 0 8941 0 8947 0 0 0 8952 0 0 0 0 0 0 0 0 0 0 0
8941 0 0 0 0 0 0 0 0 0 8942 0 0 0 0 0 0 0 0 0 0 0 0 0 0 0 0 0 0 0 0
8942 0 0 0 0 0 0 8943 0 0 0 0 0 0 0 0 0 0 0 0 0 8945 0 0 0 0 0 0 0 0 0
8943 0 0 0 0 0 0 0 0 0 0 0 0 0 0 0 0 0 0 0 0 0 0 0 0 0 8944 0 0 0 0
8944 0 0 0 0 0 0 0 0 0 0 0 0 0 0 0 0 0 0 0 0 0 0 0 0 0 0 0 0 0 1 qualify
8945 0 0 0 0 0 0 0 0 0 0 0 0 0 0 0 0 0 0 0 0 0 0 0 0 0 8946 0 0 0 0
8946 0 0 0 0 0 0 0 0 0 0 0 0 0 0 0 0 0 0 0 0 0 0 0 0 0 0 0 0 0 1 quality
8947 0 0 0 0 0 0 0 0 0 0 0 0 0 0 0 0 0 0 0 0 8948 0 0 0 0 0 0 0 0 0
8948 0 0 0 0 0 0 0 0 0 8949 0 0 0 0 0 0 0 0 0 0 0 0 0 0 0 0 0 0 0 0
8949 0 0 0 0 0 0 0 0 0 0 0 0 0 0 0 0 0 0 0 0 8950 0 0 0 0 0 0 0 0 0
8950 0 0 0 0 0 0 0 0 0 0 0 0 0 0 0 0 0 0 0 0 0 0 0 0 0 8951 0 0 0 0
8951 0 0 0 0 0 0 0 0 0 0 0 0 0 0 0 0 0 0 0 0 0 0 0 0 0 0 0 0 0 1 quantity
8952 0 0 0 0 0 0 0 0 0 0 0 0 0 0 0 0 0 0 8953 0 8956 0 0 0 0 0 0 0 0 0
8953 0 0 0 0 0 8954 0 0 0 0 0 0 0 0 0 0 0 0 0 0 0 0 0 0 0 0 0 0 0 0
8954 0 0 0 0 0 0 0 0 0 0 0 0 8955 0 0 0 0 0 0 0 0 0 0 0 0 0 0 0 0 0
8955 0 0 0 0 0 0 0 0 0 0 0 0 0 0 0 0 0 0 0 0 0 0 0 0 0 0 0 0 0 1 quarrel
8956 0 0 0 0 0 8957 0 0 0 0 0 0 0 0 0 0 0 0 0 0 0 0 0 0 0 0 0 0 0 1 quart
8957 0 0 0 0 0 0 0 0 0 0 0 0 0 0 0 0 0 0 8958 0 0 0 0 0 0 0 0 0 0 0
8958 0 0 0 0 0 0 0 0 0 0 0 0 8959 0 0 0 0 0 0 0 0 0 0 0 0 0 0 0 0 1 quarter
8959 0 0 0 0 0 0 0 0 0 0 0 0 0 0 0 0 0 0 0 0 0 0 0 0 0 8960 0 0 0 0
8960 0 0 0 0 0 0 0 0 0 0 0 0 0 0 0 0 0 0 0 0 0 0 0 0 0 0 0 0 0 1 quarterly
8961 0 0 0 0 0 8962 0 0 0 0 0 0 0 0 0 0 0 0 0 8965 0 8970 0 0 0 0 0 0 0 0
8962 0 0 0 0 0 0 0 0 0 0 0 0 0 0 8963 0 0 0 8964 0 0 0 0 0 0 0 0 0 0 0
8963 0 0 0 0 0 0 0 0 0 0 0 0 0 0 0 0 0 0 0 0 0 0 0 0 0 0 0 0 0 1 queen
8964 0 0 0 0 0 0 0 0 0 0 0 0 0 0 0 0 0 0 0 0 0 0 0 0 0 0 0 0 0 1 queer
8965 0 0 0 0 0 0 0 0 0 0 0 0 0 0 0 0 0 0 0 0 8966 0 0 0 0 0 0 0 0 0
8966 0 0 0 0 0 0 0 0 0 8967 0 0 0 0 0 0 0 0 0 0 0 0 0 0 0 0 0 0 0 0
8967 0 0 0 0 0 0 0 0 0 0 0 0 0 0 0 8968 0 0 0 0 0 0 0 0 0 0 0 0 0 0
8968 0 0 0 0 0 0 0 0 0 0 0 0 0 0 8969 0 0 0 0 0 0 0 0 0 0 0 0 0 0 0
8969 0 0 0 0 0 0 0 0 0 0 0 0 0 0 0 0 0 0 0 0 0 0 0 0 0 0 0 0 0 1 question
8970 0 0 0 0 0 8971 0 0 0 0 0 0 0 0 0 0 0 0 0 0 0 0 0 0 0 0 0 0 0 0
8971 0 0 0 0 0 0 0 0 0 0 0 0 0 0 0 0 0 0 0 0 0 0 0 0 0 0 0 0 0 1 queue
8972 0 0 0 8973 0 8979 0 0 0 0 0 0 8981 0 0 0 0 0 0 0 8983 0 0 0 0 0 8985 0 0 0
8973 0 0 0 0 0 0 0 0 0 0 0 8974 0 0 0 0 0 0 0 0 0 0 0 0 0 0 0 0 0 0
8974 0 0 0 0 0 8975 0 0 0 0 0 0 8977 0 0 0 0 0 0 0 0 0 0 0 0 0 0 0 0 1 quick
8975 0 0 0 0 0 0 0 0 0 0 0 0 0 0 8976 0 0 0 0 0 0 0 0 0 0 0 0 0 0 0
8976 0 0 0 0 0 0 0 0 0 0 0 0 0 0 0 0 0 0 0 0 0 0 0 0 0 0 0 0 0 1 quicken
8977 0 0 0 0 0 0 0 0 0 0 0 0 0 0 0 0 0 0 0 0 0 0 0 0 0 8978 0 0 0 0
8978 0 0 0 0 0 0 0 0 0 0 0 0 0 0 0 0 0 0 0 0 0 0 0 0 0 0 0 0 0 1 quickly
8979 0 0 0 0 0 0 0 0 0 0 0 0 0 0 0 0 0 0 0 0 8980 0 0 0 0 0 0 0 0 0
8980 0 0 0 0 0 0 0 0 0 0 0 0 0 0 0 0 0 0 0 0 0 0 0 0 0 0 0 0 0 1 quiet
8981 0 0 0 0 0 0 0 0 0 0 0 0 0 0 0 0 0 0 0 0 8982 0 0 0 0 0 0 0 0 0
8982 0 0 0 0 0 0 0 0 0 0 0 0 0 0 0 0 0 0 0 0 0 0 0 0 0 0 0 0 0 1 quilt
8983 0 0 0 0 0 8984 0 0 0 0 0 0 0 0 0 0 0 0 0 0 0 0 0 0 0 0 0 0 0 1 quit
8984 0 0 0 0 0 0 0 0 0 0 0 0 0 0 0 0 0 0 0 0 0 0 0 0 0 0 0 0 0 1 quite
8985 0 0 0 0 0 0 0 0 0 0 0 0 0 0 0 0 0 0 0 0 0 0 0 0 0 0 0 0 0 1 quiz
8986 0 0 0 0 0 0 0 0 0 0 0 0 0 0 0 0 0 0 0 0 8987 0 0 0 0 0 0 0 0 0
8987 0 8988 0 0 0 8993 0 0 0 0 0 0 0 0 0 0 0 0 0 0 0 0 0 0 0 0 0 0 0 0
8988 0 0 0 0 0 0 0 0 0 0 0 0 0 0 0 0 0 0 0 0 8989 0 0 0 0 0 0 0 0 0
8989 0 0 0 0 0 0 0 0 0 8990 0 0 0 0 0 0 0 0 0 0 0 0 0 0 0 0 0 0 0 0
8990 0 0 0 0 0 0 0 0 0 0 0 0 0 0 0 8991 0 0 0 0 0 0 0 0 0 0 0 0 0 0
8991 0 0 0 0 0 0 0 0 0 0 0 0 0 0 8992 0 0 0 0 0 0 0 0 0 0 0 0 0 0 0
8992 0 0 0 0 0 0 0 0 0 0 0 0 0 0 0 0 0 0 0 0 0 0 0 0 0 0 0 0 0 1 quotation
8993 0 0 0 0 0 0 0 0 0 0 0 0 0 0 0 0 0 0 0 0 0 0 0 0 0 0 0 0 0 1 quote
8994 0 8995 0 0 0 9082 0 0 9621 9626 0 0 0 0 0 9670 0 0 0 0 0 9738 0 0 0 0 0 0 0 0
8995 0 0 8996 9000 9008 0 0 9033 0 9035 0 9052 0 0 9054 0 9058 0 9063 0 9067 0 0 9077 0 9078 9079 0 0 0
8996 0 0 8997 0 0 0 0 0 0 0 0 0 0 0 0 0 0 0 0 0 0 0 0 0 0 0 0 0 0 0
8997 0 0 0 0 0 0 0 0 0 8998 0 0 0 0 0 0 0 0 0 0 0 0 0 0 0 0 0 0 0 0
8998 0 0 0 0 0 0 0 0 0 0 0 0 0 0 0 0 0 0 0 0 8999 0 0 0 0 0 0 0 0 0
8999 0 0 0 0 0 0 0 0 0 0 0 0 0 0 0 0 0 0 0 0 0 0 0 0 0 0 0 0 0 1 rabbit
9000 0 0 0 0 0 9001 0 0 0 9002 0 9005 0 0 0 0 0 0 0 0 0 0 0 0 0 0 0 0 0 0
9001 0 0 0 0 0 0 0 0 0 0 0 0 0 0 0 0 0 0 0 0 0 0 0 0 0 0 0 0 0 1 race
9002 0 9003 0 0 0 0 0 0 0 0 0 0 0 0 0 0 0 0 0 0 0 0 0 0 0 0 0 0 0 0
9003 0 0 0 0 0 0 0 0 0 0 0 0 9004 0 0 0 0 0 0 0 0 0 0 0 0 0 0 0 0 0
9004 0 0 0 0 0 0 0 0 0 0 0 0 0 0 0 0 0 0 0 0 0 0 0 0 0 0 0 0 0 1 racial
9005 0 0 0 0 0 9006 0 0 0 0 0 0 0 0 0 0 0 0 0 0 0 0 0 0 0 0 0 0 0 1 rack
9006 0 0 0 0 0 0 0 0 0 0 0 0 0 0 0 0 0 0 0 0 9007 0 0 0 0 0 0 0 0 0
9007 0 0 0 0 0 0 0 0 0 0 0 0 0 0 0 0 0 0 0 0 0 0 0 0 0 0 0 0 0 1 racket
9008 0 9009 0 0 0 0 0 0 0 9011 0 0 0 0 0 0 0 0 0 0 0 0 0 0 0 0 0 0 0 0
9009 0 0 0 0 0 0 0 0 0 0 0 0 0 0 0 0 0 0 9010 0 0 0 0 0 0 0 0 0 0 0
9010 0 0 0 0 0 0 0 0 0 0 0 0 0 0 0 0 0 0 0 0 0 0 0 0 0 0 0 0 0 1 radar
9011 0 9012 0 0 0 0 0 0 0 0 0 0 0 0 0 9018 0 0 0 9028 0 9030 0 0 0 0 0 0 0 0
9012 0 0 0 0 0 0 0 0 0 0 0 0 0 0 0 0 0 0 0 0 9013 0 0 0 0 0 0 0 0 0
9013 0 0 0 0 0 9014 0 0 0 9015 0 0 0 0 0 0 0 0 0 0 0 0 0 0 0 0 0 0 0 0
9014 0 0 0 0 0 0 0 0 0 0 0 0 0 0 0 0 0 0 0 0 0 0 0 0 0 0 0 0 0 1 radiate
9015 0 0 0 0 0 0 0 0 0 0 0 0 0 0 0 9016 0 0 0 0 0 0 0 0 0 0 0 0 0 0
9016 0 0 0 0 0 0 0 0 0 0 0 0 0 0 9017 0 0 0 0 0 0 0 0 0 0 0 0 0 0 0
9017 0 0 0 0 0 0 0 0 0 0 0 0 0 0 0 0 0 0 0 0 0 0 0 0 0 0 0 0 0 1 radiation
9018 0 9019 0 0 0 0 0 0 0 0 0 0 0 0 0 0 0 0 0 0 0 0 0 0 0 0 0 0 0 1 radio
9019 0 0 0 9020 0 0 0 0 0 0 0 0 0 0 0 0 0 0 0 0 0 0 0 0 0 0 0 0 0 0
9020 0 0 0 0 0 0 0 0 0 0 0 0 0 0 0 0 0 0 0 0 9021 0 0 0 0 0 0 0 0 0
9021 0 0 0 0 0 0 0 0 0 9022 0 0 0 0 0 0 0 0 0 0 0 0 0 0 0 0 0 0 0 0
9022 0 0 0 0 0 0 0 0 0 0 0 0 0 0 0 0 0 0 0 0 0 0 9023 0 0 0 0 0 0 0
9023 0 0 0 0 0 9024 0 0 0 9025 0 0 0 0 0 0 0 0 0 0 0 0 0 0 0 0 0 0 0 0
9024 0 0 0 0 0 0 0 0 0 0 0 0 0 0 0 0 0 0 0 0 0 0 0 0 0 0 0 0 0 1 radioactive
9025 0 0 0 0 0 0 0 0 0 0 0 0 0 0 0 0 0 0 0 0 9026 0 0 0 0 0 0 0 0 0
9026 0 0 0 0 0 0 0 0 0 0 0 0 0 0 0 0 0 0 0 0 0 0 0 0 0 9027 0 0 0 0
9027 0 0 0 0 0 0 0 0 0 0 0 0 0 0 0 0 0 0 0 0 0 0 0 0 0 0 0 0 0 1 radioactivity
9028 0 0 0 0 0 0 0 0 9029 0 0 0 0 0 0 0 0 0 0 0 0 0 0 0 0 0 0 0 0 0
9029 0 0 0 0 0 0 0 0 0 0 0 0 0 0 0 0 0 0 0 0 0 0 0 0 0 0 0 0 0 1 radish
9030 0 0 0 0 0 0 0 0 0 0 0 0 0 9031 0 0 0 0 0 9032 0 0 0 0 0 0 0 0 0 0
9031 0 0 0 0 0 0 0 0 0 0 0 0 0 0 0 0 0 0 0 0 0 0 0 0 0 0 0 0 0 1 radium
9032 0 0 0 0 0 0 0 0 0 0 0 0 0 0 0 0 0 0 0 0 0 0 0 0 0 0 0 0 0 1 radius
9033 0 0 0 0 0 9034 0 0 0 0 0 0 0 0 0 0 0 0 0 0 0 0 0 0 0 0 0 0 0 1 rag
9034 0 0 0 0 0 0 0 0 0 0 0 0 0 0 0 0 0 0 0 0 0 0 0 0 0 0 0 0 0 1 rage
9035 0 0 0 0 9036 0 0 0 0 0 0 0 9037 0 9045 0 0 0 0 9050 0 0 0 0 0 0 0 0 0 0
9036 0 0 0 0 0 0 0 0 0 0 0 0 0 0 0 0 0 0 0 0 0 0 0 0 0 0 0 0 0 1 raid
9037 0 0 0 0 0 0 0 0 0 0 0 0 0 0 0 0 0 0 9038 0 0 0 0 9042 0 0 0 0 0 1 rail
9038 0 0 0 0 0 0 0 0 0 0 0 0 0 0 0 9039 0 0 0 0 0 0 0 0 0 0 0 0 0 0
9039 0 9040 0 0 0 0 0 0 0 0 0 0 0 0 0 0 0 0 0 0 0 0 0 0 0 0 0 0 0 0
9040 0 0 0 0 9041 0 0 0 0 0 0 0 0 0 0 0 0 0 0 0 0 0 0 0 0 0 0 0 0 0
9041 0 0 0 0 0 0 0 0 0 0 0 0 0 0 0 0 0 0 0 0 0 0 0 0 0 0 0 0 0 1 railroad
9042 0 9043 0 0 0 0 0 0 0 0 0 0 0 0 0 0 0 0 0 0 0 0 0 0 0 0 0 0 0 0
9043 0 0 0 0 0 0 0 0 0 0 0 0 0 0 0 0 0 0 0 0 0 0 0 0 0 9044 0 0 0 0
9044 0 0 0 0 0 0 0 0 0 0 0 0 0 0 0 0 0 0 0 0 0 0 0 0 0 0 0 0 0 1 railway
9045 0 0 9046 0 0 0 0 0 0 0 0 0 0 0 0 0 0 0 0 0 0 0 0 0 0 9049 0 0 0 1 rain
9046 0 0 0 0 0 0 0 0 0 0 0 0 0 0 0 9047 0 0 0 0 0 0 0 0 0 0 0 0 0 0
9047 0 0 0 0 0 0 0 0 0 0 0 0 0 0 0 0 0 0 0 0 0 0 0 9048 0 0 0 0 0 0
9048 0 0 0 0 0 0 0 0 0 0 0 0 0 0 0 0 0 0 0 0 0 0 0 0 0 0 0 0 0 1 rainbow
9049 0 0 0 0 0 0 0 0 0 0 0 0 0 0 0 0 0 0 0 0 0 0 0 0 0 0 0 0 0 1 rainy
9050 0 0 0 0 0 9051 0 0 0 0 0 0 0 0 0 0 0 0 0 0 0 0 0 0 0 0 0 0 0 0
9051 0 0 0 0 0 0 0 0 0 0 0 0 0 0 0 0 0 0 0 0 0 0 0 0 0 0 0 0 0 1 raise
9052 0 0 0 0 0 9053 0 0 0 0 0 0 0 0 0 0 0 0 0 0 0 0 0 0 0 0 0 0 0 0
9053 0 0 0 0 0 0 0 0 0 0 0 0 0 0 0 0 0 0 0 0 0 0 0 0 0 0 0 0 0 1 rake
9054 0 0 0 0 0 0 0 9055 0 0 0 9057 0 0 0 0 0 0 0 0 0 0 0 0 0 0 0 0 0 0
9055 0 0 0 0 0 9056 0 0 0 0 0 0 0 0 0 0 0 0 0 0 0 0 0 0 0 0 0 0 0 0
9056 0 0 0 0 0 0 0 0 0 0 0 0 0 0 0 0 0 0 0 0 0 0 0 0 0 0 0 0 0 1 range
9057 0 0 0 0 0 0 0 0 0 0 0 0 0 0 0 0 0 0 0 0 0 0 0 0 0 0 0 0 0 1 rank
9058 0 0 0 0 0 0 0 0 0 9059 0 0 0 0 0 0 0 0 0 0 0 0 0 0 0 0 0 0 0 0
9059 0 0 0 0 9060 0 0 0 0 0 0 0 0 0 0 0 0 0 0 0 0 0 0 0 0 0 0 0 0 0
9060 0 0 0 0 0 0 0 0 0 0 0 0 9061 0 0 0 0 0 0 0 0 0 0 0 0 0 0 0 0 1 rapid
9061 0 0 0 0 0 0 0 0 0 0 0 0 0 0 0 0 0 0 0 0 0 0 0 0 0 9062 0 0 0 0
9062 0 0 0 0 0 0 0 0 0 0 0 0 0 0 0 0 0 0 0 0 0 0 0 0 0 0 0 0 0 1 rapidly
9063 0 0 0 0 0 9064 0 0 0 0 0 0 0 0 0 0 0 0 0 0 0 0 0 0 0 0 0 0 0 0
9064 0 0 0 0 0 0 0 0 0 0 0 0 9065 0 0 0 0 0 0 0 0 0 0 0 0 0 0 0 0 1 rare
9065 0 0 0 0 0 0 0 0 0 0 0 0 0 0 0 0 0 0 0 0 0 0 0 0 0 9066 0 0 0 0
9066 0 0 0 0 0 0 0 0 0 0 0 0 0 0 0 0 0 0 0 0 0 0 0 0 0 0 0 0 0 1 rarely
9067 0 0 0 0 0 9068 0 0 9069 9072 0 0 0 0 0 0 0 0 0 0 0 0 0 0 0 0 0 0 0 1 rat
9068 0 0 0 0 0 0 0 0 0 0 0 0 0 0 0 0 0 0 0 0 0 0 0 0 0 0 0 0 0 1 rate
9069 0 0 0 0 0 9070 0 0 0 0 0 0 0 0 0 0 0 0 0 0 0 0 0 0 0 0 0 0 0 0
9070 0 0 0 0 0 0 0 0 0 0 0 0 0 0 0 0 0 0 9071 0 0 0 0 0 0 0 0 0 0 0
9071 0 0 0 0 0 0 0 0 0 0 0 0 0 0 0 0 0 0 0 0 0 0 0 0 0 0 0 0 0 1 rather
9072 0 0 0 0 0 0 0 0 0 0 0 0 0 0 0 9073 0 0 0 0 0 0 0 0 0 0 0 0 0 0
9073 0 0 0 0 0 0 0 0 0 0 0 0 0 0 9074 0 0 0 0 0 0 0 0 0 0 0 0 0 0 1 ratio
9074 0 9075 0 0 0 0 0 0 0 0 0 0 0 0 0 0 0 0 0 0 0 0 0 0 0 0 0 0 0 0
9075 0 0 0 0 0 0 0 0 0 0 0 0 9076 0 0 0 0 0 0 0 0 0 0 0 0 0 0 0 0 0
9076 0 0 0 0 0 0 0 0 0 0 0 0 0 0 0 0 0 0 0 0 0 0 0 0 0 0 0 0 0 1 rational
9077 0 0 0 0 0 0 0 0 0 0 0 0 0 0 0 0 0 0 0 0 0 0 0 0 0 0 0 0 0 1 raw
9078 0 0 0 0 0 0 0 0 0 0 0 0 0 0 0 0 0 0 0 0 0 0 0 0 0 0 0 0 0 1 ray
9079 0 0 0 0 0 0 0 0 0 0 0 0 0 0 0 9080 0 0 0 0 0 0 0 0 0 0 0 0 0 0
9080 0 0 0 0 0 0 0 0 0 0 0 0 0 0 0 0 0 0 9081 0 0 0 0 0 0 0 0 0 0 0
9081 0 0 0 0 0 0 0 0 0 0 0 0 0 0 0 0 0 0 0 0 0 0 0 0 0 0 0 0 0 1 razor
9082 0 9083 9117 9124 9180 9188 9191 9240 9272 9279 9288 0 9296 9353 9381 0 9388 9449 0 9461 9574 0 9591 9617 0 0 0 0 0 0
9083 0 0 0 9084 9090 0 0 0 0 0 0 0 9099 0 0 0 9108 0 9109 9110 0 0 0 0 0 0 0 0 0 0
9084 0 0 0 0 0 0 0 0 9085 0 0 0 0 0 0 0 0 0 0 0 9086 0 0 0 0 0 0 0 0 0
9085 0 0 0 0 0 0 0 0 0 0 0 0 0 0 0 0 0 0 0 0 0 0 0 0 0 0 0 0 0 1 reach
9086 0 0 0 0 0 0 0 0 0 9087 0 0 0 0 0 0 0 0 0 0 0 0 0 0 0 0 0 0 0 1 react
9087 0 0 0 0 0 0 0 0 0 0 0 0 0 0 0 9088 0 0 0 0 0 0 0 0 0 0 0 0 0 0
9088 0 0 0 0 0 0 0 0 0 0 0 0 0 0 9089 0 0 0 0 0 0 0 0 0 0 0 0 0 0 0
9089 0 0 0 0 0 0 0 0 0 0 0 0 0 0 0 0 0 0 0 0 0 0 0 0 0 0 0 0 0 1 reaction
9090 0 0 0 0 0 9091 0 0 0 9093 0 0 0 0 0 0 0 0 0 0 0 0 0 0 0 9098 0 0 0 1 read
9091 0 0 0 0 0 0 0 0 0 0 0 0 0 0 0 0 0 0 9092 0 0 0 0 0 0 0 0 0 0 0
9092 0 0 0 0 0 0 0 0 0 0 0 0 0 0 0 0 0 0 0 0 0 0 0 0 0 0 0 0 0 1 reader
9093 0 0 0 0 0 0 0 0 0 0 0 0 9094 0 9096 0 0 0 0 0 0 0 0 0 0 0 0 0 0 0
9094 0 0 0 0 0 0 0 0 0 0 0 0 0 0 0 0 0 0 0 0 0 0 0 0 0 9095 0 0 0 0
9095 0 0 0 0 0 0 0 0 0 0 0 0 0 0 0 0 0 0 0 0 0 0 0 0 0 0 0 0 0 1 readily
9096 0 0 0 0 0 0 0 9097 0 0 0 0 0 0 0 0 0 0 0 0 0 0 0 0 0 0 0 0 0 0
9097 0 0 0 0 0 0 0 0 0 0 0 0 0 0 0 0 0 0 0 0 0 0 0 0 0 0 0 0 0 1 reading
9098 0 0 0 0 0 0 0 0 0 0 0 0 0 0 0 0 0 0 0 0 0 0 0 0 0 0 0 0 0 1 ready
9099 0 0 0 0 0 0 0 0 0 9100 0 0 9105 9107 0 0 0 0 0 0 0 0 0 0 0 0 0 0 0 1 real
9100 0 0 0 0 0 0 0 0 0 0 0 0 0 0 0 0 0 0 0 0 9101 0 0 0 0 0 9103 0 0 0
9101 0 0 0 0 0 0 0 0 0 0 0 0 0 0 0 0 0 0 0 0 0 0 0 0 0 9102 0 0 0 0
9102 0 0 0 0 0 0 0 0 0 0 0 0 0 0 0 0 0 0 0 0 0 0 0 0 0 0 0 0 0 1 reality
9103 0 0 0 0 0 9104 0 0 0 0 0 0 0 0 0 0 0 0 0 0 0 0 0 0 0 0 0 0 0 0
9104 0 0 0 0 0 0 0 0 0 0 0 0 0 0 0 0 0 0 0 0 0 0 0 0 0 0 0 0 0 1 realize
9105 0 0 0 0 0 0 0 0 0 0 0 0 0 0 0 0 0 0 0 0 0 0 0 0 0 9106 0 0 0 0
9106 0 0 0 0 0 0 0 0 0 0 0 0 0 0 0 0 0 0 0 0 0 0 0 0 0 0 0 0 0 1 really
9107 0 0 0 0 0 0 0 0 0 0 0 0 0 0 0 0 0 0 0 0 0 0 0 0 0 0 0 0 0 1 realm
9108 0 0 0 0 0 0 0 0 0 0 0 0 0 0 0 0 0 0 0 0 0 0 0 0 0 0 0 0 0 1 reap
9109 0 0 0 0 0 0 0 0 0 0 0 0 0 0 0 0 0 0 0 0 0 0 0 0 0 0 0 0 0 1 rear
9110 0 0 0 0 0 0 0 0 0 0 0 0 0 0 0 9111 0 0 0 0 0 0 0 0 0 0 0 0 0 0
9111 0 0 0 0 0 0 0 0 0 0 0 0 0 0 9112 0 0 0 0 0 0 0 0 0 0 0 0 0 0 0
9112 0 9113 0 0 0 0 0 0 0 0 0 0 0 0 0 0 0 0 0 0 0 0 0 0 0 0 0 0 0 1 reason
9113 0 0 9114 0 0 0 0 0 0 0 0 0 0 0 0 0 0 0 0 0 0 0 0 0 0 0 0 0 0 0
9114 0 0 0 0 0 0 0 0 0 0 0 0 9115 0 0 0 0 0 0 0 0 0 0 0 0 0 0 0 0 0
9115 0 0 0 0 0 9116 0 0 0 0 0 0 0 0 0 0 0 0 0 0 0 0 0 0 0 0 0 0 0 0
9116 0 0 0 0 0 0 0 0 0 0 0 0 0 0 0 0 0 0 0 0 0 0 0 0 0 0 0 0 0 1 reasonable
9117 0 0 0 0 0 9118 0 0 0 0 0 0 0 0 0 0 0 0 0 0 0 0 0 0 0 0 0 0 0 0
9118 0 0 0 0 0 0 0 0 0 0 0 0 9119 0 0 0 0 0 0 0 0 0 0 0 0 0 0 0 0 0
9119 0 0 0 0 0 0 0 0 0 0 0 0 9120 0 0 0 0 0 0 0 0 0 0 0 0 0 0 0 0 1 rebel
9120 0 0 0 0 0 0 0 0 0 9121 0 0 0 0 0 0 0 0 0 0 0 0 0 0 0 0 0 0 0 0
9121 0 0 0 0 0 0 0 0 0 0 0 0 0 0 0 9122 0 0 0 0 0 0 0 0 0 0 0 0 0 0
9122 0 0 0 0 0 0 0 0 0 0 0 0 0 0 9123 0 0 0 0 0 0 0 0 0 0 0 0 0 0 0
9123 0 0 0 0 0 0 0 0 0 0 0 0 0 0 0 0 0 0 0 0 0 0 0 0 0 0 0 0 0 1 rebellion
9124 0 9125 0 0 0 9128 0 0 0 9144 0 0 0 0 0 9147 0 0 0 0 0 0 0 0 0 0 0 0 0 0
9125 0 0 0 0 0 0 0 0 0 0 0 0 9126 0 0 0 0 0 0 0 0 0 0 0 0 0 0 0 0 0
9126 0 0 0 0 0 0 0 0 0 0 0 0 9127 0 0 0 0 0 0 0 0 0 0 0 0 0 0 0 0 0
9127 0 0 0 0 0 0 0 0 0 0 0 0 0 0 0 0 0 0 0 0 0 0 0 0 0 0 0 0 0 1 recall
9128 0 0 0 0 0 0 0 0 0 9129 0 0 0 0 9135 0 9139 0 0 0 0 0 0 0 0 0 0 0 0 0
9129 0 0 0 0 0 0 0 0 0 0 0 0 0 0 0 0 9130 0 0 0 0 0 9132 0 0 0 0 0 0 0
9130 0 0 0 0 0 0 0 0 0 0 0 0 0 0 0 0 0 0 0 0 9131 0 0 0 0 0 0 0 0 0
9131 0 0 0 0 0 0 0 0 0 0 0 0 0 0 0 0 0 0 0 0 0 0 0 0 0 0 0 0 0 1 receipt
9132 0 0 0 0 0 9133 0 0 0 0 0 0 0 0 0 0 0 0 0 0 0 0 0 0 0 0 0 0 0 0
9133 0 0 0 0 0 0 0 0 0 0 0 0 0 0 0 0 0 0 9134 0 0 0 0 0 0 0 0 0 0 1 receive
9134 0 0 0 0 0 0 0 0 0 0 0 0 0 0 0 0 0 0 0 0 0 0 0 0 0 0 0 0 0 1 receiver
9135 0 0 0 0 0 0 0 0 0 0 0 0 0 0 0 0 0 0 0 0 9136 0 0 0 0 0 0 0 0 0
9136 0 0 0 0 0 0 0 0 0 0 0 0 9137 0 0 0 0 0 0 0 0 0 0 0 0 0 0 0 0 1 recent
9137 0 0 0 0 0 0 0 0 0 0 0 0 0 0 0 0 0 0 0 0 0 0 0 0 0 9138 0 0 0 0
9138 0 0 0 0 0 0 0 0 0 0 0 0 0 0 0 0 0 0 0 0 0 0 0 0 0 0 0 0 0 1 recently
9139 0 0 0 0 0 0 0 0 0 0 0 0 0 0 0 0 0 0 0 0 9140 0 0 0 0 0 0 0 0 0
9140 0 0 0 0 0 0 0 0 0 9141 0 0 0 0 0 0 0 0 0 0 0 0 0 0 0 0 0 0 0 0
9141 0 0 0 0 0 0 0 0 0 0 0 0 0 0 0 9142 0 0 0 0 0 0 0 0 0 0 0 0 0 0
9142 0 0 0 0 0 0 0 0 0 0 0 0 0 0 9143 0 0 0 0 0 0 0 0 0 0 0 0 0 0 0
9143 0 0 0 0 0 0 0 0 0 0 0 0 0 0 0 0 0 0 0 0 0 0 0 0 0 0 0 0 0 1 reception
9144 0 0 0 0 0 0 0 0 0 0 0 0 0 0 0 0 0 0 0 0 9145 0 0 0 0 0 0 0 0 0
9145 0 0 0 0 0 9146 0 0 0 0 0 0 0 0 0 0 0 0 0 0 0 0 0 0 0 0 0 0 0 0
9146 0 0 0 0 0 0 0 0 0 0 0 0 0 0 0 0 0 0 0 0 0 0 0 0 0 0 0 0 0 1 recite
9147 0 0 0 0 0 0 0 9148 0 0 0 0 9157 9162 0 0 0 0 9172 0 0 0 9176 0 0 0 0 0 0 0
9148 0 0 0 0 0 0 0 0 0 0 0 0 0 0 9149 0 0 0 0 0 0 0 0 0 0 0 0 0 0 0
9149 0 0 0 0 0 0 0 0 0 9150 0 0 0 0 0 0 0 0 0 0 0 0 0 0 0 0 0 0 0 0
9150 0 0 0 0 0 0 0 0 0 0 0 0 0 0 0 0 0 0 0 0 9151 0 0 0 0 0 9155 0 0 0
9151 0 0 0 0 0 0 0 0 0 9152 0 0 0 0 0 0 0 0 0 0 0 0 0 0 0 0 0 0 0 0
9152 0 0 0 0 0 0 0 0 0 0 0 0 0 0 0 9153 0 0 0 0 0 0 0 0 0 0 0 0 0 0
9153 0 0 0 0 0 0 0 0 0 0 0 0 0 0 9154 0 0 0 0 0 0 0 0 0 0 0 0 0 0 0
9154 0 0 0 0 0 0 0 0 0 0 0 0 0 0 0 0 0 0 0 0 0 0 0 0 0 0 0 0 0 1 recognition
9155 0 0 0 0 0 9156 0 0 0 0 0 0 0 0 0 0 0 0 0 0 0 0 0 0 0 0 0 0 0 0
9156 0 0 0 0 0 0 0 0 0 0 0 0 0 0 0 0 0 0 0 0 0 0 0 0 0 0 0 0 0 1 recognize
9157 0 0 0 0 0 0 0 0 0 0 0 0 9158 0 0 0 0 0 0 0 0 0 0 0 0 0 0 0 0 0
9158 0 0 0 0 0 9159 0 0 0 0 0 0 0 0 0 0 0 0 0 0 0 0 0 0 0 0 0 0 0 0
9159 0 0 0 9160 0 0 0 0 0 0 0 0 0 0 0 0 0 0 0 0 0 0 0 0 0 0 0 0 0 0
9160 0 0 0 0 0 0 0 0 0 0 0 0 0 0 0 0 0 0 0 0 9161 0 0 0 0 0 0 0 0 0
9161 0 0 0 0 0 0 0 0 0 0 0 0 0 0 0 0 0 0 0 0 0 0 0 0 0 0 0 0 0 1 recollect
9162 0 0 0 0 0 0 0 0 0 0 0 0 0 9163 0 0 0 0 0 0 0 0 0 0 0 0 0 0 0 0
9163 0 0 0 0 0 9164 0 0 0 0 0 0 0 0 0 0 0 0 0 0 0 0 0 0 0 0 0 0 0 0
9164 0 0 0 0 0 0 0 0 0 0 0 0 0 0 9165 0 0 0 0 0 0 0 0 0 0 0 0 0 0 0
9165 0 0 0 0 9166 0 0 0 0 0 0 0 0 0 0 0 0 0 0 0 0 0 0 0 0 0 0 0 0 0
9166 0 9167 0 0 0 0 0 0 0 0 0 0 0 0 0 0 0 0 0 0 0 0 0 0 0 0 0 0 0 1 recommend
9167 0 0 0 0 0 0 0 0 0 0 0 0 0 0 0 0 0 0 0 0 9168 0 0 0 0 0 0 0 0 0
9168 0 0 0 0 0 0 0 0 0 9169 0 0 0 0 0 0 0 0 0 0 0 0 0 0 0 0 0 0 0 0
9169 0 0 0 0 0 0 0 0 0 0 0 0 0 0 0 9170 0 0 0 0 0 0 0 0 0 0 0 0 0 0
9170 0 0 0 0 0 0 0 0 0 0 0 0 0 0 9171 0 0 0 0 0 0 0 0 0 0 0 0 0 0 0
9171 0 0 0 0 0 0 0 0 0 0 0 0 0 0 0 0 0 0 0 0 0 0 0 0 0 0 0 0 0 1 recommendation
9172 0 0 0 0 9173 0 0 0 0 0 0 0 0 0 0 0 0 0 0 0 0 0 0 0 0 0 0 0 0 0
9173 0 0 0 0 0 9174 0 0 0 0 0 0 0 0 0 0 0 0 0 0 0 0 0 0 0 0 0 0 0 1 record
9174 0 0 0 0 0 0 0 0 0 0 0 0 0 0 0 0 0 0 9175 0 0 0 0 0 0 0 0 0 0 0
9175 0 0 0 0 0 0 0 0 0 0 0 0 0 0 0 0 0 0 0 0 0 0 0 0 0 0 0 0 0 1 recorder
9176 0 0 0 0 0 9177 0 0 0 0 0 0 0 0 0 0 0 0 0 0 0 0 0 0 0 0 0 0 0 0
9177 0 0 0 0 0 0 0 0 0 0 0 0 0 0 0 0 0 0 9178 0 0 0 0 0 0 0 0 0 0 0
9178 0 0 0 0 0 0 0 0 0 0 0 0 0 0 0 0 0 0 0 0 0 0 0 0 0 9179 0 0 0 1 recover
9179 0 0 0 0 0 0 0 0 0 0 0 0 0 0 0 0 0 0 0 0 0 0 0 0 0 0 0 0 0 1 recovery
9180 0 0 0 0 0 0 0 0 0 0 0 0 0 0 0 0 0 0 0 0 0 9181 0 0 0 0 0 0 0 1 red
9181 0 0 0 9182 0 0 0 0 0 0 0 0 0 0 0 0 0 0 0 0 0 0 0 0 0 0 0 0 0 0
9182 0 0 0 0 0 9183 0 0 0 0 0 0 0 0 0 0 0 0 0 0 9184 0 0 0 0 0 0 0 0 0
9183 0 0 0 0 0 0 0 0 0 0 0 0 0 0 0 0 0 0 0 0 0 0 0 0 0 0 0 0 0 1 reduce
9184 0 0 0 0 0 0 0 0 0 9185 0 0 0 0 0 0 0 0 0 0 0 0 0 0 0 0 0 0 0 0
9185 0 0 0 0 0 0 0 0 0 0 0 0 0 0 0 9186 0 0 0 0 0 0 0 0 0 0 0 0 0 0
9186 0 0 0 0 0 0 0 0 0 0 0 0 0 0 9187 0 0 0 0 0 0 0 0 0 0 0 0 0 0 0
9187 0 0 0 0 0 0 0 0 0 0 0 0 0 0 0 0 0 0 0 0 0 0 0 0 0 0 0 0 0 1 reduction
9188 0 0 0 0 9189 0 0 0 0 0 0 0 9190 0 0 0 0 0 0 0 0 0 0 0 0 0 0 0 0 0
9189 0 0 0 0 0 0 0 0 0 0 0 0 0 0 0 0 0 0 0 0 0 0 0 0 0 0 0 0 0 1 reed
9190 0 0 0 0 0 0 0 0 0 0 0 0 0 0 0 0 0 0 0 0 0 0 0 0 0 0 0 0 0 1 reel
9191 0 0 0 0 0 9192 0 0 0 9198 0 0 9201 0 0 9212 0 0 9215 0 0 9231 0 0 0 0 0 0 0 0
9192 0 0 0 0 0 0 0 0 0 0 0 0 0 0 0 0 0 0 9193 0 0 0 0 0 0 0 0 0 0 0
9193 0 0 0 0 0 9194 0 0 0 0 0 0 0 0 0 0 0 0 0 0 0 0 0 0 0 0 0 0 0 1 refer
9194 0 0 0 0 0 0 0 0 0 0 0 0 0 0 9195 0 0 0 0 0 0 0 0 0 0 0 0 0 0 0
9195 0 0 0 9196 0 0 0 0 0 0 0 0 0 0 0 0 0 0 0 0 0 0 0 0 0 0 0 0 0 0
9196 0 0 0 0 0 9197 0 0 0 0 0 0 0 0 0 0 0 0 0 0 0 0 0 0 0 0 0 0 0 0
9197 0 0 0 0 0 0 0 0 0 0 0 0 0 0 0 0 0 0 0 0 0 0 0 0 0 0 0 0 0 1 reference
9198 0 0 0 0 0 0 0 0 0 0 0 0 0 0 9199 0 0 0 0 0 0 0 0 0 0 0 0 0 0 0
9199 0 0 0 0 0 9200 0 0 0 0 0 0 0 0 0 0 0 0 0 0 0 0 0 0 0 0 0 0 0 0
9200 0 0 0 0 0 0 0 0 0 0 0 0 0 0 0 0 0 0 0 0 0 0 0 0 0 0 0 0 0 1 refine
9201 0 0 0 0 0 9202 0 0 0 0 0 0 0 0 0 0 0 0 0 0 0 0 0 0 0 0 0 0 0 0
9202 0 0 0 9203 0 0 0 0 0 0 0 0 0 0 0 0 0 0 0 0 0 0 0 0 9208 0 0 0 0 0
9203 0 0 0 0 0 0 0 0 0 0 0 0 0 0 0 0 0 0 0 0 9204 0 0 0 0 0 0 0 0 0
9204 0 0 0 0 0 0 0 0 0 9205 0 0 0 0 0 0 0 0 0 0 0 0 0 0 0 0 0 0 0 1 reflect
9205 0 0 0 0 0 0 0 0 0 0 0 0 0 0 0 9206 0 0 0 0 0 0 0 0 0 0 0 0 0 0
9206 0 0 0 0 0 0 0 0 0 0 0 0 0 0 9207 0 0 0 0 0 0 0 0 0 0 0 0 0 0 0
9207 0 0 0 0 0 0 0 0 0 0 0 0 0 0 0 0 0 0 0 0 0 0 0 0 0 0 0 0 0 1 reflection
9208 0 0 0 0 0 0 0 0 0 9209 0 0 0 0 0 0 0 0 0 0 0 0 0 0 0 0 0 0 0 0
9209 0 0 0 0 0 0 0 0 0 0 0 0 0 0 0 9210 0 0 0 0 0 0 0 0 0 0 0 0 0 0
9210 0 0 0 0 0 0 0 0 0 0 0 0 0 0 9211 0 0 0 0 0 0 0 0 0 0 0 0 0 0 0
9211 0 0 0 0 0 0 0 0 0 0 0 0 0 0 0 0 0 0 0 0 0 0 0 0 0 0 0 0 0 1 reflexion
9212 0 0 0 0 0 0 0 0 0 0 0 0 0 0 0 0 0 0 9213 0 0 0 0 0 0 0 0 0 0 0
9213 0 0 0 0 0 0 0 0 0 0 0 0 0 9214 0 0 0 0 0 0 0 0 0 0 0 0 0 0 0 0
9214 0 0 0 0 0 0 0 0 0 0 0 0 0 0 0 0 0 0 0 0 0 0 0 0 0 0 0 0 0 1 reform
9215 0 0 0 0 0 9216 0 0 0 9223 0 0 0 0 0 0 0 0 0 0 0 0 0 0 0 0 0 0 0 0
9216 0 0 0 0 0 0 0 0 0 0 0 0 0 0 0 0 0 0 0 9217 0 0 0 0 0 0 0 0 0 0
9217 0 0 0 0 0 0 0 0 9218 0 0 0 0 0 0 0 0 0 0 0 0 0 0 0 0 0 0 0 0 0
9218 0 0 0 0 0 0 0 0 0 0 0 0 0 9219 0 0 0 0 0 0 0 0 0 0 0 0 0 0 0 1 refresh
9219 0 0 0 0 0 9220 0 0 0 0 0 0 0 0 0 0 0 0 0 0 0 0 0 0 0 0 0 0 0 0
9220 0 0 0 0 0 0 0 0 0 0 0 0 0 0 9221 0 0 0 0 0 0 0 0 0 0 0 0 0 0 0
9221 0 0 0 0 0 0 0 0 0 0 0 0 0 0 0 0 0 0 0 0 9222 0 0 0 0 0 0 0 0 0
9222 0 0 0 0 0 0 0 0 0 0 0 0 0 0 0 0 0 0 0 0 0 0 0 0 0 0 0 0 0 1 refreshment
9223 0 0 0 0 0 0 0 9224 0 0 0 0 0 0 0 0 0 0 0 0 0 0 0 0 0 0 0 0 0 0
9224 0 0 0 0 0 9225 0 0 0 0 0 0 0 0 0 0 0 0 0 0 0 0 0 0 0 0 0 0 0 0
9225 0 0 0 0 0 0 0 0 0 0 0 0 0 0 0 0 0 0 9226 0 0 0 0 0 0 0 0 0 0 0
9226 0 9227 0 0 0 0 0 0 0 0 0 0 0 0 0 0 0 0 0 0 0 0 0 0 0 0 0 0 0 0
9227 0 0 0 0 0 0 0 0 0 0 0 0 0 0 0 0 0 0 0 0 9228 0 0 0 0 0 0 0 0 0
9228 0 0 0 0 0 0 0 0 0 0 0 0 0 0 0 9229 0 0 0 0 0 0 0 0 0 0 0 0 0 0
9229 0 0 0 0 0 0 0 0 0 0 0 0 0 0 0 0 0 0 9230 0 0 0 0 0 0 0 0 0 0 0
9230 0 0 0 0 0 0 0 0 0 0 0 0 0 0 0 0 0 0 0 0 0 0 0 0 0 0 0 0 0 1 refrigerator
9231 0 0 0 0 0 0 0 9232 0 0 0 0 0 0 0 0 0 0 0 9234 9238 0 0 0 0 0 0 0 0 0
9232 0 0 0 0 0 9233 0 0 0 0 0 0 0 0 0 0 0 0 0 0 0 0 0 0 0 0 0 0 0 0
9233 0 0 0 0 0 0 0 0 0 0 0 0 0 0 0 0 0 0 0 0 0 0 0 0 0 0 0 0 0 1 refuge
9234 0 9235 0 0 0 9237 0 0 0 0 0 0 0 0 0 0 0 0 0 0 0 0 0 0 0 0 0 0 0 0
9235 0 0 0 0 0 0 0 0 0 0 0 0 9236 0 0 0 0 0 0 0 0 0 0 0 0 0 0 0 0 0
9236 0 0 0 0 0 0 0 0 0 0 0 0 0 0 0 0 0 0 0 0 0 0 0 0 0 0 0 0 0 1 refusal
9237 0 0 0 0 0 0 0 0 0 0 0 0 0 0 0 0 0 0 0 0 0 0 0 0 0 0 0 0 0 1 refuse
9238 0 0 0 0 0 9239 0 0 0 0 0 0 0 0 0 0 0 0 0 0 0 0 0 0 0 0 0 0 0 0
9239 0 0 0 0 0 0 0 0 0 0 0 0 0 0 0 0 0 0 0 0 0 0 0 0 0 0 0 0 0 1 refute
9240 0 9241 0 0 0 0 0 0 0 9251 0 0 0 0 0 0 0 0 9258 0 0 9261 0 0 0 0 0 0 0 0
9241 0 0 0 0 0 0 0 0 0 0 0 0 0 0 0 0 0 0 9242 0 0 0 0 0 0 0 0 0 0 0
9242 0 0 0 0 9243 0 0 0 0 0 0 0 0 0 0 0 0 0 0 0 0 0 0 0 0 0 0 0 0 0
9243 0 0 0 0 0 0 0 0 0 9244 0 0 9247 0 0 0 0 0 0 0 0 0 0 0 0 0 0 0 0 1 regard
9244 0 0 0 0 0 0 0 0 0 0 0 0 0 0 9245 0 0 0 0 0 0 0 0 0 0 0 0 0 0 0
9245 0 0 0 0 0 0 0 9246 0 0 0 0 0 0 0 0 0 0 0 0 0 0 0 0 0 0 0 0 0 0
9246 0 0 0 0 0 0 0 0 0 0 0 0 0 0 0 0 0 0 0 0 0 0 0 0 0 0 0 0 0 1 regarding
9247 0 0 0 0 0 9248 0 0 0 0 0 0 0 0 0 0 0 0 0 0 0 0 0 0 0 0 0 0 0 0
9248 0 0 0 0 0 0 0 0 0 0 0 0 0 0 0 0 0 0 0 9249 0 0 0 0 0 0 0 0 0 0
9249 0 0 0 0 0 0 0 0 0 0 0 0 0 0 0 0 0 0 0 9250 0 0 0 0 0 0 0 0 0 0
9250 0 0 0 0 0 0 0 0 0 0 0 0 0 0 0 0 0 0 0 0 0 0 0 0 0 0 0 0 0 1 regardless
9251 0 0 0 0 0 0 0 0 0 0 0 0 0 0 0 9252 0 0 0 9254 0 0 0 0 0 0 0 0 0 0
9252 0 0 0 0 0 0 0 0 0 0 0 0 0 0 9253 0 0 0 0 0 0 0 0 0 0 0 0 0 0 0
9253 0 0 0 0 0 0 0 0 0 0 0 0 0 0 0 0 0 0 0 0 0 0 0 0 0 0 0 0 0 1 region
9254 0 0 0 0 0 0 0 0 0 0 0 0 0 0 0 0 0 0 0 0 9255 0 0 0 0 0 0 0 0 0
9255 0 0 0 0 0 9256 0 0 0 0 0 0 0 0 0 0 0 0 0 0 0 0 0 0 0 0 0 0 0 0
9256 0 0 0 0 0 0 0 0 0 0 0 0 0 0 0 0 0 0 9257 0 0 0 0 0 0 0 0 0 0 0
9257 0 0 0 0 0 0 0 0 0 0 0 0 0 0 0 0 0 0 0 0 0 0 0 0 0 0 0 0 0 1 register
9258 0 0 0 0 0 9259 0 0 0 0 0 0 0 0 0 0 0 0 0 0 0 0 0 0 0 0 0 0 0 0
9259 0 0 0 0 0 0 0 0 0 0 0 0 0 0 0 0 0 0 0 0 9260 0 0 0 0 0 0 0 0 0
9260 0 0 0 0 0 0 0 0 0 0 0 0 0 0 0 0 0 0 0 0 0 0 0 0 0 0 0 0 0 1 regret
9261 0 0 0 0 0 0 0 0 0 0 0 0 9262 0 0 0 0 0 0 0 0 0 0 0 0 0 0 0 0 0
9262 0 9263 0 0 0 0 0 0 0 0 0 0 0 0 0 0 0 0 0 0 0 0 0 0 0 0 0 0 0 0
9263 0 0 0 0 0 0 0 0 0 0 0 0 0 0 0 0 0 0 9264 0 9267 0 0 0 0 0 0 0 0 0
9264 0 0 0 0 0 0 0 0 0 0 0 0 9265 0 0 0 0 0 0 0 0 0 0 0 0 0 0 0 0 1 regular
9265 0 0 0 0 0 0 0 0 0 0 0 0 0 0 0 0 0 0 0 0 0 0 0 0 0 9266 0 0 0 0
9266 0 0 0 0 0 0 0 0 0 0 0 0 0 0 0 0 0 0 0 0 0 0 0 0 0 0 0 0 0 1 regularly
9267 0 0 0 0 0 9268 0 0 0 9269 0 0 0 0 0 0 0 0 0 0 0 0 0 0 0 0 0 0 0 0
9268 0 0 0 0 0 0 0 0 0 0 0 0 0 0 0 0 0 0 0 0 0 0 0 0 0 0 0 0 0 1 regulate
9269 0 0 0 0 0 0 0 0 0 0 0 0 0 0 0 9270 0 0 0 0 0 0 0 0 0 0 0 0 0 0
9270 0 0 0 0 0 0 0 0 0 0 0 0 0 0 9271 0 0 0 0 0 0 0 0 0 0 0 0 0 0 0
9271 0 0 0 0 0 0 0 0 0 0 0 0 0 0 0 0 0 0 0 0 0 0 0 0 0 0 0 0 0 1 regulation
9272 0 0 0 0 0 9273 0 0 0 0 0 0 0 0 0 0 0 0 0 0 0 0 0 0 0 0 0 0 0 0
9273 0 9274 0 0 0 0 0 0 0 0 0 0 0 0 0 0 0 0 0 0 0 0 0 0 0 0 0 0 0 0
9274 0 0 0 0 0 0 0 0 0 0 0 0 0 0 0 0 0 0 9275 0 0 0 0 0 0 0 0 0 0 0
9275 0 0 0 0 0 0 0 0 0 0 0 0 0 0 0 0 0 0 0 9276 0 0 0 0 0 0 0 0 0 0
9276 0 9277 0 0 0 0 0 0 0 0 0 0 0 0 0 0 0 0 0 0 0 0 0 0 0 0 0 0 0 0
9277 0 0 0 0 0 0 0 0 0 0 0 0 9278 0 0 0 0 0 0 0 0 0 0 0 0 0 0 0 0 0
9278 0 0 0 0 0 0 0 0 0 0 0 0 0 0 0 0 0 0 0 0 0 0 0 0 0 0 0 0 0 1 rehearsal
9279 0 0 0 0 0 0 0 9280 0 0 0 0 0 0 9282 0 0 0 0 0 0 0 0 0 0 0 0 0 0 0
9280 0 0 0 0 0 0 0 0 0 0 0 0 0 0 9281 0 0 0 0 0 0 0 0 0 0 0 0 0 0 0
9281 0 0 0 0 0 0 0 0 0 0 0 0 0 0 0 0 0 0 0 0 0 0 0 0 0 0 0 0 0 1 reign
9282 0 0 0 0 0 0 9283 0 0 0 0 0 0 0 0 0 0 0 0 0 0 0 0 0 0 0 0 0 0 1 rein
9283 0 0 0 0 0 0 0 0 0 0 0 0 0 0 0 9284 0 0 0 0 0 0 0 0 0 0 0 0 0 0
9284 0 0 0 0 0 0 0 0 0 0 0 0 0 0 0 0 0 0 9285 0 0 0 0 0 0 0 0 0 0 0
9285 0 0 0 9286 0 0 0 0 0 0 0 0 0 0 0 0 0 0 0 0 0 0 0 0 0 0 0 0 0 0
9286 0 0 0 0 0 9287 0 0 0 0 0 0 0 0 0 0 0 0 0 0 0 0 0 0 0 0 0 0 0 0
9287 0 0 0 0 0 0 0 0 0 0 0 0 0 0 0 0 0 0 0 0 0 0 0 0 0 0 0 0 0 1 reinforce
9288 0 0 0 0 0 9289 0 0 0 0 0 0 0 0 0 9292 0 0 0 0 0 0 0 0 0 0 0 0 0 0
9289 0 0 0 9290 0 0 0 0 0 0 0 0 0 0 0 0 0 0 0 0 0 0 0 0 0 0 0 0 0 0
9290 0 0 0 0 0 0 0 0 0 0 0 0 0 0 0 0 0 0 0 0 9291 0 0 0 0 0 0 0 0 0
9291 0 0 0 0 0 0 0 0 0 0 0 0 0 0 0 0 0 0 0 0 0 0 0 0 0 0 0 0 0 1 reject
9292 0 0 0 0 0 0 0 0 0 9293 0 0 0 0 0 0 0 0 0 0 0 0 0 0 0 0 0 0 0 0
9293 0 0 0 9294 0 0 0 0 0 0 0 0 0 0 0 0 0 0 0 0 0 0 0 0 0 0 0 0 0 0
9294 0 0 0 0 0 9295 0 0 0 0 0 0 0 0 0 0 0 0 0 0 0 0 0 0 0 0 0 0 0 0
9295 0 0 0 0 0 0 0 0 0 0 0 0 0 0 0 0 0 0 0 0 0 0 0 0 0 0 0 0 0 1 rejoice
9296 0 9297 0 0 0 9315 0 0 0 9323 0 0 0 0 0 0 0 0 0 0 0 9346 0 0 0 9352 0 0 0 0
9297 0 0 0 0 0 0 0 0 0 0 0 0 0 0 0 0 0 0 0 0 9298 0 0 0 9314 0 0 0 0 0
9298 0 0 0 0 0 9299 0 0 0 9300 0 0 0 0 0 0 0 0 0 0 0 0 0 0 0 0 0 0 0 0
9299 0 0 0 0 0 0 0 0 0 0 0 0 0 0 0 0 0 0 0 0 0 0 0 0 0 0 0 0 0 1 relate
9300 0 0 0 0 0 0 0 0 0 0 0 0 0 0 0 9301 0 0 0 0 0 0 9307 0 0 0 0 0 0 0
9301 0 0 0 0 0 0 0 0 0 0 0 0 0 0 9302 0 0 0 0 0 0 0 0 0 0 0 0 0 0 0
9302 0 0 0 0 0 0 0 0 0 0 0 0 0 0 0 0 0 0 0 9303 0 0 0 0 0 0 0 0 0 1 relation
9303 0 0 0 0 0 0 0 0 9304 0 0 0 0 0 0 0 0 0 0 0 0 0 0 0 0 0 0 0 0 0
9304 0 0 0 0 0 0 0 0 0 9305 0 0 0 0 0 0 0 0 0 0 0 0 0 0 0 0 0 0 0 0
9305 0 0 0 0 0 0 0 0 0 0 0 0 0 0 0 0 9306 0 0 0 0 0 0 0 0 0 0 0 0 0
9306 0 0 0 0 0 0 0 0 0 0 0 0 0 0 0 0 0 0 0 0 0 0 0 0 0 0 0 0 0 1 relationship
9307 0 0 0 0 0 9308 0 0 0 9311 0 0 0 0 0 0 0 0 0 0 0 0 0 0 0 0 0 0 0 0
9308 0 0 0 0 0 0 0 0 0 0 0 0 9309 0 0 0 0 0 0 0 0 0 0 0 0 0 0 0 0 1 relative
9309 0 0 0 0 0 0 0 0 0 0 0 0 0 0 0 0 0 0 0 0 0 0 0 0 0 9310 0 0 0 0
9310 0 0 0 0 0 0 0 0 0 0 0 0 0 0 0 0 0 0 0 0 0 0 0 0 0 0 0 0 0 1 relatively
9311 0 0 0 0 0 0 0 0 0 0 0 0 0 0 0 0 0 0 0 0 9312 0 0 0 0 0 0 0 0 0
9312 0 0 0 0 0 0 0 0 0 0 0 0 0 0 0 0 0 0 0 0 0 0 0 0 0 9313 0 0 0 0
9313 0 0 0 0 0 0 0 0 0 0 0 0 0 0 0 0 0 0 0 0 0 0 0 0 0 0 0 0 0 1 relativity
9314 0 0 0 0 0 0 0 0 0 0 0 0 0 0 0 0 0 0 0 0 0 0 0 0 0 0 0 0 0 1 relax
9315 0 9316 0 0 0 0 0 0 0 0 0 0 0 0 0 0 0 0 0 0 0 0 9319 0 0 0 0 0 0 0
9316 0 0 0 0 0 0 0 0 0 0 0 0 0 0 0 0 0 0 0 9317 0 0 0 0 0 0 0 0 0 0
9317 0 0 0 0 0 9318 0 0 0 0 0 0 0 0 0 0 0 0 0 0 0 0 0 0 0 0 0 0 0 0
9318 0 0 0 0 0 0 0 0 0 0 0 0 0 0 0 0 0 0 0 0 0 0 0 0 0 0 0 0 0 1 release
9319 0 9320 0 0 0 0 0 0 0 0 0 0 0 0 0 0 0 0 0 0 0 0 0 0 0 0 0 0 0 0
9320 0 0 0 0 0 0 0 0 0 0 0 0 0 0 9321 0 0 0 0 0 0 0 0 0 0 0 0 0 0 0
9321 0 0 0 0 0 0 0 0 0 0 0 0 0 0 0 0 0 0 0 0 9322 0 0 0 0 0 0 0 0 0
9322 0 0 0 0 0 0 0 0 0 0 0 0 0 0 0 0 0 0 0 0 0 0 0 0 0 0 0 0 0 1 relevant
9323 0 9324 0 0 0 9336 0 9340 0 0 0 0 0 0 0 0 0 0 0 0 0 0 0 0 0 0 0 0 0 0
9324 0 0 9325 0 0 0 0 0 0 0 0 0 0 0 9333 0 0 0 0 0 0 0 0 0 0 0 0 0 0 0
9325 0 0 0 0 0 0 0 0 0 9326 0 0 9331 0 0 0 0 0 0 0 0 0 0 0 0 0 0 0 0 0
9326 0 0 0 0 0 0 0 0 0 0 0 0 9327 0 0 0 0 0 0 0 0 0 0 0 0 0 0 0 0 0
9327 0 0 0 0 0 0 0 0 0 9328 0 0 0 0 0 0 0 0 0 0 0 0 0 0 0 0 0 0 0 0
9328 0 0 0 0 0 0 0 0 0 0 0 0 0 0 0 0 0 0 0 0 9329 0 0 0 0 0 0 0 0 0
9329 0 0 0 0 0 0 0 0 0 0 0 0 0 0 0 0 0 0 0 0 0 0 0 0 0 9330 0 0 0 0
9330 0 0 0 0 0 0 0 0 0 0 0 0 0 0 0 0 0 0 0 0 0 0 0 0 0 0 0 0 0 1 reliability
9331 0 0 0 0 0 9332 0 0 0 0 0 0 0 0 0 0 0 0 0 0 0 0 0 0 0 0 0 0 0 0
9332 0 0 0 0 0 0 0 0 0 0 0 0 0 0 0 0 0 0 0 0 0 0 0 0 0 0 0 0 0 1 reliable
9333 0 0 0 9334 0 0 0 0 0 0 0 0 0 0 0 0 0 0 0 0 0 0 0 0 0 0 0 0 0 0
9334 0 0 0 0 0 9335 0 0 0 0 0 0 0 0 0 0 0 0 0 0 0 0 0 0 0 0 0 0 0 0
9335 0 0 0 0 0 0 0 0 0 0 0 0 0 0 0 0 0 0 0 0 0 0 0 0 0 0 0 0 0 1 reliance
9336 0 0 0 0 0 0 9337 0 0 0 0 0 0 0 0 0 0 0 0 0 0 0 9338 0 0 0 0 0 0 0
9337 0 0 0 0 0 0 0 0 0 0 0 0 0 0 0 0 0 0 0 0 0 0 0 0 0 0 0 0 0 1 relief
9338 0 0 0 0 0 9339 0 0 0 0 0 0 0 0 0 0 0 0 0 0 0 0 0 0 0 0 0 0 0 0
9339 0 0 0 0 0 0 0 0 0 0 0 0 0 0 0 0 0 0 0 0 0 0 0 0 0 0 0 0 0 1 relieve
9340 0 0 0 0 0 0 0 0 0 9341 0 0 0 0 0 0 0 0 0 0 0 0 0 0 0 0 0 0 0 0
9341 0 0 0 0 0 0 0 0 0 0 0 0 0 0 0 9342 0 0 0 0 0 0 0 0 0 0 0 0 0 0
9342 0 0 0 0 0 0 0 0 0 0 0 0 0 0 9343 0 0 0 0 0 0 9344 0 0 0 0 0 0 0 0
9343 0 0 0 0 0 0 0 0 0 0 0 0 0 0 0 0 0 0 0 0 0 0 0 0 0 0 0 0 0 1 religion
9344 0 0 0 0 0 0 0 0 0 0 0 0 0 0 0 0 0 0 0 9345 0 0 0 0 0 0 0 0 0 0
9345 0 0 0 0 0 0 0 0 0 0 0 0 0 0 0 0 0 0 0 0 0 0 0 0 0 0 0 0 0 1 religious
9346 0 0 0 9347 0 0 0 0 0 0 0 0 0 0 0 0 0 0 0 0 0 0 0 0 0 0 0 0 0 0
9347 0 0 0 0 0 0 0 0 0 0 0 0 0 0 0 0 0 0 0 0 9348 0 0 0 0 0 0 0 0 0
9348 0 9349 0 0 0 0 0 0 0 0 0 0 0 0 0 0 0 0 0 0 0 0 0 0 0 0 0 0 0 0
9349 0 0 0 0 0 0 0 0 0 0 0 0 0 0 9350 0 0 0 0 0 0 0 0 0 0 0 0 0 0 0
9350 0 0 0 0 0 0 0 0 0 0 0 0 0 0 0 0 0 0 0 0 9351 0 0 0 0 0 0 0 0 0
9351 0 0 0 0 0 0 0 0 0 0 0 0 0 0 0 0 0 0 0 0 0 0 0 0 0 0 0 0 0 1 reluctant
9352 0 0 0 0 0 0 0 0 0 0 0 0 0 0 0 0 0 0 0 0 0 0 0 0 0 0 0 0 0 1 rely
9353 0 9354 0 0 0 9364 0 0 0 9371 0 0 0 0 0 9374 0 0 0 0 0 0 0 0 0 0 0 0 0 0
9354 0 0 0 0 0 0 0 0 0 9355 0 0 0 0 0 0 0 0 9358 0 0 0 0 0 0 0 0 0 0 0
9355 0 0 0 0 0 0 0 0 0 0 0 0 0 0 9356 0 0 0 0 0 0 0 0 0 0 0 0 0 0 0
9356 0 0 0 0 0 0 0 0 0 0 0 0 0 0 0 0 0 0 0 9357 0 0 0 0 0 0 0 0 0 1 remain
9357 0 0 0 0 0 0 0 0 0 0 0 0 0 0 0 0 0 0 0 0 0 0 0 0 0 0 0 0 0 1 remains
9358 0 0 0 0 0 0 0 0 0 0 0 9359 0 0 0 0 0 0 0 0 0 0 0 0 0 0 0 0 0 0
9359 0 9360 0 0 0 0 0 0 0 0 0 0 0 0 0 0 0 0 0 0 0 0 0 0 0 0 0 0 0 1 remark
9360 0 0 9361 0 0 0 0 0 0 0 0 0 0 0 0 0 0 0 0 0 0 0 0 0 0 0 0 0 0 0
9361 0 0 0 0 0 0 0 0 0 0 0 0 9362 0 0 0 0 0 0 0 0 0 0 0 0 0 0 0 0 0
9362 0 0 0 0 0 9363 0 0 0 0 0 0 0 0 0 0 0 0 0 0 0 0 0 0 0 0 0 0 0 0
9363 0 0 0 0 0 0 0 0 0 0 0 0 0 0 0 0 0 0 0 0 0 0 0 0 0 0 0 0 0 1 remarkable
9364 0 0 0 0 9365 0 0 0 0 0 0 0 0 9367 0 0 0 0 0 0 0 0 0 0 0 0 0 0 0 0
9365 0 0 0 0 0 0 0 0 0 0 0 0 0 0 0 0 0 0 0 0 0 0 0 0 0 9366 0 0 0 0
9366 0 0 0 0 0 0 0 0 0 0 0 0 0 0 0 0 0 0 0 0 0 0 0 0 0 0 0 0 0 1 remedy
9367 0 0 9368 0 0 0 0 0 0 0 0 0 0 0 0 0 0 0 0 0 0 0 0 0 0 0 0 0 0 0
9368 0 0 0 0 0 9369 0 0 0 0 0 0 0 0 0 0 0 0 0 0 0 0 0 0 0 0 0 0 0 0
9369 0 0 0 0 0 0 0 0 0 0 0 0 0 0 0 0 0 0 9370 0 0 0 0 0 0 0 0 0 0 0
9370 0 0 0 0 0 0 0 0 0 0 0 0 0 0 0 0 0 0 0 0 0 0 0 0 0 0 0 0 0 1 remember
9371 0 0 0 0 0 0 0 0 0 0 0 0 0 0 9372 0 0 0 0 0 0 0 0 0 0 0 0 0 0 0
9372 0 0 0 0 9373 0 0 0 0 0 0 0 0 0 0 0 0 0 0 0 0 0 0 0 0 0 0 0 0 0
9373 0 0 0 0 0 0 0 0 0 0 0 0 0 0 0 0 0 0 0 0 0 0 0 0 0 0 0 0 0 1 remind
9374 0 0 0 0 0 0 0 0 0 0 0 0 0 0 0 0 0 0 0 0 9375 0 9377 0 0 0 0 0 0 0
9375 0 0 0 0 0 9376 0 0 0 0 0 0 0 0 0 0 0 0 0 0 0 0 0 0 0 0 0 0 0 0
9376 0 0 0 0 0 0 0 0 0 0 0 0 0 0 0 0 0 0 0 0 0 0 0 0 0 0 0 0 0 1 remote
9377 0 9378 0 0 0 9380 0 0 0 0 0 0 0 0 0 0 0 0 0 0 0 0 0 0 0 0 0 0 0 0
9378 0 0 0 0 0 0 0 0 0 0 0 0 9379 0 0 0 0 0 0 0 0 0 0 0 0 0 0 0 0 0
9379 0 0 0 0 0 0 0 0 0 0 0 0 0 0 0 0 0 0 0 0 0 0 0 0 0 0 0 0 0 1 removal
9380 0 0 0 0 0 0 0 0 0 0 0 0 0 0 0 0 0 0 0 0 0 0 0 0 0 0 0 0 0 1 remove
9381 0 0 0 0 9382 9385 0 0 0 0 0 0 0 0 0 0 0 0 0 0 9387 0 0 0 0 0 0 0 0 0
9382 0 0 0 0 0 9383 0 0 0 0 0 0 0 0 0 0 0 0 0 0 0 0 0 0 0 0 0 0 0 0
9383 0 0 0 0 0 0 0 0 0 0 0 0 0 0 0 0 0 0 9384 0 0 0 0 0 0 0 0 0 0 0
9384 0 0 0 0 0 0 0 0 0 0 0 0 0 0 0 0 0 0 0 0 0 0 0 0 0 0 0 0 0 1 render
9385 0 0 0 0 0 0 0 0 0 0 0 0 0 0 0 0 0 0 0 0 0 0 0 9386 0 0 0 0 0 0
9386 0 0 0 0 0 0 0 0 0 0 0 0 0 0 0 0 0 0 0 0 0 0 0 0 0 0 0 0 0 1 renew
9387 0 0 0 0 0 0 0 0 0 0 0 0 0 0 0 0 0 0 0 0 0 0 0 0 0 0 0 0 0 1 rent
9388 0 9389 0 0 0 9392 0 0 0 0 0 0 9407 0 0 9412 0 0 9417 0 0 9436 0 0 0 0 0 0 0 0
9389 0 0 0 0 0 0 0 0 0 9390 0 0 0 0 0 0 0 0 0 0 0 0 0 0 0 0 0 0 0 0
9390 0 0 0 0 0 0 0 0 0 0 0 0 0 0 0 0 0 0 9391 0 0 0 0 0 0 0 0 0 0 0
9391 0 0 0 0 0 0 0 0 0 0 0 0 0 0 0 0 0 0 0 0 0 0 0 0 0 0 0 0 0 1 repair
9392 0 9393 0 0 0 0 0 0 0 0 0 0 0 0 9399 0 0 0 0 0 9401 0 0 0 0 0 0 0 0 0
9393 0 0 0 0 0 0 0 0 0 0 0 0 0 0 0 0 0 0 0 0 9394 0 0 0 0 0 0 0 0 0
9394 0 0 0 0 0 9395 0 0 0 0 0 0 0 0 0 0 0 0 0 0 0 0 0 0 0 0 0 0 0 1 repeat
9395 0 0 0 0 9396 0 0 0 0 0 0 0 0 0 0 0 0 0 0 0 0 0 0 0 0 0 0 0 0 0
9396 0 0 0 0 0 0 0 0 0 0 0 0 9397 0 0 0 0 0 0 0 0 0 0 0 0 0 0 0 0 0
9397 0 0 0 0 0 0 0 0 0 0 0 0 0 0 0 0 0 0 0 0 0 0 0 0 0 9398 0 0 0 0
9398 0 0 0 0 0 0 0 0 0 0 0 0 0 0 0 0 0 0 0 0 0 0 0 0 0 0 0 0 0 1 repeatedly
9399 0 0 0 0 0 0 0 0 0 0 0 0 0 0 0 0 0 0 0 0 9400 0 0 0 0 0 0 0 0 0
9400 0 0 0 0 0 0 0 0 0 0 0 0 0 0 0 0 0 0 0 0 0 0 0 0 0 0 0 0 0 1 repent
9401 0 0 0 0 0 0 0 0 0 9402 0 0 0 0 0 0 0 0 0 0 0 0 0 0 0 0 0 0 0 0
9402 0 0 0 0 0 0 0 0 0 0 0 0 0 0 0 0 0 0 0 0 9403 0 0 0 0 0 0 0 0 0
9403 0 0 0 0 0 0 0 0 0 9404 0 0 0 0 0 0 0 0 0 0 0 0 0 0 0 0 0 0 0 0
9404 0 0 0 0 0 0 0 0 0 0 0 0 0 0 0 9405 0 0 0 0 0 0 0 0 0 0 0 0 0 0
9405 0 0 0 0 0 0 0 0 0 0 0 0 0 0 9406 0 0 0 0 0 0 0 0 0 0 0 0 0 0 0
9406 0 0 0 0 0 0 0 0 0 0 0 0 0 0 0 0 0 0 0 0 0 0 0 0 0 0 0 0 0 1 repetition
9407 0 9408 0 0 0 0 0 0 0 0 0 0 0 0 0 0 0 0 0 0 0 0 0 0 0 9411 0 0 0 0
9408 0 0 0 9409 0 0 0 0 0 0 0 0 0 0 0 0 0 0 0 0 0 0 0 0 0 0 0 0 0 0
9409 0 0 0 0 0 9410 0 0 0 0 0 0 0 0 0 0 0 0 0 0 0 0 0 0 0 0 0 0 0 0
9410 0 0 0 0 0 0 0 0 0 0 0 0 0 0 0 0 0 0 0 0 0 0 0 0 0 0 0 0 0 1 replace
9411 0 0 0 0 0 0 0 0 0 0 0 0 0 0 0 0 0 0 0 0 0 0 0 0 0 0 0 0 0 1 reply
9412 0 0 0 0 0 0 0 0 0 0 0 0 0 0 0 0 0 0 9413 0 0 0 0 0 0 0 0 0 0 0
9413 0 0 0 0 0 0 0 0 0 0 0 0 0 0 0 0 0 0 0 0 9414 0 0 0 0 0 0 0 0 0
9414 0 0 0 0 0 9415 0 0 0 0 0 0 0 0 0 0 0 0 0 0 0 0 0 0 0 0 0 0 0 1 report
9415 0 0 0 0 0 0 0 0 0 0 0 0 0 0 0 0 0 0 9416 0 0 0 0 0 0 0 0 0 0 0
9416 0 0 0 0 0 0 0 0 0 0 0 0 0 0 0 0 0 0 0 0 0 0 0 0 0 0 0 0 0 1 reporter
9417 0 0 0 0 0 9418 0 0 0 0 0 0 0 0 0 9428 0 0 0 0 0 0 0 0 0 0 0 0 0 0
9418 0 0 0 0 0 0 0 0 0 0 0 0 0 0 0 0 0 0 0 9419 0 0 0 0 0 0 0 0 0 0
9419 0 0 0 0 0 9420 0 0 0 0 0 0 0 0 0 0 0 0 0 0 0 0 0 0 0 0 0 0 0 0
9420 0 0 0 0 0 0 0 0 0 0 0 0 0 0 9421 0 0 0 0 0 0 0 0 0 0 0 0 0 0 0
9421 0 0 0 0 0 0 0 0 0 0 0 0 0 0 0 0 0 0 0 0 9422 0 0 0 0 0 0 0 0 0
9422 0 9423 0 0 0 0 0 0 0 0 0 0 0 0 0 0 0 0 0 0 0 0 0 0 0 0 0 0 0 1 represent
9423 0 0 0 0 0 0 0 0 0 0 0 0 0 0 0 0 0 0 0 0 9424 0 0 0 0 0 0 0 0 0
9424 0 0 0 0 0 0 0 0 0 9425 0 0 0 0 0 0 0 0 0 0 0 0 0 0 0 0 0 0 0 0
9425 0 0 0 0 0 0 0 0 0 0 0 0 0 0 0 0 0 0 0 0 0 0 9426 0 0 0 0 0 0 0
9426 0 0 0 0 0 9427 0 0 0 0 0 0 0 0 0 0 0 0 0 0 0 0 0 0 0 0 0 0 0 0
9427 0 0 0 0 0 0 0 0 0 0 0 0 0 0 0 0 0 0 0 0 0 0 0 0 0 0 0 0 0 1 representative
9428 0 9429 0 0 9432 0 0 0 0 0 0 0 0 0 0 0 0 0 0 0 0 0 0 0 0 0 0 0 0 0
9429 0 0 0 9430 0 0 0 0 0 0 0 0 0 0 0 0 0 0 0 0 0 0 0 0 0 0 0 0 0 0
9430 0 0 0 0 0 0 0 0 9431 0 0 0 0 0 0 0 0 0 0 0 0 0 0 0 0 0 0 0 0 0
9431 0 0 0 0 0 0 0 0 0 0 0 0 0 0 0 0 0 0 0 0 0 0 0 0 0 0 0 0 0 1 reproach
9432 0 0 0 0 0 0 0 0 0 0 0 0 0 0 0 0 0 0 0 0 0 9433 0 0 0 0 0 0 0 0
9433 0 0 0 9434 0 0 0 0 0 0 0 0 0 0 0 0 0 0 0 0 0 0 0 0 0 0 0 0 0 0
9434 0 0 0 0 0 9435 0 0 0 0 0 0 0 0 0 0 0 0 0 0 0 0 0 0 0 0 0 0 0 0
9435 0 0 0 0 0 0 0 0 0 0 0 0 0 0 0 0 0 0 0 0 0 0 0 0 0 0 0 0 0 1 reproduce
9436 0 0 9437 0 0 0 0 0 0 0 0 0 0 0 0 0 0 0 0 0 9443 0 0 0 0 0 0 0 0 0
9437 0 0 0 0 0 0 0 0 0 0 0 0 9438 0 0 0 0 0 0 0 0 0 0 0 0 0 0 0 0 0
9438 0 0 0 0 0 0 0 0 0 9439 0 0 0 0 0 0 0 0 0 0 0 0 0 0 0 0 0 0 0 0
9439 0 0 0 9440 0 0 0 0 0 0 0 0 0 0 0 0 0 0 0 0 0 0 0 0 0 0 0 0 0 0
9440 0 9441 0 0 0 0 0 0 0 0 0 0 0 0 0 0 0 0 0 0 0 0 0 0 0 0 0 0 0 1 republic
9441 0 0 0 0 0 0 0 0 0 0 0 0 0 0 9442 0 0 0 0 0 0 0 0 0 0 0 0 0 0 0
9442 0 0 0 0 0 0 0 0 0 0 0 0 0 0 0 0 0 0 0 0 0 0 0 0 0 0 0 0 0 1 republican
9443 0 9444 0 0 0 0 0 0 0 0 0 0 0 0 0 0 0 0 0 0 0 0 0 0 0 0 0 0 0 0
9444 0 0 0 0 0 0 0 0 0 0 0 0 0 0 0 0 0 0 0 0 9445 0 0 0 0 0 0 0 0 0
9445 0 0 0 0 0 0 0 0 0 9446 0 0 0 0 0 0 0 0 0 0 0 0 0 0 0 0 0 0 0 0
9446 0 0 0 0 0 0 0 0 0 0 0 0 0 0 0 9447 0 0 0 0 0 0 0 0 0 0 0 0 0 0
9447 0 0 0 0 0 0 0 0 0 0 0 0 0 0 9448 0 0 0 0 0 0 0 0 0 0 0 0 0 0 0
9448 0 0 0 0 0 0 0 0 0 0 0 0 0 0 0 0 0 0 0 0 0 0 0 0 0 0 0 0 0 1 reputation
9449 0 0 0 0 0 0 0 0 0 0 0 0 0 0 0 0 0 0 0 0 0 9450 0 0 0 0 0 0 0 0
9450 0 0 0 0 0 9451 0 0 0 9454 0 0 0 0 0 0 0 0 0 0 0 0 0 0 0 0 0 0 0 0
9451 0 0 0 0 0 0 0 0 0 0 0 0 0 0 0 0 0 0 0 9452 0 0 0 0 0 0 0 0 0 0
9452 0 0 0 0 0 0 0 0 0 0 0 0 0 0 0 0 0 0 0 0 9453 0 0 0 0 0 0 0 0 0
9453 0 0 0 0 0 0 0 0 0 0 0 0 0 0 0 0 0 0 0 0 0 0 0 0 0 0 0 0 0 1 request
9454 0 0 0 0 0 0 0 0 0 0 0 0 0 0 0 0 0 0 9455 0 0 0 0 0 0 0 0 0 0 0
9455 0 0 0 0 0 9456 0 0 0 0 0 0 0 0 0 0 0 0 0 0 0 0 0 0 0 0 0 0 0 0
9456 0 0 0 0 0 0 0 0 0 0 0 0 0 9457 0 0 0 0 0 0 0 0 0 0 0 0 0 0 0 1 require
9457 0 0 0 0 0 9458 0 0 0 0 0 0 0 0 0 0 0 0 0 0 0 0 0 0 0 0 0 0 0 0
9458 0 0 0 0 0 0 0 0 0 0 0 0 0 0 9459 0 0 0 0 0 0 0 0 0 0 0 0 0 0 0
9459 0 0 0 0 0 0 0 0 0 0 0 0 0 0 0 0 0 0 0 0 9460 0 0 0 0 0 0 0 0 0
9460 0 0 0 0 0 0 0 0 0 0 0 0 0 0 0 0 0 0 0 0 0 0 0 0 0 0 0 0 0 1 requirement
9461 0 0 0 9462 0 9465 0 0 0 9482 0 0 0 0 0 9503 9518 0 0 0 9544 9569 0 0 0 0 0 0 0 0
9462 0 0 0 0 0 0 0 0 0 0 0 0 0 0 0 0 0 0 0 0 0 9463 0 0 0 0 0 0 0 0
9463 0 0 0 0 0 9464 0 0 0 0 0 0 0 0 0 0 0 0 0 0 0 0 0 0 0 0 0 0 0 0
9464 0 0 0 0 0 0 0 0 0 0 0 0 0 0 0 0 0 0 0 0 0 0 0 0 0 0 0 0 0 1 rescue
9465 0 9466 0 0 0 0 0 0 0 0 0 0 0 9472 0 0 0 0 9476 0 0 0 0 0 0 0 0 0 0 0
9466 0 0 0 0 0 0 0 0 0 0 0 0 0 0 0 0 0 0 9467 0 0 0 0 0 0 0 0 0 0 0
9467 0 0 0 9468 0 0 0 0 0 0 0 0 0 0 0 0 0 0 0 0 0 0 0 0 0 0 0 0 0 0
9468 0 0 0 0 0 0 0 0 9469 0 0 0 0 0 0 0 0 0 0 0 0 0 0 0 0 0 0 0 0 0
9469 0 0 0 0 0 9470 0 0 0 0 0 0 0 0 0 0 0 0 0 0 0 0 0 0 0 0 0 0 0 1 research
9470 0 0 0 0 0 0 0 0 0 0 0 0 0 0 0 0 0 0 9471 0 0 0 0 0 0 0 0 0 0 0
9471 0 0 0 0 0 0 0 0 0 0 0 0 0 0 0 0 0 0 0 0 0 0 0 0 0 0 0 0 0 1 researcher
9472 0 0 9473 0 0 0 0 0 0 0 0 0 0 0 0 0 0 0 0 0 0 0 0 0 0 0 0 0 0 0
9473 0 0 0 0 0 0 0 0 0 0 0 0 9474 0 0 0 0 0 0 0 0 0 0 0 0 0 0 0 0 0
9474 0 0 0 0 0 9475 0 0 0 0 0 0 0 0 0 0 0 0 0 0 0 0 0 0 0 0 0 0 0 0
9475 0 0 0 0 0 0 0 0 0 0 0 0 0 0 0 0 0 0 0 0 0 0 0 0 0 0 0 0 0 1 resemble
9476 0 0 0 0 0 0 0 0 0 0 0 0 0 0 0 0 0 0 0 0 0 0 9477 0 0 0 0 0 0 0
9477 0 0 0 0 0 9478 0 0 0 9479 0 0 0 0 0 0 0 0 0 0 0 0 0 0 0 0 0 0 0 0
9478 0 0 0 0 0 0 0 0 0 0 0 0 0 0 0 0 0 0 0 0 0 0 0 0 0 0 0 0 0 1 reserve
9479 0 0 0 0 0 0 0 0 0 0 0 0 0 0 0 9480 0 0 0 0 0 0 0 0 0 0 0 0 0 0
9480 0 0 0 0 0 0 0 0 0 0 0 0 0 0 0 0 0 0 9481 0 0 0 0 0 0 0 0 0 0 0
9481 0 0 0 0 0 0 0 0 0 0 0 0 0 0 0 0 0 0 0 0 0 0 0 0 0 0 0 0 0 1 reservior
9482 0 0 0 0 9483 0 0 9489 0 0 0 0 0 0 0 0 0 0 0 9496 0 0 0 0 0 0 0 0 0 0
9483 0 0 0 0 0 9484 0 0 0 0 0 0 0 0 0 0 0 0 0 0 0 0 0 0 0 0 0 0 0 0
9484 0 0 0 0 0 0 0 0 0 0 0 0 0 0 9485 0 0 0 0 0 0 0 0 0 0 0 0 0 0 0
9485 0 0 0 9486 0 0 0 0 0 0 0 0 0 0 0 0 0 0 0 0 9488 0 0 0 0 0 0 0 0 0
9486 0 0 0 0 0 9487 0 0 0 0 0 0 0 0 0 0 0 0 0 0 0 0 0 0 0 0 0 0 0 0
9487 0 0 0 0 0 0 0 0 0 0 0 0 0 0 0 0 0 0 0 0 0 0 0 0 0 0 0 0 0 1 residence
9488 0 0 0 0 0 0 0 0 0 0 0 0 0 0 0 0 0 0 0 0 0 0 0 0 0 0 0 0 0 1 resident
9489 0 0 0 0 0 0 0 0 0 0 0 0 0 0 9490 0 0 0 0 0 0 0 0 0 0 0 0 0 0 0
9490 0 9491 0 0 0 0 0 0 0 0 0 0 0 0 0 0 0 0 0 0 0 0 0 0 0 0 0 0 0 1 resign
9491 0 0 0 0 0 0 0 0 0 0 0 0 0 0 0 0 0 0 0 0 9492 0 0 0 0 0 0 0 0 0
9492 0 0 0 0 0 0 0 0 0 9493 0 0 0 0 0 0 0 0 0 0 0 0 0 0 0 0 0 0 0 0
9493 0 0 0 0 0 0 0 0 0 0 0 0 0 0 0 9494 0 0 0 0 0 0 0 0 0 0 0 0 0 0
9494 0 0 0 0 0 0 0 0 0 0 0 0 0 0 9495 0 0 0 0 0 0 0 0 0 0 0 0 0 0 0
9495 0 0 0 0 0 0 0 0 0 0 0 0 0 0 0 0 0 0 0 0 0 0 0 0 0 0 0 0 0 1 resignation
9496 0 0 0 0 0 0 0 0 0 0 0 0 0 0 0 0 0 0 0 0 9497 0 0 0 0 0 0 0 0 0
9497 0 9498 0 0 0 0 0 0 0 0 0 0 0 0 0 0 0 0 0 0 0 0 0 0 0 0 0 0 0 1 resist
9498 0 0 0 0 0 0 0 0 0 0 0 0 0 0 9499 0 0 0 0 0 0 0 0 0 0 0 0 0 0 0
9499 0 0 0 9500 0 0 0 0 0 0 0 0 0 0 0 0 0 0 0 0 9502 0 0 0 0 0 0 0 0 0
9500 0 0 0 0 0 9501 0 0 0 0 0 0 0 0 0 0 0 0 0 0 0 0 0 0 0 0 0 0 0 0
9501 0 0 0 0 0 0 0 0 0 0 0 0 0 0 0 0 0 0 0 0 0 0 0 0 0 0 0 0 0 1 resistance
9502 0 0 0 0 0 0 0 0 0 0 0 0 0 0 0 0 0 0 0 0 0 0 0 0 0 0 0 0 0 1 resistant
9503 0 0 0 0 0 0 0 0 0 0 0 0 9504 0 0 0 0 0 9512 0 0 9514 0 0 0 0 0 0 0 0
9504 0 0 0 0 0 0 0 0 0 0 0 0 0 0 0 0 0 0 0 0 0 9505 9510 0 0 0 0 0 0 0
9505 0 0 0 0 0 0 0 0 0 0 0 0 0 0 0 0 0 0 0 0 9506 0 0 0 0 0 0 0 0 0
9506 0 0 0 0 0 0 0 0 0 9507 0 0 0 0 0 0 0 0 0 0 0 0 0 0 0 0 0 0 0 0
9507 0 0 0 0 0 0 0 0 0 0 0 0 0 0 0 9508 0 0 0 0 0 0 0 0 0 0 0 0 0 0
9508 0 0 0 0 0 0 0 0 0 0 0 0 0 0 9509 0 0 0 0 0 0 0 0 0 0 0 0 0 0 0
9509 0 0 0 0 0 0 0 0 0 0 0 0 0 0 0 0 0 0 0 0 0 0 0 0 0 0 0 0 0 1 resolution
9510 0 0 0 0 0 9511 0 0 0 0 0 0 0 0 0 0 0 0 0 0 0 0 0 0 0 0 0 0 0 0
9511 0 0 0 0 0 0 0 0 0 0 0 0 0 0 0 0 0 0 0 0 0 0 0 0 0 0 0 0 0 1 resolve
9512 0 0 0 0 0 0 0 0 0 0 0 0 0 0 0 0 0 0 0 0 9513 0 0 0 0 0 0 0 0 0
9513 0 0 0 0 0 0 0 0 0 0 0 0 0 0 0 0 0 0 0 0 0 0 0 0 0 0 0 0 0 1 resort
9514 0 0 0 0 0 0 0 0 0 0 0 0 0 0 0 0 0 0 9515 0 0 0 0 0 0 0 0 0 0 0
9515 0 0 0 9516 0 0 0 0 0 0 0 0 0 0 0 0 0 0 0 0 0 0 0 0 0 0 0 0 0 0
9516 0 0 0 0 0 9517 0 0 0 0 0 0 0 0 0 0 0 0 0 0 0 0 0 0 0 0 0 0 0 0
9517 0 0 0 0 0 0 0 0 0 0 0 0 0 0 0 0 0 0 0 0 0 0 0 0 0 0 0 0 0 1 resource
9518 0 0 0 0 0 9519 0 0 0 0 0 0 0 0 0 9530 0 0 0 0 0 0 0 0 0 0 0 0 0 0
9519 0 0 0 9520 0 0 0 0 0 0 0 0 0 0 0 0 0 0 0 0 0 0 0 0 0 0 0 0 0 0
9520 0 0 0 0 0 0 0 0 0 0 0 0 0 0 0 0 0 0 0 0 9521 0 0 0 0 0 0 0 0 0
9521 0 0 0 0 0 0 9522 0 0 9525 0 0 0 0 0 0 0 0 0 0 0 0 0 0 0 0 0 0 0 1 respect
9522 0 0 0 0 0 0 0 0 0 0 0 0 0 0 0 0 0 0 0 0 0 9523 0 0 0 0 0 0 0 0
9523 0 0 0 0 0 0 0 0 0 0 0 0 9524 0 0 0 0 0 0 0 0 0 0 0 0 0 0 0 0 0
9524 0 0 0 0 0 0 0 0 0 0 0 0 0 0 0 0 0 0 0 0 0 0 0 0 0 0 0 0 0 1 respectful
9525 0 0 0 0 0 0 0 0 0 0 0 0 0 0 0 0 0 0 0 0 0 0 9526 0 0 0 0 0 0 0
9526 0 0 0 0 0 9527 0 0 0 0 0 0 0 0 0 0 0 0 0 0 0 0 0 0 0 0 0 0 0 0
9527 0 0 0 0 0 0 0 0 0 0 0 0 9528 0 0 0 0 0 0 0 0 0 0 0 0 0 0 0 0 1 respective
9528 0 0 0 0 0 0 0 0 0 0 0 0 0 0 0 0 0 0 0 0 0 0 0 0 0 9529 0 0 0 0
9529 0 0 0 0 0 0 0 0 0 0 0 0 0 0 0 0 0 0 0 0 0 0 0 0 0 0 0 0 0 1 respectively
9530 0 0 0 0 0 0 0 0 0 0 0 0 0 0 9531 0 0 0 0 0 0 0 0 0 0 0 0 0 0 0
9531 0 0 0 0 9532 0 0 0 0 0 0 0 0 0 0 0 0 0 0 9533 0 0 0 0 0 0 0 0 0 0
9532 0 0 0 0 0 0 0 0 0 0 0 0 0 0 0 0 0 0 0 0 0 0 0 0 0 0 0 0 0 1 respond
9533 0 0 0 0 0 9534 0 0 0 9535 0 0 0 0 0 0 0 0 0 0 0 0 0 0 0 0 0 0 0 0
9534 0 0 0 0 0 0 0 0 0 0 0 0 0 0 0 0 0 0 0 0 0 0 0 0 0 0 0 0 0 1 response
9535 0 0 9536 0 0 0 0 0 0 0 0 0 0 0 0 0 0 0 0 0 0 0 0 0 0 0 0 0 0 0
9536 0 0 0 0 0 0 0 0 0 9537 0 0 9542 0 0 0 0 0 0 0 0 0 0 0 0 0 0 0 0 0
9537 0 0 0 0 0 0 0 0 0 0 0 0 9538 0 0 0 0 0 0 0 0 0 0 0 0 0 0 0 0 0
9538 0 0 0 0 0 0 0 0 0 9539 0 0 0 0 0 0 0 0 0 0 0 0 0 0 0 0 0 0 0 0
9539 0 0 0 0 0 0 0 0 0 0 0 0 0 0 0 0 0 0 0 0 9540 0 0 0 0 0 0 0 0 0
9540 0 0 0 0 0 0 0 0 0 0 0 0 0 0 0 0 0 0 0 0 0 0 0 0 0 9541 0 0 0 0
9541 0 0 0 0 0 0 0 0 0 0 0 0 0 0 0 0 0 0 0 0 0 0 0 0 0 0 0 0 0 1 responsibility
9542 0 0 0 0 0 9543 0 0 0 0 0 0 0 0 0 0 0 0 0 0 0 0 0 0 0 0 0 0 0 0
9543 0 0 0 0 0 0 0 0 0 0 0 0 0 0 0 0 0 0 0 0 0 0 0 0 0 0 0 0 0 1 responsible
9544 0 9545 0 0 0 0 0 0 0 0 0 0 9551 0 0 9555 0 0 9558 0 0 0 0 0 0 0 0 0 0 1 rest
9545 0 0 0 0 0 0 0 0 0 0 0 0 0 0 0 0 0 0 0 0 0 9546 0 0 0 0 0 0 0 0
9546 0 0 0 0 0 0 0 0 0 0 0 0 0 0 0 0 0 0 9547 0 0 0 0 0 0 0 0 0 0 0
9547 0 9548 0 0 0 0 0 0 0 0 0 0 0 0 0 0 0 0 0 0 0 0 0 0 0 0 0 0 0 0
9548 0 0 0 0 0 0 0 0 0 0 0 0 0 0 9549 0 0 0 0 0 0 0 0 0 0 0 0 0 0 0
9549 0 0 0 0 0 0 0 0 0 0 0 0 0 0 0 0 0 0 0 0 9550 0 0 0 0 0 0 0 0 0
9550 0 0 0 0 0 0 0 0 0 0 0 0 0 0 0 0 0 0 0 0 0 0 0 0 0 0 0 0 0 1 restaurant
9551 0 0 0 0 0 9552 0 0 0 0 0 0 0 0 0 0 0 0 0 0 0 0 0 0 0 0 0 0 0 0
9552 0 0 0 0 0 0 0 0 0 0 0 0 0 0 0 0 0 0 0 9553 0 0 0 0 0 0 0 0 0 0
9553 0 0 0 0 0 0 0 0 0 0 0 0 0 0 0 0 0 0 0 9554 0 0 0 0 0 0 0 0 0 0
9554 0 0 0 0 0 0 0 0 0 0 0 0 0 0 0 0 0 0 0 0 0 0 0 0 0 0 0 0 0 1 restless
9555 0 0 0 0 0 0 0 0 0 0 0 0 0 0 0 0 0 0 9556 0 0 0 0 0 0 0 0 0 0 0
9556 0 0 0 0 0 9557 0 0 0 0 0 0 0 0 0 0 0 0 0 0 0 0 0 0 0 0 0 0 0 0
9557 0 0 0 0 0 0 0 0 0 0 0 0 0 0 0 0 0 0 0 0 0 0 0 0 0 0 0 0 0 1 restore
9558 0 9559 0 0 0 0 0 0 0 9563 0 0 0 0 0 0 0 0 0 0 0 0 0 0 0 0 0 0 0 0
9559 0 0 0 0 0 0 0 0 0 9560 0 0 0 0 0 0 0 0 0 0 0 0 0 0 0 0 0 0 0 0
9560 0 0 0 0 0 0 0 0 0 0 0 0 0 0 9561 0 0 0 0 0 0 0 0 0 0 0 0 0 0 0
9561 0 0 0 0 0 0 0 0 0 0 0 0 0 0 0 0 0 0 0 0 9562 0 0 0 0 0 0 0 0 1 restrain
9562 0 0 0 0 0 0 0 0 0 0 0 0 0 0 0 0 0 0 0 0 0 0 0 0 0 0 0 0 0 1 restraint
9563 0 0 0 9564 0 0 0 0 0 0 0 0 0 0 0 0 0 0 0 0 0 0 0 0 0 0 0 0 0 0
9564 0 0 0 0 0 0 0 0 0 0 0 0 0 0 0 0 0 0 0 0 9565 0 0 0 0 0 0 0 0 0
9565 0 0 0 0 0 0 0 0 0 9566 0 0 0 0 0 0 0 0 0 0 0 0 0 0 0 0 0 0 0 1 restrict
9566 0 0 0 0 0 0 0 0 0 0 0 0 0 0 0 9567 0 0 0 0 0 0 0 0 0 0 0 0 0 0
9567 0 0 0 0 0 0 0 0 0 0 0 0 0 0 9568 0 0 0 0 0 0 0 0 0 0 0 0 0 0 0
9568 0 0 0 0 0 0 0 0 0 0 0 0 0 0 0 0 0 0 0 0 0 0 0 0 0 0 0 0 0 1 restriction
9569 0 0 0 0 0 0 0 0 0 0 0 0 9570 9572 0 0 0 0 0 0 0 0 0 0 0 0 0 0 0 0
9570 0 0 0 0 0 0 0 0 0 0 0 0 0 0 0 0 0 0 0 0 9571 0 0 0 0 0 0 0 0 0
9571 0 0 0 0 0 0 0 0 0 0 0 0 0 0 0 0 0 0 0 0 0 0 0 0 0 0 0 0 0 1 result
9572 0 0 0 0 0 9573 0 0 0 0 0 0 0 0 0 0 0 0 0 0 0 0 0 0 0 0 0 0 0 0
9573 0 0 0 0 0 0 0 0 0 0 0 0 0 0 0 0 0 0 0 0 0 0 0 0 0 0 0 0 0 1 resume
9574 0 9575 0 0 0 9578 0 0 0 9581 0 0 0 0 0 0 0 0 9584 0 0 9588 0 0 0 0 0 0 0 0
9575 0 0 0 0 0 0 0 0 0 9576 0 0 0 0 0 0 0 0 0 0 0 0 0 0 0 0 0 0 0 0
9576 0 0 0 0 0 0 0 0 0 0 0 0 0 0 9577 0 0 0 0 0 0 0 0 0 0 0 0 0 0 0
9577 0 0 0 0 0 0 0 0 0 0 0 0 0 0 0 0 0 0 0 0 0 0 0 0 0 0 0 0 0 1 retain
9578 0 0 0 0 0 0 0 0 0 0 0 0 9579 0 0 0 0 0 0 0 0 0 0 0 0 0 0 0 0 0
9579 0 0 0 0 0 0 0 0 0 0 0 0 9580 0 0 0 0 0 0 0 0 0 0 0 0 0 0 0 0 0
9580 0 0 0 0 0 0 0 0 0 0 0 0 0 0 0 0 0 0 0 0 0 0 0 0 0 0 0 0 0 1 retell
9581 0 0 0 0 0 0 0 0 0 0 0 0 0 0 0 0 0 0 9582 0 0 0 0 0 0 0 0 0 0 0
9582 0 0 0 0 0 9583 0 0 0 0 0 0 0 0 0 0 0 0 0 0 0 0 0 0 0 0 0 0 0 0
9583 0 0 0 0 0 0 0 0 0 0 0 0 0 0 0 0 0 0 0 0 0 0 0 0 0 0 0 0 0 1 retire
9584 0 0 0 0 0 9585 0 0 0 0 0 0 0 0 0 0 0 0 0 0 0 0 0 0 0 0 0 0 0 0
9585 0 9586 0 0 0 0 0 0 0 0 0 0 0 0 0 0 0 0 0 0 0 0 0 0 0 0 0 0 0 0
9586 0 0 0 0 0 0 0 0 0 0 0 0 0 0 0 0 0 0 0 0 9587 0 0 0 0 0 0 0 0 0
9587 0 0 0 0 0 0 0 0 0 0 0 0 0 0 0 0 0 0 0 0 0 0 0 0 0 0 0 0 0 1 retreat
9588 0 0 0 0 0 0 0 0 0 0 0 0 0 0 0 0 0 0 9589 0 0 0 0 0 0 0 0 0 0 0
9589 0 0 0 0 0 0 0 0 0 0 0 0 0 0 9590 0 0 0 0 0 0 0 0 0 0 0 0 0 0 0
9590 0 0 0 0 0 0 0 0 0 0 0 0 0 0 0 0 0 0 0 0 0 0 0 0 0 0 0 0 0 1 return
9591 0 0 0 0 0 9592 0 0 0 9601 0 0 0 0 0 9606 0 0 0 0 0 0 0 0 0 0 0 0 0 0
9592 0 9593 0 0 0 0 0 0 0 0 0 0 0 0 9595 0 0 0 9598 0 0 0 0 0 0 0 0 0 0 0
9593 0 0 0 0 0 0 0 0 0 0 0 0 9594 0 0 0 0 0 0 0 0 0 0 0 0 0 0 0 0 0
9594 0 0 0 0 0 0 0 0 0 0 0 0 0 0 0 0 0 0 0 0 0 0 0 0 0 0 0 0 0 1 reveal
9595 0 0 0 0 0 0 0 9596 0 0 0 0 0 0 0 0 0 0 0 0 0 0 0 0 0 0 0 0 0 0
9596 0 0 0 0 0 9597 0 0 0 0 0 0 0 0 0 0 0 0 0 0 0 0 0 0 0 0 0 0 0 0
9597 0 0 0 0 0 0 0 0 0 0 0 0 0 0 0 0 0 0 0 0 0 0 0 0 0 0 0 0 0 1 revenge
9598 0 0 0 0 0 0 0 0 0 0 0 0 0 0 0 0 0 0 0 9599 0 0 0 0 0 0 0 0 0 0
9599 0 0 0 0 0 9600 0 0 0 0 0 0 0 0 0 0 0 0 0 0 0 0 0 0 0 0 0 0 0 0
9600 0 0 0 0 0 0 0 0 0 0 0 0 0 0 0 0 0 0 0 0 0 0 0 0 0 0 0 0 0 1 reverse
9601 0 0 0 0 0 9602 0 0 0 0 0 0 0 0 0 0 0 0 0 9604 0 0 0 0 0 0 0 0 0 0
9602 0 0 0 0 0 0 0 0 0 0 0 0 0 0 0 0 0 0 0 0 0 0 0 9603 0 0 0 0 0 0
9603 0 0 0 0 0 0 0 0 0 0 0 0 0 0 0 0 0 0 0 0 0 0 0 0 0 0 0 0 0 1 review
9604 0 0 0 0 0 9605 0 0 0 0 0 0 0 0 0 0 0 0 0 0 0 0 0 0 0 0 0 0 0 0
9605 0 0 0 0 0 0 0 0 0 0 0 0 0 0 0 0 0 0 0 0 0 0 0 0 0 0 0 0 0 1 revise
9606 0 0 0 0 0 0 0 0 0 0 0 0 9607 0 0 0 0 0 0 0 0 0 0 0 0 0 0 0 0 0
9607 0 0 0 0 0 0 0 0 0 0 0 0 0 0 0 0 0 0 0 0 9608 9609 0 0 0 0 0 0 0 0
9608 0 0 0 0 0 0 0 0 0 0 0 0 0 0 0 0 0 0 0 0 0 0 0 0 0 0 0 0 0 1 revolt
9609 0 0 0 0 0 0 0 0 0 0 0 0 0 0 0 0 0 0 0 0 9610 0 0 0 0 0 0 0 0 0
9610 0 0 0 0 0 0 0 0 0 9611 0 0 0 0 0 0 0 0 0 0 0 0 0 0 0 0 0 0 0 0
9611 0 0 0 0 0 0 0 0 0 0 0 0 0 0 0 9612 0 0 0 0 0 0 0 0 0 0 0 0 0 0
9612 0 0 0 0 0 0 0 0 0 0 0 0 0 0 9613 0 0 0 0 0 0 0 0 0 0 0 0 0 0 0
9613 0 9614 0 0 0 0 0 0 0 0 0 0 0 0 0 0 0 0 0 0 0 0 0 0 0 0 0 0 0 1 revolution
9614 0 0 0 0 0 0 0 0 0 0 0 0 0 0 0 0 0 0 9615 0 0 0 0 0 0 0 0 0 0 0
9615 0 0 0 0 0 0 0 0 0 0 0 0 0 0 0 0 0 0 0 0 0 0 0 0 0 9616 0 0 0 0
9616 0 0 0 0 0 0 0 0 0 0 0 0 0 0 0 0 0 0 0 0 0 0 0 0 0 0 0 0 0 1 revolutionary
9617 0 9618 0 0 0 0 0 0 0 0 0 0 0 0 0 0 0 0 0 0 0 0 0 0 0 0 0 0 0 0
9618 0 0 0 0 0 0 0 0 0 0 0 0 0 0 0 0 0 0 9619 0 0 0 0 0 0 0 0 0 0 0
9619 0 0 0 0 9620 0 0 0 0 0 0 0 0 0 0 0 0 0 0 0 0 0 0 0 0 0 0 0 0 0
9620 0 0 0 0 0 0 0 0 0 0 0 0 0 0 0 0 0 0 0 0 0 0 0 0 0 0 0 0 0 1 reward
9621 0 0 0 0 0 0 0 0 0 0 0 0 0 0 0 0 0 0 0 0 0 0 0 0 0 9622 0 0 0 0
9622 0 0 0 0 0 0 0 0 0 0 0 0 0 0 0 0 0 0 0 0 9623 0 0 0 0 0 0 0 0 0
9623 0 0 0 0 0 0 0 0 9624 0 0 0 0 0 0 0 0 0 0 0 0 0 0 0 0 0 0 0 0 0
9624 0 0 0 0 0 0 0 0 0 0 0 0 0 9625 0 0 0 0 0 0 0 0 0 0 0 0 0 0 0 0
9625 0 0 0 0 0 0 0 0 0 0 0 0 0 0 0 0 0 0 0 0 0 0 0 0 0 0 0 0 0 1 rhythm
9626 0 0 9627 9631 9634 0 9649 9652 0 0 0 0 0 0 9657 0 9659 0 0 9662 0 0 9665 0 0 0 0 0 0 0
9627 0 0 9628 0 0 0 0 0 0 0 0 0 0 0 0 0 0 0 0 0 0 0 0 0 0 0 0 0 0 1 rib
9628 0 0 0 0 0 0 0 0 0 0 0 0 0 0 0 9629 0 0 0 0 0 0 0 0 0 0 0 0 0 0
9629 0 0 0 0 0 0 0 0 0 0 0 0 0 0 9630 0 0 0 0 0 0 0 0 0 0 0 0 0 0 0
9630 0 0 0 0 0 0 0 0 0 0 0 0 0 0 0 0 0 0 0 0 0 0 0 0 0 0 0 0 0 1 ribbon
9631 0 0 0 0 0 9632 0 0 9633 0 0 0 0 0 0 0 0 0 0 0 0 0 0 0 0 0 0 0 0 0
9632 0 0 0 0 0 0 0 0 0 0 0 0 0 0 0 0 0 0 0 0 0 0 0 0 0 0 0 0 0 1 rice
9633 0 0 0 0 0 0 0 0 0 0 0 0 0 0 0 0 0 0 0 0 0 0 0 0 0 0 0 0 0 1 rich
9634 0 0 0 0 9635 9638 0 9640 0 9642 0 0 0 0 0 0 0 0 0 0 0 0 0 0 0 0 0 0 0 1 rid
9635 0 0 0 0 0 0 0 0 0 0 0 0 9636 0 0 0 0 0 0 0 0 0 0 0 0 0 0 0 0 0
9636 0 0 0 0 0 9637 0 0 0 0 0 0 0 0 0 0 0 0 0 0 0 0 0 0 0 0 0 0 0 0
9637 0 0 0 0 0 0 0 0 0 0 0 0 0 0 0 0 0 0 0 0 0 0 0 0 0 0 0 0 0 1 riddle
9638 0 0 0 0 0 0 0 0 0 0 0 0 0 0 0 0 0 0 9639 0 0 0 0 0 0 0 0 0 0 1 ride
9639 0 0 0 0 0 0 0 0 0 0 0 0 0 0 0 0 0 0 0 0 0 0 0 0 0 0 0 0 0 1 rider
9640 0 0 0 0 0 9641 0 0 0 0 0 0 0 0 0 0 0 0 0 0 0 0 0 0 0 0 0 0 0 0
9641 0 0 0 0 0 0 0 0 0 0 0 0 0 0 0 0 0 0 0 0 0 0 0 0 0 0 0 0 0 1 ridge
9642 0 0 0 9643 0 0 0 0 0 0 0 0 0 0 0 0 0 0 0 0 0 0 0 0 0 0 0 0 0 0
9643 0 0 0 0 0 0 0 0 0 0 0 0 0 0 0 0 0 0 0 0 0 9644 0 0 0 0 0 0 0 0
9644 0 0 0 0 0 0 0 0 0 0 0 0 9645 0 0 0 0 0 0 0 0 0 0 0 0 0 0 0 0 0
9645 0 0 0 0 0 0 0 0 0 0 0 0 0 0 0 9646 0 0 0 0 0 0 0 0 0 0 0 0 0 0
9646 0 0 0 0 0 0 0 0 0 0 0 0 0 0 0 0 0 0 0 0 0 9647 0 0 0 0 0 0 0 0
9647 0 0 0 0 0 0 0 0 0 0 0 0 0 0 0 0 0 0 0 9648 0 0 0 0 0 0 0 0 0 0
9648 0 0 0 0 0 0 0 0 0 0 0 0 0 0 0 0 0 0 0 0 0 0 0 0 0 0 0 0 0 1 ridiculous
9649 0 0 0 0 0 0 0 0 0 0 0 0 9650 0 0 0 0 0 0 0 0 0 0 0 0 0 0 0 0 0
9650 0 0 0 0 0 9651 0 0 0 0 0 0 0 0 0 0 0 0 0 0 0 0 0 0 0 0 0 0 0 0
9651 0 0 0 0 0 0 0 0 0 0 0 0 0 0 0 0 0 0 0 0 0 0 0 0 0 0 0 0 0 1 rifle
9652 0 0 0 0 0 0 0 0 9653 9655 0 0 0 0 0 0 0 0 0 0 0 0 0 0 0 0 0 0 0 0
9653 0 0 0 0 0 0 0 0 0 0 0 0 0 0 0 0 0 0 0 0 9654 0 0 0 0 0 0 0 0 0
9654 0 0 0 0 0 0 0 0 0 0 0 0 0 0 0 0 0 0 0 0 0 0 0 0 0 0 0 0 0 1 right
9655 0 0 0 0 9656 0 0 0 0 0 0 0 0 0 0 0 0 0 0 0 0 0 0 0 0 0 0 0 0 0
9656 0 0 0 0 0 0 0 0 0 0 0 0 0 0 0 0 0 0 0 0 0 0 0 0 0 0 0 0 0 1 rigid
9657 0 0 0 0 0 0 0 9658 0 0 0 0 0 0 0 0 0 0 0 0 0 0 0 0 0 0 0 0 0 0
9658 0 0 0 0 0 0 0 0 0 0 0 0 0 0 0 0 0 0 0 0 0 0 0 0 0 0 0 0 0 1 ring
9659 0 0 0 0 0 9660 0 0 0 0 0 0 0 0 0 0 0 0 0 0 0 0 0 0 0 0 0 0 0 0
9660 0 0 0 0 0 0 0 0 0 0 0 0 0 0 9661 0 0 0 0 0 0 0 0 0 0 0 0 0 0 1 ripe
9661 0 0 0 0 0 0 0 0 0 0 0 0 0 0 0 0 0 0 0 0 0 0 0 0 0 0 0 0 0 1 ripen
9662 0 0 0 0 0 9663 0 0 0 0 0 9664 0 0 0 0 0 0 0 0 0 0 0 0 0 0 0 0 0 0
9663 0 0 0 0 0 0 0 0 0 0 0 0 0 0 0 0 0 0 0 0 0 0 0 0 0 0 0 0 0 1 rise
9664 0 0 0 0 0 0 0 0 0 0 0 0 0 0 0 0 0 0 0 0 0 0 0 0 0 0 0 0 0 1 risk
9665 0 9666 0 0 0 9668 0 0 0 0 0 0 0 0 0 0 0 0 0 0 0 0 0 0 0 0 0 0 0 0
9666 0 0 0 0 0 0 0 0 0 0 0 0 9667 0 0 0 0 0 0 0 0 0 0 0 0 0 0 0 0 0
9667 0 0 0 0 0 0 0 0 0 0 0 0 0 0 0 0 0 0 0 0 0 0 0 0 0 0 0 0 0 1 rival
9668 0 0 0 0 0 0 0 0 0 0 0 0 0 0 0 0 0 0 9669 0 0 0 0 0 0 0 0 0 0 0
9669 0 0 0 0 0 0 0 0 0 0 0 0 0 0 0 0 0 0 0 0 0 0 0 0 0 0 0 0 0 1 river
9670 0 9671 9676 9684 9688 0 0 0 0 0 0 0 9689 9694 0 9700 9704 0 0 9706 9708 9720 0 9734 0 9735 0 0 0 0
9671 0 0 0 0 9672 0 0 0 0 0 0 0 0 0 0 0 0 0 9673 9674 0 0 0 0 0 0 0 0 0 0
9672 0 0 0 0 0 0 0 0 0 0 0 0 0 0 0 0 0 0 0 0 0 0 0 0 0 0 0 0 0 1 road
9673 0 0 0 0 0 0 0 0 0 0 0 0 0 0 0 0 0 0 0 0 0 0 0 0 0 0 0 0 0 1 roar
9674 0 0 0 0 0 0 0 0 0 0 0 0 0 0 0 0 0 0 0 0 9675 0 0 0 0 0 0 0 0 0
9675 0 0 0 0 0 0 0 0 0 0 0 0 0 0 0 0 0 0 0 0 0 0 0 0 0 0 0 0 0 1 roast
9676 0 0 9677 0 0 9681 0 0 0 0 0 0 0 0 0 9682 0 0 0 0 0 0 0 0 0 0 0 0 0 1 rob
9677 0 0 0 0 0 9678 0 0 0 0 0 0 0 0 0 0 0 0 0 0 0 0 0 0 0 0 0 0 0 0
9678 0 0 0 0 0 0 0 0 0 0 0 0 0 0 0 0 0 0 9679 0 0 0 0 0 0 0 0 0 0 0
9679 0 0 0 0 0 0 0 0 0 0 0 0 0 0 0 0 0 0 0 0 0 0 0 0 0 9680 0 0 0 1 robber
9680 0 0 0 0 0 0 0 0 0 0 0 0 0 0 0 0 0 0 0 0 0 0 0 0 0 0 0 0 0 1 robbery
9681 0 0 0 0 0 0 0 0 0 0 0 0 0 0 0 0 0 0 0 0 0 0 0 0 0 0 0 0 0 1 robe
9682 0 0 0 0 0 0 0 0 0 0 0 0 0 0 0 0 0 0 0 0 9683 0 0 0 0 0 0 0 0 0
9683 0 0 0 0 0 0 0 0 0 0 0 0 0 0 0 0 0 0 0 0 0 0 0 0 0 0 0 0 0 1 robot
9684 0 0 0 0 0 0 0 0 0 0 0 9685 0 0 0 0 0 0 0 0 0 0 0 0 0 0 0 0 0 0
9685 0 0 0 0 0 9686 0 0 0 0 0 0 0 0 0 0 0 0 0 0 0 0 0 0 0 0 0 0 0 1 rock
9686 0 0 0 0 0 0 0 0 0 0 0 0 0 0 0 0 0 0 0 0 9687 0 0 0 0 0 0 0 0 0
9687 0 0 0 0 0 0 0 0 0 0 0 0 0 0 0 0 0 0 0 0 0 0 0 0 0 0 0 0 0 1 rocket
9688 0 0 0 0 0 0 0 0 0 0 0 0 0 0 0 0 0 0 0 0 0 0 0 0 0 0 0 0 0 1 rod
9689 0 0 0 0 0 9690 0 0 0 0 0 0 9691 0 0 0 0 0 0 0 0 0 0 0 0 0 0 0 0 0
9690 0 0 0 0 0 0 0 0 0 0 0 0 0 0 0 0 0 0 0 0 0 0 0 0 0 0 0 0 0 1 role
9691 0 0 0 0 0 9692 0 0 0 0 0 0 0 0 0 0 0 0 0 0 0 0 0 0 0 0 0 0 0 1 roll
9692 0 0 0 0 0 0 0 0 0 0 0 0 0 0 0 0 0 0 9693 0 0 0 0 0 0 0 0 0 0 0
9693 0 0 0 0 0 0 0 0 0 0 0 0 0 0 0 0 0 0 0 0 0 0 0 0 0 0 0 0 0 1 roller
9694 0 9695 0 0 0 0 0 0 0 0 0 0 0 0 0 0 0 0 0 0 0 0 0 0 0 0 0 0 0 0
9695 0 0 0 0 0 0 0 0 0 0 0 0 0 0 9696 0 0 0 0 0 0 0 0 0 0 0 0 0 0 0
9696 0 0 0 0 0 0 0 0 0 0 0 0 0 0 0 0 0 0 0 0 9697 0 0 0 0 0 0 0 0 1 Roman
9697 0 0 0 0 0 0 0 0 0 9698 0 0 0 0 0 0 0 0 0 0 0 0 0 0 0 0 0 0 0 0
9698 0 0 0 9699 0 0 0 0 0 0 0 0 0 0 0 0 0 0 0 0 0 0 0 0 0 0 0 0 0 0
9699 0 0 0 0 0 0 0 0 0 0 0 0 0 0 0 0 0 0 0 0 0 0 0 0 0 0 0 0 0 1 romantic
9700 0 0 0 0 0 0 9701 0 0 0 0 0 0 9702 0 0 0 0 0 0 9703 0 0 0 0 0 0 0 0 0
9701 0 0 0 0 0 0 0 0 0 0 0 0 0 0 0 0 0 0 0 0 0 0 0 0 0 0 0 0 0 1 roof
9702 0 0 0 0 0 0 0 0 0 0 0 0 0 0 0 0 0 0 0 0 0 0 0 0 0 0 0 0 0 1 room
9703 0 0 0 0 0 0 0 0 0 0 0 0 0 0 0 0 0 0 0 0 0 0 0 0 0 0 0 0 0 1 root
9704 0 0 0 0 0 9705 0 0 0 0 0 0 0 0 0 0 0 0 0 0 0 0 0 0 0 0 0 0 0 0
9705 0 0 0 0 0 0 0 0 0 0 0 0 0 0 0 0 0 0 0 0 0 0 0 0 0 0 0 0 0 1 rope
9706 0 0 0 0 0 9707 0 0 0 0 0 0 0 0 0 0 0 0 0 0 0 0 0 0 0 0 0 0 0 0
9707 0 0 0 0 0 0 0 0 0 0 0 0 0 0 0 0 0 0 0 0 0 0 0 0 0 0 0 0 0 1 rose
9708 0 9709 0 0 0 0 0 0 0 0 0 0 0 0 0 0 0 0 0 0 9717 0 0 0 0 0 0 0 0 1 rot
9709 0 0 0 0 0 0 0 0 0 0 0 0 0 0 0 0 0 0 9710 0 9712 0 0 0 0 0 0 0 0 0
9710 0 0 0 0 0 0 0 0 0 0 0 0 0 0 0 0 0 0 0 0 0 0 0 0 0 9711 0 0 0 0
9711 0 0 0 0 0 0 0 0 0 0 0 0 0 0 0 0 0 0 0 0 0 0 0 0 0 0 0 0 0 1 rotary
9712 0 0 0 0 0 9713 0 0 0 9714 0 0 0 0 0 0 0 0 0 0 0 0 0 0 0 0 0 0 0 0
9713 0 0 0 0 0 0 0 0 0 0 0 0 0 0 0 0 0 0 0 0 0 0 0 0 0 0 0 0 0 1 rotate
9714 0 0 0 0 0 0 0 0 0 0 0 0 0 0 0 9715 0 0 0 0 0 0 0 0 0 0 0 0 0 0
9715 0 0 0 0 0 0 0 0 0 0 0 0 0 0 9716 0 0 0 0 0 0 0 0 0 0 0 0 0 0 0
9716 0 0 0 0 0 0 0 0 0 0 0 0 0 0 0 0 0 0 0 0 0 0 0 0 0 0 0 0 0 1 rotation
9717 0 0 0 0 0 9718 0 0 0 0 0 0 0 0 0 0 0 0 0 0 0 0 0 0 0 0 0 0 0 0
9718 0 0 0 0 0 0 0 0 0 0 0 0 0 0 9719 0 0 0 0 0 0 0 0 0 0 0 0 0 0 0
9719 0 0 0 0 0 0 0 0 0 0 0 0 0 0 0 0 0 0 0 0 0 0 0 0 0 0 0 0 0 1 rotten
9720 0 0 0 0 0 0 0 9721 0 0 0 0 0 0 9725 0 0 0 0 9727 9729 0 0 0 0 0 0 0 0 0
9721 0 0 0 0 0 0 0 0 9722 0 0 0 0 0 0 0 0 0 0 0 0 0 0 0 0 0 0 0 0 0
9722 0 0 0 0 0 0 0 0 0 0 0 0 9723 0 0 0 0 0 0 0 0 0 0 0 0 0 0 0 0 1 rough
9723 0 0 0 0 0 0 0 0 0 0 0 0 0 0 0 0 0 0 0 0 0 0 0 0 0 9724 0 0 0 0
9724 0 0 0 0 0 0 0 0 0 0 0 0 0 0 0 0 0 0 0 0 0 0 0 0 0 0 0 0 0 1 roughly
9725 0 0 0 0 9726 0 0 0 0 0 0 0 0 0 0 0 0 0 0 0 0 0 0 0 0 0 0 0 0 0
9726 0 0 0 0 0 0 0 0 0 0 0 0 0 0 0 0 0 0 0 0 0 0 0 0 0 0 0 0 0 1 round
9727 0 0 0 0 0 9728 0 0 0 0 0 0 0 0 0 0 0 0 0 0 0 0 0 0 0 0 0 0 0 0
9728 0 0 0 0 0 0 0 0 0 0 0 0 0 0 0 0 0 0 0 0 0 0 0 0 0 0 0 0 0 1 rouse
9729 0 0 0 0 0 9730 0 0 0 9731 0 0 0 0 0 0 0 0 0 0 0 0 0 0 0 0 0 0 0 0
9730 0 0 0 0 0 0 0 0 0 0 0 0 0 0 0 0 0 0 0 0 0 0 0 0 0 0 0 0 0 1 route
9731 0 0 0 0 0 0 0 0 0 0 0 0 0 0 9732 0 0 0 0 0 0 0 0 0 0 0 0 0 0 0
9732 0 0 0 0 0 9733 0 0 0 0 0 0 0 0 0 0 0 0 0 0 0 0 0 0 0 0 0 0 0 0
9733 0 0 0 0 0 0 0 0 0 0 0 0 0 0 0 0 0 0 0 0 0 0 0 0 0 0 0 0 0 1 routine
9734 0 0 0 0 0 0 0 0 0 0 0 0 0 0 0 0 0 0 0 0 0 0 0 0 0 0 0 0 0 1 row
9735 0 9736 0 0 0 0 0 0 0 0 0 0 0 0 0 0 0 0 0 0 0 0 0 0 0 0 0 0 0 0
9736 0 0 0 0 0 0 0 0 0 0 0 0 9737 0 0 0 0 0 0 0 0 0 0 0 0 0 0 0 0 0
9737 0 0 0 0 0 0 0 0 0 0 0 0 0 0 0 0 0 0 0 0 0 0 0 0 0 0 0 0 0 1 royal
9738 0 0 9739 0 9746 0 0 9748 0 9749 0 0 9751 9754 9758 0 0 0 9762 9765 0 0 0 0 0 0 0 0 0 0
9739 0 0 9740 0 0 0 0 0 0 0 0 0 0 0 0 0 0 0 0 0 0 0 0 0 0 0 0 0 0 1 rub
9740 0 0 0 0 0 9741 0 0 0 9743 0 0 0 0 0 0 0 0 0 0 0 0 0 0 0 0 0 0 0 0
9741 0 0 0 0 0 0 0 0 0 0 0 0 0 0 0 0 0 0 9742 0 0 0 0 0 0 0 0 0 0 0
9742 0 0 0 0 0 0 0 0 0 0 0 0 0 0 0 0 0 0 0 0 0 0 0 0 0 0 0 0 0 1 rubber
9743 0 0 0 0 0 0 0 0 0 0 0 0 0 0 0 0 0 0 0 9744 0 0 0 0 0 0 0 0 0 0
9744 0 0 0 0 0 0 0 0 9745 0 0 0 0 0 0 0 0 0 0 0 0 0 0 0 0 0 0 0 0 0
9745 0 0 0 0 0 0 0 0 0 0 0 0 0 0 0 0 0 0 0 0 0 0 0 0 0 0 0 0 0 1 rubbish
9746 0 0 0 0 0 9747 0 0 0 0 0 0 0 0 0 0 0 0 0 0 0 0 0 0 0 0 0 0 0 0
9747 0 0 0 0 0 0 0 0 0 0 0 0 0 0 0 0 0 0 0 0 0 0 0 0 0 0 0 0 0 1 rude
9748 0 0 0 0 0 0 0 0 0 0 0 0 0 0 0 0 0 0 0 0 0 0 0 0 0 0 0 0 0 1 rug
9749 0 0 0 0 0 0 0 0 0 0 0 0 0 0 9750 0 0 0 0 0 0 0 0 0 0 0 0 0 0 0
9750 0 0 0 0 0 0 0 0 0 0 0 0 0 0 0 0 0 0 0 0 0 0 0 0 0 0 0 0 0 1 ruin
9751 0 0 0 0 0 9752 0 0 0 0 0 0 0 0 0 0 0 0 0 0 0 0 0 0 0 0 0 0 0 0
9752 0 0 0 0 0 0 0 0 0 0 0 0 0 0 0 0 0 0 9753 0 0 0 0 0 0 0 0 0 0 1 rule
9753 0 0 0 0 0 0 0 0 0 0 0 0 0 0 0 0 0 0 0 0 0 0 0 0 0 0 0 0 0 1 ruler
9754 0 0 0 0 0 0 0 0 0 0 0 0 0 0 0 9755 0 0 0 0 0 0 0 0 0 0 0 0 0 0
9755 0 0 0 0 0 0 0 0 0 0 0 0 0 0 0 0 0 0 0 0 0 9756 0 0 0 0 0 0 0 0
9756 0 0 0 0 0 0 0 0 0 0 0 0 0 0 0 0 0 0 9757 0 0 0 0 0 0 0 0 0 0 0
9757 0 0 0 0 0 0 0 0 0 0 0 0 0 0 0 0 0 0 0 0 0 0 0 0 0 0 0 0 0 1 rumour
9758 0 0 0 0 0 0 0 0 0 0 0 0 0 0 9759 0 0 0 0 0 0 0 0 0 0 0 0 0 0 1 run
9759 0 0 0 0 0 9760 0 0 0 0 0 0 0 0 0 0 0 0 0 0 0 0 0 0 0 0 0 0 0 0
9760 0 0 0 0 0 0 0 0 0 0 0 0 0 0 0 0 0 0 9761 0 0 0 0 0 0 0 0 0 0 0
9761 0 0 0 0 0 0 0 0 0 0 0 0 0 0 0 0 0 0 0 0 0 0 0 0 0 0 0 0 0 1 runner
9762 0 9763 0 0 0 0 0 0 0 0 0 0 0 0 0 0 0 0 0 0 0 0 0 0 0 0 0 0 0 0
9763 0 0 0 0 0 0 0 0 0 0 0 0 9764 0 0 0 0 0 0 0 0 0 0 0 0 0 0 0 0 0
9764 0 0 0 0 0 0 0 0 0 0 0 0 0 0 0 0 0 0 0 0 0 0 0 0 0 0 0 0 0 1 rural
9765 0 0 0 0 0 0 0 0 9766 0 0 0 0 0 0 0 0 0 0 9767 9771 0 0 0 0 0 0 0 0 0
9766 0 0 0 0 0 0 0 0 0 0 0 0 0 0 0 0 0 0 0 0 0 0 0 0 0 0 0 0 0 1 rush
9767 0 0 0 0 0 0 0 0 0 9768 0 0 0 0 0 0 0 0 0 0 0 0 0 0 0 0 0 0 0 0
9768 0 9769 0 0 0 0 0 0 0 0 0 0 0 0 0 0 0 0 0 0 0 0 0 0 0 0 0 0 0 0
9769 0 0 0 0 0 0 0 0 0 0 0 0 0 0 9770 0 0 0 0 0 0 0 0 0 0 0 0 0 0 0
9770 0 0 0 0 0 0 0 0 0 0 0 0 0 0 0 0 0 0 0 0 0 0 0 0 0 0 0 0 0 1 Russian
9771 0 0 0 0 0 0 0 0 0 0 0 0 0 0 0 0 0 0 0 0 0 0 0 0 0 9772 0 0 0 1 rust
9772 0 0 0 0 0 0 0 0 0 0 0 0 0 0 0 0 0 0 0 0 0 0 0 0 0 0 0 0 0 1 rusty
9773 0 9774 0 9875 0 9955 0 0 10133 10249 0 10354 10375 10420 10441 10453 10589 10731 0 0 10745 10981 0 11222 0 11259 0 0 0 0
9774 0 0 0 9775 9785 0 9795 0 0 9801 0 9807 9809 9823 9828 0 0 0 0 0 9835 9860 9868 9873 0 9874 0 0 0 0
9775 0 0 0 0 0 0 0 0 0 0 0 9776 0 0 0 0 0 0 9777 0 0 0 0 0 0 0 0 0 0 0
9776 0 0 0 0 0 0 0 0 0 0 0 0 0 0 0 0 0 0 0 0 0 0 0 0 0 0 0 0 0 1 sack
9777 0 0 0 0 0 9778 0 0 0 9780 0 0 0 0 0 0 0 0 0 0 0 0 0 0 0 0 0 0 0 0
9778 0 0 0 0 9779 0 0 0 0 0 0 0 0 0 0 0 0 0 0 0 0 0 0 0 0 0 0 0 0 0
9779 0 0 0 0 0 0 0 0 0 0 0 0 0 0 0 0 0 0 0 0 0 0 0 0 0 0 0 0 0 1 sacred
9780 0 0 0 0 0 0 9781 0 0 0 0 0 0 0 0 0 0 0 0 0 0 0 0 0 0 0 0 0 0 0
9781 0 0 0 0 0 0 0 0 0 9782 0 0 0 0 0 0 0 0 0 0 0 0 0 0 0 0 0 0 0 0
9782 0 0 0 9783 0 0 0 0 0 0 0 0 0 0 0 0 0 0 0 0 0 0 0 0 0 0 0 0 0 0
9783 0 0 0 0 0 9784 0 0 0 0 0 0 0 0 0 0 0 0 0 0 0 0 0 0 0 0 0 0 0 0
9784 0 0 0 0 0 0 0 0 0 0 0 0 0 0 0 0 0 0 0 0 0 0 0 0 0 0 0 0 0 1 sacrifice
9785 0 0 0 0 9786 0 0 0 0 0 0 0 9789 0 9791 0 0 0 0 0 0 0 0 0 0 0 0 0 0 1 sad
9786 0 0 0 0 0 0 0 0 0 0 0 0 9787 0 0 0 0 0 0 0 0 0 0 0 0 0 0 0 0 0
9787 0 0 0 0 0 9788 0 0 0 0 0 0 0 0 0 0 0 0 0 0 0 0 0 0 0 0 0 0 0 0
9788 0 0 0 0 0 0 0 0 0 0 0 0 0 0 0 0 0 0 0 0 0 0 0 0 0 0 0 0 0 1 saddle
9789 0 0 0 0 0 0 0 0 0 0 0 0 0 0 0 0 0 0 0 0 0 0 0 0 0 9790 0 0 0 0
9790 0 0 0 0 0 0 0 0 0 0 0 0 0 0 0 0 0 0 0 0 0 0 0 0 0 0 0 0 0 1 sadly
9791 0 0 0 0 0 9792 0 0 0 0 0 0 0 0 0 0 0 0 0 0 0 0 0 0 0 0 0 0 0 0
9792 0 0 0 0 0 0 0 0 0 0 0 0 0 0 0 0 0 0 0 9793 0 0 0 0 0 0 0 0 0 0
9793 0 0 0 0 0 0 0 0 0 0 0 0 0 0 0 0 0 0 0 9794 0 0 0 0 0 0 0 0 0 0
9794 0 0 0 0 0 0 0 0 0 0 0 0 0 0 0 0 0 0 0 0 0 0 0 0 0 0 0 0 0 1 sadness
9795 0 0 0 0 0 9796 0 0 0 0 0 0 0 0 0 0 0 0 0 0 0 0 0 0 0 0 0 0 0 0
9796 0 0 0 0 0 0 0 0 0 0 0 0 9797 0 0 0 0 0 0 0 9799 0 0 0 0 0 0 0 0 1 safe
9797 0 0 0 0 0 0 0 0 0 0 0 0 0 0 0 0 0 0 0 0 0 0 0 0 0 9798 0 0 0 0
9798 0 0 0 0 0 0 0 0 0 0 0 0 0 0 0 0 0 0 0 0 0 0 0 0 0 0 0 0 0 1 safely
9799 0 0 0 0 0 0 0 0 0 0 0 0 0 0 0 0 0 0 0 0 0 0 0 0 0 9800 0 0 0 0
9800 0 0 0 0 0 0 0 0 0 0 0 0 0 0 0 0 0 0 0 0 0 0 0 0 0 0 0 0 0 1 safety
9801 0 0 0 0 0 0 0 0 0 0 0 0 9802 0 9805 0 0 0 0 0 0 0 0 0 0 0 0 0 0 0
9802 0 0 0 0 0 0 0 0 0 0 0 0 0 0 0 9803 0 0 0 0 0 0 0 0 0 0 0 0 0 1 sail
9803 0 0 0 0 0 0 0 0 0 0 0 0 0 0 0 0 0 0 9804 0 0 0 0 0 0 0 0 0 0 0
9804 0 0 0 0 0 0 0 0 0 0 0 0 0 0 0 0 0 0 0 0 0 0 0 0 0 0 0 0 0 1 sailor
9805 0 0 0 0 0 0 0 0 0 0 0 0 0 0 0 0 0 0 0 0 9806 0 0 0 0 0 0 0 0 0
9806 0 0 0 0 0 0 0 0 0 0 0 0 0 0 0 0 0 0 0 0 0 0 0 0 0 0 0 0 0 1 saint
9807 0 0 0 0 0 9808 0 0 0 0 0 0 0 0 0 0 0 0 0 0 0 0 0 0 0 0 0 0 0 0
9808 0 0 0 0 0 0 0 0 0 0 0 0 0 0 0 0 0 0 0 0 0 0 0 0 0 0 0 0 0 1 sake
9809 0 9810 0 0 0 9814 0 0 0 0 0 0 0 0 0 0 0 0 0 0 9819 9820 0 0 0 0 0 0 0 0
9810 0 0 0 0 9811 0 0 0 0 0 0 0 0 0 0 0 0 0 9812 0 0 0 0 0 0 0 0 0 0 0
9811 0 0 0 0 0 0 0 0 0 0 0 0 0 0 0 0 0 0 0 0 0 0 0 0 0 0 0 0 0 1 salad
9812 0 0 0 0 0 0 0 0 0 0 0 0 0 0 0 0 0 0 0 0 0 0 0 0 0 9813 0 0 0 0
9813 0 0 0 0 0 0 0 0 0 0 0 0 0 0 0 0 0 0 0 0 0 0 0 0 0 0 0 0 0 1 salary
9814 0 0 0 0 0 0 0 0 0 0 0 0 0 0 0 0 0 0 0 9815 0 0 0 0 0 0 0 0 0 1 sale
9815 0 0 0 0 0 0 0 0 0 0 0 0 0 9816 0 0 0 0 0 0 0 0 0 0 0 0 0 0 0 0
9816 0 9817 0 0 0 0 0 0 0 0 0 0 0 0 0 0 0 0 0 0 0 0 0 0 0 0 0 0 0 0
9817 0 0 0 0 0 0 0 0 0 0 0 0 0 0 9818 0 0 0 0 0 0 0 0 0 0 0 0 0 0 0
9818 0 0 0 0 0 0 0 0 0 0 0 0 0 0 0 0 0 0 0 0 0 0 0 0 0 0 0 0 0 1 salesman
9819 0 0 0 0 0 0 0 0 0 0 0 0 0 0 0 0 0 0 0 0 0 0 0 0 0 0 0 0 0 1 salt
9820 0 0 0 0 0 0 0 0 0 0 0 0 0 0 0 0 0 0 0 0 9821 0 0 0 0 0 0 0 0 0
9821 0 0 0 0 0 9822 0 0 0 0 0 0 0 0 0 0 0 0 0 0 0 0 0 0 0 0 0 0 0 0
9822 0 0 0 0 0 0 0 0 0 0 0 0 0 0 0 0 0 0 0 0 0 0 0 0 0 0 0 0 0 1 salute
9823 0 0 0 0 0 9824 0 0 0 0 0 0 0 0 0 0 9825 0 0 0 0 0 0 0 0 0 0 0 0 0
9824 0 0 0 0 0 0 0 0 0 0 0 0 0 0 0 0 0 0 0 0 0 0 0 0 0 0 0 0 0 1 same
9825 0 0 0 0 0 0 0 0 0 0 0 0 9826 0 0 0 0 0 0 0 0 0 0 0 0 0 0 0 0 0
9826 0 0 0 0 0 9827 0 0 0 0 0 0 0 0 0 0 0 0 0 0 0 0 0 0 0 0 0 0 0 0
9827 0 0 0 0 0 0 0 0 0 0 0 0 0 0 0 0 0 0 0 0 0 0 0 0 0 0 0 0 0 1 sample
9828 0 0 0 0 9829 0 0 0 0 0 0 0 0 0 0 0 0 0 0 0 0 0 0 0 0 0 0 0 0 0
9829 0 0 0 0 0 0 0 0 0 0 0 0 0 0 0 0 0 0 0 0 0 0 0 9830 0 9834 0 0 0 1 sand
9830 0 0 0 0 0 0 0 0 0 9831 0 0 0 0 0 0 0 0 0 0 0 0 0 0 0 0 0 0 0 0
9831 0 0 0 9832 0 0 0 0 0 0 0 0 0 0 0 0 0 0 0 0 0 0 0 0 0 0 0 0 0 0
9832 0 0 0 0 0 0 0 0 9833 0 0 0 0 0 0 0 0 0 0 0 0 0 0 0 0 0 0 0 0 0
9833 0 0 0 0 0 0 0 0 0 0 0 0 0 0 0 0 0 0 0 0 0 0 0 0 0 0 0 0 0 1 sandwich
9834 0 0 0 0 0 0 0 0 0 0 0 0 0 0 0 0 0 0 0 0 0 0 0 0 0 0 0 0 0 1 sandy
9835 0 0 0 0 0 9836 0 0 0 9842 0 0 0 0 0 0 0 0 0 0 0 9855 0 0 0 0 0 0 0 0
9836 0 0 0 0 0 0 0 0 0 0 0 0 9837 0 0 0 0 0 0 0 0 0 0 0 0 0 0 0 0 0
9837 0 0 0 0 0 0 0 0 0 0 0 0 9838 0 0 0 0 0 0 0 0 0 0 0 0 0 0 0 0 0
9838 0 0 0 0 0 0 0 0 0 9839 0 0 0 0 0 0 0 0 0 0 0 0 0 0 0 0 0 0 0 0
9839 0 0 0 0 0 0 0 0 0 0 0 0 0 0 0 0 0 0 0 0 9840 0 0 0 0 0 0 0 0 0
9840 0 0 0 0 0 9841 0 0 0 0 0 0 0 0 0 0 0 0 0 0 0 0 0 0 0 0 0 0 0 0
9841 0 0 0 0 0 0 0 0 0 0 0 0 0 0 0 0 0 0 0 0 0 0 0 0 0 0 0 0 0 1 satellite
9842 0 0 0 0 0 0 0 0 0 0 0 0 0 0 0 0 0 0 0 9843 0 0 0 0 0 0 0 0 0 0
9843 0 0 0 0 0 0 9844 0 0 0 0 0 0 0 0 0 0 0 0 0 0 0 0 0 0 0 0 0 0 0
9844 0 9845 0 0 0 0 0 0 0 0 0 0 0 0 0 0 0 0 0 0 0 0 0 0 0 9854 0 0 0 0
9845 0 0 0 9846 0 0 0 0 0 0 0 0 0 0 0 0 0 0 0 0 0 0 0 0 0 0 0 0 0 0
9846 0 0 0 0 0 0 0 0 0 0 0 0 0 0 0 0 0 0 0 0 9847 0 0 0 0 0 0 0 0 0
9847 0 0 0 0 0 0 0 0 0 9848 0 0 0 0 0 9851 0 0 0 0 0 0 0 0 0 0 0 0 0 0
9848 0 0 0 0 0 0 0 0 0 0 0 0 0 0 0 9849 0 0 0 0 0 0 0 0 0 0 0 0 0 0
9849 0 0 0 0 0 0 0 0 0 0 0 0 0 0 9850 0 0 0 0 0 0 0 0 0 0 0 0 0 0 0
9850 0 0 0 0 0 0 0 0 0 0 0 0 0 0 0 0 0 0 0 0 0 0 0 0 0 0 0 0 0 1 satisfaction
9851 0 0 0 0 0 0 0 0 0 0 0 0 0 0 0 0 0 0 9852 0 0 0 0 0 0 0 0 0 0 0
9852 0 0 0 0 0 0 0 0 0 0 0 0 0 0 0 0 0 0 0 0 0 0 0 0 0 9853 0 0 0 0
9853 0 0 0 0 0 0 0 0 0 0 0 0 0 0 0 0 0 0 0 0 0 0 0 0 0 0 0 0 0 1 satisfactory
9854 0 0 0 0 0 0 0 0 0 0 0 0 0 0 0 0 0 0 0 0 0 0 0 0 0 0 0 0 0 1 satisfy
9855 0 0 0 0 0 0 0 0 0 0 0 0 0 0 0 0 0 0 9856 0 0 0 0 0 0 0 0 0 0 0
9856 0 0 0 0 9857 0 0 0 0 0 0 0 0 0 0 0 0 0 0 0 0 0 0 0 0 0 0 0 0 0
9857 0 9858 0 0 0 0 0 0 0 0 0 0 0 0 0 0 0 0 0 0 0 0 0 0 0 0 0 0 0 0
9858 0 0 0 0 0 0 0 0 0 0 0 0 0 0 0 0 0 0 0 0 0 0 0 0 0 9859 0 0 0 0
9859 0 0 0 0 0 0 0 0 0 0 0 0 0 0 0 0 0 0 0 0 0 0 0 0 0 0 0 0 0 1 Saturday
9860 0 0 0 9861 0 0 0 0 0 0 0 0 0 0 0 0 0 0 0 9864 0 0 0 0 0 0 0 0 0 0
9861 0 0 0 0 0 9862 0 0 0 0 0 0 0 0 0 0 0 0 0 0 0 0 0 0 0 0 0 0 0 0
9862 0 0 0 0 0 0 0 0 0 0 0 0 0 0 0 0 0 0 9863 0 0 0 0 0 0 0 0 0 0 1 sauce
9863 0 0 0 0 0 0 0 0 0 0 0 0 0 0 0 0 0 0 0 0 0 0 0 0 0 0 0 0 0 1 saucer
9864 0 9865 0 0 0 0 0 0 0 0 0 0 0 0 0 0 0 0 0 0 0 0 0 0 0 0 0 0 0 0
9865 0 0 0 0 0 0 0 9866 0 0 0 0 0 0 0 0 0 0 0 0 0 0 0 0 0 0 0 0 0 0
9866 0 0 0 0 0 9867 0 0 0 0 0 0 0 0 0 0 0 0 0 0 0 0 0 0 0 0 0 0 0 0
9867 0 0 0 0 0 0 0 0 0 0 0 0 0 0 0 0 0 0 0 0 0 0 0 0 0 0 0 0 0 1 sausage
9868 0 0 0 0 0 9869 0 0 0 9870 0 0 0 0 0 0 0 0 0 0 0 0 0 0 0 0 0 0 0 0
9869 0 0 0 0 0 0 0 0 0 0 0 0 0 0 0 0 0 0 0 0 0 0 0 0 0 0 0 0 0 1 save
9870 0 0 0 0 0 0 0 0 0 0 0 0 0 0 9871 0 0 0 0 0 0 0 0 0 0 0 0 0 0 0
9871 0 0 0 0 0 0 0 9872 0 0 0 0 0 0 0 0 0 0 0 0 0 0 0 0 0 0 0 0 0 0
9872 0 0 0 0 0 0 0 0 0 0 0 0 0 0 0 0 0 0 0 0 0 0 0 0 0 0 0 0 0 1 saving
9873 0 0 0 0 0 0 0 0 0 0 0 0 0 0 0 0 0 0 0 0 0 0 0 0 0 0 0 0 0 1 saw
9874 0 0 0 0 0 0 0 0 0 0 0 0 0 0 0 0 0 0 0 0 0 0 0 0 0 0 0 0 0 1 say
9875 0 9876 0 0 0 9891 0 0 9897 9915 0 0 0 0 0 9932 0 0 9942 0 0 0 0 0 0 0 0 0 0 0
9876 0 0 0 0 0 0 0 0 0 0 0 0 9877 0 9879 0 0 0 9880 0 9887 0 0 0 0 0 0 0 0 0
9877 0 0 0 0 0 9878 0 0 0 0 0 0 0 0 0 0 0 0 0 0 0 0 0 0 0 0 0 0 0 0
9878 0 0 0 0 0 0 0 0 0 0 0 0 0 0 0 0 0 0 0 0 0 0 0 0 0 0 0 0 0 1 scale
9879 0 0 0 0 0 0 0 0 0 0 0 0 0 0 0 0 0 0 0 0 0 0 0 0 0 0 0 0 0 1 scan
9880 0 0 0 9881 0 9885 9886 0 0 0 0 0 0 0 0 0 0 0 0 0 0 0 0 0 0 0 0 0 0 1 scar
9881 0 0 0 0 0 9882 0 0 0 0 0 0 0 0 0 0 0 0 0 0 0 0 0 0 0 0 0 0 0 0
9882 0 0 0 0 0 0 0 0 0 0 0 0 9883 0 0 0 0 0 0 0 0 0 0 0 0 0 0 0 0 1 scarce
9883 0 0 0 0 0 0 0 0 0 0 0 0 0 0 0 0 0 0 0 0 0 0 0 0 0 9884 0 0 0 0
9884 0 0 0 0 0 0 0 0 0 0 0 0 0 0 0 0 0 0 0 0 0 0 0 0 0 0 0 0 0 1 scarcely
9885 0 0 0 0 0 0 0 0 0 0 0 0 0 0 0 0 0 0 0 0 0 0 0 0 0 0 0 0 0 1 scare
9886 0 0 0 0 0 0 0 0 0 0 0 0 0 0 0 0 0 0 0 0 0 0 0 0 0 0 0 0 0 1 scarf
9887 0 0 0 0 0 0 0 0 0 0 0 0 0 0 0 0 0 0 0 0 9888 0 0 0 0 0 0 0 0 0
9888 0 0 0 0 0 9889 0 0 0 0 0 0 0 0 0 0 0 0 0 0 0 0 0 0 0 0 0 0 0 0
9889 0 0 0 0 0 0 0 0 0 0 0 0 0 0 0 0 0 0 9890 0 0 0 0 0 0 0 0 0 0 0
9890 0 0 0 0 0 0 0 0 0 0 0 0 0 0 0 0 0 0 0 0 0 0 0 0 0 0 0 0 0 1 scatter
9891 0 0 0 0 0 0 0 0 0 0 0 0 0 0 9892 0 0 0 0 0 0 0 0 0 0 0 0 0 0 0
9892 0 0 0 0 0 9893 0 0 0 0 0 0 0 0 0 0 0 0 0 0 9896 0 0 0 0 0 0 0 0 0
9893 0 0 0 0 0 0 0 0 0 0 0 0 0 0 0 0 0 0 9894 0 0 0 0 0 0 0 0 0 0 1 scene
9894 0 0 0 0 0 0 0 0 0 0 0 0 0 0 0 0 0 0 0 0 0 0 0 0 0 9895 0 0 0 0
9895 0 0 0 0 0 0 0 0 0 0 0 0 0 0 0 0 0 0 0 0 0 0 0 0 0 0 0 0 0 1 scenery
9896 0 0 0 0 0 0 0 0 0 0 0 0 0 0 0 0 0 0 0 0 0 0 0 0 0 0 0 0 0 1 scent
9897 0 0 0 0 0 9898 0 0 0 0 0 0 0 0 0 9905 0 0 0 0 0 0 0 0 0 0 0 0 0 0
9898 0 0 0 0 9899 0 0 0 0 0 0 0 0 9903 0 0 0 0 0 0 0 0 0 0 0 0 0 0 0 0
9899 0 0 0 0 0 0 0 0 0 0 0 0 0 0 0 0 0 0 0 0 0 9900 0 0 0 0 0 0 0 0
9900 0 0 0 0 0 0 0 0 0 0 0 0 9901 0 0 0 0 0 0 0 0 0 0 0 0 0 0 0 0 0
9901 0 0 0 0 0 9902 0 0 0 0 0 0 0 0 0 0 0 0 0 0 0 0 0 0 0 0 0 0 0 0
9902 0 0 0 0 0 0 0 0 0 0 0 0 0 0 0 0 0 0 0 0 0 0 0 0 0 0 0 0 0 1 schedule
9903 0 0 0 0 0 9904 0 0 0 0 0 0 0 0 0 0 0 0 0 0 0 0 0 0 0 0 0 0 0 0
9904 0 0 0 0 0 0 0 0 0 0 0 0 0 0 0 0 0 0 0 0 0 0 0 0 0 0 0 0 0 1 scheme
9905 0 0 0 0 0 0 0 0 0 0 0 0 9906 0 0 9913 0 0 0 0 0 0 0 0 0 0 0 0 0 0
9906 0 9907 0 0 0 0 0 0 0 0 0 0 0 0 0 0 0 0 0 0 0 0 0 0 0 0 0 0 0 0
9907 0 0 0 0 0 0 0 0 0 0 0 0 0 0 0 0 0 0 9908 0 0 0 0 0 0 0 0 0 0 0
9908 0 0 0 0 0 0 0 0 0 0 0 0 0 0 0 0 0 0 0 9909 0 0 0 0 0 0 0 0 0 1 scholar
9909 0 0 0 0 0 0 0 0 9910 0 0 0 0 0 0 0 0 0 0 0 0 0 0 0 0 0 0 0 0 0
9910 0 0 0 0 0 0 0 0 0 9911 0 0 0 0 0 0 0 0 0 0 0 0 0 0 0 0 0 0 0 0
9911 0 0 0 0 0 0 0 0 0 0 0 0 0 0 0 0 9912 0 0 0 0 0 0 0 0 0 0 0 0 0
9912 0 0 0 0 0 0 0 0 0 0 0 0 0 0 0 0 0 0 0 0 0 0 0 0 0 0 0 0 0 1 scholarship
9913 0 0 0 0 0 0 0 0 0 0 0 0 9914 0 0 0 0 0 0 0 0 0 0 0 0 0 0 0 0 0
9914 0 0 0 0 0 0 0 0 0 0 0 0 0 0 0 0 0 0 0 0 0 0 0 0 0 0 0 0 0 1 school
9915 0 0 0 0 0 9916 0 0 0 0 0 0 0 0 0 0 0 0 0 9927 0 0 0 0 0 0 0 0 0 0
9916 0 0 0 0 0 0 0 0 0 0 0 0 0 0 9917 0 0 0 0 0 0 0 0 0 0 0 0 0 0 0
9917 0 0 0 9918 0 0 0 0 0 0 0 0 0 0 0 0 0 0 0 0 9920 0 0 0 0 0 0 0 0 0
9918 0 0 0 0 0 9919 0 0 0 0 0 0 0 0 0 0 0 0 0 0 0 0 0 0 0 0 0 0 0 0
9919 0 0 0 0 0 0 0 0 0 0 0 0 0 0 0 0 0 0 0 0 0 0 0 0 0 0 0 0 0 1 science
9920 0 0 0 0 0 0 0 0 0 9921 0 0 0 0 0 0 0 0 0 0 0 0 0 0 0 0 0 0 0 0
9921 0 0 0 0 0 0 9922 0 0 0 0 0 0 0 0 0 0 0 0 9925 0 0 0 0 0 0 0 0 0 0
9922 0 0 0 0 0 0 0 0 0 9923 0 0 0 0 0 0 0 0 0 0 0 0 0 0 0 0 0 0 0 0
9923 0 0 0 9924 0 0 0 0 0 0 0 0 0 0 0 0 0 0 0 0 0 0 0 0 0 0 0 0 0 0
9924 0 0 0 0 0 0 0 0 0 0 0 0 0 0 0 0 0 0 0 0 0 0 0 0 0 0 0 0 0 1 scientific
9925 0 0 0 0 0 0 0 0 0 0 0 0 0 0 0 0 0 0 0 0 9926 0 0 0 0 0 0 0 0 0
9926 0 0 0 0 0 0 0 0 0 0 0 0 0 0 0 0 0 0 0 0 0 0 0 0 0 0 0 0 0 1 scientist
9927 0 0 0 0 0 0 0 0 0 0 0 0 0 0 0 0 0 0 0 9928 0 0 0 0 0 0 0 0 0 0
9928 0 0 0 0 0 0 0 0 0 0 0 0 0 0 0 9929 0 0 0 0 0 0 0 0 0 0 0 0 0 0
9929 0 0 0 0 0 0 0 0 0 0 0 0 0 0 0 0 0 0 9930 0 0 0 0 0 0 0 0 0 0 0
9930 0 0 0 0 0 0 0 0 0 0 0 0 0 0 0 0 0 0 0 9931 0 0 0 0 0 0 0 0 0 0
9931 0 0 0 0 0 0 0 0 0 0 0 0 0 0 0 0 0 0 0 0 0 0 0 0 0 0 0 0 0 1 scissors
9932 0 0 0 0 0 0 0 0 0 0 0 0 9933 0 0 0 9935 0 9937 0 0 9940 0 0 0 0 0 0 0 0
9933 0 0 0 0 9934 0 0 0 0 0 0 0 0 0 0 0 0 0 0 0 0 0 0 0 0 0 0 0 0 0
9934 0 0 0 0 0 0 0 0 0 0 0 0 0 0 0 0 0 0 0 0 0 0 0 0 0 0 0 0 0 1 scold
9935 0 0 0 0 0 9936 0 0 0 0 0 0 0 0 0 0 0 0 0 0 0 0 0 0 0 0 0 0 0 0
9936 0 0 0 0 0 0 0 0 0 0 0 0 0 0 0 0 0 0 0 0 0 0 0 0 0 0 0 0 0 1 scope
9937 0 0 0 0 0 9938 0 0 0 0 0 0 0 0 9939 0 0 0 0 0 0 0 0 0 0 0 0 0 0 0
9938 0 0 0 0 0 0 0 0 0 0 0 0 0 0 0 0 0 0 0 0 0 0 0 0 0 0 0 0 0 1 score
9939 0 0 0 0 0 0 0 0 0 0 0 0 0 0 0 0 0 0 0 0 0 0 0 0 0 0 0 0 0 1 scorn
9940 0 0 0 0 0 0 0 0 0 0 0 0 0 0 0 0 0 0 0 0 9941 0 0 0 0 0 0 0 0 0
9941 0 0 0 0 0 0 0 0 0 0 0 0 0 0 0 0 0 0 0 0 0 0 0 0 0 0 0 0 0 1 scout
9942 0 9943 0 0 0 9949 0 0 0 0 0 0 0 0 0 0 0 0 0 0 0 0 0 0 0 0 0 0 0 0
9943 0 0 0 0 0 0 0 0 0 0 0 0 0 0 0 0 9944 0 0 0 9946 0 0 0 0 0 0 0 0 0
9944 0 0 0 0 0 9945 0 0 0 0 0 0 0 0 0 0 0 0 0 0 0 0 0 0 0 0 0 0 0 0
9945 0 0 0 0 0 0 0 0 0 0 0 0 0 0 0 0 0 0 0 0 0 0 0 0 0 0 0 0 0 1 scrape
9946 0 0 0 9947 0 0 0 0 0 0 0 0 0 0 0 0 0 0 0 0 0 0 0 0 0 0 0 0 0 0
9947 0 0 0 0 0 0 0 0 9948 0 0 0 0 0 0 0 0 0 0 0 0 0 0 0 0 0 0 0 0 0
9948 0 0 0 0 0 0 0 0 0 0 0 0 0 0 0 0 0 0 0 0 0 0 0 0 0 0 0 0 0 1 scratch
9949 0 9950 0 0 0 9952 0 0 0 0 0 0 0 0 0 0 0 0 0 0 0 0 0 9954 0 0 0 0 0 0
9950 0 0 0 0 0 0 0 0 0 0 0 0 0 9951 0 0 0 0 0 0 0 0 0 0 0 0 0 0 0 0
9951 0 0 0 0 0 0 0 0 0 0 0 0 0 0 0 0 0 0 0 0 0 0 0 0 0 0 0 0 0 1 scream
9952 0 0 0 0 0 0 0 0 0 0 0 0 0 0 9953 0 0 0 0 0 0 0 0 0 0 0 0 0 0 0
9953 0 0 0 0 0 0 0 0 0 0 0 0 0 0 0 0 0 0 0 0 0 0 0 0 0 0 0 0 0 1 screen
9954 0 0 0 0 0 0 0 0 0 0 0 0 0 0 0 0 0 0 0 0 0 0 0 0 0 0 0 0 0 1 screw
9955 0 9956 0 9972 0 9997 0 0 0 10001 0 0 10004 10021 10037 0 10060 10077 10083 10100 10105 0 10116 10131 0 0 0 0 0 0
9956 0 0 0 0 0 0 0 0 0 0 0 0 9957 9958 0 0 9961 0 9965 9968 9971 0 0 0 0 0 0 0 0 1 sea
9957 0 0 0 0 0 0 0 0 0 0 0 0 0 0 0 0 0 0 0 0 0 0 0 0 0 0 0 0 0 1 seal
9958 0 9959 0 0 0 0 0 0 0 0 0 0 0 0 0 0 0 0 0 0 0 0 0 0 0 0 0 0 0 0
9959 0 0 0 0 0 0 0 0 0 0 0 0 0 0 9960 0 0 0 0 0 0 0 0 0 0 0 0 0 0 0
9960 0 0 0 0 0 0 0 0 0 0 0 0 0 0 0 0 0 0 0 0 0 0 0 0 0 0 0 0 0 1 seaman
9961 0 0 0 0 0 0 0 0 0 0 0 0 0 0 0 9962 0 0 0 0 0 0 0 0 0 0 0 0 0 0
9962 0 0 0 0 0 0 0 0 0 0 0 0 0 0 0 0 0 0 9963 0 0 0 0 0 0 0 0 0 0 0
9963 0 0 0 0 0 0 0 0 0 0 0 0 0 0 0 0 0 0 0 0 9964 0 0 0 0 0 0 0 0 0
9964 0 0 0 0 0 0 0 0 0 0 0 0 0 0 0 0 0 0 0 0 0 0 0 0 0 0 0 0 0 1 seaport
9965 0 0 0 9966 0 0 0 0 0 0 0 0 0 0 0 0 0 0 0 0 0 0 0 0 0 0 0 0 0 0
9966 0 0 0 0 0 0 0 0 9967 0 0 0 0 0 0 0 0 0 0 0 0 0 0 0 0 0 0 0 0 0
9967 0 0 0 0 0 0 0 0 0 0 0 0 0 0 0 0 0 0 0 0 0 0 0 0 0 0 0 0 0 1 search
9968 0 0 0 0 0 0 0 0 0 0 0 0 0 0 0 9969 0 0 0 0 0 0 0 0 0 0 0 0 0 0
9969 0 0 0 0 0 0 0 0 0 0 0 0 0 0 9970 0 0 0 0 0 0 0 0 0 0 0 0 0 0 0
9970 0 0 0 0 0 0 0 0 0 0 0 0 0 0 0 0 0 0 0 0 0 0 0 0 0 0 0 0 0 1 season
9971 0 0 0 0 0 0 0 0 0 0 0 0 0 0 0 0 0 0 0 0 0 0 0 0 0 0 0 0 0 1 seat
9972 0 0 0 0 0 0 0 0 0 0 0 0 0 0 0 9973 0 0 9981 0 9987 9991 0 0 0 0 0 0 0 0
9973 0 0 0 0 0 0 0 0 0 0 0 0 0 0 9974 0 0 0 0 0 0 0 0 0 0 0 0 0 0 0
9974 0 0 0 0 9975 0 0 0 0 0 0 0 0 0 0 0 0 0 0 0 0 0 0 0 0 0 0 0 0 0
9975 0 9976 0 0 0 0 0 0 0 0 0 0 9979 0 0 0 0 0 0 0 0 0 0 0 0 0 0 0 0 1 second
9976 0 0 0 0 0 0 0 0 0 0 0 0 0 0 0 0 0 0 9977 0 0 0 0 0 0 0 0 0 0 0
9977 0 0 0 0 0 0 0 0 0 0 0 0 0 0 0 0 0 0 0 0 0 0 0 0 0 9978 0 0 0 0
9978 0 0 0 0 0 0 0 0 0 0 0 0 0 0 0 0 0 0 0 0 0 0 0 0 0 0 0 0 0 1 secondary
9979 0 0 0 0 0 0 0 0 0 0 0 0 0 0 0 0 0 0 0 0 0 0 0 0 0 9980 0 0 0 0
9980 0 0 0 0 0 0 0 0 0 0 0 0 0 0 0 0 0 0 0 0 0 0 0 0 0 0 0 0 0 1 secondly
9981 0 0 0 0 0 9982 0 0 0 0 0 0 0 0 0 0 0 0 0 0 0 0 0 0 0 0 0 0 0 0
9982 0 0 0 0 0 0 0 0 0 0 0 0 0 0 0 0 0 0 0 0 9983 0 0 0 0 0 0 0 0 0
9983 0 9984 0 0 0 0 0 0 0 0 0 0 0 0 0 0 0 0 0 0 0 0 0 0 0 0 0 0 0 1 secret
9984 0 0 0 0 0 0 0 0 0 0 0 0 0 0 0 0 0 0 9985 0 0 0 0 0 0 0 0 0 0 0
9985 0 0 0 0 0 0 0 0 0 0 0 0 0 0 0 0 0 0 0 0 0 0 0 0 0 9986 0 0 0 0
9986 0 0 0 0 0 0 0 0 0 0 0 0 0 0 0 0 0 0 0 0 0 0 0 0 0 0 0 0 0 1 secretary
9987 0 0 0 0 0 0 0 0 0 9988 0 0 0 0 0 0 0 0 0 0 0 0 0 0 0 0 0 0 0 0
9988 0 0 0 0 0 0 0 0 0 0 0 0 0 0 0 9989 0 0 0 0 0 0 0 0 0 0 0 0 0 0
9989 0 0 0 0 0 0 0 0 0 0 0 0 0 0 9990 0 0 0 0 0 0 0 0 0 0 0 0 0 0 0
9990 0 0 0 0 0 0 0 0 0 0 0 0 0 0 0 0 0 0 0 0 0 0 0 0 0 0 0 0 0 1 section
9991 0 0 0 0 0 0 0 0 0 0 0 0 0 0 0 0 0 0 9992 0 0 0 0 0 0 0 0 0 0 0
9992 0 0 0 0 0 9993 0 0 0 9994 0 0 0 0 0 0 0 0 0 0 0 0 0 0 0 0 0 0 0 0
9993 0 0 0 0 0 0 0 0 0 0 0 0 0 0 0 0 0 0 0 0 0 0 0 0 0 0 0 0 0 1 secure
9994 0 0 0 0 0 0 0 0 0 0 0 0 0 0 0 0 0 0 0 0 9995 0 0 0 0 0 0 0 0 0
9995 0 0 0 0 0 0 0 0 0 0 0 0 0 0 0 0 0 0 0 0 0 0 0 0 0 9996 0 0 0 0
9996 0 0 0 0 0 0 0 0 0 0 0 0 0 0 0 0 0 0 0 0 0 0 0 0 0 0 0 0 0 1 security
9997 0 0 0 0 9998 0 0 0 0 0 0 9999 0 10000 0 0 0 0 0 0 0 0 0 0 0 0 0 0 0 1 see
9998 0 0 0 0 0 0 0 0 0 0 0 0 0 0 0 0 0 0 0 0 0 0 0 0 0 0 0 0 0 1 seed
9999 0 0 0 0 0 0 0 0 0 0 0 0 0 0 0 0 0 0 0 0 0 0 0 0 0 0 0 0 0 1 seek
10000 0 0 0 0 0 0 0 0 0 0 0 0 0 0 0 0 0 0 0 0 0 0 0 0 0 0 0 0 0 1 seem
10001 0 0 0 0 0 0 0 0 0 0 0 0 0 0 0 0 0 0 0 0 0 0 0 0 0 0 10002 0 0 0
10002 0 0 0 0 0 10003 0 0 0 0 0 0 0 0 0 0 0 0 0 0 0 0 0 0 0 0 0 0 0 0
10003 0 0 0 0 0 0 0 0 0 0 0 0 0 0 0 0 0 0 0 0 0 0 0 0 0 0 0 0 0 1 seize
10004 0 0 0 0 10005 10008 10014 0 0 0 0 0 10018 0 0 0 0 0 0 0 0 0 0 0 0 0 0 0 0 0
10005 0 0 0 0 0 0 0 0 0 0 0 0 0 0 0 10006 0 0 0 0 0 0 0 0 0 0 0 0 0 0
10006 0 0 0 0 0 0 0 0 0 0 0 0 0 10007 0 0 0 0 0 0 0 0 0 0 0 0 0 0 0 0
10007 0 0 0 0 0 0 0 0 0 0 0 0 0 0 0 0 0 0 0 0 0 0 0 0 0 0 0 0 0 1 seldom
10008 0 0 0 10009 0 0 0 0 0 0 0 0 0 0 0 0 0 0 0 0 0 0 0 0 0 0 0 0 0 0
10009 0 0 0 0 0 0 0 0 0 0 0 0 0 0 0 0 0 0 0 0 10010 0 0 0 0 0 0 0 0 0
10010 0 0 0 0 0 0 0 0 0 10011 0 0 0 0 0 0 0 0 0 0 0 0 0 0 0 0 0 0 0 1 select
10011 0 0 0 0 0 0 0 0 0 0 0 0 0 0 0 10012 0 0 0 0 0 0 0 0 0 0 0 0 0 0
10012 0 0 0 0 0 0 0 0 0 0 0 0 0 0 10013 0 0 0 0 0 0 0 0 0 0 0 0 0 0 0
10013 0 0 0 0 0 0 0 0 0 0 0 0 0 0 0 0 0 0 0 0 0 0 0 0 0 0 0 0 0 1 selection
10014 0 0 0 0 0 0 0 0 0 10015 0 0 0 0 0 0 0 0 0 0 0 0 0 0 0 0 0 0 0 1 self
10015 0 0 0 0 0 0 0 0 0 0 0 0 0 0 0 0 0 0 0 10016 0 0 0 0 0 0 0 0 0 0
10016 0 0 0 0 0 0 0 0 10017 0 0 0 0 0 0 0 0 0 0 0 0 0 0 0 0 0 0 0 0 0
10017 0 0 0 0 0 0 0 0 0 0 0 0 0 0 0 0 0 0 0 0 0 0 0 0 0 0 0 0 0 1 selfish
10018 0 0 0 0 0 10019 0 0 0 0 0 0 0 0 0 0 0 0 0 0 0 0 0 0 0 0 0 0 0 1 sell
10019 0 0 0 0 0 0 0 0 0 0 0 0 0 0 0 0 0 0 10020 0 0 0 0 0 0 0 0 0 0 0
10020 0 0 0 0 0 0 0 0 0 0 0 0 0 0 0 0 0 0 0 0 0 0 0 0 0 0 0 0 0 1 seller
10021 0 0 0 0 0 10022 0 0 0 10027 0 0 0 0 0 0 0 0 0 0 0 0 0 0 0 0 0 0 0 0
10022 0 0 0 0 0 0 0 0 0 0 0 0 0 0 0 0 0 0 0 10023 0 0 0 0 0 0 0 0 0 0
10023 0 0 0 0 0 0 0 0 0 0 0 0 0 0 0 0 0 0 0 0 10024 0 0 0 0 0 0 0 0 0
10024 0 0 0 0 0 10025 0 0 0 0 0 0 0 0 0 0 0 0 0 0 0 0 0 0 0 0 0 0 0 0
10025 0 0 0 0 0 0 0 0 0 0 0 0 0 0 0 0 0 0 10026 0 0 0 0 0 0 0 0 0 0 0
10026 0 0 0 0 0 0 0 0 0 0 0 0 0 0 0 0 0 0 0 0 0 0 0 0 0 0 0 0 0 1 semester
10027 0 0 0 10028 0 0 0 0 0 0 0 0 0 0 0 0 0 0 0 0 0 0 0 0 0 0 0 0 0 0
10028 0 0 0 0 0 0 0 0 0 0 0 0 0 0 0 10029 0 0 0 0 0 0 0 0 0 0 0 0 0 0
10029 0 0 0 0 0 0 0 0 0 0 0 0 0 0 10030 0 0 0 0 0 0 0 0 0 0 0 0 0 0 0
10030 0 0 0 0 10031 0 0 0 0 0 0 0 0 0 0 0 0 0 0 0 0 0 0 0 0 0 0 0 0 0
10031 0 0 0 0 0 0 0 0 0 0 0 0 0 0 0 0 0 0 0 0 0 10032 0 0 0 0 0 0 0 0
10032 0 0 0 10033 0 0 0 0 0 0 0 0 0 0 0 0 0 0 0 0 0 0 0 0 0 0 0 0 0 0
10033 0 0 0 0 0 0 0 0 0 0 0 0 0 0 0 0 0 0 0 0 10034 0 0 0 0 0 0 0 0 0
10034 0 0 0 0 0 0 0 0 0 0 0 0 0 0 0 10035 0 0 0 0 0 0 0 0 0 0 0 0 0 0
10035 0 0 0 0 0 0 0 0 0 0 0 0 0 0 0 0 0 0 10036 0 0 0 0 0 0 0 0 0 0 0
10036 0 0 0 0 0 0 0 0 0 0 0 0 0 0 0 0 0 0 0 0 0 0 0 0 0 0 0 0 0 1 semiconductor
10037 0 10038 0 0 10041 0 0 0 0 10042 0 0 0 0 0 0 0 0 0 10045 10055 0 0 0 0 0 0 0 0 0
10038 0 0 0 0 0 0 0 0 0 0 0 0 0 0 0 0 0 0 0 0 10039 0 0 0 0 0 0 0 0 0
10039 0 0 0 0 0 10040 0 0 0 0 0 0 0 0 0 0 0 0 0 0 0 0 0 0 0 0 0 0 0 0
10040 0 0 0 0 0 0 0 0 0 0 0 0 0 0 0 0 0 0 0 0 0 0 0 0 0 0 0 0 0 1 senate
10041 0 0 0 0 0 0 0 0 0 0 0 0 0 0 0 0 0 0 0 0 0 0 0 0 0 0 0 0 0 1 send
10042 0 0 0 0 0 0 0 0 0 0 0 0 0 0 0 10043 0 0 0 0 0 0 0 0 0 0 0 0 0 0
10043 0 0 0 0 0 0 0 0 0 0 0 0 0 0 0 0 0 0 10044 0 0 0 0 0 0 0 0 0 0 0
10044 0 0 0 0 0 0 0 0 0 0 0 0 0 0 0 0 0 0 0 0 0 0 0 0 0 0 0 0 0 1 senior
10045 0 0 0 0 0 10046 0 0 0 10047 0 0 0 0 0 0 0 0 0 0 0 0 0 0 0 0 0 0 0 0
10046 0 0 0 0 0 0 0 0 0 0 0 0 0 0 0 0 0 0 0 0 0 0 0 0 0 0 0 0 0 1 sense
10047 0 0 10048 0 0 0 0 0 0 0 0 0 0 0 0 0 0 0 0 0 10051 0 0 0 0 0 0 0 0 0
10048 0 0 0 0 0 0 0 0 0 0 0 0 10049 0 0 0 0 0 0 0 0 0 0 0 0 0 0 0 0 0
10049 0 0 0 0 0 10050 0 0 0 0 0 0 0 0 0 0 0 0 0 0 0 0 0 0 0 0 0 0 0 0
10050 0 0 0 0 0 0 0 0 0 0 0 0 0 0 0 0 0 0 0 0 0 0 0 0 0 0 0 0 0 1 sensible
10051 0 0 0 0 0 0 0 0 0 10052 0 0 0 0 0 0 0 0 0 0 0 0 0 0 0 0 0 0 0 0
10052 0 0 0 0 0 0 0 0 0 0 0 0 0 0 0 0 0 0 0 0 0 0 10053 0 0 0 0 0 0 0
10053 0 0 0 0 0 10054 0 0 0 0 0 0 0 0 0 0 0 0 0 0 0 0 0 0 0 0 0 0 0 0
10054 0 0 0 0 0 0 0 0 0 0 0 0 0 0 0 0 0 0 0 0 0 0 0 0 0 0 0 0 0 1 sensitive
10055 0 0 0 0 0 10056 0 0 0 0 0 0 0 0 0 0 0 0 0 0 0 0 0 0 0 0 0 0 0 0
10056 0 0 0 0 0 0 0 0 0 0 0 0 0 0 10057 0 0 0 0 0 0 0 0 0 0 0 0 0 0 0
10057 0 0 0 10058 0 0 0 0 0 0 0 0 0 0 0 0 0 0 0 0 0 0 0 0 0 0 0 0 0 0
10058 0 0 0 0 0 10059 0 0 0 0 0 0 0 0 0 0 0 0 0 0 0 0 0 0 0 0 0 0 0 0
10059 0 0 0 0 0 0 0 0 0 0 0 0 0 0 0 0 0 0 0 0 0 0 0 0 0 0 0 0 0 1 sentence
10060 0 10061 0 0 0 0 0 0 0 0 0 0 0 0 0 0 0 0 0 0 10071 0 0 0 0 0 0 0 0 0
10061 0 0 0 0 0 0 0 0 0 0 0 0 0 0 0 0 0 0 10062 0 0 0 0 0 0 0 0 0 0 0
10062 0 10063 0 0 0 0 0 0 0 0 0 0 0 0 0 0 0 0 0 0 0 0 0 0 0 0 0 0 0 0
10063 0 0 0 0 0 0 0 0 0 0 0 0 0 0 0 0 0 0 0 0 10064 0 0 0 0 0 0 0 0 0
10064 0 0 0 0 0 10065 0 0 0 10068 0 0 0 0 0 0 0 0 0 0 0 0 0 0 0 0 0 0 0 0
10065 0 0 0 0 0 0 0 0 0 0 0 0 10066 0 0 0 0 0 0 0 0 0 0 0 0 0 0 0 0 1 separate
10066 0 0 0 0 0 0 0 0 0 0 0 0 0 0 0 0 0 0 0 0 0 0 0 0 0 10067 0 0 0 0
10067 0 0 0 0 0 0 0 0 0 0 0 0 0 0 0 0 0 0 0 0 0 0 0 0 0 0 0 0 0 1 separately
10068 0 0 0 0 0 0 0 0 0 0 0 0 0 0 0 10069 0 0 0 0 0 0 0 0 0 0 0 0 0 0
10069 0 0 0 0 0 0 0 0 0 0 0 0 0 0 10070 0 0 0 0 0 0 0 0 0 0 0 0 0 0 0
10070 0 0 0 0 0 0 0 0 0 0 0 0 0 0 0 0 0 0 0 0 0 0 0 0 0 0 0 0 0 1 separation
10071 0 0 0 0 0 10072 0 0 0 0 0 0 0 0 0 0 0 0 0 0 0 0 0 0 0 0 0 0 0 0
10072 0 0 0 0 0 0 0 0 0 0 0 0 0 10073 0 0 0 0 0 0 0 0 0 0 0 0 0 0 0 0
10073 0 0 10074 0 0 0 0 0 0 0 0 0 0 0 0 0 0 0 0 0 0 0 0 0 0 0 0 0 0 0
10074 0 0 0 0 0 10075 0 0 0 0 0 0 0 0 0 0 0 0 0 0 0 0 0 0 0 0 0 0 0 0
10075 0 0 0 0 0 0 0 0 0 0 0 0 0 0 0 0 0 0 10076 0 0 0 0 0 0 0 0 0 0 0
10076 0 0 0 0 0 0 0 0 0 0 0 0 0 0 0 0 0 0 0 0 0 0 0 0 0 0 0 0 0 1 September
10077 0 0 0 0 0 0 0 0 0 0 0 0 0 0 0 0 0 0 0 0 0 10078 0 0 0 0 0 0 0 0
10078 0 0 0 0 0 10079 0 0 0 0 0 0 0 0 0 0 0 0 0 0 0 0 0 0 0 0 0 0 0 0
10079 0 0 0 0 0 0 0 0 0 0 0 0 0 0 10080 0 0 0 0 0 0 0 0 0 0 0 0 0 0 0
10080 0 0 0 10081 0 0 0 0 0 0 0 0 0 0 0 0 0 0 0 0 0 0 0 0 0 0 0 0 0 0
10081 0 0 0 0 0 10082 0 0 0 0 0 0 0 0 0 0 0 0 0 0 0 0 0 0 0 0 0 0 0 0
10082 0 0 0 0 0 0 0 0 0 0 0 0 0 0 0 0 0 0 0 0 0 0 0 0 0 0 0 0 0 1 sequence
10083 0 0 0 0 0 0 0 0 0 10084 0 0 0 0 0 0 0 0 0 0 0 0 10092 0 0 0 0 0 0 0
10084 0 0 0 0 0 10085 0 0 0 0 0 0 0 0 0 10087 0 0 0 0 0 0 0 0 0 0 0 0 0 0
10085 0 0 0 0 0 0 0 0 0 0 0 0 0 0 0 0 0 0 0 10086 0 0 0 0 0 0 0 0 0 0
10086 0 0 0 0 0 0 0 0 0 0 0 0 0 0 0 0 0 0 0 0 0 0 0 0 0 0 0 0 0 1 series
10087 0 0 0 0 0 0 0 0 0 0 0 0 0 0 0 0 0 0 0 0 0 10088 0 0 0 0 0 0 0 0
10088 0 0 0 0 0 0 0 0 0 0 0 0 0 0 0 0 0 0 0 10089 0 0 0 0 0 0 0 0 0 0
10089 0 0 0 0 0 0 0 0 0 0 0 0 10090 0 0 0 0 0 0 0 0 0 0 0 0 0 0 0 0 1 serious
10090 0 0 0 0 0 0 0 0 0 0 0 0 0 0 0 0 0 0 0 0 0 0 0 0 0 10091 0 0 0 0
10091 0 0 0 0 0 0 0 0 0 0 0 0 0 0 0 0 0 0 0 0 0 0 0 0 0 0 0 0 0 1 seriously
10092 0 10093 0 0 0 10096 0 0 0 10097 0 0 0 0 0 0 0 0 0 0 0 0 0 0 0 0 0 0 0 0
10093 0 0 0 0 0 0 0 0 0 0 0 0 0 0 10094 0 0 0 0 0 0 0 0 0 0 0 0 0 0 0
10094 0 0 0 0 0 0 0 0 0 0 0 0 0 0 0 0 0 0 0 0 10095 0 0 0 0 0 0 0 0 0
10095 0 0 0 0 0 0 0 0 0 0 0 0 0 0 0 0 0 0 0 0 0 0 0 0 0 0 0 0 0 1 servant
10096 0 0 0 0 0 0 0 0 0 0 0 0 0 0 0 0 0 0 0 0 0 0 0 0 0 0 0 0 0 1 serve
10097 0 0 0 10098 0 0 0 0 0 0 0 0 0 0 0 0 0 0 0 0 0 0 0 0 0 0 0 0 0 0
10098 0 0 0 0 0 10099 0 0 0 0 0 0 0 0 0 0 0 0 0 0 0 0 0 0 0 0 0 0 0 0
10099 0 0 0 0 0 0 0 0 0 0 0 0 0 0 0 0 0 0 0 0 0 0 0 0 0 0 0 0 0 1 service
10100 0 0 0 0 0 0 0 0 0 0 0 0 0 0 0 0 0 0 0 10101 0 0 0 0 0 0 0 0 0 0
10101 0 0 0 0 0 0 0 0 0 10102 0 0 0 0 0 0 0 0 0 0 0 0 0 0 0 0 0 0 0 0
10102 0 0 0 0 0 0 0 0 0 0 0 0 0 0 0 10103 0 0 0 0 0 0 0 0 0 0 0 0 0 0
10103 0 0 0 0 0 0 0 0 0 0 0 0 0 0 10104 0 0 0 0 0 0 0 0 0 0 0 0 0 0 0
10104 0 0 0 0 0 0 0 0 0 0 0 0 0 0 0 0 0 0 0 0 0 0 0 0 0 0 0 0 0 1 session
10105 0 0 0 0 0 0 0 0 0 0 0 0 0 0 0 0 0 0 0 0 10106 0 0 0 0 0 0 0 0 1 set
10106 0 0 0 0 0 0 0 0 0 10107 0 0 10110 0 0 0 0 0 0 0 0 0 0 0 0 0 0 0 0 0
10107 0 0 0 0 0 0 0 0 0 0 0 0 0 0 10108 0 0 0 0 0 0 0 0 0 0 0 0 0 0 0
10108 0 0 0 0 0 0 0 10109 0 0 0 0 0 0 0 0 0 0 0 0 0 0 0 0 0 0 0 0 0 0
10109 0 0 0 0 0 0 0 0 0 0 0 0 0 0 0 0 0 0 0 0 0 0 0 0 0 0 0 0 0 1 setting
10110 0 0 0 0 0 10111 0 0 0 0 0 0 0 0 0 0 0 0 0 0 0 0 0 0 0 0 0 0 0 0
10111 0 0 0 0 0 0 0 0 0 0 0 0 0 10112 0 0 0 0 0 0 0 0 0 0 0 0 0 0 0 1 settle
10112 0 0 0 0 0 10113 0 0 0 0 0 0 0 0 0 0 0 0 0 0 0 0 0 0 0 0 0 0 0 0
10113 0 0 0 0 0 0 0 0 0 0 0 0 0 0 10114 0 0 0 0 0 0 0 0 0 0 0 0 0 0 0
10114 0 0 0 0 0 0 0 0 0 0 0 0 0 0 0 0 0 0 0 0 10115 0 0 0 0 0 0 0 0 0
10115 0 0 0 0 0 0 0 0 0 0 0 0 0 0 0 0 0 0 0 0 0 0 0 0 0 0 0 0 0 1 settlement
10116 0 0 0 0 0 10117 0 0 0 0 0 0 0 0 0 0 0 0 0 0 0 0 0 0 0 0 0 0 0 0
10117 0 0 0 0 0 0 0 0 0 0 0 0 0 0 10118 0 0 0 10125 0 0 0 0 0 0 0 0 0 0 0
10118 0 0 0 0 0 0 0 0 0 0 0 0 0 0 0 0 0 0 0 0 10119 0 0 0 0 0 0 0 0 1 seven
10119 0 0 0 0 0 10120 0 0 10123 0 0 0 0 0 0 0 0 0 0 0 0 0 0 0 0 10124 0 0 0 0
10120 0 0 0 0 0 10121 0 0 0 0 0 0 0 0 0 0 0 0 0 0 0 0 0 0 0 0 0 0 0 0
10121 0 0 0 0 0 0 0 0 0 0 0 0 0 0 10122 0 0 0 0 0 0 0 0 0 0 0 0 0 0 0
10122 0 0 0 0 0 0 0 0 0 0 0 0 0 0 0 0 0 0 0 0 0 0 0 0 0 0 0 0 0 1 seventeen
10123 0 0 0 0 0 0 0 0 0 0 0 0 0 0 0 0 0 0 0 0 0 0 0 0 0 0 0 0 0 1 seventh
10124 0 0 0 0 0 0 0 0 0 0 0 0 0 0 0 0 0 0 0 0 0 0 0 0 0 0 0 0 0 1 seventy
10125 0 10126 0 0 0 10128 0 0 0 0 0 0 0 0 0 0 0 0 0 0 0 0 0 0 0 0 0 0 0 0
10126 0 0 0 0 0 0 0 0 0 0 0 0 10127 0 0 0 0 0 0 0 0 0 0 0 0 0 0 0 0 0
10127 0 0 0 0 0 0 0 0 0 0 0 0 0 0 0 0 0 0 0 0 0 0 0 0 0 0 0 0 0 1 several
10128 0 0 0 0 0 0 0 0 0 0 0 0 10129 0 0 0 0 0 0 0 0 0 0 0 0 0 0 0 0 1 severe
10129 0 0 0 0 0 0 0 0 0 0 0 0 0 0 0 0 0 0 0 0 0 0 0 0 0 10130 0 0 0 0
10130 0 0 0 0 0 0 0 0 0 0 0 0 0 0 0 0 0 0 0 0 0 0 0 0 0 0 0 0 0 1 severely
10131 0 0 0 0 0 0 0 0 0 0 0 0 0 0 0 0 0 0 0 0 0 0 0 0 0 0 0 0 0 1 sew
10132 0 0 0 0 0 0 0 0 0 0 0 0 0 0 0 0 0 0 0 0 0 0 0 0 0 0 0 0 0 1 n.
10133 0 10134 0 0 0 10162 0 0 0 10180 0 0 0 0 0 10199 0 0 10240 0 0 10246 0 0 0 10248 0 0 0 0
10134 0 0 0 0 10135 0 0 0 0 0 0 10140 10142 10146 0 0 10151 0 10153 0 0 0 10160 0 0 0 0 0 0 0
10135 0 0 0 0 0 10136 0 0 0 0 0 0 0 0 0 10137 0 0 0 0 0 0 0 0 0 10139 0 0 0 0
10136 0 0 0 0 0 0 0 0 0 0 0 0 0 0 0 0 0 0 0 0 0 0 0 0 0 0 0 0 0 1 shade
10137 0 0 0 0 0 0 0 0 0 0 0 0 0 0 0 0 0 0 0 0 0 0 0 10138 0 0 0 0 0 0
10138 0 0 0 0 0 0 0 0 0 0 0 0 0 0 0 0 0 0 0 0 0 0 0 0 0 0 0 0 0 1 shadow
10139 0 0 0 0 0 0 0 0 0 0 0 0 0 0 0 0 0 0 0 0 0 0 0 0 0 0 0 0 0 1 shady
10140 0 0 0 0 0 10141 0 0 0 0 0 0 0 0 0 0 0 0 0 0 0 0 0 0 0 0 0 0 0 0
10141 0 0 0 0 0 0 0 0 0 0 0 0 0 0 0 0 0 0 0 0 0 0 0 0 0 0 0 0 0 1 shake
10142 0 0 0 0 0 0 0 0 0 0 0 0 10143 0 0 0 0 0 0 0 0 0 0 0 0 0 0 0 0 0
10143 0 0 0 0 0 0 0 0 0 0 0 0 0 0 0 10144 0 0 0 0 0 0 0 0 0 0 0 0 0 1 shall
10144 0 0 0 0 0 0 0 0 0 0 0 0 0 0 0 0 0 0 0 0 0 0 0 10145 0 0 0 0 0 0
10145 0 0 0 0 0 0 0 0 0 0 0 0 0 0 0 0 0 0 0 0 0 0 0 0 0 0 0 0 0 1 shallow
10146 0 0 0 0 0 10147 0 0 0 0 0 0 0 0 0 0 10148 0 0 0 0 0 0 0 0 0 0 0 0 0
10147 0 0 0 0 0 0 0 0 0 0 0 0 0 0 0 0 0 0 0 0 0 0 0 0 0 0 0 0 0 1 shame
10148 0 0 0 0 0 0 0 0 0 0 0 0 0 0 0 10149 0 0 0 0 0 0 0 0 0 0 0 0 0 0
10149 0 0 0 0 0 0 0 0 0 0 0 0 0 0 0 10150 0 0 0 0 0 0 0 0 0 0 0 0 0 0
10150 0 0 0 0 0 0 0 0 0 0 0 0 0 0 0 0 0 0 0 0 0 0 0 0 0 0 0 0 0 1 shampoo
10151 0 0 0 0 0 10152 0 0 0 0 0 0 0 0 0 0 0 0 0 0 0 0 0 0 0 0 0 0 0 0
10152 0 0 0 0 0 0 0 0 0 0 0 0 0 0 0 0 0 0 0 0 0 0 0 0 0 0 0 0 0 1 shape
10153 0 0 0 0 0 10154 0 0 0 0 0 0 0 0 0 0 10155 0 0 0 0 0 0 0 0 0 0 0 0 0
10154 0 0 0 0 0 0 0 0 0 0 0 0 0 0 0 0 0 0 0 0 0 0 0 0 0 0 0 0 0 1 share
10155 0 0 0 0 0 10156 0 0 0 0 0 0 10158 0 0 0 0 0 0 0 0 0 0 0 0 0 0 0 0 1 sharp
10156 0 0 0 0 0 0 0 0 0 0 0 0 0 0 10157 0 0 0 0 0 0 0 0 0 0 0 0 0 0 0
10157 0 0 0 0 0 0 0 0 0 0 0 0 0 0 0 0 0 0 0 0 0 0 0 0 0 0 0 0 0 1 sharpen
10158 0 0 0 0 0 0 0 0 0 0 0 0 0 0 0 0 0 0 0 0 0 0 0 0 0 10159 0 0 0 0
10159 0 0 0 0 0 0 0 0 0 0 0 0 0 0 0 0 0 0 0 0 0 0 0 0 0 0 0 0 0 1 sharply
10160 0 0 0 0 0 10161 0 0 0 0 0 0 0 0 0 0 0 0 0 0 0 0 0 0 0 0 0 0 0 0
10161 0 0 0 0 0 0 0 0 0 0 0 0 0 0 0 0 0 0 0 0 0 0 0 0 0 0 0 0 0 1 shave
10162 0 10163 0 0 10165 10166 0 0 0 0 0 0 10169 0 0 0 10175 0 0 0 0 0 0 0 0 0 0 0 0 1 she
10163 0 0 0 0 0 0 0 0 0 0 0 0 0 0 0 0 0 0 10164 0 0 0 0 0 0 0 0 0 0 0
10164 0 0 0 0 0 0 0 0 0 0 0 0 0 0 0 0 0 0 0 0 0 0 0 0 0 0 0 0 0 1 shear
10165 0 0 0 0 0 0 0 0 0 0 0 0 0 0 0 0 0 0 0 0 0 0 0 0 0 0 0 0 0 1 shed
10166 0 0 0 0 0 0 0 0 0 0 0 0 0 0 0 0 10167 0 0 0 10168 0 0 0 0 0 0 0 0 0
10167 0 0 0 0 0 0 0 0 0 0 0 0 0 0 0 0 0 0 0 0 0 0 0 0 0 0 0 0 0 1 sheep
10168 0 0 0 0 0 0 0 0 0 0 0 0 0 0 0 0 0 0 0 0 0 0 0 0 0 0 0 0 0 1 sheet
10169 0 0 0 0 0 0 10170 0 0 0 0 0 10171 0 0 0 0 0 0 0 10172 0 0 0 0 0 0 0 0 0
10170 0 0 0 0 0 0 0 0 0 0 0 0 0 0 0 0 0 0 0 0 0 0 0 0 0 0 0 0 0 1 shelf
10171 0 0 0 0 0 0 0 0 0 0 0 0 0 0 0 0 0 0 0 0 0 0 0 0 0 0 0 0 0 1 shell
10172 0 0 0 0 0 10173 0 0 0 0 0 0 0 0 0 0 0 0 0 0 0 0 0 0 0 0 0 0 0 0
10173 0 0 0 0 0 0 0 0 0 0 0 0 0 0 0 0 0 0 10174 0 0 0 0 0 0 0 0 0 0 0
10174 0 0 0 0 0 0 0 0 0 0 0 0 0 0 0 0 0 0 0 0 0 0 0 0 0 0 0 0 0 1 shelter
10175 0 0 0 0 0 0 0 0 10176 0 0 0 0 0 0 0 0 0 0 0 0 0 0 0 0 0 0 0 0 0
10176 0 0 0 0 0 10177 0 0 0 0 0 0 0 0 0 0 0 0 0 0 0 0 0 0 0 0 0 0 0 0
10177 0 0 0 0 0 0 0 0 0 0 0 0 0 0 0 0 0 0 10178 0 0 0 0 0 0 0 0 0 0 0
10178 0 0 0 0 10179 0 0 0 0 0 0 0 0 0 0 0 0 0 0 0 0 0 0 0 0 0 0 0 0 0
10179 0 0 0 0 0 0 0 0 0 0 0 0 0 0 0 0 0 0 0 0 0 0 0 0 0 0 0 0 0 1 shepherd
10180 0 0 0 0 0 10181 10184 0 0 0 0 0 10186 0 10191 0 10193 0 10194 0 0 0 10196 0 0 0 0 0 0 0
10181 0 0 0 0 0 0 0 0 0 0 0 0 10182 0 0 0 0 0 0 0 0 0 0 0 0 0 0 0 0 0
10182 0 0 0 0 10183 0 0 0 0 0 0 0 0 0 0 0 0 0 0 0 0 0 0 0 0 0 0 0 0 0
10183 0 0 0 0 0 0 0 0 0 0 0 0 0 0 0 0 0 0 0 0 0 0 0 0 0 0 0 0 0 1 shield
10184 0 0 0 0 0 0 0 0 0 0 0 0 0 0 0 0 0 0 0 0 10185 0 0 0 0 0 0 0 0 0
10185 0 0 0 0 0 0 0 0 0 0 0 0 0 0 0 0 0 0 0 0 0 0 0 0 0 0 0 0 0 1 shift
10186 0 0 0 0 0 0 0 0 0 0 0 0 10187 0 0 0 0 0 0 0 0 0 0 0 0 0 0 0 0 0
10187 0 0 0 0 0 0 0 0 0 10188 0 0 0 0 0 0 0 0 0 0 0 0 0 0 0 0 0 0 0 0
10188 0 0 0 0 0 0 0 0 0 0 0 0 0 0 10189 0 0 0 0 0 0 0 0 0 0 0 0 0 0 0
10189 0 0 0 0 0 0 0 10190 0 0 0 0 0 0 0 0 0 0 0 0 0 0 0 0 0 0 0 0 0 0
10190 0 0 0 0 0 0 0 0 0 0 0 0 0 0 0 0 0 0 0 0 0 0 0 0 0 0 0 0 0 1 shilling
10191 0 0 0 0 0 10192 0 0 0 0 0 0 0 0 0 0 0 0 0 0 0 0 0 0 0 0 0 0 0 0
10192 0 0 0 0 0 0 0 0 0 0 0 0 0 0 0 0 0 0 0 0 0 0 0 0 0 0 0 0 0 1 shine
10193 0 0 0 0 0 0 0 0 0 0 0 0 0 0 0 0 0 0 0 0 0 0 0 0 0 0 0 0 0 1 ship
10194 0 0 0 0 0 0 0 0 0 0 0 0 0 0 0 0 0 0 0 0 10195 0 0 0 0 0 0 0 0 0
10195 0 0 0 0 0 0 0 0 0 0 0 0 0 0 0 0 0 0 0 0 0 0 0 0 0 0 0 0 0 1 shirt
10196 0 0 0 0 0 10197 0 0 0 0 0 0 0 0 0 0 0 0 0 0 0 0 0 0 0 0 0 0 0 0
10197 0 0 0 0 0 0 0 0 0 0 0 0 0 0 0 0 0 0 10198 0 0 0 0 0 0 0 0 0 0 0
10198 0 0 0 0 0 0 0 0 0 0 0 0 0 0 0 0 0 0 0 0 0 0 0 0 0 0 0 0 0 1 shiver
10199 0 0 0 10200 0 10202 0 0 0 0 0 0 0 0 0 10203 10205 0 10216 0 10230 10231 0 10237 0 0 0 0 0 0
10200 0 0 0 0 0 0 0 0 0 0 0 10201 0 0 0 0 0 0 0 0 0 0 0 0 0 0 0 0 0 0
10201 0 0 0 0 0 0 0 0 0 0 0 0 0 0 0 0 0 0 0 0 0 0 0 0 0 0 0 0 0 1 shock
10202 0 0 0 0 0 0 0 0 0 0 0 0 0 0 0 0 0 0 0 0 0 0 0 0 0 0 0 0 0 1 shoe
10203 0 0 0 0 0 0 0 0 0 0 0 0 0 0 0 0 0 0 0 0 10204 0 0 0 0 0 0 0 0 0
10204 0 0 0 0 0 0 0 0 0 0 0 0 0 0 0 0 0 0 0 0 0 0 0 0 0 0 0 0 0 1 shoot
10205 0 0 0 0 0 0 0 0 0 0 0 10206 0 0 0 0 10212 0 0 0 0 0 0 0 0 0 0 0 0 1 shop
10206 0 0 0 0 0 10207 0 0 0 0 0 0 0 0 0 0 0 0 0 0 0 0 0 0 0 0 0 0 0 0
10207 0 0 0 0 0 10208 0 0 0 0 0 0 0 0 0 0 0 0 0 0 0 0 0 0 0 0 0 0 0 0
10208 0 0 0 0 0 0 0 0 0 0 0 0 0 0 0 0 10209 0 0 0 0 0 0 0 0 0 0 0 0 0
10209 0 0 0 0 0 10210 0 0 0 0 0 0 0 0 0 0 0 0 0 0 0 0 0 0 0 0 0 0 0 0
10210 0 0 0 0 0 0 0 0 0 0 0 0 0 0 0 0 0 0 10211 0 0 0 0 0 0 0 0 0 0 0
10211 0 0 0 0 0 0 0 0 0 0 0 0 0 0 0 0 0 0 0 0 0 0 0 0 0 0 0 0 0 1 shopkeeper
10212 0 0 0 0 0 0 0 0 0 10213 0 0 0 0 0 0 0 0 0 0 0 0 0 0 0 0 0 0 0 0
10213 0 0 0 0 0 0 0 0 0 0 0 0 0 0 10214 0 0 0 0 0 0 0 0 0 0 0 0 0 0 0
10214 0 0 0 0 0 0 0 10215 0 0 0 0 0 0 0 0 0 0 0 0 0 0 0 0 0 0 0 0 0 0
10215 0 0 0 0 0 0 0 0 0 0 0 0 0 0 0 0 0 0 0 0 0 0 0 0 0 0 0 0 0 1 shopping
10216 0 0 0 0 0 10217 0 0 0 0 0 0 0 0 0 0 0 0 0 0 10218 0 0 0 0 0 0 0 0 0
10217 0 0 0 0 0 0 0 0 0 0 0 0 0 0 0 0 0 0 0 0 0 0 0 0 0 0 0 0 0 1 shore
10218 0 10219 0 10222 0 0 0 0 0 0 0 0 10228 0 0 0 0 0 0 0 0 0 0 0 0 0 0 0 0 1 short
10219 0 0 0 0 0 0 0 10220 0 0 0 0 0 0 0 0 0 0 0 0 0 0 0 0 0 0 0 0 0 0
10220 0 0 0 0 0 10221 0 0 0 0 0 0 0 0 0 0 0 0 0 0 0 0 0 0 0 0 0 0 0 0
10221 0 0 0 0 0 0 0 0 0 0 0 0 0 0 0 0 0 0 0 0 0 0 0 0 0 0 0 0 0 1 shortage
10222 0 0 0 0 0 0 0 0 0 0 0 0 0 0 0 10223 0 0 0 0 0 0 0 0 0 0 0 0 0 0
10223 0 0 0 0 0 0 0 0 0 0 0 0 0 10224 0 0 0 0 0 0 0 0 0 0 0 0 0 0 0 0
10224 0 0 0 0 0 0 0 0 0 10225 0 0 0 0 0 0 0 0 0 0 0 0 0 0 0 0 0 0 0 0
10225 0 0 0 0 0 0 0 0 0 0 0 0 0 0 10226 0 0 0 0 0 0 0 0 0 0 0 0 0 0 0
10226 0 0 0 0 0 0 0 10227 0 0 0 0 0 0 0 0 0 0 0 0 0 0 0 0 0 0 0 0 0 0
10227 0 0 0 0 0 0 0 0 0 0 0 0 0 0 0 0 0 0 0 0 0 0 0 0 0 0 0 0 0 1 shortcoming
10228 0 0 0 0 0 0 0 0 0 0 0 0 0 0 0 0 0 0 0 0 0 0 0 0 0 10229 0 0 0 0
10229 0 0 0 0 0 0 0 0 0 0 0 0 0 0 0 0 0 0 0 0 0 0 0 0 0 0 0 0 0 1 shortly
10230 0 0 0 0 0 0 0 0 0 0 0 0 0 0 0 0 0 0 0 0 0 0 0 0 0 0 0 0 0 1 shot
10231 0 0 0 0 0 0 0 0 0 0 0 0 10232 0 0 0 0 0 0 0 10236 0 0 0 0 0 0 0 0 0
10232 0 0 0 0 10233 0 0 0 0 0 0 0 0 0 0 0 0 0 0 0 0 0 0 0 0 0 0 0 0 0
10233 0 0 0 0 0 10234 0 0 0 0 0 0 0 0 0 0 0 0 0 0 0 0 0 0 0 0 0 0 0 1 should
10234 0 0 0 0 0 0 0 0 0 0 0 0 0 0 0 0 0 0 10235 0 0 0 0 0 0 0 0 0 0 0
10235 0 0 0 0 0 0 0 0 0 0 0 0 0 0 0 0 0 0 0 0 0 0 0 0 0 0 0 0 0 1 shoulder
10236 0 0 0 0 0 0 0 0 0 0 0 0 0 0 0 0 0 0 0 0 0 0 0 0 0 0 0 0 0 1 shout
10237 0 0 0 0 0 10238 0 0 0 0 0 0 0 0 0 0 0 0 0 0 0 0 0 0 0 0 0 0 0 1 show
10238 0 0 0 0 0 0 0 0 0 0 0 0 0 0 0 0 0 0 10239 0 0 0 0 0 0 0 0 0 0 0
10239 0 0 0 0 0 0 0 0 0 0 0 0 0 0 0 0 0 0 0 0 0 0 0 0 0 0 0 0 0 1 shower
10240 0 0 0 0 0 0 0 0 0 10241 0 0 0 0 0 0 0 0 0 0 0 0 0 0 0 0 0 0 0 0
10241 0 0 0 0 0 10242 0 0 0 0 0 0 0 0 10244 0 0 0 0 0 0 0 0 0 0 0 0 0 0 0
10242 0 0 0 0 0 0 0 0 0 0 0 10243 0 0 0 0 0 0 0 0 0 0 0 0 0 0 0 0 0 0
10243 0 0 0 0 0 0 0 0 0 0 0 0 0 0 0 0 0 0 0 0 0 0 0 0 0 0 0 0 0 1 shriek
10244 0 0 0 0 0 0 0 0 0 0 0 10245 0 0 0 0 0 0 0 0 0 0 0 0 0 0 0 0 0 0
10245 0 0 0 0 0 0 0 0 0 0 0 0 0 0 0 0 0 0 0 0 0 0 0 0 0 0 0 0 0 1 shrink
10246 0 0 0 0 0 0 0 0 0 0 0 0 0 0 0 0 0 0 0 0 10247 0 0 0 0 0 0 0 0 0
10247 0 0 0 0 0 0 0 0 0 0 0 0 0 0 0 0 0 0 0 0 0 0 0 0 0 0 0 0 0 1 shut
10248 0 0 0 0 0 0 0 0 0 0 0 0 0 0 0 0 0 0 0 0 0 0 0 0 0 0 0 0 0 1 shy
10249 0 0 0 10250 10256 0 0 10262 0 0 0 0 10287 10299 10317 0 0 0 10332 10333 10337 0 0 0 10345 0 10352 0 0 0
10250 0 0 0 0 0 0 0 0 0 0 0 10251 0 0 0 0 0 0 0 0 0 0 0 0 0 0 0 0 0 0
10251 0 0 0 0 0 0 0 0 0 0 0 0 0 0 10252 0 0 0 0 0 0 0 0 0 0 0 0 0 0 1 sick
10252 0 0 0 0 0 10253 0 0 0 0 0 0 0 0 0 0 0 0 0 0 0 0 0 0 0 0 0 0 0 0
10253 0 0 0 0 0 0 0 0 0 0 0 0 0 0 0 0 0 0 0 10254 0 0 0 0 0 0 0 0 0 0
10254 0 0 0 0 0 0 0 0 0 0 0 0 0 0 0 0 0 0 0 10255 0 0 0 0 0 0 0 0 0 0
10255 0 0 0 0 0 0 0 0 0 0 0 0 0 0 0 0 0 0 0 0 0 0 0 0 0 0 0 0 0 1 sickness
10256 0 0 0 0 0 10257 0 0 0 0 0 0 0 0 0 0 0 0 0 0 0 0 0 0 0 0 0 0 0 0
10257 0 0 0 0 0 0 0 0 0 0 0 0 0 0 0 0 0 0 0 0 0 0 0 10258 0 0 0 0 0 1 side
10258 0 10259 0 0 0 0 0 0 0 0 0 0 0 0 0 0 0 0 0 0 0 0 0 0 0 0 0 0 0 0
10259 0 0 0 0 0 0 0 0 0 0 0 0 0 0 0 0 0 0 0 0 0 0 0 0 0 10260 0 0 0 0
10260 0 0 0 0 0 0 0 0 0 0 0 0 0 0 0 0 0 0 0 10261 0 0 0 0 0 0 0 0 0 0
10261 0 0 0 0 0 0 0 0 0 0 0 0 0 0 0 0 0 0 0 0 0 0 0 0 0 0 0 0 0 1 sideways
10262 0 0 0 0 0 0 0 0 10263 0 0 0 0 0 10271 0 0 0 0 0 0 0 0 0 0 0 0 0 0 0
10263 0 0 0 0 0 0 0 0 0 0 0 0 0 0 0 0 0 0 0 0 10264 0 0 0 0 0 0 0 0 1 sigh
10264 0 0 0 0 0 0 0 0 0 0 0 0 0 0 0 0 0 0 0 10265 0 0 0 0 0 0 0 0 0 1 sight
10265 0 0 0 0 0 10266 0 0 0 0 0 0 0 0 0 0 0 0 0 0 0 0 0 0 0 0 0 0 0 0
10266 0 0 0 0 0 10267 0 0 0 0 0 0 0 0 0 0 0 0 0 0 0 0 0 0 0 0 0 0 0 0
10267 0 0 0 0 0 0 0 0 0 10268 0 0 0 0 0 0 0 0 0 0 0 0 0 0 0 0 0 0 0 0
10268 0 0 0 0 0 0 0 0 0 0 0 0 0 0 10269 0 0 0 0 0 0 0 0 0 0 0 0 0 0 0
10269 0 0 0 0 0 0 0 10270 0 0 0 0 0 0 0 0 0 0 0 0 0 0 0 0 0 0 0 0 0 0
10270 0 0 0 0 0 0 0 0 0 0 0 0 0 0 0 0 0 0 0 0 0 0 0 0 0 0 0 0 0 1 sightseeing
10271 0 10272 0 0 0 0 0 0 0 10278 0 0 0 0 0 0 0 0 0 0 0 0 0 0 0 0 0 0 0 1 sign
10272 0 0 0 0 0 0 0 0 0 0 0 0 10273 0 0 0 0 0 0 0 10274 0 0 0 0 0 0 0 0 0
10273 0 0 0 0 0 0 0 0 0 0 0 0 0 0 0 0 0 0 0 0 0 0 0 0 0 0 0 0 0 1 signal
10274 0 0 0 0 0 0 0 0 0 0 0 0 0 0 0 0 0 0 0 0 0 10275 0 0 0 0 0 0 0 0
10275 0 0 0 0 0 0 0 0 0 0 0 0 0 0 0 0 0 0 10276 0 0 0 0 0 0 0 0 0 0 0
10276 0 0 0 0 0 10277 0 0 0 0 0 0 0 0 0 0 0 0 0 0 0 0 0 0 0 0 0 0 0 0
10277 0 0 0 0 0 0 0 0 0 0 0 0 0 0 0 0 0 0 0 0 0 0 0 0 0 0 0 0 0 1 signature
10278 0 0 0 0 0 0 10279 0 0 0 0 0 0 0 0 0 0 0 0 0 0 0 0 0 0 0 0 0 0 0
10279 0 0 0 0 0 0 0 0 0 10280 0 0 0 0 0 0 0 0 0 0 0 0 0 0 0 0 0 0 0 0
10280 0 0 0 10281 0 0 0 0 0 0 0 0 0 0 0 0 0 0 0 0 0 0 0 0 0 0 0 0 0 0
10281 0 10282 0 0 0 0 0 0 0 0 0 0 0 0 0 0 0 0 0 0 0 0 0 0 0 0 0 0 0 0
10282 0 0 0 0 0 0 0 0 0 0 0 0 0 0 10283 0 0 0 0 0 0 0 0 0 0 0 0 0 0 0
10283 0 0 0 10284 0 0 0 0 0 0 0 0 0 0 0 0 0 0 0 0 10286 0 0 0 0 0 0 0 0 0
10284 0 0 0 0 0 10285 0 0 0 0 0 0 0 0 0 0 0 0 0 0 0 0 0 0 0 0 0 0 0 0
10285 0 0 0 0 0 0 0 0 0 0 0 0 0 0 0 0 0 0 0 0 0 0 0 0 0 0 0 0 0 1 significance
10286 0 0 0 0 0 0 0 0 0 0 0 0 0 0 0 0 0 0 0 0 0 0 0 0 0 0 0 0 0 1 significant
10287 0 0 0 0 0 10288 0 0 0 0 0 10293 10294 0 0 0 0 0 0 0 0 0 10296 0 0 0 0 0 0 0
10288 0 0 0 0 0 0 0 0 0 0 0 0 0 0 10289 0 0 0 0 0 0 0 0 0 0 0 0 0 0 0
10289 0 0 0 10290 0 0 0 0 0 0 0 0 0 0 0 0 0 0 0 0 10292 0 0 0 0 0 0 0 0 0
10290 0 0 0 0 0 10291 0 0 0 0 0 0 0 0 0 0 0 0 0 0 0 0 0 0 0 0 0 0 0 0
10291 0 0 0 0 0 0 0 0 0 0 0 0 0 0 0 0 0 0 0 0 0 0 0 0 0 0 0 0 0 1 silence
10292 0 0 0 0 0 0 0 0 0 0 0 0 0 0 0 0 0 0 0 0 0 0 0 0 0 0 0 0 0 1 silent
10293 0 0 0 0 0 0 0 0 0 0 0 0 0 0 0 0 0 0 0 0 0 0 0 0 0 0 0 0 0 1 silk
10294 0 0 0 0 0 0 0 0 0 0 0 0 0 0 0 0 0 0 0 0 0 0 0 0 0 10295 0 0 0 0
10295 0 0 0 0 0 0 0 0 0 0 0 0 0 0 0 0 0 0 0 0 0 0 0 0 0 0 0 0 0 1 silly
10296 0 0 0 0 0 10297 0 0 0 0 0 0 0 0 0 0 0 0 0 0 0 0 0 0 0 0 0 0 0 0
10297 0 0 0 0 0 0 0 0 0 0 0 0 0 0 0 0 0 0 10298 0 0 0 0 0 0 0 0 0 0 0
10298 0 0 0 0 0 0 0 0 0 0 0 0 0 0 0 0 0 0 0 0 0 0 0 0 0 0 0 0 0 1 silver
10299 0 0 0 0 0 0 0 0 0 10300 0 0 0 0 0 0 10306 0 0 0 0 0 0 0 0 0 0 0 0 0
10300 0 0 0 0 0 0 0 0 0 0 0 0 10301 0 0 0 0 0 0 0 0 0 0 0 0 0 0 0 0 0
10301 0 10302 0 0 0 0 0 0 0 0 0 0 0 0 0 0 0 0 0 0 0 0 0 0 0 0 0 0 0 0
10302 0 0 0 0 0 0 0 0 0 0 0 0 0 0 0 0 0 0 10303 0 0 0 0 0 0 0 0 0 0 0
10303 0 0 0 0 0 0 0 0 0 0 0 0 10304 0 0 0 0 0 0 0 0 0 0 0 0 0 0 0 0 1 similar
10304 0 0 0 0 0 0 0 0 0 0 0 0 0 0 0 0 0 0 0 0 0 0 0 0 0 10305 0 0 0 0
10305 0 0 0 0 0 0 0 0 0 0 0 0 0 0 0 0 0 0 0 0 0 0 0 0 0 0 0 0 0 1 similarly
10306 0 0 0 0 0 0 0 0 0 0 0 0 10307 0 0 0 0 0 0 0 0 0 0 0 0 0 0 0 0 0
10307 0 0 0 0 0 10308 0 0 0 10309 0 0 0 0 0 0 0 0 0 0 0 0 0 0 0 10316 0 0 0 0
10308 0 0 0 0 0 0 0 0 0 0 0 0 0 0 0 0 0 0 0 0 0 0 0 0 0 0 0 0 0 1 simple
10309 0 0 0 10310 0 0 10314 0 0 0 0 0 0 0 0 0 0 0 0 0 0 0 0 0 0 0 0 0 0 0
10310 0 0 0 0 0 0 0 0 0 10311 0 0 0 0 0 0 0 0 0 0 0 0 0 0 0 0 0 0 0 0
10311 0 0 0 0 0 0 0 0 0 0 0 0 0 0 0 0 0 0 0 0 10312 0 0 0 0 0 0 0 0 0
10312 0 0 0 0 0 0 0 0 0 0 0 0 0 0 0 0 0 0 0 0 0 0 0 0 0 10313 0 0 0 0
10313 0 0 0 0 0 0 0 0 0 0 0 0 0 0 0 0 0 0 0 0 0 0 0 0 0 0 0 0 0 1 simplicity
10314 0 0 0 0 0 0 0 0 0 0 0 0 0 0 0 0 0 0 0 0 0 0 0 0 0 10315 0 0 0 0
10315 0 0 0 0 0 0 0 0 0 0 0 0 0 0 0 0 0 0 0 0 0 0 0 0 0 0 0 0 0 1 simplify
10316 0 0 0 0 0 0 0 0 0 0 0 0 0 0 0 0 0 0 0 0 0 0 0 0 0 0 0 0 0 1 simply
10317 0 0 0 10318 0 0 0 10322 0 0 0 10331 0 0 0 0 0 0 0 0 0 0 0 0 0 0 0 0 0 1 sin
10318 0 0 0 0 0 10319 0 0 0 0 0 0 0 0 0 0 0 0 0 0 0 0 0 0 0 0 0 0 0 0
10319 0 0 0 0 0 0 0 0 0 0 0 0 0 0 0 0 0 0 10320 0 0 0 0 0 0 0 0 0 0 1 since
10320 0 0 0 0 0 10321 0 0 0 0 0 0 0 0 0 0 0 0 0 0 0 0 0 0 0 0 0 0 0 0
10321 0 0 0 0 0 0 0 0 0 0 0 0 0 0 0 0 0 0 0 0 0 0 0 0 0 0 0 0 0 1 sincere
10322 0 0 0 0 0 10323 0 0 0 0 0 0 10325 0 0 0 0 0 0 0 0 10327 0 0 0 0 0 0 0 1 sing
10323 0 0 0 0 0 0 0 0 0 0 0 0 0 0 0 0 0 0 10324 0 0 0 0 0 0 0 0 0 0 0
10324 0 0 0 0 0 0 0 0 0 0 0 0 0 0 0 0 0 0 0 0 0 0 0 0 0 0 0 0 0 1 singer
10325 0 0 0 0 0 10326 0 0 0 0 0 0 0 0 0 0 0 0 0 0 0 0 0 0 0 0 0 0 0 0
10326 0 0 0 0 0 0 0 0 0 0 0 0 0 0 0 0 0 0 0 0 0 0 0 0 0 0 0 0 0 1 single
10327 0 0 0 0 0 0 0 0 0 0 0 0 10328 0 0 0 0 0 0 0 0 0 0 0 0 0 0 0 0 0
10328 0 10329 0 0 0 0 0 0 0 0 0 0 0 0 0 0 0 0 0 0 0 0 0 0 0 0 0 0 0 0
10329 0 0 0 0 0 0 0 0 0 0 0 0 0 0 0 0 0 0 10330 0 0 0 0 0 0 0 0 0 0 0
10330 0 0 0 0 0 0 0 0 0 0 0 0 0 0 0 0 0 0 0 0 0 0 0 0 0 0 0 0 0 1 singular
10331 0 0 0 0 0 0 0 0 0 0 0 0 0 0 0 0 0 0 0 0 0 0 0 0 0 0 0 0 0 1 sink
10332 0 0 0 0 0 0 0 0 0 0 0 0 0 0 0 0 0 0 0 0 0 0 0 0 0 0 0 0 0 1 sir
10333 0 0 0 0 0 0 0 0 0 0 0 0 0 0 0 0 0 0 0 0 10334 0 0 0 0 0 0 0 0 0
10334 0 0 0 0 0 10335 0 0 0 0 0 0 0 0 0 0 0 0 0 0 0 0 0 0 0 0 0 0 0 0
10335 0 0 0 0 0 0 0 0 0 0 0 0 0 0 0 0 0 0 10336 0 0 0 0 0 0 0 0 0 0 0
10336 0 0 0 0 0 0 0 0 0 0 0 0 0 0 0 0 0 0 0 0 0 0 0 0 0 0 0 0 0 1 sister
10337 0 0 0 0 0 10338 0 0 0 0 0 0 0 0 0 0 0 0 0 0 0 10339 0 0 0 0 0 0 0 1 sit
10338 0 0 0 0 0 0 0 0 0 0 0 0 0 0 0 0 0 0 0 0 0 0 0 0 0 0 0 0 0 1 site
10339 0 10340 0 0 0 0 0 0 0 0 0 0 0 0 0 0 0 0 0 0 0 0 0 0 0 0 0 0 0 0
10340 0 0 0 0 0 0 0 0 0 0 0 0 0 0 0 0 0 0 0 0 10341 0 0 0 0 0 0 0 0 0
10341 0 0 0 0 0 0 0 0 0 10342 0 0 0 0 0 0 0 0 0 0 0 0 0 0 0 0 0 0 0 0
10342 0 0 0 0 0 0 0 0 0 0 0 0 0 0 0 10343 0 0 0 0 0 0 0 0 0 0 0 0 0 0
10343 0 0 0 0 0 0 0 0 0 0 0 0 0 0 10344 0 0 0 0 0 0 0 0 0 0 0 0 0 0 0
10344 0 0 0 0 0 0 0 0 0 0 0 0 0 0 0 0 0 0 0 0 0 0 0 0 0 0 0 0 0 1 situation
10345 0 0 0 0 0 0 0 0 0 0 0 0 0 0 0 0 0 0 0 0 10346 0 0 0 0 0 0 0 0 1 six
10346 0 0 0 0 0 10347 0 0 10350 0 0 0 0 0 0 0 0 0 0 0 0 0 0 0 0 10351 0 0 0 0
10347 0 0 0 0 0 10348 0 0 0 0 0 0 0 0 0 0 0 0 0 0 0 0 0 0 0 0 0 0 0 0
10348 0 0 0 0 0 0 0 0 0 0 0 0 0 0 10349 0 0 0 0 0 0 0 0 0 0 0 0 0 0 0
10349 0 0 0 0 0 0 0 0 0 0 0 0 0 0 0 0 0 0 0 0 0 0 0 0 0 0 0 0 0 1 sixteen
10350 0 0 0 0 0 0 0 0 0 0 0 0 0 0 0 0 0 0 0 0 0 0 0 0 0 0 0 0 0 1 sixth
10351 0 0 0 0 0 0 0 0 0 0 0 0 0 0 0 0 0 0 0 0 0 0 0 0 0 0 0 0 0 1 sixty
10352 0 0 0 0 0 10353 0 0 0 0 0 0 0 0 0 0 0 0 0 0 0 0 0 0 0 0 0 0 0 0
10353 0 0 0 0 0 0 0 0 0 0 0 0 0 0 0 0 0 0 0 0 0 0 0 0 0 0 0 0 0 1 size
10354 0 10355 0 0 0 10358 0 0 0 10362 0 0 0 0 0 0 0 0 0 0 0 0 0 0 0 10374 0 0 0 0
10355 0 0 0 0 0 0 0 0 0 0 0 0 0 0 0 0 0 0 0 0 10356 0 0 0 0 0 0 0 0 0
10356 0 0 0 0 0 10357 0 0 0 0 0 0 0 0 0 0 0 0 0 0 0 0 0 0 0 0 0 0 0 0
10357 0 0 0 0 0 0 0 0 0 0 0 0 0 0 0 0 0 0 0 0 0 0 0 0 0 0 0 0 0 1 skate
10358 0 0 0 0 0 0 0 0 0 0 0 0 0 0 0 0 0 0 0 0 10359 0 0 0 0 0 0 0 0 0
10359 0 0 0 10360 0 0 0 0 0 0 0 0 0 0 0 0 0 0 0 0 0 0 0 0 0 0 0 0 0 0
10360 0 0 0 0 0 0 0 0 10361 0 0 0 0 0 0 0 0 0 0 0 0 0 0 0 0 0 0 0 0 0
10361 0 0 0 0 0 0 0 0 0 0 0 0 0 0 0 0 0 0 0 0 0 0 0 0 0 0 0 0 0 1 sketch
10362 0 0 0 0 0 0 0 0 0 0 0 0 10363 10370 10371 0 0 0 10372 0 0 0 0 0 0 0 0 0 0 1 ski
10363 0 0 0 0 0 0 0 0 0 0 0 0 10364 0 0 0 0 0 0 0 0 0 0 0 0 0 0 0 0 0
10364 0 0 0 0 0 10365 10367 0 0 0 0 0 0 0 0 0 0 0 0 0 0 0 0 0 0 0 0 0 0 1 skill
10365 0 0 0 0 10366 0 0 0 0 0 0 0 0 0 0 0 0 0 0 0 0 0 0 0 0 0 0 0 0 0
10366 0 0 0 0 0 0 0 0 0 0 0 0 0 0 0 0 0 0 0 0 0 0 0 0 0 0 0 0 0 1 skilled
10367 0 0 0 0 0 0 0 0 0 0 0 0 0 0 0 0 0 0 0 0 0 10368 0 0 0 0 0 0 0 0
10368 0 0 0 0 0 0 0 0 0 0 0 0 10369 0 0 0 0 0 0 0 0 0 0 0 0 0 0 0 0 0
10369 0 0 0 0 0 0 0 0 0 0 0 0 0 0 0 0 0 0 0 0 0 0 0 0 0 0 0 0 0 1 skillful
10370 0 0 0 0 0 0 0 0 0 0 0 0 0 0 0 0 0 0 0 0 0 0 0 0 0 0 0 0 0 1 skim
10371 0 0 0 0 0 0 0 0 0 0 0 0 0 0 0 0 0 0 0 0 0 0 0 0 0 0 0 0 0 1 skin
10372 0 0 0 0 0 0 0 0 0 0 0 0 0 0 0 0 0 0 0 0 10373 0 0 0 0 0 0 0 0 0
10373 0 0 0 0 0 0 0 0 0 0 0 0 0 0 0 0 0 0 0 0 0 0 0 0 0 0 0 0 0 1 skirt
10374 0 0 0 0 0 0 0 0 0 0 0 0 0 0 0 0 0 0 0 0 0 0 0 0 0 0 0 0 0 1 sky
10375 0 10376 0 0 0 10382 0 0 0 10392 0 0 0 0 0 10408 0 0 0 0 0 10417 0 0 0 10419 0 0 0 0
10376 0 0 0 0 0 0 0 0 0 0 0 0 0 10377 0 0 0 0 0 0 0 0 10378 0 0 0 0 0 0 0
10377 0 0 0 0 0 0 0 0 0 0 0 0 0 0 0 0 0 0 0 0 0 0 0 0 0 0 0 0 0 1 slam
10378 0 0 0 0 0 10379 0 0 0 0 0 0 0 0 0 0 0 0 0 0 0 0 0 0 0 0 0 0 0 0
10379 0 0 0 0 0 0 0 0 0 0 0 0 0 0 0 0 0 0 10380 0 0 0 0 0 0 0 0 0 0 1 slave
10380 0 0 0 0 0 0 0 0 0 0 0 0 0 0 0 0 0 0 0 0 0 0 0 0 0 10381 0 0 0 0
10381 0 0 0 0 0 0 0 0 0 0 0 0 0 0 0 0 0 0 0 0 0 0 0 0 0 0 0 0 0 1 slavery
10382 0 0 0 0 0 10383 0 0 0 0 0 0 0 0 10388 0 0 0 0 0 0 0 0 0 0 0 0 0 0 0
10383 0 0 0 0 0 0 0 0 0 0 0 0 0 0 0 0 10384 0 0 0 0 0 10386 0 0 0 0 0 0 0
10384 0 0 0 0 0 0 0 0 0 0 0 0 0 0 0 0 0 0 0 0 0 0 0 0 0 10385 0 0 0 1 sleep
10385 0 0 0 0 0 0 0 0 0 0 0 0 0 0 0 0 0 0 0 0 0 0 0 0 0 0 0 0 0 1 sleepy
10386 0 0 0 0 0 10387 0 0 0 0 0 0 0 0 0 0 0 0 0 0 0 0 0 0 0 0 0 0 0 0
10387 0 0 0 0 0 0 0 0 0 0 0 0 0 0 0 0 0 0 0 0 0 0 0 0 0 0 0 0 0 1 sleeve
10388 0 0 0 0 10389 0 0 0 0 0 0 0 0 0 0 0 0 0 0 0 0 0 0 0 0 0 0 0 0 0
10389 0 0 0 0 0 10390 0 0 0 0 0 0 0 0 0 0 0 0 0 0 0 0 0 0 0 0 0 0 0 0
10390 0 0 0 0 0 0 0 0 0 0 0 0 0 0 0 0 0 0 10391 0 0 0 0 0 0 0 0 0 0 0
10391 0 0 0 0 0 0 0 0 0 0 0 0 0 0 0 0 0 0 0 0 0 0 0 0 0 0 0 0 0 1 slender
10392 0 0 0 10393 10395 0 0 10397 0 0 0 0 0 0 0 0 10402 0 0 0 10407 0 0 0 0 0 0 0 0 0
10393 0 0 0 0 0 10394 0 0 0 0 0 0 0 0 0 0 0 0 0 0 0 0 0 0 0 0 0 0 0 0
10394 0 0 0 0 0 0 0 0 0 0 0 0 0 0 0 0 0 0 0 0 0 0 0 0 0 0 0 0 0 1 slice
10395 0 0 0 0 0 10396 0 0 0 0 0 0 0 0 0 0 0 0 0 0 0 0 0 0 0 0 0 0 0 0
10396 0 0 0 0 0 0 0 0 0 0 0 0 0 0 0 0 0 0 0 0 0 0 0 0 0 0 0 0 0 1 slide
10397 0 0 0 0 0 0 0 0 10398 0 0 0 0 0 0 0 0 0 0 0 0 0 0 0 0 0 0 0 0 0
10398 0 0 0 0 0 0 0 0 0 0 0 0 0 0 0 0 0 0 0 0 10399 0 0 0 0 0 0 0 0 0
10399 0 0 0 0 0 0 0 0 0 0 0 0 10400 0 0 0 0 0 0 0 0 0 0 0 0 0 0 0 0 1 slight
10400 0 0 0 0 0 0 0 0 0 0 0 0 0 0 0 0 0 0 0 0 0 0 0 0 0 10401 0 0 0 0
10401 0 0 0 0 0 0 0 0 0 0 0 0 0 0 0 0 0 0 0 0 0 0 0 0 0 0 0 0 0 1 slightly
10402 0 0 0 0 0 0 0 0 0 0 0 0 0 0 0 0 10403 0 0 0 0 0 0 0 0 0 0 0 0 1 slip
10403 0 0 0 0 0 10404 0 0 0 0 0 0 0 0 0 0 0 0 0 0 0 0 0 0 0 0 0 0 0 0
10404 0 0 0 0 0 0 0 0 0 0 0 0 0 0 0 0 0 0 10405 0 0 0 0 0 0 0 0 0 0 0
10405 0 0 0 0 0 0 0 0 0 0 0 0 0 0 0 0 0 0 0 0 0 0 0 0 0 10406 0 0 0 1 slipper
10406 0 0 0 0 0 0 0 0 0 0 0 0 0 0 0 0 0 0 0 0 0 0 0 0 0 0 0 0 0 1 slippery
10407 0 0 0 0 0 0 0 0 0 0 0 0 0 0 0 0 0 0 0 0 0 0 0 0 0 0 0 0 0 1 slit
10408 0 0 0 0 0 0 0 10409 0 0 0 0 0 0 0 0 10412 0 0 0 0 0 0 10414 0 0 0 0 0 0
10409 0 10410 0 0 0 0 0 0 0 0 0 0 0 0 0 0 0 0 0 0 0 0 0 0 0 0 0 0 0 0
10410 0 0 0 0 0 0 0 0 0 0 0 0 0 0 10411 0 0 0 0 0 0 0 0 0 0 0 0 0 0 0
10411 0 0 0 0 0 0 0 0 0 0 0 0 0 0 0 0 0 0 0 0 0 0 0 0 0 0 0 0 0 1 slogan
10412 0 0 0 0 0 10413 0 0 0 0 0 0 0 0 0 0 0 0 0 0 0 0 0 0 0 0 0 0 0 0
10413 0 0 0 0 0 0 0 0 0 0 0 0 0 0 0 0 0 0 0 0 0 0 0 0 0 0 0 0 0 1 slope
10414 0 0 0 0 0 0 0 0 0 0 0 0 10415 0 0 0 0 0 0 0 0 0 0 0 0 0 0 0 0 1 slow
10415 0 0 0 0 0 0 0 0 0 0 0 0 0 0 0 0 0 0 0 0 0 0 0 0 0 10416 0 0 0 0
10416 0 0 0 0 0 0 0 0 0 0 0 0 0 0 0 0 0 0 0 0 0 0 0 0 0 0 0 0 0 1 slowly
10417 0 0 0 0 0 0 0 0 0 0 0 0 0 10418 0 0 0 0 0 0 0 0 0 0 0 0 0 0 0 0
10418 0 0 0 0 0 0 0 0 0 0 0 0 0 0 0 0 0 0 0 0 0 0 0 0 0 0 0 0 0 1 slum
10419 0 0 0 0 0 0 0 0 0 0 0 0 0 0 0 0 0 0 0 0 0 0 0 0 0 0 0 0 0 1 sly
10420 0 10421 0 0 0 10426 0 0 0 10429 0 0 0 0 0 10432 0 0 0 0 0 0 0 0 0 0 0 0 0 0
10421 0 0 0 0 0 0 0 0 0 0 0 0 10422 0 0 0 0 0 10424 0 0 0 0 0 0 0 0 0 0 0
10422 0 0 0 0 0 0 0 0 0 0 0 0 10423 0 0 0 0 0 0 0 0 0 0 0 0 0 0 0 0 0
10423 0 0 0 0 0 0 0 0 0 0 0 0 0 0 0 0 0 0 0 0 0 0 0 0 0 0 0 0 0 1 small
10424 0 0 0 0 0 0 0 0 0 0 0 0 0 0 0 0 0 0 0 0 10425 0 0 0 0 0 0 0 0 0
10425 0 0 0 0 0 0 0 0 0 0 0 0 0 0 0 0 0 0 0 0 0 0 0 0 0 0 0 0 0 1 smart
10426 0 0 0 0 0 0 0 0 0 0 0 0 10427 0 0 0 0 0 0 0 0 0 0 0 0 0 0 0 0 0
10427 0 0 0 0 0 0 0 0 0 0 0 0 10428 0 0 0 0 0 0 0 0 0 0 0 0 0 0 0 0 0
10428 0 0 0 0 0 0 0 0 0 0 0 0 0 0 0 0 0 0 0 0 0 0 0 0 0 0 0 0 0 1 smell
10429 0 0 0 0 0 0 0 0 0 0 0 0 10430 0 0 0 0 0 0 0 0 0 0 0 0 0 0 0 0 0
10430 0 0 0 0 0 10431 0 0 0 0 0 0 0 0 0 0 0 0 0 0 0 0 0 0 0 0 0 0 0 0
10431 0 0 0 0 0 0 0 0 0 0 0 0 0 0 0 0 0 0 0 0 0 0 0 0 0 0 0 0 0 1 smile
10432 0 0 0 0 0 0 0 10433 0 0 0 10434 0 0 0 10436 0 0 0 0 0 0 0 0 0 0 0 0 0 0
10433 0 0 0 0 0 0 0 0 0 0 0 0 0 0 0 0 0 0 0 0 0 0 0 0 0 0 0 0 0 1 smog
10434 0 0 0 0 0 10435 0 0 0 0 0 0 0 0 0 0 0 0 0 0 0 0 0 0 0 0 0 0 0 0
10435 0 0 0 0 0 0 0 0 0 0 0 0 0 0 0 0 0 0 0 0 0 0 0 0 0 0 0 0 0 1 smoke
10436 0 0 0 0 0 0 0 0 0 0 0 0 0 0 0 0 0 0 0 0 10437 0 0 0 0 0 0 0 0 0
10437 0 0 0 0 0 0 0 0 10438 0 0 0 0 0 0 0 0 0 0 0 0 0 0 0 0 0 0 0 0 0
10438 0 0 0 0 0 0 0 0 0 0 0 0 10439 0 0 0 0 0 0 0 0 0 0 0 0 0 0 0 0 1 smooth
10439 0 0 0 0 0 0 0 0 0 0 0 0 0 0 0 0 0 0 0 0 0 0 0 0 0 10440 0 0 0 0
10440 0 0 0 0 0 0 0 0 0 0 0 0 0 0 0 0 0 0 0 0 0 0 0 0 0 0 0 0 0 1 smoothly
10441 0 10442 0 0 0 0 0 0 0 0 0 0 0 0 0 10445 0 0 0 0 0 0 0 0 0 0 0 0 0 0
10442 0 0 0 0 0 0 0 0 0 0 0 10443 0 0 0 0 0 0 0 0 0 0 0 0 0 0 0 0 0 0
10443 0 0 0 0 0 10444 0 0 0 0 0 0 0 0 0 0 0 0 0 0 0 0 0 0 0 0 0 0 0 0
10444 0 0 0 0 0 0 0 0 0 0 0 0 0 0 0 0 0 0 0 0 0 0 0 0 0 0 0 0 0 1 snake
10445 0 0 0 0 0 0 0 0 0 0 0 0 0 0 0 0 0 0 0 0 0 0 0 10446 0 0 0 0 0 0
10446 0 0 0 0 0 0 0 0 0 0 0 0 0 0 0 0 0 0 0 10447 0 0 0 0 0 10452 0 0 0 1 snow
10447 0 0 0 0 0 0 0 0 0 0 0 0 0 0 0 0 0 0 0 0 10448 0 0 0 0 0 0 0 0 0
10448 0 0 0 0 0 0 0 0 0 0 0 0 0 0 0 10449 0 0 0 0 0 0 0 0 0 0 0 0 0 0
10449 0 0 0 0 0 0 0 0 0 0 0 0 0 0 0 0 0 0 10450 0 0 0 0 0 0 0 0 0 0 0
10450 0 0 0 0 0 0 0 0 0 0 0 0 0 10451 0 0 0 0 0 0 0 0 0 0 0 0 0 0 0 0
10451 0 0 0 0 0 0 0 0 0 0 0 0 0 0 0 0 0 0 0 0 0 0 0 0 0 0 0 0 0 1 snowstorm
10452 0 0 0 0 0 0 0 0 0 0 0 0 0 0 0 0 0 0 0 0 0 0 0 0 0 0 0 0 0 1 snowy
10453 0 10454 10457 10467 10482 0 10484 0 0 10488 0 0 10490 10514 10542 10544 10546 0 10557 0 0 10564 10584 10588 0 0 0 0 10460 1 so
10454 0 0 0 0 0 0 0 0 0 0 0 10455 0 0 0 0 10456 0 0 0 0 0 0 0 0 0 0 0 0 0
10455 0 0 0 0 0 0 0 0 0 0 0 0 0 0 0 0 0 0 0 0 0 0 0 0 0 0 0 0 0 1 soak
10456 0 0 0 0 0 0 0 0 0 0 0 0 0 0 0 0 0 0 0 0 0 0 0 0 0 0 0 0 0 1 soap
10457 0 0 0 0 0 10458 0 0 0 0 0 0 0 0 0 0 0 0 0 0 0 0 0 0 0 0 0 0 0 1 sob
10458 0 0 0 0 0 0 0 0 0 0 0 0 0 0 0 0 0 0 10459 0 0 0 0 0 0 0 0 0 0 0
10459 0 0 0 0 0 0 0 0 0 0 0 0 0 0 0 0 0 0 0 0 0 0 0 0 0 0 0 0 0 1 sober
10460 0 0 0 10461 0 0 0 0 0 0 0 0 0 0 0 0 0 0 0 0 0 0 0 0 0 0 0 0 0 0
10461 0 10462 0 0 0 0 0 0 0 0 0 0 0 0 0 0 0 0 0 0 0 0 0 0 0 0 0 0 0 0
10462 0 0 0 0 0 0 0 0 0 0 0 0 10463 0 0 0 0 0 0 0 0 0 0 0 0 0 0 0 0 0
10463 0 0 0 0 0 0 0 0 0 0 0 0 10464 0 0 0 0 0 0 0 0 0 0 0 0 0 0 0 0 0
10464 0 0 0 0 0 10465 0 0 0 0 0 0 0 0 0 0 0 0 0 0 0 0 0 0 0 0 0 0 0 0
10465 0 0 0 0 10466 0 0 0 0 0 0 0 0 0 0 0 0 0 0 0 0 0 0 0 0 0 0 0 0 0
10466 0 0 0 0 0 0 0 0 0 0 0 0 0 0 0 0 0 0 0 0 0 0 0 0 0 0 0 0 0 1 so-called
10467 0 0 0 10468 0 0 0 0 0 10471 0 10481 0 0 0 0 0 0 0 0 0 0 0 0 0 0 0 0 0 0
10468 0 0 0 0 0 10469 0 0 0 0 0 0 0 0 0 0 0 0 0 0 0 0 0 0 0 0 0 0 0 0
10469 0 0 0 0 0 0 0 0 0 0 0 0 0 0 0 0 0 0 10470 0 0 0 0 0 0 0 0 0 0 0
10470 0 0 0 0 0 0 0 0 0 0 0 0 0 0 0 0 0 0 0 0 0 0 0 0 0 0 0 0 0 1 soccer
10471 0 10472 0 0 0 10478 0 0 0 0 0 0 0 0 0 0 0 0 0 0 0 0 0 0 0 0 0 0 0 0
10472 0 0 0 0 0 0 0 0 0 0 0 0 10473 0 0 0 0 0 0 0 0 0 0 0 0 0 0 0 0 0
10473 0 0 0 0 0 0 0 0 0 10474 0 0 0 0 0 0 0 0 0 0 0 0 0 0 0 0 0 0 0 1 social
10474 0 0 0 0 0 0 0 0 0 0 0 0 0 0 0 0 0 0 0 10475 0 0 0 0 0 0 0 0 0 0
10475 0 0 0 0 0 0 0 0 0 0 0 0 0 10476 0 0 0 0 0 0 10477 0 0 0 0 0 0 0 0 0
10476 0 0 0 0 0 0 0 0 0 0 0 0 0 0 0 0 0 0 0 0 0 0 0 0 0 0 0 0 0 1 socialism
10477 0 0 0 0 0 0 0 0 0 0 0 0 0 0 0 0 0 0 0 0 0 0 0 0 0 0 0 0 0 1 socialist
10478 0 0 0 0 0 0 0 0 0 0 0 0 0 0 0 0 0 0 0 0 10479 0 0 0 0 0 0 0 0 0
10479 0 0 0 0 0 0 0 0 0 0 0 0 0 0 0 0 0 0 0 0 0 0 0 0 0 10480 0 0 0 0
10480 0 0 0 0 0 0 0 0 0 0 0 0 0 0 0 0 0 0 0 0 0 0 0 0 0 0 0 0 0 1 society
10481 0 0 0 0 0 0 0 0 0 0 0 0 0 0 0 0 0 0 0 0 0 0 0 0 0 0 0 0 0 1 sock
10482 0 10483 0 0 0 0 0 0 0 0 0 0 0 0 0 0 0 0 0 0 0 0 0 0 0 0 0 0 0 0
10483 0 0 0 0 0 0 0 0 0 0 0 0 0 0 0 0 0 0 0 0 0 0 0 0 0 0 0 0 0 1 soda
10484 0 0 0 0 0 0 0 0 0 0 0 0 0 0 0 0 0 0 0 0 10485 0 0 0 0 0 0 0 0 0
10485 0 0 0 0 0 0 0 0 0 0 0 0 10486 0 0 0 0 0 0 0 0 0 0 0 0 0 0 0 0 1 soft
10486 0 0 0 0 0 0 0 0 0 0 0 0 0 0 0 0 0 0 0 0 0 0 0 0 0 10487 0 0 0 0
10487 0 0 0 0 0 0 0 0 0 0 0 0 0 0 0 0 0 0 0 0 0 0 0 0 0 0 0 0 0 1 softly
10488 0 0 0 0 0 0 0 0 0 0 0 0 10489 0 0 0 0 0 0 0 0 0 0 0 0 0 0 0 0 0
10489 0 0 0 0 0 0 0 0 0 0 0 0 0 0 0 0 0 0 0 0 0 0 0 0 0 0 0 0 0 1 soil
10490 0 10491 0 0 10493 10497 0 0 0 10502 0 0 0 0 0 0 0 0 0 0 0 10504 10512 0 0 0 0 0 0 0
10491 0 0 0 0 0 0 0 0 0 0 0 0 0 0 0 0 0 0 10492 0 0 0 0 0 0 0 0 0 0 0
10492 0 0 0 0 0 0 0 0 0 0 0 0 0 0 0 0 0 0 0 0 0 0 0 0 0 0 0 0 0 1 solar
10493 0 0 0 0 0 0 0 0 0 10494 0 0 0 0 0 0 0 0 0 0 0 0 0 0 0 0 0 0 0 0
10494 0 0 0 0 0 10495 0 0 0 0 0 0 0 0 0 0 0 0 0 0 0 0 0 0 0 0 0 0 0 0
10495 0 0 0 0 0 0 0 0 0 0 0 0 0 0 0 0 0 0 10496 0 0 0 0 0 0 0 0 0 0 0
10496 0 0 0 0 0 0 0 0 0 0 0 0 0 0 0 0 0 0 0 0 0 0 0 0 0 0 0 0 0 1 soldier
10497 0 0 0 0 0 0 0 0 0 0 0 0 10498 10500 0 0 0 0 0 0 0 0 0 0 0 0 0 0 0 1 sole
10498 0 0 0 0 0 0 0 0 0 0 0 0 0 0 0 0 0 0 0 0 0 0 0 0 0 10499 0 0 0 0
10499 0 0 0 0 0 0 0 0 0 0 0 0 0 0 0 0 0 0 0 0 0 0 0 0 0 0 0 0 0 1 solely
10500 0 0 0 0 0 0 0 0 0 0 0 0 0 0 10501 0 0 0 0 0 0 0 0 0 0 0 0 0 0 0
10501 0 0 0 0 0 0 0 0 0 0 0 0 0 0 0 0 0 0 0 0 0 0 0 0 0 0 0 0 0 1 solemn
10502 0 0 0 0 10503 0 0 0 0 0 0 0 0 0 0 0 0 0 0 0 0 0 0 0 0 0 0 0 0 0
10503 0 0 0 0 0 0 0 0 0 0 0 0 0 0 0 0 0 0 0 0 0 0 0 0 0 0 0 0 0 1 solid
10504 0 0 10505 0 0 0 0 0 0 0 0 0 0 0 0 0 0 0 0 0 10508 0 0 0 0 0 0 0 0 0
10505 0 0 0 0 0 0 0 0 0 0 0 0 10506 0 0 0 0 0 0 0 0 0 0 0 0 0 0 0 0 0
10506 0 0 0 0 0 10507 0 0 0 0 0 0 0 0 0 0 0 0 0 0 0 0 0 0 0 0 0 0 0 0
10507 0 0 0 0 0 0 0 0 0 0 0 0 0 0 0 0 0 0 0 0 0 0 0 0 0 0 0 0 0 1 soluble
10508 0 0 0 0 0 0 0 0 0 10509 0 0 0 0 0 0 0 0 0 0 0 0 0 0 0 0 0 0 0 0
10509 0 0 0 0 0 0 0 0 0 0 0 0 0 0 0 10510 0 0 0 0 0 0 0 0 0 0 0 0 0 0
10510 0 0 0 0 0 0 0 0 0 0 0 0 0 0 10511 0 0 0 0 0 0 0 0 0 0 0 0 0 0 0
10511 0 0 0 0 0 0 0 0 0 0 0 0 0 0 0 0 0 0 0 0 0 0 0 0 0 0 0 0 0 1 solution
10512 0 0 0 0 0 10513 0 0 0 0 0 0 0 0 0 0 0 0 0 0 0 0 0 0 0 0 0 0 0 0
10513 0 0 0 0 0 0 0 0 0 0 0 0 0 0 0 0 0 0 0 0 0 0 0 0 0 0 0 0 0 1 solve
10514 0 0 0 0 0 10515 0 0 0 0 0 0 0 0 0 0 0 0 0 0 0 0 0 0 0 0 0 0 0 0
10515 0 0 10516 0 0 0 0 0 10520 0 0 0 0 0 0 10523 0 0 0 0 10526 0 0 10535 0 0 0 0 0 1 some
10516 0 0 0 0 0 0 0 0 0 0 0 0 0 0 0 10517 0 0 0 0 0 0 0 0 0 0 0 0 0 0
10517 0 0 0 0 10518 0 0 0 0 0 0 0 0 0 0 0 0 0 0 0 0 0 0 0 0 0 0 0 0 0
10518 0 0 0 0 0 0 0 0 0 0 0 0 0 0 0 0 0 0 0 0 0 0 0 0 0 10519 0 0 0 0
10519 0 0 0 0 0 0 0 0 0 0 0 0 0 0 0 0 0 0 0 0 0 0 0 0 0 0 0 0 0 1 somebody
10520 0 0 0 0 0 0 0 0 0 0 0 0 0 0 0 10521 0 0 0 0 0 0 0 0 0 0 0 0 0 0
10521 0 0 0 0 0 0 0 0 0 0 0 0 0 0 0 0 0 0 0 0 0 0 0 10522 0 0 0 0 0 0
10522 0 0 0 0 0 0 0 0 0 0 0 0 0 0 0 0 0 0 0 0 0 0 0 0 0 0 0 0 0 1 somehow
10523 0 0 0 0 0 0 0 0 0 0 0 0 0 0 10524 0 0 0 0 0 0 0 0 0 0 0 0 0 0 0
10524 0 0 0 0 0 10525 0 0 0 0 0 0 0 0 0 0 0 0 0 0 0 0 0 0 0 0 0 0 0 0
10525 0 0 0 0 0 0 0 0 0 0 0 0 0 0 0 0 0 0 0 0 0 0 0 0 0 0 0 0 0 1 someone
10526 0 0 0 0 0 0 0 0 10527 10531 0 0 0 0 0 0 0 0 0 0 0 0 0 0 0 0 0 0 0 0
10527 0 0 0 0 0 0 0 0 0 10528 0 0 0 0 0 0 0 0 0 0 0 0 0 0 0 0 0 0 0 0
10528 0 0 0 0 0 0 0 0 0 0 0 0 0 0 10529 0 0 0 0 0 0 0 0 0 0 0 0 0 0 0
10529 0 0 0 0 0 0 0 10530 0 0 0 0 0 0 0 0 0 0 0 0 0 0 0 0 0 0 0 0 0 0
10530 0 0 0 0 0 0 0 0 0 0 0 0 0 0 0 0 0 0 0 0 0 0 0 0 0 0 0 0 0 1 something
10531 0 0 0 0 0 0 0 0 0 0 0 0 0 10532 0 0 0 0 0 0 0 0 0 0 0 0 0 0 0 0
10532 0 0 0 0 0 10533 0 0 0 0 0 0 0 0 0 0 0 0 0 0 0 0 0 0 0 0 0 0 0 0
10533 0 0 0 0 0 0 0 0 0 0 0 0 0 0 0 0 0 0 0 10534 0 0 0 0 0 0 0 0 0 1 sometime
10534 0 0 0 0 0 0 0 0 0 0 0 0 0 0 0 0 0 0 0 0 0 0 0 0 0 0 0 0 0 1 sometimes
10535 0 0 0 0 0 0 0 0 10536 0 0 0 0 0 0 0 0 0 0 0 0 0 0 0 0 0 0 0 0 0
10536 0 10537 0 0 0 10539 0 0 0 0 0 0 0 0 0 0 0 0 0 0 0 0 0 0 0 0 0 0 0 0
10537 0 0 0 0 0 0 0 0 0 0 0 0 0 0 0 0 0 0 0 0 10538 0 0 0 0 0 0 0 0 0
10538 0 0 0 0 0 0 0 0 0 0 0 0 0 0 0 0 0 0 0 0 0 0 0 0 0 0 0 0 0 1 somewhat
10539 0 0 0 0 0 0 0 0 0 0 0 0 0 0 0 0 0 0 10540 0 0 0 0 0 0 0 0 0 0 0
10540 0 0 0 0 0 10541 0 0 0 0 0 0 0 0 0 0 0 0 0 0 0 0 0 0 0 0 0 0 0 0
10541 0 0 0 0 0 0 0 0 0 0 0 0 0 0 0 0 0 0 0 0 0 0 0 0 0 0 0 0 0 1 somewhere
10542 0 0 0 0 0 0 0 10543 0 0 0 0 0 0 0 0 0 0 0 0 0 0 0 0 0 0 0 0 0 1 son
10543 0 0 0 0 0 0 0 0 0 0 0 0 0 0 0 0 0 0 0 0 0 0 0 0 0 0 0 0 0 1 song
10544 0 0 0 0 0 0 0 0 0 0 0 0 0 0 10545 0 0 0 0 0 0 0 0 0 0 0 0 0 0 0
10545 0 0 0 0 0 0 0 0 0 0 0 0 0 0 0 0 0 0 0 0 0 0 0 0 0 0 0 0 0 1 soon
10546 0 0 0 0 0 0 0 0 10547 0 0 0 0 0 0 0 0 0 0 0 0 0 0 0 0 0 0 0 0 0
10547 0 0 0 0 0 0 0 0 0 10548 0 0 0 0 0 0 0 0 0 0 0 0 0 0 0 0 0 0 0 0
10548 0 0 0 0 0 0 0 0 0 0 0 0 0 0 0 0 0 0 0 10549 0 0 0 0 0 0 0 0 0 0
10549 0 0 0 0 0 0 0 0 0 0 0 0 0 0 0 0 0 0 0 0 10550 0 0 0 0 0 0 0 0 0
10550 0 0 0 0 0 0 0 0 0 10551 0 0 0 0 0 0 0 0 0 0 0 0 0 0 0 0 0 0 0 0
10551 0 0 0 10552 0 0 0 0 0 0 0 0 0 0 0 0 0 0 0 0 0 0 0 0 0 0 0 0 0 0
10552 0 10553 0 0 0 0 0 0 0 0 0 0 0 0 0 0 0 0 0 0 0 0 0 0 0 0 0 0 0 0
10553 0 0 0 0 0 0 0 0 0 0 0 0 0 0 0 0 0 0 0 0 10554 0 0 0 0 0 0 0 0 0
10554 0 0 0 0 0 10555 0 0 0 0 0 0 0 0 0 0 0 0 0 0 0 0 0 0 0 0 0 0 0 0
10555 0 0 0 0 10556 0 0 0 0 0 0 0 0 0 0 0 0 0 0 0 0 0 0 0 0 0 0 0 0 0
10556 0 0 0 0 0 0 0 0 0 0 0 0 0 0 0 0 0 0 0 0 0 0 0 0 0 0 0 0 0 1 sophisticated
10557 0 0 0 0 0 10558 0 0 0 0 0 0 0 0 0 0 0 0 10559 0 10563 0 0 0 0 0 0 0 0 0
10558 0 0 0 0 0 0 0 0 0 0 0 0 0 0 0 0 0 0 0 0 0 0 0 0 0 0 0 0 0 1 sore
10559 0 0 0 0 0 0 0 0 0 0 0 0 0 0 0 10560 0 0 0 0 0 0 0 0 0 10562 0 0 0 0
10560 0 0 0 0 0 0 0 0 0 0 0 0 0 0 0 0 0 0 0 0 0 0 0 10561 0 0 0 0 0 0
10561 0 0 0 0 0 0 0 0 0 0 0 0 0 0 0 0 0 0 0 0 0 0 0 0 0 0 0 0 0 1 sorrow
10562 0 0 0 0 0 0 0 0 0 0 0 0 0 0 0 0 0 0 0 0 0 0 0 0 0 0 0 0 0 1 sorry
10563 0 0 0 0 0 0 0 0 0 0 0 0 0 0 0 0 0 0 0 0 0 0 0 0 0 0 0 0 0 1 sort
10564 0 0 0 0 0 0 0 0 0 0 0 0 10565 0 10566 0 10568 0 10569 0 10572 0 0 0 0 0 0 0 0 0
10565 0 0 0 0 0 0 0 0 0 0 0 0 0 0 0 0 0 0 0 0 0 0 0 0 0 0 0 0 0 1 soul
10566 0 0 0 0 10567 0 0 0 0 0 0 0 0 0 0 0 0 0 0 0 0 0 0 0 0 0 0 0 0 0
10567 0 0 0 0 0 0 0 0 0 0 0 0 0 0 0 0 0 0 0 0 0 0 0 0 0 0 0 0 0 1 sound
10568 0 0 0 0 0 0 0 0 0 0 0 0 0 0 0 0 0 0 0 0 0 0 0 0 0 0 0 0 0 1 soup
10569 0 0 0 10570 0 0 0 0 0 0 0 0 0 0 0 0 0 0 0 0 0 0 0 0 0 0 0 0 0 1 sour
10570 0 0 0 0 0 10571 0 0 0 0 0 0 0 0 0 0 0 0 0 0 0 0 0 0 0 0 0 0 0 0
10571 0 0 0 0 0 0 0 0 0 0 0 0 0 0 0 0 0 0 0 0 0 0 0 0 0 0 0 0 0 1 source
10572 0 0 0 0 0 0 0 0 10573 0 0 0 0 0 0 0 0 0 0 0 0 0 0 0 0 0 0 0 0 0
10573 0 0 0 0 0 10574 0 0 0 0 0 0 0 0 0 0 0 0 0 0 0 0 0 10580 0 0 0 0 0 1 south
10574 0 10575 0 0 0 0 0 0 0 0 0 0 0 0 0 0 0 0 10578 0 0 0 0 0 0 0 0 0 0 0
10575 0 0 0 0 0 0 0 0 0 0 0 0 0 0 0 0 0 0 0 10576 0 0 0 0 0 0 0 0 0 0
10576 0 0 0 0 0 0 0 0 0 0 0 0 0 0 0 0 0 0 0 0 10577 0 0 0 0 0 0 0 0 0
10577 0 0 0 0 0 0 0 0 0 0 0 0 0 0 0 0 0 0 0 0 0 0 0 0 0 0 0 0 0 1 southeast
10578 0 0 0 0 0 0 0 0 0 0 0 0 0 0 10579 0 0 0 0 0 0 0 0 0 0 0 0 0 0 0
10579 0 0 0 0 0 0 0 0 0 0 0 0 0 0 0 0 0 0 0 0 0 0 0 0 0 0 0 0 0 1 southern
10580 0 0 0 0 0 10581 0 0 0 0 0 0 0 0 0 0 0 0 0 0 0 0 0 0 0 0 0 0 0 0
10581 0 0 0 0 0 0 0 0 0 0 0 0 0 0 0 0 0 0 0 10582 0 0 0 0 0 0 0 0 0 0
10582 0 0 0 0 0 0 0 0 0 0 0 0 0 0 0 0 0 0 0 0 10583 0 0 0 0 0 0 0 0 0
10583 0 0 0 0 0 0 0 0 0 0 0 0 0 0 0 0 0 0 0 0 0 0 0 0 0 0 0 0 0 1 southwest
10584 0 0 0 0 0 0 0 0 0 10585 0 0 0 0 0 0 0 0 0 0 0 0 0 0 0 0 0 0 0 0
10585 0 0 0 0 0 10586 0 0 0 0 0 0 0 0 0 0 0 0 0 0 0 0 0 0 0 0 0 0 0 0
10586 0 0 0 0 0 0 0 0 0 0 0 0 0 0 0 0 0 0 0 0 10587 0 0 0 0 0 0 0 0 0
10587 0 0 0 0 0 0 0 0 0 0 0 0 0 0 0 0 0 0 0 0 0 0 0 0 0 0 0 0 0 1 Soviet
10588 0 0 0 0 0 0 0 0 0 0 0 0 0 0 0 0 0 0 0 0 0 0 0 0 0 0 0 0 0 1 sow
10589 0 10590 0 0 0 10616 0 0 10658 10662 0 0 10676 0 0 10687 0 0 10712 0 0 10728 0 0 0 10730 0 0 0 0
10590 0 0 0 10591 10602 0 0 0 0 0 0 0 0 0 10604 0 0 0 10608 0 0 0 0 0 0 0 0 0 0 0
10591 0 0 0 0 0 10592 0 0 0 0 0 0 0 0 0 0 0 0 0 0 0 0 0 0 0 0 0 0 0 0
10592 0 0 0 10593 0 0 0 0 0 0 0 0 0 0 0 0 0 0 0 10598 0 0 0 0 0 0 0 0 0 1 space
10593 0 0 0 0 0 0 0 0 0 0 0 0 0 0 0 0 0 0 10594 0 0 0 0 0 0 0 0 0 0 0
10594 0 10595 0 0 0 0 0 0 0 0 0 0 0 0 0 0 0 0 0 0 0 0 0 0 0 0 0 0 0 0
10595 0 0 0 0 0 0 10596 0 0 0 0 0 0 0 0 0 0 0 0 0 0 0 0 0 0 0 0 0 0 0
10596 0 0 0 0 0 0 0 0 0 0 0 0 0 0 0 0 0 0 0 0 10597 0 0 0 0 0 0 0 0 0
10597 0 0 0 0 0 0 0 0 0 0 0 0 0 0 0 0 0 0 0 0 0 0 0 0 0 0 0 0 0 1 spacecraft
10598 0 0 0 0 0 0 0 0 10599 0 0 0 0 0 0 0 0 0 0 0 0 0 0 0 0 0 0 0 0 0
10599 0 0 0 0 0 0 0 0 0 10600 0 0 0 0 0 0 0 0 0 0 0 0 0 0 0 0 0 0 0 0
10600 0 0 0 0 0 0 0 0 0 0 0 0 0 0 0 0 10601 0 0 0 0 0 0 0 0 0 0 0 0 0
10601 0 0 0 0 0 0 0 0 0 0 0 0 0 0 0 0 0 0 0 0 0 0 0 0 0 0 0 0 0 1 spaceship
10602 0 0 0 0 0 10603 0 0 0 0 0 0 0 0 0 0 0 0 0 0 0 0 0 0 0 0 0 0 0 0
10603 0 0 0 0 0 0 0 0 0 0 0 0 0 0 0 0 0 0 0 0 0 0 0 0 0 0 0 0 0 1 spade
10604 0 0 0 0 0 0 0 0 0 10605 0 0 0 0 0 0 0 0 0 0 0 0 0 0 0 0 0 0 0 1 span
10605 0 0 0 0 0 0 0 0 0 0 0 0 0 0 0 0 0 0 0 10606 0 0 0 0 0 0 0 0 0 0
10606 0 0 0 0 0 0 0 0 10607 0 0 0 0 0 0 0 0 0 0 0 0 0 0 0 0 0 0 0 0 0
10607 0 0 0 0 0 0 0 0 0 0 0 0 0 0 0 0 0 0 0 0 0 0 0 0 0 0 0 0 0 1 Spanish
10608 0 0 0 0 0 10609 0 0 0 0 0 10610 0 0 0 0 0 0 10613 0 0 0 0 0 0 0 0 0 0 0
10609 0 0 0 0 0 0 0 0 0 0 0 0 0 0 0 0 0 0 0 0 0 0 0 0 0 0 0 0 0 1 spare
10610 0 0 0 0 0 0 0 0 0 0 0 0 10611 0 0 0 0 0 0 0 0 0 0 0 0 0 0 0 0 1 spark
10611 0 0 0 0 0 10612 0 0 0 0 0 0 0 0 0 0 0 0 0 0 0 0 0 0 0 0 0 0 0 0
10612 0 0 0 0 0 0 0 0 0 0 0 0 0 0 0 0 0 0 0 0 0 0 0 0 0 0 0 0 0 1 sparkle
10613 0 0 0 0 0 0 0 0 0 0 0 0 0 0 0 10614 0 0 0 0 0 0 0 0 0 0 0 0 0 0
10614 0 0 0 0 0 0 0 0 0 0 0 0 0 0 0 0 0 0 0 0 0 0 0 10615 0 0 0 0 0 0
10615 0 0 0 0 0 0 0 0 0 0 0 0 0 0 0 0 0 0 0 0 0 0 0 0 0 0 0 0 0 1 sparrow
10616 0 10617 0 10622 0 10647 0 0 0 0 0 0 10651 0 10656 0 0 0 0 0 0 0 0 0 0 0 0 0 0 0
10617 0 0 0 0 0 0 0 0 0 0 0 10618 0 0 0 0 0 0 10621 0 0 0 0 0 0 0 0 0 0 0
10618 0 0 0 0 0 10619 0 0 0 0 0 0 0 0 0 0 0 0 0 0 0 0 0 0 0 0 0 0 0 1 speak
10619 0 0 0 0 0 0 0 0 0 0 0 0 0 0 0 0 0 0 10620 0 0 0 0 0 0 0 0 0 0 0
10620 0 0 0 0 0 0 0 0 0 0 0 0 0 0 0 0 0 0 0 0 0 0 0 0 0 0 0 0 0 1 speaker
10621 0 0 0 0 0 0 0 0 0 0 0 0 0 0 0 0 0 0 0 0 0 0 0 0 0 0 0 0 0 1 spear
10622 0 0 0 0 0 0 0 0 0 10623 0 0 0 0 0 0 0 0 0 0 10642 0 0 0 0 0 0 0 0 0
10623 0 10624 0 0 0 0 10635 0 0 0 0 0 0 10639 0 0 0 0 0 0 0 0 0 0 0 0 0 0 0 0
10624 0 0 0 0 0 0 0 0 0 0 0 0 10625 0 0 0 0 0 0 0 0 0 0 0 0 0 0 0 0 0
10625 0 0 0 0 0 0 0 0 0 10626 0 0 10633 0 0 0 0 0 0 0 0 0 0 0 0 0 0 0 0 1 special
10626 0 0 0 0 0 0 0 0 0 0 0 0 0 0 0 0 0 0 0 10627 10629 0 0 0 0 0 10631 0 0 0
10627 0 0 0 0 0 0 0 0 0 0 0 0 0 0 0 0 0 0 0 0 10628 0 0 0 0 0 0 0 0 0
10628 0 0 0 0 0 0 0 0 0 0 0 0 0 0 0 0 0 0 0 0 0 0 0 0 0 0 0 0 0 1 specialist
10629 0 0 0 0 0 0 0 0 0 0 0 0 0 0 0 0 0 0 0 0 0 0 0 0 0 10630 0 0 0 0
10630 0 0 0 0 0 0 0 0 0 0 0 0 0 0 0 0 0 0 0 0 0 0 0 0 0 0 0 0 0 1 speciality
10631 0 0 0 0 0 10632 0 0 0 0 0 0 0 0 0 0 0 0 0 0 0 0 0 0 0 0 0 0 0 0
10632 0 0 0 0 0 0 0 0 0 0 0 0 0 0 0 0 0 0 0 0 0 0 0 0 0 0 0 0 0 1 specialize
10633 0 0 0 0 0 0 0 0 0 0 0 0 0 0 0 0 0 0 0 0 0 0 0 0 0 10634 0 0 0 0
10634 0 0 0 0 0 0 0 0 0 0 0 0 0 0 0 0 0 0 0 0 0 0 0 0 0 0 0 0 0 1 specially
10635 0 0 0 0 0 0 0 0 0 10636 0 0 0 0 0 0 0 0 0 0 0 0 0 0 0 10638 0 0 0 0
10636 0 0 0 10637 0 0 0 0 0 0 0 0 0 0 0 0 0 0 0 0 0 0 0 0 0 0 0 0 0 0
10637 0 0 0 0 0 0 0 0 0 0 0 0 0 0 0 0 0 0 0 0 0 0 0 0 0 0 0 0 0 1 specific
10638 0 0 0 0 0 0 0 0 0 0 0 0 0 0 0 0 0 0 0 0 0 0 0 0 0 0 0 0 0 1 specify
10639 0 0 0 0 0 10640 0 0 0 0 0 0 0 0 0 0 0 0 0 0 0 0 0 0 0 0 0 0 0 0
10640 0 0 0 0 0 0 0 0 0 0 0 0 0 0 10641 0 0 0 0 0 0 0 0 0 0 0 0 0 0 0
10641 0 0 0 0 0 0 0 0 0 0 0 0 0 0 0 0 0 0 0 0 0 0 0 0 0 0 0 0 0 1 specimen
10642 0 10643 0 0 0 0 0 0 0 0 0 0 0 0 0 0 0 0 0 0 0 0 0 0 0 0 0 0 0 0
10643 0 0 0 10644 0 0 0 0 0 0 0 0 0 0 0 0 0 0 0 0 0 0 0 0 0 0 0 0 0 0
10644 0 0 0 0 0 0 0 0 0 0 0 0 10645 0 0 0 0 0 0 0 0 0 0 0 0 0 0 0 0 0
10645 0 0 0 0 0 10646 0 0 0 0 0 0 0 0 0 0 0 0 0 0 0 0 0 0 0 0 0 0 0 0
10646 0 0 0 0 0 0 0 0 0 0 0 0 0 0 0 0 0 0 0 0 0 0 0 0 0 0 0 0 0 1 spectacle
10647 0 0 0 10648 10650 0 0 0 0 0 0 0 0 0 0 0 0 0 0 0 0 0 0 0 0 0 0 0 0 0
10648 0 0 0 0 0 0 0 0 10649 0 0 0 0 0 0 0 0 0 0 0 0 0 0 0 0 0 0 0 0 0
10649 0 0 0 0 0 0 0 0 0 0 0 0 0 0 0 0 0 0 0 0 0 0 0 0 0 0 0 0 0 1 speech
10650 0 0 0 0 0 0 0 0 0 0 0 0 0 0 0 0 0 0 0 0 0 0 0 0 0 0 0 0 0 1 speed
10651 0 0 0 0 0 0 0 0 0 0 0 0 10652 0 0 0 0 0 0 0 0 0 0 0 0 0 0 0 0 0
10652 0 0 0 0 0 0 0 0 0 10653 0 0 0 0 0 0 0 0 0 0 0 0 0 0 0 0 0 0 0 1 spell
10653 0 0 0 0 0 0 0 0 0 0 0 0 0 0 10654 0 0 0 0 0 0 0 0 0 0 0 0 0 0 0
10654 0 0 0 0 0 0 0 10655 0 0 0 0 0 0 0 0 0 0 0 0 0 0 0 0 0 0 0 0 0 0
10655 0 0 0 0 0 0 0 0 0 0 0 0 0 0 0 0 0 0 0 0 0 0 0 0 0 0 0 0 0 1 spelling
10656 0 0 0 0 10657 0 0 0 0 0 0 0 0 0 0 0 0 0 0 0 0 0 0 0 0 0 0 0 0 0
10657 0 0 0 0 0 0 0 0 0 0 0 0 0 0 0 0 0 0 0 0 0 0 0 0 0 0 0 0 0 1 spend
10658 0 0 0 0 0 10659 0 0 0 0 0 0 0 0 0 0 0 0 0 0 0 0 0 0 0 0 0 0 0 0
10659 0 0 0 0 0 0 0 0 0 0 0 0 0 0 0 0 0 0 10660 0 0 0 0 0 0 0 0 0 0 0
10660 0 0 0 0 0 10661 0 0 0 0 0 0 0 0 0 0 0 0 0 0 0 0 0 0 0 0 0 0 0 0
10661 0 0 0 0 0 0 0 0 0 0 0 0 0 0 0 0 0 0 0 0 0 0 0 0 0 0 0 0 0 1 sphere
10662 0 0 0 0 10663 0 0 0 0 0 0 0 10666 0 10668 0 0 0 10669 0 10675 0 0 0 0 0 0 0 0 0
10663 0 0 0 0 0 10664 0 0 0 0 0 0 0 0 0 0 0 0 0 0 0 0 0 0 0 0 0 0 0 0
10664 0 0 0 0 0 0 0 0 0 0 0 0 0 0 0 0 0 0 10665 0 0 0 0 0 0 0 0 0 0 0
10665 0 0 0 0 0 0 0 0 0 0 0 0 0 0 0 0 0 0 0 0 0 0 0 0 0 0 0 0 0 1 spider
10666 0 0 0 0 0 0 0 0 0 0 0 0 10667 0 0 0 0 0 0 0 0 0 0 0 0 0 0 0 0 0
10667 0 0 0 0 0 0 0 0 0 0 0 0 0 0 0 0 0 0 0 0 0 0 0 0 0 0 0 0 0 1 spill
10668 0 0 0 0 0 0 0 0 0 0 0 0 0 0 0 0 0 0 0 0 0 0 0 0 0 0 0 0 0 1 spin
10669 0 0 0 0 0 0 0 0 0 10670 0 0 0 0 0 0 0 0 0 0 0 0 0 0 0 0 0 0 0 0
10670 0 0 0 0 0 0 0 0 0 0 0 0 0 0 0 0 0 0 0 0 10671 0 0 0 0 0 0 0 0 0
10671 0 0 0 0 0 0 0 0 0 0 0 0 0 0 0 0 0 0 0 0 0 10672 0 0 0 0 0 0 0 1 spirit
10672 0 10673 0 0 0 0 0 0 0 0 0 0 0 0 0 0 0 0 0 0 0 0 0 0 0 0 0 0 0 0
10673 0 0 0 0 0 0 0 0 0 0 0 0 10674 0 0 0 0 0 0 0 0 0 0 0 0 0 0 0 0 0
10674 0 0 0 0 0 0 0 0 0 0 0 0 0 0 0 0 0 0 0 0 0 0 0 0 0 0 0 0 0 1 spiritual
10675 0 0 0 0 0 0 0 0 0 0 0 0 0 0 0 0 0 0 0 0 0 0 0 0 0 0 0 0 0 1 spit
10676 0 10677 0 0 0 10680 0 0 0 10685 0 0 0 0 0 0 0 0 0 0 0 0 0 0 0 0 0 0 0 0
10677 0 0 0 0 0 0 0 0 0 0 0 0 0 0 0 0 0 0 0 10678 0 0 0 0 0 0 0 0 0 0
10678 0 0 0 0 0 0 0 0 10679 0 0 0 0 0 0 0 0 0 0 0 0 0 0 0 0 0 0 0 0 0
10679 0 0 0 0 0 0 0 0 0 0 0 0 0 0 0 0 0 0 0 0 0 0 0 0 0 0 0 0 0 1 splash
10680 0 0 0 0 0 0 0 0 0 0 0 0 0 0 10681 0 0 0 0 0 0 0 0 0 0 0 0 0 0 0
10681 0 0 0 0 10682 0 0 0 0 0 0 0 0 0 0 0 0 0 0 0 0 0 0 0 0 0 0 0 0 0
10682 0 0 0 0 0 0 0 0 0 10683 0 0 0 0 0 0 0 0 0 0 0 0 0 0 0 0 0 0 0 0
10683 0 0 0 0 10684 0 0 0 0 0 0 0 0 0 0 0 0 0 0 0 0 0 0 0 0 0 0 0 0 0
10684 0 0 0 0 0 0 0 0 0 0 0 0 0 0 0 0 0 0 0 0 0 0 0 0 0 0 0 0 0 1 splendid
10685 0 0 0 0 0 0 0 0 0 0 0 0 0 0 0 0 0 0 0 0 10686 0 0 0 0 0 0 0 0 0
10686 0 0 0 0 0 0 0 0 0 0 0 0 0 0 0 0 0 0 0 0 0 0 0 0 0 0 0 0 0 1 split
10687 0 0 0 0 0 0 0 0 0 10688 0 0 0 0 10690 10703 0 0 10705 0 10711 0 0 0 0 0 0 0 0 0
10688 0 0 0 0 0 0 0 0 0 0 0 0 10689 0 0 0 0 0 0 0 0 0 0 0 0 0 0 0 0 0
10689 0 0 0 0 0 0 0 0 0 0 0 0 0 0 0 0 0 0 0 0 0 0 0 0 0 0 0 0 0 1 spoil
10690 0 0 0 0 0 0 0 10691 0 0 0 0 0 0 0 0 0 0 0 10693 10696 0 0 0 0 0 0 0 0 0
10691 0 0 0 0 0 10692 0 0 0 0 0 0 0 0 0 0 0 0 0 0 0 0 0 0 0 0 0 0 0 0
10692 0 0 0 0 0 0 0 0 0 0 0 0 0 0 0 0 0 0 0 0 0 0 0 0 0 0 0 0 0 1 sponge
10693 0 0 0 0 0 0 0 0 0 0 0 0 0 0 0 10694 0 0 0 0 0 0 0 0 0 0 0 0 0 0
10694 0 0 0 0 0 0 0 0 0 0 0 0 0 0 0 0 0 0 10695 0 0 0 0 0 0 0 0 0 0 0
10695 0 0 0 0 0 0 0 0 0 0 0 0 0 0 0 0 0 0 0 0 0 0 0 0 0 0 0 0 0 1 sponsor
10696 0 10697 0 0 0 0 0 0 0 0 0 0 0 0 0 0 0 0 0 0 0 0 0 0 0 0 0 0 0 0
10697 0 0 0 0 0 0 0 0 0 0 0 0 0 0 10698 0 0 0 0 0 0 0 0 0 0 0 0 0 0 0
10698 0 0 0 0 0 10699 0 0 0 0 0 0 0 0 0 0 0 0 0 0 0 0 0 0 0 0 0 0 0 0
10699 0 0 0 0 0 0 0 0 0 0 0 0 0 0 0 10700 0 0 0 0 0 0 0 0 0 0 0 0 0 0
10700 0 0 0 0 0 0 0 0 0 0 0 0 0 0 0 0 0 0 0 0 0 10701 0 0 0 0 0 0 0 0
10701 0 0 0 0 0 0 0 0 0 0 0 0 0 0 0 0 0 0 0 10702 0 0 0 0 0 0 0 0 0 0
10702 0 0 0 0 0 0 0 0 0 0 0 0 0 0 0 0 0 0 0 0 0 0 0 0 0 0 0 0 0 1 spontaneous
10703 0 0 0 0 0 0 0 0 0 0 0 0 0 0 10704 0 0 0 0 0 0 0 0 0 0 0 0 0 0 0
10704 0 0 0 0 0 0 0 0 0 0 0 0 0 0 0 0 0 0 0 0 0 0 0 0 0 0 0 0 0 1 spoon
10705 0 0 0 0 0 0 0 0 0 0 0 0 0 0 0 0 0 0 0 0 10706 0 0 0 0 0 0 0 0 0
10706 0 0 0 0 0 0 0 0 0 0 0 0 0 0 0 0 0 0 0 10707 0 0 0 0 0 0 0 0 0 1 sport
10707 0 0 0 0 0 0 0 0 0 0 0 0 0 10708 0 0 0 0 0 0 0 0 0 0 0 0 0 0 0 0
10708 0 10709 0 0 0 0 0 0 0 0 0 0 0 0 0 0 0 0 0 0 0 0 0 0 0 0 0 0 0 0
10709 0 0 0 0 0 0 0 0 0 0 0 0 0 0 10710 0 0 0 0 0 0 0 0 0 0 0 0 0 0 0
10710 0 0 0 0 0 0 0 0 0 0 0 0 0 0 0 0 0 0 0 0 0 0 0 0 0 0 0 0 0 1 sportsman
10711 0 0 0 0 0 0 0 0 0 0 0 0 0 0 0 0 0 0 0 0 0 0 0 0 0 0 0 0 0 1 spot
10712 0 10713 0 0 0 10715 0 0 0 10718 0 0 0 0 0 0 0 0 0 0 0 0 0 0 0 0 0 0 0 0
10713 0 0 0 0 0 0 0 0 0 0 0 0 0 0 0 0 0 0 0 0 0 0 0 0 0 10714 0 0 0 0
10714 0 0 0 0 0 0 0 0 0 0 0 0 0 0 0 0 0 0 0 0 0 0 0 0 0 0 0 0 0 1 spray
10715 0 10716 0 0 0 0 0 0 0 0 0 0 0 0 0 0 0 0 0 0 0 0 0 0 0 0 0 0 0 0
10716 0 0 0 0 10717 0 0 0 0 0 0 0 0 0 0 0 0 0 0 0 0 0 0 0 0 0 0 0 0 0
10717 0 0 0 0 0 0 0 0 0 0 0 0 0 0 0 0 0 0 0 0 0 0 0 0 0 0 0 0 0 1 spread
10718 0 0 0 0 0 0 0 0 0 0 0 0 0 0 10719 0 0 0 0 0 0 0 0 0 0 0 0 0 0 0
10719 0 0 0 0 0 0 0 10720 0 0 0 10725 0 0 0 0 0 0 0 0 0 0 0 0 0 0 0 0 0 0
10720 0 0 0 0 0 0 0 0 0 0 0 0 0 0 0 0 0 0 0 0 10721 0 0 0 0 0 0 0 0 1 spring
10721 0 0 0 0 0 0 0 0 0 10722 0 0 0 0 0 0 0 0 0 0 0 0 0 0 0 0 0 0 0 0
10722 0 0 0 0 0 0 0 0 0 0 0 0 0 10723 0 0 0 0 0 0 0 0 0 0 0 0 0 0 0 0
10723 0 0 0 0 0 10724 0 0 0 0 0 0 0 0 0 0 0 0 0 0 0 0 0 0 0 0 0 0 0 0
10724 0 0 0 0 0 0 0 0 0 0 0 0 0 0 0 0 0 0 0 0 0 0 0 0 0 0 0 0 0 1 springtime
10725 0 0 0 0 0 0 0 0 0 0 0 0 10726 0 0 0 0 0 0 0 0 0 0 0 0 0 0 0 0 0
10726 0 0 0 0 0 10727 0 0 0 0 0 0 0 0 0 0 0 0 0 0 0 0 0 0 0 0 0 0 0 0
10727 0 0 0 0 0 0 0 0 0 0 0 0 0 0 0 0 0 0 0 0 0 0 0 0 0 0 0 0 0 1 sprinkle
10728 0 0 0 0 0 0 0 0 0 0 0 0 0 0 0 0 0 0 10729 0 0 0 0 0 0 0 0 0 0 0
10729 0 0 0 0 0 0 0 0 0 0 0 0 0 0 0 0 0 0 0 0 0 0 0 0 0 0 0 0 0 1 spur
10730 0 0 0 0 0 0 0 0 0 0 0 0 0 0 0 0 0 0 0 0 0 0 0 0 0 0 0 0 0 1 spy
10731 0 0 0 0 0 0 0 0 0 0 0 0 0 0 0 0 0 0 0 0 0 10732 0 0 0 0 0 0 0 0
10732 0 10733 0 0 0 10736 0 0 0 10740 0 0 0 0 0 0 0 0 0 0 0 0 0 0 0 0 0 0 0 0
10733 0 0 0 0 0 0 0 0 0 0 0 0 0 0 0 0 0 0 10734 0 0 0 0 0 0 0 0 0 0 0
10734 0 0 0 0 0 10735 0 0 0 0 0 0 0 0 0 0 0 0 0 0 0 0 0 0 0 0 0 0 0 0
10735 0 0 0 0 0 0 0 0 0 0 0 0 0 0 0 0 0 0 0 0 0 0 0 0 0 0 0 0 0 1 square
10736 0 0 0 0 0 10737 0 0 0 0 0 0 0 0 0 0 0 0 0 0 0 0 0 0 0 0 0 0 0 0
10737 0 0 0 0 0 0 0 0 0 0 0 0 0 0 0 0 0 0 0 0 0 0 0 0 0 0 10738 0 0 0
10738 0 0 0 0 0 10739 0 0 0 0 0 0 0 0 0 0 0 0 0 0 0 0 0 0 0 0 0 0 0 0
10739 0 0 0 0 0 0 0 0 0 0 0 0 0 0 0 0 0 0 0 0 0 0 0 0 0 0 0 0 0 1 squeeze
10740 0 0 0 0 0 0 0 0 0 0 0 0 0 0 0 0 0 0 10741 0 0 0 0 0 0 0 0 0 0 0
10741 0 0 0 0 0 0 0 0 0 0 0 0 0 0 0 0 0 0 10742 0 0 0 0 0 0 0 0 0 0 0
10742 0 0 0 0 0 10743 0 0 0 0 0 0 0 0 0 0 0 0 0 0 0 0 0 0 0 0 0 0 0 0
10743 0 0 0 0 0 0 0 0 0 0 0 0 10744 0 0 0 0 0 0 0 0 0 0 0 0 0 0 0 0 0
10744 0 0 0 0 0 0 0 0 0 0 0 0 0 0 0 0 0 0 0 0 0 0 0 0 0 0 0 0 0 1 squirrel
10745 0 10746 0 0 0 10819 0 0 0 10845 0 0 0 0 0 10867 0 0 10895 0 0 10963 0 0 0 10978 0 0 0 0
10746 0 0 10747 10755 10757 0 10761 10763 0 10765 0 10772 10774 10776 10778 0 0 0 10788 0 10795 0 0 0 0 10818 0 0 0 0
10747 0 0 0 0 0 0 0 0 0 10748 0 0 10753 0 0 0 0 0 0 0 0 0 0 0 0 0 0 0 0 1 stab
10748 0 0 0 0 0 0 0 0 0 0 0 0 10749 0 0 0 0 0 0 0 0 0 0 0 0 0 0 0 0 0
10749 0 0 0 0 0 0 0 0 0 10750 0 0 0 0 0 0 0 0 0 0 0 0 0 0 0 0 0 0 0 0
10750 0 0 0 0 0 0 0 0 0 0 0 0 0 0 0 0 0 0 0 0 10751 0 0 0 0 0 0 0 0 0
10751 0 0 0 0 0 0 0 0 0 0 0 0 0 0 0 0 0 0 0 0 0 0 0 0 0 10752 0 0 0 0
10752 0 0 0 0 0 0 0 0 0 0 0 0 0 0 0 0 0 0 0 0 0 0 0 0 0 0 0 0 0 1 stability
10753 0 0 0 0 0 10754 0 0 0 0 0 0 0 0 0 0 0 0 0 0 0 0 0 0 0 0 0 0 0 0
10754 0 0 0 0 0 0 0 0 0 0 0 0 0 0 0 0 0 0 0 0 0 0 0 0 0 0 0 0 0 1 stable
10755 0 0 0 0 0 0 0 0 0 0 0 10756 0 0 0 0 0 0 0 0 0 0 0 0 0 0 0 0 0 0
10756 0 0 0 0 0 0 0 0 0 0 0 0 0 0 0 0 0 0 0 0 0 0 0 0 0 0 0 0 0 1 stack
10757 0 0 0 0 0 0 0 0 0 10758 0 0 0 0 0 0 0 0 0 0 0 0 0 0 0 0 0 0 0 0
10758 0 0 0 0 0 0 0 0 0 0 0 0 0 0 0 0 0 0 0 0 0 10759 0 0 0 0 0 0 0 0
10759 0 0 0 0 0 0 0 0 0 0 0 0 0 10760 0 0 0 0 0 0 0 0 0 0 0 0 0 0 0 0
10760 0 0 0 0 0 0 0 0 0 0 0 0 0 0 0 0 0 0 0 0 0 0 0 0 0 0 0 0 0 1 stadium
10761 0 0 0 0 0 0 10762 0 0 0 0 0 0 0 0 0 0 0 0 0 0 0 0 0 0 0 0 0 0 0
10762 0 0 0 0 0 0 0 0 0 0 0 0 0 0 0 0 0 0 0 0 0 0 0 0 0 0 0 0 0 1 staff
10763 0 0 0 0 0 10764 0 0 0 0 0 0 0 0 0 0 0 0 0 0 0 0 0 0 0 0 0 0 0 0
10764 0 0 0 0 0 0 0 0 0 0 0 0 0 0 0 0 0 0 0 0 0 0 0 0 0 0 0 0 0 1 stage
10765 0 0 0 0 0 0 0 0 0 0 0 0 0 0 10766 0 0 0 10767 0 0 0 0 0 0 0 0 0 0 0
10766 0 0 0 0 0 0 0 0 0 0 0 0 0 0 0 0 0 0 0 0 0 0 0 0 0 0 0 0 0 1 stain
10767 0 0 0 10768 0 0 0 0 0 0 0 0 0 0 0 0 0 0 0 0 0 0 0 0 0 0 0 0 0 1 stair
10768 0 10769 0 0 0 0 0 0 0 0 0 0 0 0 0 0 0 0 0 0 0 0 0 0 0 0 0 0 0 0
10769 0 0 0 0 0 0 0 0 0 0 0 0 0 0 0 0 0 0 0 10770 0 0 0 0 0 0 0 0 0 0
10770 0 0 0 0 0 10771 0 0 0 0 0 0 0 0 0 0 0 0 0 0 0 0 0 0 0 0 0 0 0 0
10771 0 0 0 0 0 0 0 0 0 0 0 0 0 0 0 0 0 0 0 0 0 0 0 0 0 0 0 0 0 1 staircase
10772 0 0 0 0 0 10773 0 0 0 0 0 0 0 0 0 0 0 0 0 0 0 0 0 0 0 0 0 0 0 0
10773 0 0 0 0 0 0 0 0 0 0 0 0 0 0 0 0 0 0 0 0 0 0 0 0 0 0 0 0 0 1 stake
10774 0 0 0 0 0 10775 0 0 0 0 0 0 0 0 0 0 0 0 0 0 0 0 0 0 0 0 0 0 0 0
10775 0 0 0 0 0 0 0 0 0 0 0 0 0 0 0 0 0 0 0 0 0 0 0 0 0 0 0 0 0 1 stale
10776 0 0 0 0 0 0 0 0 0 0 0 0 0 0 0 0 10777 0 0 0 0 0 0 0 0 0 0 0 0 0
10777 0 0 0 0 0 0 0 0 0 0 0 0 0 0 0 0 0 0 0 0 0 0 0 0 0 0 0 0 0 1 stamp
10778 0 0 0 0 10779 0 0 0 0 0 0 0 0 0 0 0 0 0 0 0 0 0 0 0 0 0 0 0 0 0
10779 0 10780 0 0 0 0 0 0 0 0 0 0 0 0 0 0 10783 0 0 0 0 0 0 0 0 0 0 0 0 1 stand
10780 0 0 0 0 0 0 0 0 0 0 0 0 0 0 0 0 0 0 10781 0 0 0 0 0 0 0 0 0 0 0
10781 0 0 0 0 10782 0 0 0 0 0 0 0 0 0 0 0 0 0 0 0 0 0 0 0 0 0 0 0 0 0
10782 0 0 0 0 0 0 0 0 0 0 0 0 0 0 0 0 0 0 0 0 0 0 0 0 0 0 0 0 0 1 standard
10783 0 0 0 0 0 0 0 0 0 0 0 0 0 0 0 10784 0 0 0 0 0 0 0 0 0 0 0 0 0 0
10784 0 0 0 0 0 0 0 0 0 10785 0 0 0 0 0 0 0 0 0 0 0 0 0 0 0 0 0 0 0 0
10785 0 0 0 0 0 0 0 0 0 0 0 0 0 0 10786 0 0 0 0 0 0 0 0 0 0 0 0 0 0 0
10786 0 0 0 0 0 0 0 0 0 0 0 0 0 0 0 0 0 0 0 0 10787 0 0 0 0 0 0 0 0 0
10787 0 0 0 0 0 0 0 0 0 0 0 0 0 0 0 0 0 0 0 0 0 0 0 0 0 0 0 0 0 1 standpoint
10788 0 0 0 0 0 10789 0 0 0 0 0 0 0 0 0 0 0 0 0 0 10790 0 10793 0 0 0 0 0 0 1 star
10789 0 0 0 0 0 0 0 0 0 0 0 0 0 0 0 0 0 0 0 0 0 0 0 0 0 0 0 0 0 1 stare
10790 0 0 0 0 0 0 0 0 0 0 0 0 10791 0 0 0 0 0 0 0 0 0 0 0 0 0 0 0 0 1 start
10791 0 0 0 0 0 10792 0 0 0 0 0 0 0 0 0 0 0 0 0 0 0 0 0 0 0 0 0 0 0 0
10792 0 0 0 0 0 0 0 0 0 0 0 0 0 0 0 0 0 0 0 0 0 0 0 0 0 0 0 0 0 1 startle
10793 0 0 0 0 0 10794 0 0 0 0 0 0 0 0 0 0 0 0 0 0 0 0 0 0 0 0 0 0 0 0
10794 0 0 0 0 0 0 0 0 0 0 0 0 0 0 0 0 0 0 0 0 0 0 0 0 0 0 0 0 0 1 starve
10795 0 0 0 0 0 10796 0 0 0 10805 0 0 0 0 0 0 0 0 0 0 0 10815 0 0 0 0 0 0 0 0
10796 0 0 0 0 0 0 0 0 0 0 0 0 0 10797 0 0 0 0 0 10801 0 0 0 0 0 0 0 0 0 1 state
10797 0 0 0 0 0 10798 0 0 0 0 0 0 0 0 0 0 0 0 0 0 0 0 0 0 0 0 0 0 0 0
10798 0 0 0 0 0 0 0 0 0 0 0 0 0 0 10799 0 0 0 0 0 0 0 0 0 0 0 0 0 0 0
10799 0 0 0 0 0 0 0 0 0 0 0 0 0 0 0 0 0 0 0 0 10800 0 0 0 0 0 0 0 0 0
10800 0 0 0 0 0 0 0 0 0 0 0 0 0 0 0 0 0 0 0 0 0 0 0 0 0 0 0 0 0 1 statement
10801 0 0 0 0 0 0 0 0 0 0 0 0 0 10802 0 0 0 0 0 0 0 0 0 0 0 0 0 0 0 0
10802 0 10803 0 0 0 0 0 0 0 0 0 0 0 0 0 0 0 0 0 0 0 0 0 0 0 0 0 0 0 0
10803 0 0 0 0 0 0 0 0 0 0 0 0 0 0 10804 0 0 0 0 0 0 0 0 0 0 0 0 0 0 0
10804 0 0 0 0 0 0 0 0 0 0 0 0 0 0 0 0 0 0 0 0 0 0 0 0 0 0 0 0 0 1 statesman
10805 0 0 0 10806 0 0 0 0 0 0 0 0 0 0 0 10807 0 0 0 10809 0 0 0 0 0 0 0 0 0 0
10806 0 0 0 0 0 0 0 0 0 0 0 0 0 0 0 0 0 0 0 0 0 0 0 0 0 0 0 0 0 1 static
10807 0 0 0 0 0 0 0 0 0 0 0 0 0 0 10808 0 0 0 0 0 0 0 0 0 0 0 0 0 0 0
10808 0 0 0 0 0 0 0 0 0 0 0 0 0 0 0 0 0 0 0 0 0 0 0 0 0 0 0 0 0 1 station
10809 0 0 0 0 0 0 0 0 0 0 0 0 0 0 0 0 0 0 0 0 10810 0 0 0 0 0 0 0 0 0
10810 0 0 0 0 0 0 0 0 0 10811 0 0 0 0 0 0 0 0 0 0 0 0 0 0 0 0 0 0 0 0
10811 0 0 0 10812 0 0 0 0 0 0 0 0 0 0 0 0 0 0 0 0 0 0 0 0 0 0 0 0 0 0
10812 0 10813 0 0 0 0 0 0 0 0 0 0 0 0 0 0 0 0 0 0 0 0 0 0 0 0 0 0 0 0
10813 0 0 0 0 0 0 0 0 0 0 0 0 10814 0 0 0 0 0 0 0 0 0 0 0 0 0 0 0 0 0
10814 0 0 0 0 0 0 0 0 0 0 0 0 0 0 0 0 0 0 0 0 0 0 0 0 0 0 0 0 0 1 statistical
10815 0 0 0 0 0 10816 0 0 0 0 0 0 0 0 0 0 0 0 0 10817 0 0 0 0 0 0 0 0 0 0
10816 0 0 0 0 0 0 0 0 0 0 0 0 0 0 0 0 0 0 0 0 0 0 0 0 0 0 0 0 0 1 statue
10817 0 0 0 0 0 0 0 0 0 0 0 0 0 0 0 0 0 0 0 0 0 0 0 0 0 0 0 0 0 1 status
10818 0 0 0 0 0 0 0 0 0 0 0 0 0 0 0 0 0 0 0 0 0 0 0 0 0 0 0 0 0 1 stay
10819 0 10820 0 0 0 10830 0 0 0 0 0 0 0 10834 0 0 10835 0 10836 0 0 0 0 10838 0 0 0 0 0 0
10820 0 0 0 0 10821 0 0 0 0 0 0 0 10826 10827 0 0 0 0 0 0 0 0 0 0 0 0 0 0 0 0
10821 0 0 0 0 0 0 0 0 0 10822 0 0 0 0 0 0 0 0 0 0 0 0 0 0 0 10825 0 0 0 0
10822 0 0 0 0 0 0 0 0 0 0 0 0 10823 0 0 0 0 0 0 0 0 0 0 0 0 0 0 0 0 0
10823 0 0 0 0 0 0 0 0 0 0 0 0 0 0 0 0 0 0 0 0 0 0 0 0 0 10824 0 0 0 0
10824 0 0 0 0 0 0 0 0 0 0 0 0 0 0 0 0 0 0 0 0 0 0 0 0 0 0 0 0 0 1 steadily
10825 0 0 0 0 0 0 0 0 0 0 0 0 0 0 0 0 0 0 0 0 0 0 0 0 0 0 0 0 0 1 steady
10826 0 0 0 0 0 0 0 0 0 0 0 0 0 0 0 0 0 0 0 0 0 0 0 0 0 0 0 0 0 1 steal
10827 0 0 0 0 0 10828 0 0 0 0 0 0 0 0 0 0 0 0 0 0 0 0 0 0 0 0 0 0 0 1 steam
10828 0 0 0 0 0 0 0 0 0 0 0 0 0 0 0 0 0 0 10829 0 0 0 0 0 0 0 0 0 0 0
10829 0 0 0 0 0 0 0 0 0 0 0 0 0 0 0 0 0 0 0 0 0 0 0 0 0 0 0 0 0 1 steamer
10830 0 0 0 0 0 0 0 0 0 0 0 0 10831 0 0 0 10832 0 10833 0 0 0 0 0 0 0 0 0 0 0
10831 0 0 0 0 0 0 0 0 0 0 0 0 0 0 0 0 0 0 0 0 0 0 0 0 0 0 0 0 0 1 steel
10832 0 0 0 0 0 0 0 0 0 0 0 0 0 0 0 0 0 0 0 0 0 0 0 0 0 0 0 0 0 1 steep
10833 0 0 0 0 0 0 0 0 0 0 0 0 0 0 0 0 0 0 0 0 0 0 0 0 0 0 0 0 0 1 steer
10834 0 0 0 0 0 0 0 0 0 0 0 0 0 0 0 0 0 0 0 0 0 0 0 0 0 0 0 0 0 1 stem
10835 0 0 0 0 0 0 0 0 0 0 0 0 0 0 0 0 0 0 0 0 0 0 0 0 0 0 0 0 0 1 step
10836 0 0 0 0 0 0 0 0 0 0 0 0 0 0 10837 0 0 0 0 0 0 0 0 0 0 0 0 0 0 0
10837 0 0 0 0 0 0 0 0 0 0 0 0 0 0 0 0 0 0 0 0 0 0 0 0 0 0 0 0 0 1 stern
10838 0 10839 0 0 0 0 0 0 0 0 0 0 0 0 0 0 0 0 0 0 0 0 0 0 0 0 0 0 0 0
10839 0 0 0 0 0 0 0 0 0 0 0 0 0 0 0 0 0 0 10840 0 0 0 0 0 0 0 0 0 0 0
10840 0 0 0 0 10841 0 0 0 0 0 0 0 0 0 0 0 0 0 0 0 0 0 0 0 0 0 0 0 0 0
10841 0 0 0 0 0 10842 0 0 0 0 0 0 0 0 0 0 0 0 0 0 0 0 0 0 0 0 0 0 0 1 steward
10842 0 0 0 0 0 0 0 0 0 0 0 0 0 0 0 0 0 0 0 10843 0 0 0 0 0 0 0 0 0 0
10843 0 0 0 0 0 0 0 0 0 0 0 0 0 0 0 0 0 0 0 10844 0 0 0 0 0 0 0 0 0 0
10844 0 0 0 0 0 0 0 0 0 0 0 0 0 0 0 0 0 0 0 0 0 0 0 0 0 0 0 0 0 1 stewardess
10845 0 0 0 10846 0 0 10849 0 0 0 0 0 10853 10855 10861 0 0 0 10863 0 10864 0 0 0 0 0 0 0 0 0
10846 0 0 0 0 0 0 0 0 0 0 0 10847 0 0 0 0 0 0 0 0 0 0 0 0 0 0 0 0 0 0
10847 0 0 0 0 0 0 0 0 0 0 0 0 0 0 0 0 0 0 0 0 0 0 0 0 0 10848 0 0 0 1 stick
10848 0 0 0 0 0 0 0 0 0 0 0 0 0 0 0 0 0 0 0 0 0 0 0 0 0 0 0 0 0 1 sticky
10849 0 0 0 0 0 0 10850 0 0 0 0 0 0 0 0 0 0 0 0 0 0 0 0 0 0 0 0 0 0 0
10850 0 0 0 0 0 10851 0 0 0 0 0 0 0 0 0 0 0 0 0 0 0 0 0 0 0 0 0 0 0 1 stiff
10851 0 0 0 0 0 0 0 0 0 0 0 0 0 0 10852 0 0 0 0 0 0 0 0 0 0 0 0 0 0 0
10852 0 0 0 0 0 0 0 0 0 0 0 0 0 0 0 0 0 0 0 0 0 0 0 0 0 0 0 0 0 1 stiffen
10853 0 0 0 0 0 0 0 0 0 0 0 0 10854 0 0 0 0 0 0 0 0 0 0 0 0 0 0 0 0 0
10854 0 0 0 0 0 0 0 0 0 0 0 0 0 0 0 0 0 0 0 0 0 0 0 0 0 0 0 0 0 1 still
10855 0 0 0 0 0 0 0 0 0 0 0 0 0 0 0 0 0 0 0 0 0 10856 0 0 0 0 0 0 0 0
10856 0 0 0 0 0 0 0 0 0 0 0 0 10857 0 0 0 0 0 0 0 0 0 0 0 0 0 0 0 0 0
10857 0 10858 0 0 0 0 0 0 0 0 0 0 0 0 0 0 0 0 0 0 0 0 0 0 0 0 0 0 0 0
10858 0 0 0 0 0 0 0 0 0 0 0 0 0 0 0 0 0 0 0 0 10859 0 0 0 0 0 0 0 0 0
10859 0 0 0 0 0 10860 0 0 0 0 0 0 0 0 0 0 0 0 0 0 0 0 0 0 0 0 0 0 0 0
10860 0 0 0 0 0 0 0 0 0 0 0 0 0 0 0 0 0 0 0 0 0 0 0 0 0 0 0 0 0 1 stimulate
10861 0 0 0 0 0 0 0 10862 0 0 0 0 0 0 0 0 0 0 0 0 0 0 0 0 0 0 0 0 0 0
10862 0 0 0 0 0 0 0 0 0 0 0 0 0 0 0 0 0 0 0 0 0 0 0 0 0 0 0 0 0 1 sting
10863 0 0 0 0 0 0 0 0 0 0 0 0 0 0 0 0 0 0 0 0 0 0 0 0 0 0 0 0 0 1 stir
10864 0 0 0 10865 0 0 0 0 0 0 0 0 0 0 0 0 0 0 0 0 0 0 0 0 0 0 0 0 0 0
10865 0 0 0 0 0 0 0 0 10866 0 0 0 0 0 0 0 0 0 0 0 0 0 0 0 0 0 0 0 0 0
10866 0 0 0 0 0 0 0 0 0 0 0 0 0 0 0 0 0 0 0 0 0 0 0 0 0 0 0 0 0 1 stitch
10867 0 0 0 10868 0 0 0 0 0 0 0 0 0 10873 10877 10880 10883 0 10884 0 0 0 10893 0 0 0 0 0 0 0
10868 0 0 0 0 0 0 0 0 0 0 0 10869 0 0 0 0 0 0 0 0 0 0 0 0 0 0 0 0 0 0
10869 0 0 0 0 0 0 0 0 0 10870 0 0 0 0 0 0 0 0 0 0 0 0 0 0 0 0 0 0 0 1 stock
10870 0 0 0 0 0 0 0 0 0 0 0 0 0 0 10871 0 0 0 0 0 0 0 0 0 0 0 0 0 0 0
10871 0 0 0 0 0 0 0 10872 0 0 0 0 0 0 0 0 0 0 0 0 0 0 0 0 0 0 0 0 0 0
10872 0 0 0 0 0 0 0 0 0 0 0 0 0 0 0 0 0 0 0 0 0 0 0 0 0 0 0 0 0 1 stocking
10873 0 10874 0 0 0 0 0 0 0 0 0 0 0 0 0 0 0 0 0 0 0 0 0 0 0 0 0 0 0 0
10874 0 0 0 10875 0 0 0 0 0 0 0 0 0 0 0 0 0 0 0 0 0 0 0 0 0 0 0 0 0 0
10875 0 0 0 0 0 0 0 0 10876 0 0 0 0 0 0 0 0 0 0 0 0 0 0 0 0 0 0 0 0 0
10876 0 0 0 0 0 0 0 0 0 0 0 0 0 0 0 0 0 0 0 0 0 0 0 0 0 0 0 0 0 1 stomach
10877 0 0 0 0 0 10878 0 0 0 0 0 0 0 0 0 0 0 0 0 0 0 0 0 0 0 10879 0 0 0 0
10878 0 0 0 0 0 0 0 0 0 0 0 0 0 0 0 0 0 0 0 0 0 0 0 0 0 0 0 0 0 1 stone
10879 0 0 0 0 0 0 0 0 0 0 0 0 0 0 0 0 0 0 0 0 0 0 0 0 0 0 0 0 0 1 stony
10880 0 0 0 0 0 0 0 0 0 0 0 0 10881 0 0 0 10882 0 0 0 0 0 0 0 0 0 0 0 0 0
10881 0 0 0 0 0 0 0 0 0 0 0 0 0 0 0 0 0 0 0 0 0 0 0 0 0 0 0 0 0 1 stool
10882 0 0 0 0 0 0 0 0 0 0 0 0 0 0 0 0 0 0 0 0 0 0 0 0 0 0 0 0 0 1 stoop
10883 0 0 0 0 0 0 0 0 0 0 0 0 0 0 0 0 0 0 0 0 0 0 0 0 0 0 0 0 0 1 stop
10884 0 10885 0 0 0 10888 0 0 0 0 0 0 0 10890 0 0 0 0 0 0 0 0 0 0 0 10892 0 0 0 0
10885 0 0 0 0 0 0 0 10886 0 0 0 0 0 0 0 0 0 0 0 0 0 0 0 0 0 0 0 0 0 0
10886 0 0 0 0 0 10887 0 0 0 0 0 0 0 0 0 0 0 0 0 0 0 0 0 0 0 0 0 0 0 0
10887 0 0 0 0 0 0 0 0 0 0 0 0 0 0 0 0 0 0 0 0 0 0 0 0 0 0 0 0 0 1 storage
10888 0 0 0 0 0 0 0 0 0 0 0 0 0 0 0 0 0 0 0 0 0 0 0 0 0 10889 0 0 0 1 store
10889 0 0 0 0 0 0 0 0 0 0 0 0 0 0 0 0 0 0 0 0 0 0 0 0 0 0 0 0 0 1 storey
10890 0 0 0 0 0 0 0 0 0 0 0 0 0 0 0 0 0 0 0 0 0 0 0 0 0 10891 0 0 0 1 storm
10891 0 0 0 0 0 0 0 0 0 0 0 0 0 0 0 0 0 0 0 0 0 0 0 0 0 0 0 0 0 1 stormy
10892 0 0 0 0 0 0 0 0 0 0 0 0 0 0 0 0 0 0 0 0 0 0 0 0 0 0 0 0 0 1 story
10893 0 0 0 0 0 10894 0 0 0 0 0 0 0 0 0 0 0 0 0 0 0 0 0 0 0 0 0 0 0 0
10894 0 0 0 0 0 0 0 0 0 0 0 0 0 0 0 0 0 0 0 0 0 0 0 0 0 0 0 0 0 1 stove
10895 0 10896 0 0 0 10917 0 0 0 10933 0 0 0 0 0 10944 0 0 0 0 0 10951 0 0 0 0 0 0 0 0
10896 0 0 0 0 0 0 0 0 0 10897 0 0 0 0 10902 0 10906 0 0 0 10907 0 0 10911 0 0 0 0 0 0
10897 0 0 0 0 0 0 0 10898 0 0 0 0 0 0 10901 0 0 0 0 0 0 0 0 0 0 0 0 0 0 0
10898 0 0 0 0 0 0 0 0 10899 0 0 0 0 0 0 0 0 0 0 0 0 0 0 0 0 0 0 0 0 0
10899 0 0 0 0 0 0 0 0 0 0 0 0 0 0 0 0 0 0 0 0 10900 0 0 0 0 0 0 0 0 0
10900 0 0 0 0 0 0 0 0 0 0 0 0 0 0 0 0 0 0 0 0 0 0 0 0 0 0 0 0 0 1 straight
10901 0 0 0 0 0 0 0 0 0 0 0 0 0 0 0 0 0 0 0 0 0 0 0 0 0 0 0 0 0 1 strain
10902 0 0 0 0 0 0 0 10903 0 0 0 0 0 0 0 0 0 0 0 0 0 0 0 0 0 0 0 0 0 0
10903 0 0 0 0 0 10904 0 0 0 0 0 0 0 0 0 0 0 0 0 0 0 0 0 0 0 0 0 0 0 0
10904 0 0 0 0 0 0 0 0 0 0 0 0 0 0 0 0 0 0 10905 0 0 0 0 0 0 0 0 0 0 1 strange
10905 0 0 0 0 0 0 0 0 0 0 0 0 0 0 0 0 0 0 0 0 0 0 0 0 0 0 0 0 0 1 stranger
10906 0 0 0 0 0 0 0 0 0 0 0 0 0 0 0 0 0 0 0 0 0 0 0 0 0 0 0 0 0 1 strap
10907 0 0 0 0 0 10908 0 0 0 0 0 0 0 0 0 0 0 0 0 0 0 0 0 0 0 0 0 0 0 0
10908 0 0 0 0 0 0 0 10909 0 0 0 0 0 0 0 0 0 0 0 0 0 0 0 0 0 0 0 0 0 0
10909 0 0 0 0 0 0 0 0 0 0 0 0 0 0 0 0 0 0 0 0 0 0 0 0 0 10910 0 0 0 0
10910 0 0 0 0 0 0 0 0 0 0 0 0 0 0 0 0 0 0 0 0 0 0 0 0 0 0 0 0 0 1 strategy
10911 0 0 10912 0 0 0 0 0 0 0 0 0 0 0 0 0 0 0 0 0 0 0 0 0 0 0 0 0 0 1 straw
10912 0 0 0 0 0 10913 0 0 0 0 0 0 0 0 0 0 0 0 0 0 0 0 0 0 0 0 0 0 0 0
10913 0 0 0 0 0 0 0 0 0 0 0 0 0 0 0 0 0 0 10914 0 0 0 0 0 0 0 0 0 0 0
10914 0 0 0 0 0 0 0 0 0 0 0 0 0 0 0 0 0 0 10915 0 0 0 0 0 0 0 0 0 0 0
10915 0 0 0 0 0 0 0 0 0 0 0 0 0 0 0 0 0 0 0 0 0 0 0 0 0 10916 0 0 0 0
10916 0 0 0 0 0 0 0 0 0 0 0 0 0 0 0 0 0 0 0 0 0 0 0 0 0 0 0 0 0 1 strawberry
10917 0 10918 0 0 0 10920 0 0 0 0 0 0 0 0 10922 0 0 0 0 10928 10930 0 0 0 0 0 0 0 0 0
10918 0 0 0 0 0 0 0 0 0 0 0 0 0 10919 0 0 0 0 0 0 0 0 0 0 0 0 0 0 0 0
10919 0 0 0 0 0 0 0 0 0 0 0 0 0 0 0 0 0 0 0 0 0 0 0 0 0 0 0 0 0 1 stream
10920 0 0 0 0 0 0 0 0 0 0 0 0 0 0 0 0 0 0 0 0 10921 0 0 0 0 0 0 0 0 0
10921 0 0 0 0 0 0 0 0 0 0 0 0 0 0 0 0 0 0 0 0 0 0 0 0 0 0 0 0 0 1 street
10922 0 0 0 0 0 0 0 10923 0 0 0 0 0 0 0 0 0 0 0 0 0 0 0 0 0 0 0 0 0 0
10923 0 0 0 0 0 0 0 0 0 0 0 0 0 0 0 0 0 0 0 0 10924 0 0 0 0 0 0 0 0 0
10924 0 0 0 0 0 0 0 0 10925 0 0 0 0 0 0 0 0 0 0 0 0 0 0 0 0 0 0 0 0 0
10925 0 0 0 0 0 10926 0 0 0 0 0 0 0 0 0 0 0 0 0 0 0 0 0 0 0 0 0 0 0 1 strength
10926 0 0 0 0 0 0 0 0 0 0 0 0 0 0 10927 0 0 0 0 0 0 0 0 0 0 0 0 0 0 0
10927 0 0 0 0 0 0 0 0 0 0 0 0 0 0 0 0 0 0 0 0 0 0 0 0 0 0 0 0 0 1 strengthen
10928 0 0 0 0 0 0 0 0 0 0 0 0 0 0 0 0 0 0 0 10929 0 0 0 0 0 0 0 0 0 0
10929 0 0 0 0 0 0 0 0 0 0 0 0 0 0 0 0 0 0 0 0 0 0 0 0 0 0 0 0 0 1 stress
10930 0 0 0 10931 0 0 0 0 0 0 0 0 0 0 0 0 0 0 0 0 0 0 0 0 0 0 0 0 0 0
10931 0 0 0 0 0 0 0 0 10932 0 0 0 0 0 0 0 0 0 0 0 0 0 0 0 0 0 0 0 0 0
10932 0 0 0 0 0 0 0 0 0 0 0 0 0 0 0 0 0 0 0 0 0 0 0 0 0 0 0 0 0 1 stretch
10933 0 0 0 10934 0 0 0 0 0 0 0 10938 0 0 10940 0 10942 0 0 0 0 0 0 0 0 0 0 0 0 0
10934 0 0 0 0 0 0 0 0 0 0 0 0 0 0 0 0 0 0 0 0 10935 0 0 0 0 0 0 0 0 0
10935 0 0 0 0 0 0 0 0 0 0 0 0 10936 0 0 0 0 0 0 0 0 0 0 0 0 0 0 0 0 1 strict
10936 0 0 0 0 0 0 0 0 0 0 0 0 0 0 0 0 0 0 0 0 0 0 0 0 0 10937 0 0 0 0
10937 0 0 0 0 0 0 0 0 0 0 0 0 0 0 0 0 0 0 0 0 0 0 0 0 0 0 0 0 0 1 strictly
10938 0 0 0 0 0 10939 0 0 0 0 0 0 0 0 0 0 0 0 0 0 0 0 0 0 0 0 0 0 0 0
10939 0 0 0 0 0 0 0 0 0 0 0 0 0 0 0 0 0 0 0 0 0 0 0 0 0 0 0 0 0 1 strike
10940 0 0 0 0 0 0 0 10941 0 0 0 0 0 0 0 0 0 0 0 0 0 0 0 0 0 0 0 0 0 0
10941 0 0 0 0 0 0 0 0 0 0 0 0 0 0 0 0 0 0 0 0 0 0 0 0 0 0 0 0 0 1 string
10942 0 0 0 0 0 10943 0 0 0 0 0 0 0 0 0 0 0 0 0 0 0 0 0 0 0 0 0 0 0 1 strip
10943 0 0 0 0 0 0 0 0 0 0 0 0 0 0 0 0 0 0 0 0 0 0 0 0 0 0 0 0 0 1 stripe
10944 0 0 0 0 0 0 0 0 0 0 0 10945 0 0 10947 0 0 0 0 0 0 0 0 0 0 0 0 0 0 0
10945 0 0 0 0 0 10946 0 0 0 0 0 0 0 0 0 0 0 0 0 0 0 0 0 0 0 0 0 0 0 0
10946 0 0 0 0 0 0 0 0 0 0 0 0 0 0 0 0 0 0 0 0 0 0 0 0 0 0 0 0 0 1 stroke
10947 0 0 0 0 0 0 0 10948 0 0 0 0 0 0 0 0 0 0 0 0 0 0 0 0 0 0 0 0 0 0
10948 0 0 0 0 0 0 0 0 0 0 0 0 10949 0 0 0 0 0 0 0 0 0 0 0 0 0 0 0 0 1 strong
10949 0 0 0 0 0 0 0 0 0 0 0 0 0 0 0 0 0 0 0 0 0 0 0 0 0 10950 0 0 0 0
10950 0 0 0 0 0 0 0 0 0 0 0 0 0 0 0 0 0 0 0 0 0 0 0 0 0 0 0 0 0 1 strongly
10951 0 0 0 10952 0 0 0 10959 0 0 0 0 0 0 0 0 0 0 0 0 0 0 0 0 0 0 0 0 0 0
10952 0 0 0 0 0 0 0 0 0 0 0 0 0 0 0 0 0 0 0 0 10953 0 0 0 0 0 0 0 0 0
10953 0 0 0 0 0 0 0 0 0 0 0 0 0 0 0 0 0 0 0 0 0 10954 0 0 0 0 0 0 0 0
10954 0 0 0 0 0 0 0 0 0 0 0 0 0 0 0 0 0 0 10955 0 0 0 0 0 0 0 0 0 0 0
10955 0 10956 0 0 0 10958 0 0 0 0 0 0 0 0 0 0 0 0 0 0 0 0 0 0 0 0 0 0 0 0
10956 0 0 0 0 0 0 0 0 0 0 0 0 10957 0 0 0 0 0 0 0 0 0 0 0 0 0 0 0 0 0
10957 0 0 0 0 0 0 0 0 0 0 0 0 0 0 0 0 0 0 0 0 0 0 0 0 0 0 0 0 0 1 structural
10958 0 0 0 0 0 0 0 0 0 0 0 0 0 0 0 0 0 0 0 0 0 0 0 0 0 0 0 0 0 1 structure
10959 0 0 0 0 0 0 0 10960 0 0 0 0 0 0 0 0 0 0 0 0 0 0 0 0 0 0 0 0 0 0
10960 0 0 0 0 0 0 0 0 0 0 0 0 10961 0 0 0 0 0 0 0 0 0 0 0 0 0 0 0 0 0
10961 0 0 0 0 0 10962 0 0 0 0 0 0 0 0 0 0 0 0 0 0 0 0 0 0 0 0 0 0 0 0
10962 0 0 0 0 0 0 0 0 0 0 0 0 0 0 0 0 0 0 0 0 0 0 0 0 0 0 0 0 0 1 struggle
10963 0 0 0 0 10964 0 10969 0 0 0 0 0 0 10971 0 0 10975 0 0 0 0 0 0 0 0 0 0 0 0 0
10964 0 0 0 0 0 10965 0 0 0 0 0 0 0 0 0 0 0 0 0 0 0 0 0 0 0 10968 0 0 0 0
10965 0 0 0 0 0 0 0 0 0 0 0 0 0 0 10966 0 0 0 0 0 0 0 0 0 0 0 0 0 0 0
10966 0 0 0 0 0 0 0 0 0 0 0 0 0 0 0 0 0 0 0 0 10967 0 0 0 0 0 0 0 0 0
10967 0 0 0 0 0 0 0 0 0 0 0 0 0 0 0 0 0 0 0 0 0 0 0 0 0 0 0 0 0 1 student
10968 0 0 0 0 0 0 0 0 0 0 0 0 0 0 0 0 0 0 0 0 0 0 0 0 0 0 0 0 0 1 study
10969 0 0 0 0 0 0 10970 0 0 0 0 0 0 0 0 0 0 0 0 0 0 0 0 0 0 0 0 0 0 0
10970 0 0 0 0 0 0 0 0 0 0 0 0 0 0 0 0 0 0 0 0 0 0 0 0 0 0 0 0 0 1 stuff
10971 0 0 10972 0 0 0 0 0 0 0 0 0 0 0 0 0 0 0 0 0 0 0 0 0 0 0 0 0 0 0
10972 0 0 0 0 0 0 0 0 0 0 0 0 10973 0 0 0 0 0 0 0 0 0 0 0 0 0 0 0 0 0
10973 0 0 0 0 0 10974 0 0 0 0 0 0 0 0 0 0 0 0 0 0 0 0 0 0 0 0 0 0 0 0
10974 0 0 0 0 0 0 0 0 0 0 0 0 0 0 0 0 0 0 0 0 0 0 0 0 0 0 0 0 0 1 stumble
10975 0 0 0 0 0 0 0 0 0 10976 0 0 0 0 0 0 0 0 0 0 0 0 0 0 0 0 0 0 0 0
10976 0 0 0 0 10977 0 0 0 0 0 0 0 0 0 0 0 0 0 0 0 0 0 0 0 0 0 0 0 0 0
10977 0 0 0 0 0 0 0 0 0 0 0 0 0 0 0 0 0 0 0 0 0 0 0 0 0 0 0 0 0 1 stupid
10978 0 0 0 0 0 0 0 0 0 0 0 0 10979 0 0 0 0 0 0 0 0 0 0 0 0 0 0 0 0 0
10979 0 0 0 0 0 10980 0 0 0 0 0 0 0 0 0 0 0 0 0 0 0 0 0 0 0 0 0 0 0 0
10980 0 0 0 0 0 0 0 0 0 0 0 0 0 0 0 0 0 0 0 0 0 0 0 0 0 0 0 0 0 1 style
10981 0 0 10982 11031 11050 0 11056 11068 0 11078 0 0 11084 11089 11099 0 11121 0 11158 11206 0 0 0 0 0 0 0 0 0 0
10982 0 0 0 0 0 0 0 0 0 0 10983 0 0 10987 0 0 0 0 0 10999 11020 11025 0 11028 0 0 0 0 0 0
10983 0 0 0 0 0 10984 0 0 0 0 0 0 0 0 0 0 0 0 0 0 0 0 0 0 0 0 0 0 0 0
10984 0 0 0 10985 0 0 0 0 0 0 0 0 0 0 0 0 0 0 0 0 0 0 0 0 0 0 0 0 0 0
10985 0 0 0 0 0 0 0 0 0 0 0 0 0 0 0 0 0 0 0 0 10986 0 0 0 0 0 0 0 0 0
10986 0 0 0 0 0 0 0 0 0 0 0 0 0 0 0 0 0 0 0 0 0 0 0 0 0 0 0 0 0 1 subject
10987 0 10988 0 0 0 10993 0 0 0 10997 0 0 0 0 0 0 0 0 0 0 0 0 0 0 0 0 0 0 0 0
10988 0 0 0 0 0 0 0 0 0 0 0 0 0 0 0 0 0 0 10989 0 0 0 0 0 0 0 0 0 0 0
10989 0 0 0 0 0 0 0 0 0 10990 0 0 0 0 0 0 0 0 0 0 0 0 0 0 0 0 0 0 0 0
10990 0 0 0 0 0 0 0 0 0 0 0 0 0 0 10991 0 0 0 0 0 0 0 0 0 0 0 0 0 0 0
10991 0 0 0 0 0 10992 0 0 0 0 0 0 0 0 0 0 0 0 0 0 0 0 0 0 0 0 0 0 0 0
10992 0 0 0 0 0 0 0 0 0 0 0 0 0 0 0 0 0 0 0 0 0 0 0 0 0 0 0 0 0 1 submarine
10993 0 0 0 0 0 0 0 0 0 0 0 0 0 0 0 0 0 0 10994 0 0 0 0 0 0 0 0 0 0 0
10994 0 0 0 0 0 0 0 10995 0 0 0 0 0 0 0 0 0 0 0 0 0 0 0 0 0 0 0 0 0 0
10995 0 0 0 0 0 10996 0 0 0 0 0 0 0 0 0 0 0 0 0 0 0 0 0 0 0 0 0 0 0 0
10996 0 0 0 0 0 0 0 0 0 0 0 0 0 0 0 0 0 0 0 0 0 0 0 0 0 0 0 0 0 1 submerge
10997 0 0 0 0 0 0 0 0 0 0 0 0 0 0 0 0 0 0 0 0 10998 0 0 0 0 0 0 0 0 0
10998 0 0 0 0 0 0 0 0 0 0 0 0 0 0 0 0 0 0 0 0 0 0 0 0 0 0 0 0 0 1 submit
10999 0 0 0 0 0 11000 0 0 0 0 0 0 0 0 0 0 0 0 0 0 11006 0 0 0 0 0 0 0 0 0
11000 0 0 0 0 0 0 0 0 0 0 0 0 0 0 0 0 0 11001 0 0 0 0 0 0 0 0 0 0 0 0
11001 0 0 0 0 0 0 0 0 0 0 0 0 0 0 0 0 0 0 0 0 0 11002 0 0 0 0 0 0 0 0
11002 0 0 0 0 0 11003 0 0 0 0 0 0 0 0 0 0 0 0 0 0 0 0 0 0 0 0 0 0 0 0
11003 0 0 0 0 0 0 0 0 0 0 0 0 0 0 11004 0 0 0 0 0 0 0 0 0 0 0 0 0 0 0
11004 0 0 0 0 0 0 0 0 0 0 0 0 0 0 0 0 0 0 0 0 11005 0 0 0 0 0 0 0 0 0
11005 0 0 0 0 0 0 0 0 0 0 0 0 0 0 0 0 0 0 0 0 0 0 0 0 0 0 0 0 0 1 subsequent
11006 0 11007 0 0 0 0 0 0 0 11015 0 0 0 0 0 0 0 0 0 0 0 0 0 0 0 0 0 0 0 0
11007 0 0 0 0 0 0 0 0 0 0 0 0 0 0 11008 0 0 0 0 0 0 0 0 0 0 0 0 0 0 0
11008 0 0 0 11009 0 0 0 0 0 0 0 0 0 0 0 0 0 0 0 0 11011 0 0 0 0 0 0 0 0 0
11009 0 0 0 0 0 11010 0 0 0 0 0 0 0 0 0 0 0 0 0 0 0 0 0 0 0 0 0 0 0 0
11010 0 0 0 0 0 0 0 0 0 0 0 0 0 0 0 0 0 0 0 0 0 0 0 0 0 0 0 0 0 1 substance
11011 0 0 0 0 0 0 0 0 0 11012 0 0 0 0 0 0 0 0 0 0 0 0 0 0 0 0 0 0 0 0
11012 0 11013 0 0 0 0 0 0 0 0 0 0 0 0 0 0 0 0 0 0 0 0 0 0 0 0 0 0 0 0
11013 0 0 0 0 0 0 0 0 0 0 0 0 11014 0 0 0 0 0 0 0 0 0 0 0 0 0 0 0 0 0
11014 0 0 0 0 0 0 0 0 0 0 0 0 0 0 0 0 0 0 0 0 0 0 0 0 0 0 0 0 0 1 substantial
11015 0 0 0 0 0 0 0 0 0 0 0 0 0 0 0 0 0 0 0 0 11016 0 0 0 0 0 0 0 0 0
11016 0 0 0 0 0 0 0 0 0 0 0 0 0 0 0 0 0 0 0 0 0 11017 0 0 0 0 0 0 0 0
11017 0 0 0 0 0 0 0 0 0 0 0 0 0 0 0 0 0 0 0 0 11018 0 0 0 0 0 0 0 0 0
11018 0 0 0 0 0 11019 0 0 0 0 0 0 0 0 0 0 0 0 0 0 0 0 0 0 0 0 0 0 0 0
11019 0 0 0 0 0 0 0 0 0 0 0 0 0 0 0 0 0 0 0 0 0 0 0 0 0 0 0 0 0 1 substitute
11020 0 0 0 0 0 0 0 0 0 0 0 0 0 0 0 0 0 0 11021 0 0 0 0 0 0 0 0 0 0 0
11021 0 11022 0 0 0 0 0 0 0 0 0 0 0 0 0 0 0 0 0 0 0 0 0 0 0 0 0 0 0 0
11022 0 0 0 11023 0 0 0 0 0 0 0 0 0 0 0 0 0 0 0 0 0 0 0 0 0 0 0 0 0 0
11023 0 0 0 0 0 0 0 0 0 0 0 0 0 0 0 0 0 0 0 0 11024 0 0 0 0 0 0 0 0 0
11024 0 0 0 0 0 0 0 0 0 0 0 0 0 0 0 0 0 0 0 0 0 0 0 0 0 0 0 0 0 1 subtract
11025 0 0 0 0 0 0 0 0 0 0 0 0 0 0 0 0 0 0 11026 0 0 0 0 0 0 0 0 0 0 0
11026 0 0 11027 0 0 0 0 0 0 0 0 0 0 0 0 0 0 0 0 0 0 0 0 0 0 0 0 0 0 0
11027 0 0 0 0 0 0 0 0 0 0 0 0 0 0 0 0 0 0 0 0 0 0 0 0 0 0 0 0 0 1 suburb
11028 0 11029 0 0 0 0 0 0 0 0 0 0 0 0 0 0 0 0 0 0 0 0 0 0 0 0 0 0 0 0
11029 0 0 0 0 0 0 0 0 0 0 0 0 0 0 0 0 0 0 0 0 0 0 0 0 0 11030 0 0 0 0
11030 0 0 0 0 0 0 0 0 0 0 0 0 0 0 0 0 0 0 0 0 0 0 0 0 0 0 0 0 0 1 subway
11031 0 0 0 11032 0 0 0 0 11048 0 0 11049 0 0 0 0 0 0 0 0 0 0 0 0 0 0 0 0 0 0
11032 0 0 0 0 0 11033 0 0 0 0 0 0 0 0 0 0 0 0 0 0 0 0 0 0 0 0 0 0 0 0
11033 0 0 0 0 0 11034 0 0 0 0 0 0 0 0 0 0 0 0 0 11036 0 0 0 0 0 0 0 0 0 0
11034 0 0 0 0 11035 0 0 0 0 0 0 0 0 0 0 0 0 0 0 0 0 0 0 0 0 0 0 0 0 0
11035 0 0 0 0 0 0 0 0 0 0 0 0 0 0 0 0 0 0 0 0 0 0 0 0 0 0 0 0 0 1 succeed
11036 0 0 0 0 0 0 0 0 0 0 0 0 0 0 0 0 0 0 0 11037 0 0 0 0 0 0 0 0 0 0
11037 0 0 0 0 0 0 11038 0 0 11043 0 0 0 0 0 0 0 0 0 0 0 0 0 0 0 0 0 0 0 1 success
11038 0 0 0 0 0 0 0 0 0 0 0 0 0 0 0 0 0 0 0 0 0 11039 0 0 0 0 0 0 0 0
11039 0 0 0 0 0 0 0 0 0 0 0 0 11040 0 0 0 0 0 0 0 0 0 0 0 0 0 0 0 0 0
11040 0 0 0 0 0 0 0 0 0 0 0 0 11041 0 0 0 0 0 0 0 0 0 0 0 0 0 0 0 0 1 successful
11041 0 0 0 0 0 0 0 0 0 0 0 0 0 0 0 0 0 0 0 0 0 0 0 0 0 11042 0 0 0 0
11042 0 0 0 0 0 0 0 0 0 0 0 0 0 0 0 0 0 0 0 0 0 0 0 0 0 0 0 0 0 1 successfully
11043 0 0 0 0 0 0 0 0 0 0 0 0 0 0 0 11044 0 0 0 0 0 0 11046 0 0 0 0 0 0 0
11044 0 0 0 0 0 0 0 0 0 0 0 0 0 0 11045 0 0 0 0 0 0 0 0 0 0 0 0 0 0 0
11045 0 0 0 0 0 0 0 0 0 0 0 0 0 0 0 0 0 0 0 0 0 0 0 0 0 0 0 0 0 1 succession
11046 0 0 0 0 0 11047 0 0 0 0 0 0 0 0 0 0 0 0 0 0 0 0 0 0 0 0 0 0 0 0
11047 0 0 0 0 0 0 0 0 0 0 0 0 0 0 0 0 0 0 0 0 0 0 0 0 0 0 0 0 0 1 successive
11048 0 0 0 0 0 0 0 0 0 0 0 0 0 0 0 0 0 0 0 0 0 0 0 0 0 0 0 0 0 1 such
11049 0 0 0 0 0 0 0 0 0 0 0 0 0 0 0 0 0 0 0 0 0 0 0 0 0 0 0 0 0 1 suck
11050 0 0 0 0 11051 0 0 0 0 0 0 0 0 0 0 0 0 0 0 0 0 0 0 0 0 0 0 0 0 0
11051 0 0 0 0 0 11052 0 0 0 0 0 0 0 0 0 0 0 0 0 0 0 0 0 0 0 0 0 0 0 0
11052 0 0 0 0 0 0 0 0 0 0 0 0 0 0 11053 0 0 0 0 0 0 0 0 0 0 0 0 0 0 0
11053 0 0 0 0 0 0 0 0 0 0 0 0 11054 0 0 0 0 0 0 0 0 0 0 0 0 0 0 0 0 1 sudden
11054 0 0 0 0 0 0 0 0 0 0 0 0 0 0 0 0 0 0 0 0 0 0 0 0 0 11055 0 0 0 0
11055 0 0 0 0 0 0 0 0 0 0 0 0 0 0 0 0 0 0 0 0 0 0 0 0 0 0 0 0 0 1 suddenly
11056 0 0 0 0 0 0 11057 0 0 0 0 0 0 0 0 0 0 0 0 0 0 0 0 0 0 0 0 0 0 0
11057 0 0 0 0 0 11058 0 0 0 11060 0 0 0 0 0 0 0 0 0 0 0 0 0 0 0 0 0 0 0 0
11058 0 0 0 0 0 0 0 0 0 0 0 0 0 0 0 0 0 0 11059 0 0 0 0 0 0 0 0 0 0 0
11059 0 0 0 0 0 0 0 0 0 0 0 0 0 0 0 0 0 0 0 0 0 0 0 0 0 0 0 0 0 1 suffer
11060 0 0 0 11061 0 0 0 0 0 0 0 0 0 0 0 0 0 0 0 0 0 0 0 0 0 0 0 0 0 0
11061 0 0 0 0 0 0 0 0 0 11062 0 0 0 0 0 0 0 0 0 0 0 0 0 0 0 0 0 0 0 0
11062 0 0 0 0 0 11063 0 0 0 0 0 0 0 0 0 0 0 0 0 0 0 0 0 0 0 0 0 0 0 0
11063 0 0 0 0 0 0 0 0 0 0 0 0 0 0 11064 0 0 0 0 0 0 0 0 0 0 0 0 0 0 0
11064 0 0 0 0 0 0 0 0 0 0 0 0 0 0 0 0 0 0 0 0 11065 0 0 0 0 0 0 0 0 0
11065 0 0 0 0 0 0 0 0 0 0 0 0 11066 0 0 0 0 0 0 0 0 0 0 0 0 0 0 0 0 1 sufficient
11066 0 0 0 0 0 0 0 0 0 0 0 0 0 0 0 0 0 0 0 0 0 0 0 0 0 11067 0 0 0 0
11067 0 0 0 0 0 0 0 0 0 0 0 0 0 0 0 0 0 0 0 0 0 0 0 0 0 0 0 0 0 1 sufficiently
11068 0 11069 0 0 0 0 0 11071 0 0 0 0 0 0 0 0 0 0 0 0 0 0 0 0 0 0 0 0 0 0
11069 0 0 0 0 0 0 0 0 0 0 0 0 0 0 0 0 0 0 11070 0 0 0 0 0 0 0 0 0 0 0
11070 0 0 0 0 0 0 0 0 0 0 0 0 0 0 0 0 0 0 0 0 0 0 0 0 0 0 0 0 0 1 sugar
11071 0 0 0 0 0 11072 0 0 0 0 0 0 0 0 0 0 0 0 0 0 0 0 0 0 0 0 0 0 0 0
11072 0 0 0 0 0 0 0 0 0 0 0 0 0 0 0 0 0 0 0 11073 0 0 0 0 0 0 0 0 0 0
11073 0 0 0 0 0 0 0 0 0 0 0 0 0 0 0 0 0 0 0 0 11074 0 0 0 0 0 0 0 0 0
11074 0 0 0 0 0 0 0 0 0 11075 0 0 0 0 0 0 0 0 0 0 0 0 0 0 0 0 0 0 0 1 suggest
11075 0 0 0 0 0 0 0 0 0 0 0 0 0 0 0 11076 0 0 0 0 0 0 0 0 0 0 0 0 0 0
11076 0 0 0 0 0 0 0 0 0 0 0 0 0 0 11077 0 0 0 0 0 0 0 0 0 0 0 0 0 0 0
11077 0 0 0 0 0 0 0 0 0 0 0 0 0 0 0 0 0 0 0 0 0 0 0 0 0 0 0 0 0 1 suggestion
11078 0 0 0 0 0 0 0 0 0 0 0 0 0 0 0 0 0 0 0 0 11079 0 0 0 0 0 0 0 0 0
11079 0 11080 0 0 0 0 0 0 0 0 0 0 0 0 0 0 0 0 0 0 0 0 0 0 0 0 0 0 0 1 suit
11080 0 0 11081 0 0 0 0 0 0 0 0 0 0 0 0 0 0 0 0 0 0 0 0 0 0 0 0 0 0 0
11081 0 0 0 0 0 0 0 0 0 0 0 0 11082 0 0 0 0 0 0 0 0 0 0 0 0 0 0 0 0 0
11082 0 0 0 0 0 11083 0 0 0 0 0 0 0 0 0 0 0 0 0 0 0 0 0 0 0 0 0 0 0 0
11083 0 0 0 0 0 0 0 0 0 0 0 0 0 0 0 0 0 0 0 0 0 0 0 0 0 0 0 0 0 1 suitable
11084 0 0 0 0 0 0 0 0 0 0 0 0 0 0 0 0 11085 0 0 0 0 0 0 0 0 0 0 0 0 0
11085 0 0 0 0 0 0 0 0 11086 0 0 0 0 0 0 0 0 0 0 0 0 0 0 0 0 0 0 0 0 0
11086 0 0 0 0 0 0 0 0 0 0 0 0 0 0 0 0 0 0 0 0 0 11087 0 0 0 0 0 0 0 0
11087 0 0 0 0 0 0 0 0 0 0 0 0 0 0 0 0 0 0 11088 0 0 0 0 0 0 0 0 0 0 0
11088 0 0 0 0 0 0 0 0 0 0 0 0 0 0 0 0 0 0 0 0 0 0 0 0 0 0 0 0 0 1 sulphur
11089 0 0 0 0 0 0 0 0 0 0 0 0 0 11090 0 0 0 0 0 0 0 0 0 0 0 0 0 0 0 1 sum
11090 0 11091 0 0 0 11097 0 0 0 0 0 0 0 0 0 0 0 0 0 0 0 0 0 0 0 0 0 0 0 0
11091 0 0 0 0 0 0 0 0 0 0 0 0 0 0 0 0 0 0 11092 0 0 0 0 0 0 0 0 0 0 0
11092 0 0 0 0 0 0 0 0 0 11093 0 0 0 0 0 0 0 0 0 0 0 0 0 0 0 11096 0 0 0 0
11093 0 0 0 0 0 0 0 0 0 0 0 0 0 0 0 0 0 0 0 0 0 0 0 0 0 0 11094 0 0 0
11094 0 0 0 0 0 11095 0 0 0 0 0 0 0 0 0 0 0 0 0 0 0 0 0 0 0 0 0 0 0 0
11095 0 0 0 0 0 0 0 0 0 0 0 0 0 0 0 0 0 0 0 0 0 0 0 0 0 0 0 0 0 1 summarize
11096 0 0 0 0 0 0 0 0 0 0 0 0 0 0 0 0 0 0 0 0 0 0 0 0 0 0 0 0 0 1 summary
11097 0 0 0 0 0 0 0 0 0 0 0 0 0 0 0 0 0 0 11098 0 0 0 0 0 0 0 0 0 0 0
11098 0 0 0 0 0 0 0 0 0 0 0 0 0 0 0 0 0 0 0 0 0 0 0 0 0 0 0 0 0 1 summer
11099 0 0 0 0 11100 0 0 0 0 0 0 0 11103 0 11108 0 0 0 11110 11114 0 0 0 0 0 0 0 0 0 1 sun
11100 0 11101 0 0 0 0 0 0 0 0 0 0 0 0 0 0 0 0 0 0 0 0 0 0 0 0 0 0 0 0
11101 0 0 0 0 0 0 0 0 0 0 0 0 0 0 0 0 0 0 0 0 0 0 0 0 0 11102 0 0 0 0
11102 0 0 0 0 0 0 0 0 0 0 0 0 0 0 0 0 0 0 0 0 0 0 0 0 0 0 0 0 0 1 Sunday
11103 0 0 0 0 0 0 0 0 0 11104 0 0 0 0 0 0 0 0 0 0 0 0 0 0 0 0 0 0 0 0
11104 0 0 0 0 0 0 0 11105 0 0 0 0 0 0 0 0 0 0 0 0 0 0 0 0 0 0 0 0 0 0
11105 0 0 0 0 0 0 0 0 11106 0 0 0 0 0 0 0 0 0 0 0 0 0 0 0 0 0 0 0 0 0
11106 0 0 0 0 0 0 0 0 0 0 0 0 0 0 0 0 0 0 0 0 11107 0 0 0 0 0 0 0 0 0
11107 0 0 0 0 0 0 0 0 0 0 0 0 0 0 0 0 0 0 0 0 0 0 0 0 0 0 0 0 0 1 sunlight
11108 0 0 0 0 0 0 0 0 0 0 0 0 0 0 0 0 0 0 0 0 0 0 0 0 0 11109 0 0 0 0
11109 0 0 0 0 0 0 0 0 0 0 0 0 0 0 0 0 0 0 0 0 0 0 0 0 0 0 0 0 0 1 sunny
11110 0 0 0 0 0 0 0 0 0 11111 0 0 0 0 0 0 0 0 0 0 0 0 0 0 0 0 0 0 0 0
11111 0 0 0 0 0 0 0 0 0 0 0 0 0 0 0 0 0 0 0 11112 0 0 0 0 0 0 0 0 0 0
11112 0 0 0 0 0 11113 0 0 0 0 0 0 0 0 0 0 0 0 0 0 0 0 0 0 0 0 0 0 0 0
11113 0 0 0 0 0 0 0 0 0 0 0 0 0 0 0 0 0 0 0 0 0 0 0 0 0 0 0 0 0 1 sunrise
11114 0 0 0 0 0 11115 0 0 11117 0 0 0 0 0 0 0 0 0 0 0 0 0 0 0 0 0 0 0 0 0
11115 0 0 0 0 0 0 0 0 0 0 0 0 0 0 0 0 0 0 0 0 11116 0 0 0 0 0 0 0 0 0
11116 0 0 0 0 0 0 0 0 0 0 0 0 0 0 0 0 0 0 0 0 0 0 0 0 0 0 0 0 0 1 sunset
11117 0 0 0 0 0 0 0 0 0 11118 0 0 0 0 0 0 0 0 0 0 0 0 0 0 0 0 0 0 0 0
11118 0 0 0 0 0 0 0 0 0 0 0 0 0 0 11119 0 0 0 0 0 0 0 0 0 0 0 0 0 0 0
11119 0 0 0 0 0 11120 0 0 0 0 0 0 0 0 0 0 0 0 0 0 0 0 0 0 0 0 0 0 0 0
11120 0 0 0 0 0 0 0 0 0 0 0 0 0 0 0 0 0 0 0 0 0 0 0 0 0 0 0 0 0 1 sunshine
11121 0 0 0 0 0 11122 0 0 0 0 0 0 0 0 0 0 11139 0 11154 0 0 0 0 0 0 0 0 0 0 0
11122 0 0 0 0 0 0 0 0 0 0 0 0 0 0 0 0 0 0 11123 0 0 0 0 0 0 0 0 0 0 0
11123 0 0 0 0 0 0 11124 0 0 11130 0 0 0 11133 0 0 0 0 0 0 0 0 0 0 0 0 0 0 0 1 super
11124 0 0 0 0 0 0 0 0 0 11125 0 0 0 0 0 0 0 0 0 0 0 0 0 0 0 0 0 0 0 0
11125 0 0 0 11126 0 0 0 0 0 0 0 0 0 0 0 0 0 0 0 0 0 0 0 0 0 0 0 0 0 0
11126 0 0 0 0 0 0 0 0 0 11127 0 0 0 0 0 0 0 0 0 0 0 0 0 0 0 0 0 0 0 0
11127 0 11128 0 0 0 0 0 0 0 0 0 0 0 0 0 0 0 0 0 0 0 0 0 0 0 0 0 0 0 0
11128 0 0 0 0 0 0 0 0 0 0 0 0 11129 0 0 0 0 0 0 0 0 0 0 0 0 0 0 0 0 0
11129 0 0 0 0 0 0 0 0 0 0 0 0 0 0 0 0 0 0 0 0 0 0 0 0 0 0 0 0 0 1 superficial
11130 0 0 0 0 0 0 0 0 0 0 0 0 0 0 0 11131 0 0 0 0 0 0 0 0 0 0 0 0 0 0
11131 0 0 0 0 0 0 0 0 0 0 0 0 0 0 0 0 0 0 11132 0 0 0 0 0 0 0 0 0 0 0
11132 0 0 0 0 0 0 0 0 0 0 0 0 0 0 0 0 0 0 0 0 0 0 0 0 0 0 0 0 0 1 superior
11133 0 11134 0 0 0 0 0 0 0 0 0 0 0 0 0 0 0 0 0 0 0 0 0 0 0 0 0 0 0 0
11134 0 0 0 0 0 0 0 0 0 0 0 0 0 0 0 0 0 0 11135 0 0 0 0 0 0 0 0 0 0 0
11135 0 0 0 0 0 0 0 0 0 0 0 11136 0 0 0 0 0 0 0 0 0 0 0 0 0 0 0 0 0 0
11136 0 0 0 0 0 11137 0 0 0 0 0 0 0 0 0 0 0 0 0 0 0 0 0 0 0 0 0 0 0 0
11137 0 0 0 0 0 0 0 0 0 0 0 0 0 0 0 0 0 0 0 0 11138 0 0 0 0 0 0 0 0 0
11138 0 0 0 0 0 0 0 0 0 0 0 0 0 0 0 0 0 0 0 0 0 0 0 0 0 0 0 0 0 1 supermarket
11139 0 0 0 0 0 11140 0 0 0 0 0 0 11142 0 0 11149 0 0 0 0 0 0 0 0 0 0 0 0 0 0
11140 0 0 0 0 0 0 0 0 0 0 0 0 0 0 0 0 0 0 11141 0 0 0 0 0 0 0 0 0 0 0
11141 0 0 0 0 0 0 0 0 0 0 0 0 0 0 0 0 0 0 0 0 0 0 0 0 0 0 0 0 0 1 supper
11142 0 0 0 0 0 11143 0 0 0 0 0 0 0 0 0 0 0 0 0 0 0 0 0 0 0 11148 0 0 0 0
11143 0 0 0 0 0 0 0 0 0 0 0 0 0 11144 0 0 0 0 0 0 0 0 0 0 0 0 0 0 0 0
11144 0 0 0 0 0 11145 0 0 0 0 0 0 0 0 0 0 0 0 0 0 0 0 0 0 0 0 0 0 0 0
11145 0 0 0 0 0 0 0 0 0 0 0 0 0 0 11146 0 0 0 0 0 0 0 0 0 0 0 0 0 0 0
11146 0 0 0 0 0 0 0 0 0 0 0 0 0 0 0 0 0 0 0 0 11147 0 0 0 0 0 0 0 0 0
11147 0 0 0 0 0 0 0 0 0 0 0 0 0 0 0 0 0 0 0 0 0 0 0 0 0 0 0 0 0 1 supplement
11148 0 0 0 0 0 0 0 0 0 0 0 0 0 0 0 0 0 0 0 0 0 0 0 0 0 0 0 0 0 1 supply
11149 0 0 0 0 0 0 0 0 0 0 0 0 0 0 0 0 0 0 11150 11152 0 0 0 0 0 0 0 0 0 0
11150 0 0 0 0 0 0 0 0 0 0 0 0 0 0 0 0 0 0 0 0 11151 0 0 0 0 0 0 0 0 0
11151 0 0 0 0 0 0 0 0 0 0 0 0 0 0 0 0 0 0 0 0 0 0 0 0 0 0 0 0 0 1 support
11152 0 0 0 0 0 11153 0 0 0 0 0 0 0 0 0 0 0 0 0 0 0 0 0 0 0 0 0 0 0 0
11153 0 0 0 0 0 0 0 0 0 0 0 0 0 0 0 0 0 0 0 0 0 0 0 0 0 0 0 0 0 1 suppose
11154 0 0 0 0 0 11155 0 0 0 0 0 0 0 0 0 0 0 0 0 0 0 0 0 0 0 0 0 0 0 0
11155 0 0 0 0 0 0 0 0 0 0 0 0 0 11156 0 0 0 0 0 0 0 0 0 0 0 0 0 0 0 0
11156 0 0 0 0 0 11157 0 0 0 0 0 0 0 0 0 0 0 0 0 0 0 0 0 0 0 0 0 0 0 0
11157 0 0 0 0 0 0 0 0 0 0 0 0 0 0 0 0 0 0 0 0 0 0 0 0 0 0 0 0 0 1 supreme
11158 0 0 0 0 0 11159 11162 11166 0 0 0 0 0 0 11172 0 11176 0 11186 0 0 0 11200 0 0 0 0 0 0 0
11159 0 0 0 0 0 0 0 0 0 0 0 0 11160 0 0 0 0 0 0 0 0 0 0 0 0 0 0 0 0 1 sure
11160 0 0 0 0 0 0 0 0 0 0 0 0 0 0 0 0 0 0 0 0 0 0 0 0 0 11161 0 0 0 0
11161 0 0 0 0 0 0 0 0 0 0 0 0 0 0 0 0 0 0 0 0 0 0 0 0 0 0 0 0 0 1 surely
11162 0 11163 0 0 0 0 0 0 0 0 0 0 0 0 0 0 0 0 0 0 0 0 0 0 0 0 0 0 0 0
11163 0 0 0 11164 0 0 0 0 0 0 0 0 0 0 0 0 0 0 0 0 0 0 0 0 0 0 0 0 0 0
11164 0 0 0 0 0 11165 0 0 0 0 0 0 0 0 0 0 0 0 0 0 0 0 0 0 0 0 0 0 0 0
11165 0 0 0 0 0 0 0 0 0 0 0 0 0 0 0 0 0 0 0 0 0 0 0 0 0 0 0 0 0 1 surface
11166 0 0 0 0 0 11167 0 0 0 0 0 0 0 0 0 0 0 0 0 0 0 0 0 0 0 0 0 0 0 0
11167 0 0 0 0 0 0 0 0 0 0 0 0 0 0 0 11168 0 0 11170 0 0 0 0 0 0 0 0 0 0 0
11168 0 0 0 0 0 0 0 0 0 0 0 0 0 0 11169 0 0 0 0 0 0 0 0 0 0 0 0 0 0 0
11169 0 0 0 0 0 0 0 0 0 0 0 0 0 0 0 0 0 0 0 0 0 0 0 0 0 0 0 0 0 1 surgeon
11170 0 0 0 0 0 0 0 0 0 0 0 0 0 0 0 0 0 0 0 0 0 0 0 0 0 11171 0 0 0 0
11171 0 0 0 0 0 0 0 0 0 0 0 0 0 0 0 0 0 0 0 0 0 0 0 0 0 0 0 0 0 1 surgery
11172 0 11173 0 0 0 0 0 0 0 0 0 0 0 0 0 0 0 0 0 0 0 0 0 0 0 0 0 0 0 0
11173 0 0 0 0 0 0 0 0 0 0 0 0 0 11174 0 0 0 0 0 0 0 0 0 0 0 0 0 0 0 0
11174 0 0 0 0 0 11175 0 0 0 0 0 0 0 0 0 0 0 0 0 0 0 0 0 0 0 0 0 0 0 0
11175 0 0 0 0 0 0 0 0 0 0 0 0 0 0 0 0 0 0 0 0 0 0 0 0 0 0 0 0 0 1 surname
11176 0 0 0 0 0 0 0 0 0 0 0 0 0 0 0 0 0 0 11177 0 0 0 0 0 0 0 0 0 0 0
11177 0 0 0 0 0 0 0 0 0 11178 0 0 0 0 0 0 0 0 0 0 0 0 0 0 0 0 0 0 0 0
11178 0 0 0 0 0 0 0 0 0 0 0 0 0 0 0 0 0 0 0 11179 0 0 0 0 0 0 0 0 0 0
11179 0 0 0 0 0 11180 0 0 0 11181 0 0 0 0 0 0 0 0 0 0 0 0 0 0 0 0 0 0 0 0
11180 0 0 0 0 0 0 0 0 0 0 0 0 0 0 0 0 0 0 0 0 0 0 0 0 0 0 0 0 0 1 surprise
11181 0 0 0 0 0 0 0 0 0 0 0 0 0 0 11182 0 0 0 0 0 0 0 0 0 0 0 0 0 0 0
11182 0 0 0 0 0 0 0 11183 0 0 0 0 0 0 0 0 0 0 0 0 0 0 0 0 0 0 0 0 0 0
11183 0 0 0 0 0 0 0 0 0 0 0 0 11184 0 0 0 0 0 0 0 0 0 0 0 0 0 0 0 0 1 surprising
11184 0 0 0 0 0 0 0 0 0 0 0 0 0 0 0 0 0 0 0 0 0 0 0 0 0 11185 0 0 0 0
11185 0 0 0 0 0 0 0 0 0 0 0 0 0 0 0 0 0 0 0 0 0 0 0 0 0 0 0 0 0 1 surprisingly
11186 0 0 0 0 0 11187 0 0 0 0 0 0 0 0 0 11192 0 0 0 0 0 0 0 0 0 0 0 0 0 0
11187 0 0 0 0 0 0 0 0 0 0 0 0 0 0 11188 0 0 0 0 0 0 0 0 0 0 0 0 0 0 0
11188 0 0 0 0 11189 0 0 0 0 0 0 0 0 0 0 0 0 0 0 0 0 0 0 0 0 0 0 0 0 0
11189 0 0 0 0 0 11190 0 0 0 0 0 0 0 0 0 0 0 0 0 0 0 0 0 0 0 0 0 0 0 0
11190 0 0 0 0 0 0 0 0 0 0 0 0 0 0 0 0 0 0 11191 0 0 0 0 0 0 0 0 0 0 0
11191 0 0 0 0 0 0 0 0 0 0 0 0 0 0 0 0 0 0 0 0 0 0 0 0 0 0 0 0 0 1 surrender
11192 0 0 0 0 0 0 0 0 0 0 0 0 0 0 0 0 0 0 0 0 0 11193 0 0 0 0 0 0 0 0
11193 0 0 0 0 0 0 0 0 0 0 0 0 0 0 11194 0 0 0 0 0 0 0 0 0 0 0 0 0 0 0
11194 0 0 0 0 11195 0 0 0 0 0 0 0 0 0 0 0 0 0 0 0 0 0 0 0 0 0 0 0 0 0
11195 0 0 0 0 0 0 0 0 0 11196 0 0 0 0 0 0 0 0 0 0 0 0 0 0 0 0 0 0 0 1 surround
11196 0 0 0 0 0 0 0 0 0 0 0 0 0 0 11197 0 0 0 0 0 0 0 0 0 0 0 0 0 0 0
11197 0 0 0 0 0 0 0 11198 0 0 0 0 0 0 0 0 0 0 0 0 0 0 0 0 0 0 0 0 0 0
11198 0 0 0 0 0 0 0 0 0 0 0 0 0 0 0 0 0 0 0 11199 0 0 0 0 0 0 0 0 0 0
11199 0 0 0 0 0 0 0 0 0 0 0 0 0 0 0 0 0 0 0 0 0 0 0 0 0 0 0 0 0 1 surroundings
11200 0 0 0 0 0 11201 0 0 0 11203 0 0 0 0 0 0 0 0 0 0 0 0 0 0 0 0 0 0 0 0
11201 0 0 0 0 0 0 0 0 0 0 0 0 0 0 0 0 0 0 0 0 0 0 0 0 0 11202 0 0 0 0
11202 0 0 0 0 0 0 0 0 0 0 0 0 0 0 0 0 0 0 0 0 0 0 0 0 0 0 0 0 0 1 survey
11203 0 0 0 0 0 0 0 0 0 0 0 0 0 0 0 0 0 0 0 0 0 0 11204 0 0 0 0 0 0 0
11204 0 0 0 0 0 11205 0 0 0 0 0 0 0 0 0 0 0 0 0 0 0 0 0 0 0 0 0 0 0 0
11205 0 0 0 0 0 0 0 0 0 0 0 0 0 0 0 0 0 0 0 0 0 0 0 0 0 0 0 0 0 1 survive
11206 0 0 0 0 0 0 0 0 0 0 0 0 0 0 0 0 11207 0 0 0 11218 0 0 0 0 0 0 0 0 0
11207 0 0 0 0 0 11208 0 0 0 11213 0 0 0 0 0 0 0 0 0 0 0 0 0 0 0 0 0 0 0 0
11208 0 0 0 11209 0 0 0 0 0 0 0 0 0 0 11211 0 0 0 0 0 0 0 0 0 0 0 0 0 0 0
11209 0 0 0 0 0 0 0 0 0 0 0 0 0 0 0 0 0 0 0 0 11210 0 0 0 0 0 0 0 0 0
11210 0 0 0 0 0 0 0 0 0 0 0 0 0 0 0 0 0 0 0 0 0 0 0 0 0 0 0 0 0 1 suspect
11211 0 0 0 0 11212 0 0 0 0 0 0 0 0 0 0 0 0 0 0 0 0 0 0 0 0 0 0 0 0 0
11212 0 0 0 0 0 0 0 0 0 0 0 0 0 0 0 0 0 0 0 0 0 0 0 0 0 0 0 0 0 1 suspend
11213 0 0 0 11214 0 0 0 0 0 0 0 0 0 0 0 0 0 0 0 0 0 0 0 0 0 0 0 0 0 0
11214 0 0 0 0 0 0 0 0 0 11215 0 0 0 0 0 0 0 0 0 0 0 0 0 0 0 0 0 0 0 0
11215 0 0 0 0 0 0 0 0 0 0 0 0 0 0 0 11216 0 0 0 0 0 0 0 0 0 0 0 0 0 0
11216 0 0 0 0 0 0 0 0 0 0 0 0 0 0 11217 0 0 0 0 0 0 0 0 0 0 0 0 0 0 0
11217 0 0 0 0 0 0 0 0 0 0 0 0 0 0 0 0 0 0 0 0 0 0 0 0 0 0 0 0 0 1 suspicion
11218 0 11219 0 0 0 0 0 0 0 0 0 0 0 0 0 0 0 0 0 0 0 0 0 0 0 0 0 0 0 0
11219 0 0 0 0 0 0 0 0 0 11220 0 0 0 0 0 0 0 0 0 0 0 0 0 0 0 0 0 0 0 0
11220 0 0 0 0 0 0 0 0 0 0 0 0 0 0 11221 0 0 0 0 0 0 0 0 0 0 0 0 0 0 0
11221 0 0 0 0 0 0 0 0 0 0 0 0 0 0 0 0 0 0 0 0 0 0 0 0 0 0 0 0 0 1 sustain
11222 0 11223 0 0 0 11234 0 0 0 11245 0 0 0 0 0 11256 0 0 0 0 0 0 0 0 0 0 0 0 0 0
11223 0 0 0 0 0 0 0 0 0 0 0 0 11224 11228 11230 0 0 0 11231 0 0 0 0 0 0 11233 0 0 0 0
11224 0 0 0 0 0 0 0 0 0 0 0 0 11225 0 0 0 0 0 0 0 0 0 0 0 0 0 0 0 0 0
11225 0 0 0 0 0 0 0 0 0 0 0 0 0 0 0 11226 0 0 0 0 0 0 0 0 0 0 0 0 0 0
11226 0 0 0 0 0 0 0 0 0 0 0 0 0 0 0 0 0 0 0 0 0 0 0 11227 0 0 0 0 0 0
11227 0 0 0 0 0 0 0 0 0 0 0 0 0 0 0 0 0 0 0 0 0 0 0 0 0 0 0 0 0 1 swallow
11228 0 0 0 0 0 0 0 0 0 0 0 0 0 0 0 0 11229 0 0 0 0 0 0 0 0 0 0 0 0 0
11229 0 0 0 0 0 0 0 0 0 0 0 0 0 0 0 0 0 0 0 0 0 0 0 0 0 0 0 0 0 1 swamp
11230 0 0 0 0 0 0 0 0 0 0 0 0 0 0 0 0 0 0 0 0 0 0 0 0 0 0 0 0 0 1 swan
11231 0 0 0 0 0 0 0 0 0 0 0 0 0 11232 0 0 0 0 0 0 0 0 0 0 0 0 0 0 0 0
11232 0 0 0 0 0 0 0 0 0 0 0 0 0 0 0 0 0 0 0 0 0 0 0 0 0 0 0 0 0 1 swarm
11233 0 0 0 0 0 0 0 0 0 0 0 0 0 0 0 0 0 0 0 0 0 0 0 0 0 0 0 0 0 1 sway
11234 0 11235 0 0 0 11240 0 0 0 0 0 0 11243 0 0 0 0 0 0 0 0 0 0 0 0 0 0 0 0 0
11235 0 0 0 0 0 0 0 0 0 0 0 0 0 0 0 0 0 0 11236 0 11237 0 0 0 0 0 0 0 0 0
11236 0 0 0 0 0 0 0 0 0 0 0 0 0 0 0 0 0 0 0 0 0 0 0 0 0 0 0 0 0 1 swear
11237 0 0 0 0 0 11238 0 0 0 0 0 0 0 0 0 0 0 0 0 0 0 0 0 0 0 0 0 0 0 1 sweat
11238 0 0 0 0 0 0 0 0 0 0 0 0 0 0 0 0 0 0 11239 0 0 0 0 0 0 0 0 0 0 0
11239 0 0 0 0 0 0 0 0 0 0 0 0 0 0 0 0 0 0 0 0 0 0 0 0 0 0 0 0 0 1 sweater
11240 0 0 0 0 0 0 0 0 0 0 0 0 0 0 0 0 11241 0 0 0 11242 0 0 0 0 0 0 0 0 0
11241 0 0 0 0 0 0 0 0 0 0 0 0 0 0 0 0 0 0 0 0 0 0 0 0 0 0 0 0 0 1 sweep
11242 0 0 0 0 0 0 0 0 0 0 0 0 0 0 0 0 0 0 0 0 0 0 0 0 0 0 0 0 0 1 sweet
11243 0 0 0 0 0 0 0 0 0 0 0 0 11244 0 0 0 0 0 0 0 0 0 0 0 0 0 0 0 0 0
11244 0 0 0 0 0 0 0 0 0 0 0 0 0 0 0 0 0 0 0 0 0 0 0 0 0 0 0 0 0 1 swell
11245 0 0 0 0 0 0 11246 0 0 0 0 0 0 11248 11249 0 0 0 0 11251 11253 0 0 0 0 0 0 0 0 0
11246 0 0 0 0 0 0 0 0 0 0 0 0 0 0 0 0 0 0 0 0 11247 0 0 0 0 0 0 0 0 0
11247 0 0 0 0 0 0 0 0 0 0 0 0 0 0 0 0 0 0 0 0 0 0 0 0 0 0 0 0 0 1 swift
11248 0 0 0 0 0 0 0 0 0 0 0 0 0 0 0 0 0 0 0 0 0 0 0 0 0 0 0 0 0 1 swim
11249 0 0 0 0 0 0 0 11250 0 0 0 0 0 0 0 0 0 0 0 0 0 0 0 0 0 0 0 0 0 0
11250 0 0 0 0 0 0 0 0 0 0 0 0 0 0 0 0 0 0 0 0 0 0 0 0 0 0 0 0 0 1 swing
11251 0 0 0 0 0 0 0 0 0 0 0 0 0 0 0 0 0 0 0 11252 0 0 0 0 0 0 0 0 0 0
11252 0 0 0 0 0 0 0 0 0 0 0 0 0 0 0 0 0 0 0 0 0 0 0 0 0 0 0 0 0 1 Swiss
11253 0 0 0 11254 0 0 0 0 0 0 0 0 0 0 0 0 0 0 0 0 0 0 0 0 0 0 0 0 0 0
11254 0 0 0 0 0 0 0 0 11255 0 0 0 0 0 0 0 0 0 0 0 0 0 0 0 0 0 0 0 0 0
11255 0 0 0 0 0 0 0 0 0 0 0 0 0 0 0 0 0 0 0 0 0 0 0 0 0 0 0 0 0 1 switch
11256 0 0 0 0 0 0 0 0 0 0 0 0 0 0 0 0 0 0 11257 0 0 0 0 0 0 0 0 0 0 0
11257 0 0 0 0 11258 0 0 0 0 0 0 0 0 0 0 0 0 0 0 0 0 0 0 0 0 0 0 0 0 0
11258 0 0 0 0 0 0 0 0 0 0 0 0 0 0 0 0 0 0 0 0 0 0 0 0 0 0 0 0 0 1 sword
11259 0 0 0 0 0 0 0 0 0 0 0 0 0 11260 11276 0 0 0 0 11283 0 0 0 0 0 0 0 0 0 0
11260 0 0 11261 0 0 0 0 0 0 0 0 0 0 0 0 0 11264 0 0 0 0 0 0 0 0 0 0 0 0 0
11261 0 0 0 0 0 0 0 0 0 0 0 0 0 0 0 11262 0 0 0 0 0 0 0 0 0 0 0 0 0 0
11262 0 0 0 0 0 0 0 0 0 0 0 0 11263 0 0 0 0 0 0 0 0 0 0 0 0 0 0 0 0 0
11263 0 0 0 0 0 0 0 0 0 0 0 0 0 0 0 0 0 0 0 0 0 0 0 0 0 0 0 0 0 1 symbol
11264 0 11265 0 0 0 0 0 0 0 0 0 0 0 0 0 0 0 0 0 0 0 0 0 0 0 0 0 0 0 0
11265 0 0 0 0 0 0 0 0 0 0 0 0 0 0 0 0 0 0 0 0 11266 0 0 0 0 0 0 0 0 0
11266 0 0 0 0 0 0 0 0 11267 0 0 0 0 0 0 0 0 0 0 0 0 0 0 0 0 0 0 0 0 0
11267 0 0 0 0 0 11268 0 0 0 11272 0 0 0 0 0 0 0 0 0 0 0 0 0 0 0 11275 0 0 0 0
11268 0 0 0 0 0 0 0 0 0 0 0 0 0 0 0 0 0 0 0 0 11269 0 0 0 0 0 0 0 0 0
11269 0 0 0 0 0 0 0 0 0 11270 0 0 0 0 0 0 0 0 0 0 0 0 0 0 0 0 0 0 0 0
11270 0 0 0 11271 0 0 0 0 0 0 0 0 0 0 0 0 0 0 0 0 0 0 0 0 0 0 0 0 0 0
11271 0 0 0 0 0 0 0 0 0 0 0 0 0 0 0 0 0 0 0 0 0 0 0 0 0 0 0 0 0 1 sympathetic
11272 0 0 0 0 0 0 0 0 0 0 0 0 0 0 0 0 0 0 0 0 0 0 0 0 0 0 11273 0 0 0
11273 0 0 0 0 0 11274 0 0 0 0 0 0 0 0 0 0 0 0 0 0 0 0 0 0 0 0 0 0 0 0
11274 0 0 0 0 0 0 0 0 0 0 0 0 0 0 0 0 0 0 0 0 0 0 0 0 0 0 0 0 0 1 sympathize
11275 0 0 0 0 0 0 0 0 0 0 0 0 0 0 0 0 0 0 0 0 0 0 0 0 0 0 0 0 0 1 sympathy
11276 0 0 0 0 0 0 0 0 0 0 0 0 0 0 0 0 0 0 0 0 11277 0 0 0 0 0 0 0 0 0
11277 0 0 0 0 0 0 0 0 11278 0 0 0 0 0 0 0 0 0 0 0 0 0 0 0 0 0 0 0 0 0
11278 0 0 0 0 0 11279 0 0 0 0 0 0 0 0 0 0 0 0 0 0 0 0 0 0 0 0 0 0 0 0
11279 0 0 0 0 0 0 0 0 0 0 0 0 0 0 0 0 0 0 0 0 11280 0 0 0 0 0 0 0 0 0
11280 0 0 0 0 0 0 0 0 0 11281 0 0 0 0 0 0 0 0 0 0 0 0 0 0 0 0 0 0 0 0
11281 0 0 0 11282 0 0 0 0 0 0 0 0 0 0 0 0 0 0 0 0 0 0 0 0 0 0 0 0 0 0
11282 0 0 0 0 0 0 0 0 0 0 0 0 0 0 0 0 0 0 0 0 0 0 0 0 0 0 0 0 0 1 synthetic
11283 0 0 0 0 0 0 0 0 0 0 0 0 0 0 0 0 0 0 0 0 11284 0 0 0 0 0 0 0 0 0
11284 0 0 0 0 0 11285 0 0 0 0 0 0 0 0 0 0 0 0 0 0 0 0 0 0 0 0 0 0 0 0
11285 0 0 0 0 0 0 0 0 0 0 0 0 0 11286 0 0 0 0 0 0 0 0 0 0 0 0 0 0 0 0
11286 0 11287 0 0 0 0 0 0 0 0 0 0 0 0 0 0 0 0 0 0 0 0 0 0 0 0 0 0 0 1 system
11287 0 0 0 0 0 0 0 0 0 0 0 0 0 0 0 0 0 0 0 0 11288 0 0 0 0 0 0 0 0 0
11288 0 0 0 0 0 0 0 0 0 11289 0 0 0 0 0 0 0 0 0 0 0 0 0 0 0 0 0 0 0 0
11289 0 0 0 11290 0 0 0 0 0 0 0 0 0 0 0 0 0 0 0 0 0 0 0 0 0 0 0 0 0 0
11290 0 0 0 0 0 0 0 0 0 0 0 0 0 0 0 0 0 0 0 0 0 0 0 0 0 0 0 0 0 1 systematic
11291 0 11292 0 0 0 11326 0 0 11461 11596 0 0 0 0 0 11637 0 0 11733 0 0 11907 0 11952 0 11977 0 0 0 0
11292 0 0 11293 0 0 0 0 11297 0 11298 0 11302 11304 11310 11312 0 11314 0 11316 11320 0 0 0 0 11324 0 0 0 0 0
11293 0 0 0 0 0 0 0 0 0 0 0 0 11294 0 0 0 0 0 0 0 0 0 0 0 0 0 0 0 0 0
11294 0 0 0 0 0 11295 0 0 0 0 0 0 0 0 0 0 0 0 0 0 0 0 0 0 0 0 0 0 0 0
11295 0 0 0 0 0 0 0 0 0 0 0 0 0 0 0 0 0 0 0 0 11296 0 0 0 0 0 0 0 0 1 table
11296 0 0 0 0 0 0 0 0 0 0 0 0 0 0 0 0 0 0 0 0 0 0 0 0 0 0 0 0 0 1 tablet
11297 0 0 0 0 0 0 0 0 0 0 0 0 0 0 0 0 0 0 0 0 0 0 0 0 0 0 0 0 0 1 tag
11298 0 0 0 0 0 0 0 0 0 0 0 0 11299 0 0 0 0 0 0 0 0 0 0 0 0 0 0 0 0 0
11299 0 0 0 0 0 0 0 0 0 0 0 0 0 0 0 11300 0 0 0 0 0 0 0 0 0 0 0 0 0 1 tail
11300 0 0 0 0 0 0 0 0 0 0 0 0 0 0 0 0 0 0 11301 0 0 0 0 0 0 0 0 0 0 0
11301 0 0 0 0 0 0 0 0 0 0 0 0 0 0 0 0 0 0 0 0 0 0 0 0 0 0 0 0 0 1 tailor
11302 0 0 0 0 0 11303 0 0 0 0 0 0 0 0 0 0 0 0 0 0 0 0 0 0 0 0 0 0 0 0
11303 0 0 0 0 0 0 0 0 0 0 0 0 0 0 0 0 0 0 0 0 0 0 0 0 0 0 0 0 0 1 take
11304 0 0 0 0 0 11305 0 0 0 0 0 11308 11309 0 0 0 0 0 0 0 0 0 0 0 0 0 0 0 0 0
11305 0 0 0 0 0 0 0 0 0 0 0 0 0 0 11306 0 0 0 0 0 0 0 0 0 0 0 0 0 0 1 tale
11306 0 0 0 0 0 0 0 0 0 0 0 0 0 0 0 0 0 0 0 0 11307 0 0 0 0 0 0 0 0 0
11307 0 0 0 0 0 0 0 0 0 0 0 0 0 0 0 0 0 0 0 0 0 0 0 0 0 0 0 0 0 1 talent
11308 0 0 0 0 0 0 0 0 0 0 0 0 0 0 0 0 0 0 0 0 0 0 0 0 0 0 0 0 0 1 talk
11309 0 0 0 0 0 0 0 0 0 0 0 0 0 0 0 0 0 0 0 0 0 0 0 0 0 0 0 0 0 1 tall
11310 0 0 0 0 0 11311 0 0 0 0 0 0 0 0 0 0 0 0 0 0 0 0 0 0 0 0 0 0 0 0
11311 0 0 0 0 0 0 0 0 0 0 0 0 0 0 0 0 0 0 0 0 0 0 0 0 0 0 0 0 0 1 tame
11312 0 0 0 0 0 0 0 0 0 0 0 11313 0 0 0 0 0 0 0 0 0 0 0 0 0 0 0 0 0 1 tan
11313 0 0 0 0 0 0 0 0 0 0 0 0 0 0 0 0 0 0 0 0 0 0 0 0 0 0 0 0 0 1 tank
11314 0 0 0 0 0 11315 0 0 0 0 0 0 0 0 0 0 0 0 0 0 0 0 0 0 0 0 0 0 0 1 tap
11315 0 0 0 0 0 0 0 0 0 0 0 0 0 0 0 0 0 0 0 0 0 0 0 0 0 0 0 0 0 1 tape
11316 0 0 0 0 0 0 0 11317 0 0 0 0 0 0 0 0 0 0 0 0 0 0 0 0 0 0 0 0 0 0
11317 0 0 0 0 0 11318 0 0 0 0 0 0 0 0 0 0 0 0 0 0 0 0 0 0 0 0 0 0 0 0
11318 0 0 0 0 0 0 0 0 0 0 0 0 0 0 0 0 0 0 0 0 11319 0 0 0 0 0 0 0 0 0
11319 0 0 0 0 0 0 0 0 0 0 0 0 0 0 0 0 0 0 0 0 0 0 0 0 0 0 0 0 0 1 target
11320 0 0 0 0 0 0 0 0 0 0 0 11321 0 0 0 0 0 0 0 0 11322 0 0 0 0 0 0 0 0 0
11321 0 0 0 0 0 0 0 0 0 0 0 0 0 0 0 0 0 0 0 0 0 0 0 0 0 0 0 0 0 1 task
11322 0 0 0 0 0 11323 0 0 0 0 0 0 0 0 0 0 0 0 0 0 0 0 0 0 0 0 0 0 0 0
11323 0 0 0 0 0 0 0 0 0 0 0 0 0 0 0 0 0 0 0 0 0 0 0 0 0 0 0 0 0 1 taste
11324 0 0 0 0 0 0 0 0 0 11325 0 0 0 0 0 0 0 0 0 0 0 0 0 0 0 0 0 0 0 1 tax
11325 0 0 0 0 0 0 0 0 0 0 0 0 0 0 0 0 0 0 0 0 0 0 0 0 0 0 0 0 0 1 taxi
11326 0 11327 0 11337 11355 11360 0 0 0 0 0 0 11366 11391 11413 0 0 0 11430 11450 0 0 0 0 11452 0 0 0 0 0
11327 0 0 0 11328 0 0 0 0 0 0 0 0 0 11335 0 0 0 0 11336 0 0 0 0 0 0 0 0 0 0 1 tea
11328 0 0 0 0 0 0 0 0 11329 0 0 0 0 0 0 0 0 0 0 0 0 0 0 0 0 0 0 0 0 0
11329 0 0 0 0 0 11330 0 0 0 11332 0 0 0 0 0 0 0 0 0 0 0 0 0 0 0 0 0 0 0 1 teach
11330 0 0 0 0 0 0 0 0 0 0 0 0 0 0 0 0 0 0 11331 0 0 0 0 0 0 0 0 0 0 0
11331 0 0 0 0 0 0 0 0 0 0 0 0 0 0 0 0 0 0 0 0 0 0 0 0 0 0 0 0 0 1 teacher
11332 0 0 0 0 0 0 0 0 0 0 0 0 0 0 11333 0 0 0 0 0 0 0 0 0 0 0 0 0 0 0
11333 0 0 0 0 0 0 0 11334 0 0 0 0 0 0 0 0 0 0 0 0 0 0 0 0 0 0 0 0 0 0
11334 0 0 0 0 0 0 0 0 0 0 0 0 0 0 0 0 0 0 0 0 0 0 0 0 0 0 0 0 0 1 teaching
11335 0 0 0 0 0 0 0 0 0 0 0 0 0 0 0 0 0 0 0 0 0 0 0 0 0 0 0 0 0 1 team
11336 0 0 0 0 0 0 0 0 0 0 0 0 0 0 0 0 0 0 0 0 0 0 0 0 0 0 0 0 0 1 tear
11337 0 0 0 0 0 0 0 0 11338 0 0 0 0 0 0 0 0 0 0 0 0 0 0 0 0 0 0 0 0 0
11338 0 0 0 0 0 0 0 0 0 0 0 0 0 0 11339 0 0 0 0 0 0 0 0 0 0 0 0 0 0 0
11339 0 0 0 0 0 0 0 0 0 11340 0 0 0 0 0 11350 0 0 0 0 0 0 0 0 0 0 0 0 0 0
11340 0 0 0 11341 0 0 0 0 0 0 0 0 0 0 0 0 0 11347 0 0 0 0 0 0 0 0 0 0 0 0
11341 0 11342 0 0 0 0 0 0 0 11344 0 0 0 0 0 0 0 0 0 0 0 0 0 0 0 0 0 0 0 0
11342 0 0 0 0 0 0 0 0 0 0 0 0 11343 0 0 0 0 0 0 0 0 0 0 0 0 0 0 0 0 0
11343 0 0 0 0 0 0 0 0 0 0 0 0 0 0 0 0 0 0 0 0 0 0 0 0 0 0 0 0 0 1 technical
11344 0 11345 0 0 0 0 0 0 0 0 0 0 0 0 0 0 0 0 0 0 0 0 0 0 0 0 0 0 0 0
11345 0 0 0 0 0 0 0 0 0 0 0 0 0 0 11346 0 0 0 0 0 0 0 0 0 0 0 0 0 0 0
11346 0 0 0 0 0 0 0 0 0 0 0 0 0 0 0 0 0 0 0 0 0 0 0 0 0 0 0 0 0 1 technician
11347 0 0 0 0 0 0 0 0 0 0 0 0 0 0 0 0 0 0 0 0 0 11348 0 0 0 0 0 0 0 0
11348 0 0 0 0 0 11349 0 0 0 0 0 0 0 0 0 0 0 0 0 0 0 0 0 0 0 0 0 0 0 0
11349 0 0 0 0 0 0 0 0 0 0 0 0 0 0 0 0 0 0 0 0 0 0 0 0 0 0 0 0 0 1 technique
11350 0 0 0 0 0 0 0 0 0 0 0 0 11351 0 0 0 0 0 0 0 0 0 0 0 0 0 0 0 0 0
11351 0 0 0 0 0 0 0 0 0 0 0 0 0 0 0 11352 0 0 0 0 0 0 0 0 0 0 0 0 0 0
11352 0 0 0 0 0 0 0 11353 0 0 0 0 0 0 0 0 0 0 0 0 0 0 0 0 0 0 0 0 0 0
11353 0 0 0 0 0 0 0 0 0 0 0 0 0 0 0 0 0 0 0 0 0 0 0 0 0 11354 0 0 0 0
11354 0 0 0 0 0 0 0 0 0 0 0 0 0 0 0 0 0 0 0 0 0 0 0 0 0 0 0 0 0 1 technology
11355 0 0 0 0 0 0 0 0 0 11356 0 0 0 0 0 0 0 0 0 0 0 0 0 0 0 0 0 0 0 0
11356 0 0 0 0 0 0 0 0 0 0 0 0 0 0 0 11357 0 0 0 0 0 0 0 0 0 0 0 0 0 0
11357 0 0 0 0 0 0 0 0 0 0 0 0 0 0 0 0 0 0 0 0 0 11358 0 0 0 0 0 0 0 0
11358 0 0 0 0 0 0 0 0 0 0 0 0 0 0 0 0 0 0 0 11359 0 0 0 0 0 0 0 0 0 0
11359 0 0 0 0 0 0 0 0 0 0 0 0 0 0 0 0 0 0 0 0 0 0 0 0 0 0 0 0 0 1 tedious
11360 0 0 0 0 0 0 0 0 0 0 0 0 0 0 11361 0 0 0 0 0 0 0 0 0 0 0 0 0 0 0
11361 0 11362 0 0 0 0 0 0 0 0 0 0 0 0 0 0 0 0 0 0 0 0 0 0 0 0 0 0 0 0
11362 0 0 0 0 0 0 0 11363 0 0 0 0 0 0 0 0 0 0 0 0 0 0 0 0 0 0 0 0 0 0
11363 0 0 0 0 0 11364 0 0 0 0 0 0 0 0 0 0 0 0 0 0 0 0 0 0 0 0 0 0 0 0
11364 0 0 0 0 0 0 0 0 0 0 0 0 0 0 0 0 0 0 11365 0 0 0 0 0 0 0 0 0 0 0
11365 0 0 0 0 0 0 0 0 0 0 0 0 0 0 0 0 0 0 0 0 0 0 0 0 0 0 0 0 0 1 teenager
11366 0 0 0 0 0 11367 0 0 0 0 0 0 11390 0 0 0 0 0 0 0 0 0 0 0 0 0 0 0 0 0
11367 0 0 0 0 0 0 0 11368 0 0 0 0 0 0 0 0 11374 0 0 11379 0 0 11384 0 0 0 0 0 0 0
11368 0 0 0 0 0 0 0 0 0 0 0 0 0 0 0 0 0 0 11369 0 0 0 0 0 0 0 0 0 0 0
11369 0 11370 0 0 0 0 0 0 0 0 0 0 0 0 0 0 0 0 0 0 0 0 0 0 0 0 0 0 0 0
11370 0 0 0 0 0 0 0 0 0 0 0 0 0 11371 0 0 11372 0 0 0 0 0 0 0 0 0 0 0 0 0
11371 0 0 0 0 0 0 0 0 0 0 0 0 0 0 0 0 0 0 0 0 0 0 0 0 0 0 0 0 0 1 telegram
11372 0 0 0 0 0 0 0 0 11373 0 0 0 0 0 0 0 0 0 0 0 0 0 0 0 0 0 0 0 0 0
11373 0 0 0 0 0 0 0 0 0 0 0 0 0 0 0 0 0 0 0 0 0 0 0 0 0 0 0 0 0 1 telegraph
11374 0 0 0 0 0 0 0 0 11375 0 0 0 0 0 0 0 0 0 0 0 0 0 0 0 0 0 0 0 0 0
11375 0 0 0 0 0 0 0 0 0 0 0 0 0 0 0 11376 0 0 0 0 0 0 0 0 0 0 0 0 0 0
11376 0 0 0 0 0 0 0 0 0 0 0 0 0 0 11377 0 0 0 0 0 0 0 0 0 0 0 0 0 0 0
11377 0 0 0 0 0 11378 0 0 0 0 0 0 0 0 0 0 0 0 0 0 0 0 0 0 0 0 0 0 0 0
11378 0 0 0 0 0 0 0 0 0 0 0 0 0 0 0 0 0 0 0 0 0 0 0 0 0 0 0 0 0 1 telephone
11379 0 0 0 11380 0 0 0 0 0 0 0 0 0 0 0 0 0 0 0 0 0 0 0 0 0 0 0 0 0 0
11380 0 0 0 0 0 0 0 0 0 0 0 0 0 0 0 11381 0 0 0 0 0 0 0 0 0 0 0 0 0 0
11381 0 0 0 0 0 0 0 0 0 0 0 0 0 0 0 0 11382 0 0 0 0 0 0 0 0 0 0 0 0 0
11382 0 0 0 0 0 11383 0 0 0 0 0 0 0 0 0 0 0 0 0 0 0 0 0 0 0 0 0 0 0 0
11383 0 0 0 0 0 0 0 0 0 0 0 0 0 0 0 0 0 0 0 0 0 0 0 0 0 0 0 0 0 1 telescope
11384 0 0 0 0 0 0 0 0 0 11385 0 0 0 0 0 0 0 0 0 0 0 0 0 0 0 0 0 0 0 0
11385 0 0 0 0 0 0 0 0 0 0 0 0 0 0 0 0 0 0 0 11386 0 0 0 0 0 0 0 0 0 0
11386 0 0 0 0 0 0 0 0 0 11387 0 0 0 0 0 0 0 0 0 0 0 0 0 0 0 0 0 0 0 0
11387 0 0 0 0 0 0 0 0 0 0 0 0 0 0 0 11388 0 0 0 0 0 0 0 0 0 0 0 0 0 0
11388 0 0 0 0 0 0 0 0 0 0 0 0 0 0 11389 0 0 0 0 0 0 0 0 0 0 0 0 0 0 0
11389 0 0 0 0 0 0 0 0 0 0 0 0 0 0 0 0 0 0 0 0 0 0 0 0 0 0 0 0 0 1 television
11390 0 0 0 0 0 0 0 0 0 0 0 0 0 0 0 0 0 0 0 0 0 0 0 0 0 0 0 0 0 1 tell
11391 0 0 0 0 0 0 0 0 0 0 0 0 0 0 0 0 11392 0 0 0 0 0 0 0 0 0 0 0 0 0
11392 0 0 0 0 0 11393 0 0 0 0 0 0 11400 0 0 11402 0 0 0 0 11407 0 0 0 0 0 0 0 0 0
11393 0 0 0 0 0 0 0 0 0 0 0 0 0 0 0 0 0 0 11394 0 0 0 0 0 0 0 0 0 0 0
11394 0 11395 0 0 0 0 0 0 0 0 0 0 0 0 0 0 0 0 0 0 0 0 0 0 0 0 0 0 0 1 temper
11395 0 0 0 0 0 0 0 0 0 0 0 0 0 0 0 0 0 0 0 0 11396 0 0 0 0 0 0 0 0 0
11396 0 0 0 0 0 0 0 0 0 0 0 0 0 0 0 0 0 0 0 0 0 11397 0 0 0 0 0 0 0 0
11397 0 0 0 0 0 0 0 0 0 0 0 0 0 0 0 0 0 0 11398 0 0 0 0 0 0 0 0 0 0 0
11398 0 0 0 0 0 11399 0 0 0 0 0 0 0 0 0 0 0 0 0 0 0 0 0 0 0 0 0 0 0 0
11399 0 0 0 0 0 0 0 0 0 0 0 0 0 0 0 0 0 0 0 0 0 0 0 0 0 0 0 0 0 1 temperature
11400 0 0 0 0 0 11401 0 0 0 0 0 0 0 0 0 0 0 0 0 0 0 0 0 0 0 0 0 0 0 0
11401 0 0 0 0 0 0 0 0 0 0 0 0 0 0 0 0 0 0 0 0 0 0 0 0 0 0 0 0 0 1 temple
11402 0 0 0 0 0 0 0 0 0 0 0 0 0 0 0 0 0 0 11403 0 0 0 0 0 0 0 0 0 0 0
11403 0 11404 0 0 0 0 0 0 0 0 0 0 0 0 0 0 0 0 0 0 0 0 0 0 0 0 0 0 0 0
11404 0 0 0 0 0 0 0 0 0 0 0 0 0 0 0 0 0 0 11405 0 0 0 0 0 0 0 0 0 0 0
11405 0 0 0 0 0 0 0 0 0 0 0 0 0 0 0 0 0 0 0 0 0 0 0 0 0 11406 0 0 0 0
11406 0 0 0 0 0 0 0 0 0 0 0 0 0 0 0 0 0 0 0 0 0 0 0 0 0 0 0 0 0 1 temporary
11407 0 11408 0 0 0 0 0 0 0 0 0 0 0 0 0 0 0 0 0 0 0 0 0 0 0 0 0 0 0 1 tempt
11408 0 0 0 0 0 0 0 0 0 0 0 0 0 0 0 0 0 0 0 0 11409 0 0 0 0 0 0 0 0 0
11409 0 0 0 0 0 0 0 0 0 11410 0 0 0 0 0 0 0 0 0 0 0 0 0 0 0 0 0 0 0 0
11410 0 0 0 0 0 0 0 0 0 0 0 0 0 0 0 11411 0 0 0 0 0 0 0 0 0 0 0 0 0 0
11411 0 0 0 0 0 0 0 0 0 0 0 0 0 0 11412 0 0 0 0 0 0 0 0 0 0 0 0 0 0 0
11412 0 0 0 0 0 0 0 0 0 0 0 0 0 0 0 0 0 0 0 0 0 0 0 0 0 0 0 0 0 1 temptation
11413 0 11414 0 0 11417 0 0 0 0 0 0 0 0 0 11423 0 0 0 0 11426 11428 0 0 0 0 0 0 0 0 1 ten
11414 0 0 0 0 0 0 0 0 0 0 0 0 0 0 11415 0 0 0 0 0 0 0 0 0 0 0 0 0 0 0
11415 0 0 0 0 0 0 0 0 0 0 0 0 0 0 0 0 0 0 0 0 11416 0 0 0 0 0 0 0 0 0
11416 0 0 0 0 0 0 0 0 0 0 0 0 0 0 0 0 0 0 0 0 0 0 0 0 0 0 0 0 0 1 tenant
11417 0 0 0 0 0 11418 0 0 0 0 0 0 0 0 0 0 0 0 0 0 0 0 0 0 0 0 0 0 0 1 tend
11418 0 0 0 0 0 0 0 0 0 0 0 0 0 0 11419 0 0 0 11422 0 0 0 0 0 0 0 0 0 0 0
11419 0 0 0 11420 0 0 0 0 0 0 0 0 0 0 0 0 0 0 0 0 0 0 0 0 0 0 0 0 0 0
11420 0 0 0 0 0 0 0 0 0 0 0 0 0 0 0 0 0 0 0 0 0 0 0 0 0 11421 0 0 0 0
11421 0 0 0 0 0 0 0 0 0 0 0 0 0 0 0 0 0 0 0 0 0 0 0 0 0 0 0 0 0 1 tendency
11422 0 0 0 0 0 0 0 0 0 0 0 0 0 0 0 0 0 0 0 0 0 0 0 0 0 0 0 0 0 1 tender
11423 0 0 0 0 0 0 0 0 0 11424 0 0 0 0 0 0 0 0 0 0 0 0 0 0 0 0 0 0 0 0
11424 0 0 0 0 0 0 0 0 0 0 0 0 0 0 0 0 0 0 0 11425 0 0 0 0 0 0 0 0 0 0
11425 0 0 0 0 0 0 0 0 0 0 0 0 0 0 0 0 0 0 0 0 0 0 0 0 0 0 0 0 0 1 tennis
11426 0 0 0 0 0 11427 0 0 0 0 0 0 0 0 0 0 0 0 0 0 0 0 0 0 0 0 0 0 0 0
11427 0 0 0 0 0 0 0 0 0 0 0 0 0 0 0 0 0 0 0 0 0 0 0 0 0 0 0 0 0 1 tense
11428 0 0 0 0 0 0 0 0 11429 0 0 0 0 0 0 0 0 0 0 0 0 0 0 0 0 0 0 0 0 1 tent
11429 0 0 0 0 0 0 0 0 0 0 0 0 0 0 0 0 0 0 0 0 0 0 0 0 0 0 0 0 0 1 tenth
11430 0 0 0 0 0 0 0 0 0 0 0 0 0 11431 0 0 0 0 11436 0 0 0 0 0 0 0 0 0 0 0
11431 0 0 0 0 0 0 0 0 0 11432 0 0 0 0 0 0 0 0 0 0 0 0 0 0 0 0 0 0 0 1 term
11432 0 0 0 0 0 0 0 0 0 0 0 0 0 0 11433 0 0 0 0 0 0 0 0 0 0 0 0 0 0 0
11433 0 11434 0 0 0 0 0 0 0 0 0 0 0 0 0 0 0 0 0 0 0 0 0 0 0 0 0 0 0 0
11434 0 0 0 0 0 0 0 0 0 0 0 0 11435 0 0 0 0 0 0 0 0 0 0 0 0 0 0 0 0 0
11435 0 0 0 0 0 0 0 0 0 0 0 0 0 0 0 0 0 0 0 0 0 0 0 0 0 0 0 0 0 1 terminal
11436 0 0 0 0 0 0 0 0 0 11437 0 0 0 0 0 11448 0 0 0 0 0 0 0 0 0 0 0 0 0 0
11437 0 0 11438 0 0 0 11441 0 0 0 0 0 0 0 0 0 0 0 0 0 11444 0 0 0 0 0 0 0 0 0
11438 0 0 0 0 0 0 0 0 0 0 0 0 11439 0 0 0 0 0 0 0 0 0 0 0 0 0 0 0 0 0
11439 0 0 0 0 0 11440 0 0 0 0 0 0 0 0 0 0 0 0 0 0 0 0 0 0 0 0 0 0 0 0
11440 0 0 0 0 0 0 0 0 0 0 0 0 0 0 0 0 0 0 0 0 0 0 0 0 0 0 0 0 0 1 terrible
11441 0 0 0 0 0 0 0 0 0 11442 0 0 0 0 0 0 0 0 0 0 0 0 0 0 0 0 0 0 0 0
11442 0 0 0 11443 0 0 0 0 0 0 0 0 0 0 0 0 0 0 0 0 0 0 0 0 0 0 0 0 0 0
11443 0 0 0 0 0 0 0 0 0 0 0 0 0 0 0 0 0 0 0 0 0 0 0 0 0 0 0 0 0 1 terrific
11444 0 0 0 0 0 0 0 0 0 0 0 0 0 0 0 11445 0 0 0 0 0 0 0 0 0 0 0 0 0 0
11445 0 0 0 0 0 0 0 0 0 0 0 0 0 0 0 0 0 0 11446 0 0 0 0 0 0 0 0 0 0 0
11446 0 0 0 0 0 0 0 0 0 0 0 0 0 0 0 0 0 0 0 0 0 0 0 0 0 11447 0 0 0 0
11447 0 0 0 0 0 0 0 0 0 0 0 0 0 0 0 0 0 0 0 0 0 0 0 0 0 0 0 0 0 1 territory
11448 0 0 0 0 0 0 0 0 0 0 0 0 0 0 0 0 0 0 11449 0 0 0 0 0 0 0 0 0 0 0
11449 0 0 0 0 0 0 0 0 0 0 0 0 0 0 0 0 0 0 0 0 0 0 0 0 0 0 0 0 0 1 terror
11450 0 0 0 0 0 0 0 0 0 0 0 0 0 0 0 0 0 0 0 0 11451 0 0 0 0 0 0 0 0 0
11451 0 0 0 0 0 0 0 0 0 0 0 0 0 0 0 0 0 0 0 0 0 0 0 0 0 0 0 0 0 1 test
11452 0 0 0 0 0 0 0 0 0 0 0 0 0 0 0 0 0 0 0 0 11453 0 0 0 0 0 0 0 0 0
11453 0 0 11454 0 0 0 0 0 0 11458 0 0 0 0 0 0 0 0 0 0 0 0 0 0 0 0 0 0 0 1 text
11454 0 0 0 0 0 0 0 0 0 0 0 0 0 0 0 11455 0 0 0 0 0 0 0 0 0 0 0 0 0 0
11455 0 0 0 0 0 0 0 0 0 0 0 0 0 0 0 11456 0 0 0 0 0 0 0 0 0 0 0 0 0 0
11456 0 0 0 0 0 0 0 0 0 0 0 11457 0 0 0 0 0 0 0 0 0 0 0 0 0 0 0 0 0 0
11457 0 0 0 0 0 0 0 0 0 0 0 0 0 0 0 0 0 0 0 0 0 0 0 0 0 0 0 0 0 1 textbook
11458 0 0 0 0 0 0 0 0 0 0 0 0 11459 0 0 0 0 0 0 0 0 0 0 0 0 0 0 0 0 0
11459 0 0 0 0 0 11460 0 0 0 0 0 0 0 0 0 0 0 0 0 0 0 0 0 0 0 0 0 0 0 0
11460 0 0 0 0 0 0 0 0 0 0 0 0 0 0 0 0 0 0 0 0 0 0 0 0 0 0 0 0 0 1 textile
11461 0 11462 0 0 0 11466 0 0 0 11509 0 0 0 0 0 11534 0 0 11554 0 0 11583 0 0 0 0 0 0 0 0
11462 0 0 0 0 0 0 0 0 0 0 0 0 0 0 11463 0 0 0 0 0 11465 0 0 0 0 0 0 0 0 0
11463 0 0 0 0 0 0 0 0 0 0 0 11464 0 0 0 0 0 0 0 0 0 0 0 0 0 0 0 0 0 1 than
11464 0 0 0 0 0 0 0 0 0 0 0 0 0 0 0 0 0 0 0 0 0 0 0 0 0 0 0 0 0 1 thank
11465 0 0 0 0 0 0 0 0 0 0 0 0 0 0 0 0 0 0 0 0 0 0 0 0 0 0 0 0 0 1 that
11466 0 11467 0 0 0 0 0 0 0 11471 0 0 0 11474 11481 11482 0 0 11491 11506 0 0 0 0 0 11508 0 0 0 1 the
11467 0 0 0 0 0 0 0 0 0 0 0 0 0 0 0 0 0 0 0 0 11468 0 0 0 0 0 0 0 0 0
11468 0 0 0 0 0 0 0 0 0 0 0 0 0 0 0 0 0 0 11469 0 0 0 0 0 0 0 0 0 0 0
11469 0 0 0 0 0 11470 0 0 0 0 0 0 0 0 0 0 0 0 0 0 0 0 0 0 0 0 0 0 0 0
11470 0 0 0 0 0 0 0 0 0 0 0 0 0 0 0 0 0 0 0 0 0 0 0 0 0 0 0 0 0 1 theatre
11471 0 0 0 0 0 0 0 0 0 0 0 0 0 0 0 0 0 0 11472 0 0 0 0 0 0 0 0 0 0 0
11472 0 0 0 0 0 0 0 0 0 0 0 0 0 0 0 0 0 0 0 11473 0 0 0 0 0 0 0 0 0 1 their
11473 0 0 0 0 0 0 0 0 0 0 0 0 0 0 0 0 0 0 0 0 0 0 0 0 0 0 0 0 0 1 theirs
11474 0 0 0 0 0 0 0 0 0 0 0 0 0 0 0 0 0 0 0 11475 0 0 0 0 0 0 0 0 0 1 them
11475 0 0 0 0 0 11476 0 0 0 0 0 0 0 0 0 0 0 0 0 0 0 0 0 0 0 0 0 0 0 0
11476 0 0 0 0 0 0 0 0 0 0 0 0 11477 0 0 0 0 0 0 0 0 0 0 0 0 0 0 0 0 0
11477 0 0 0 0 0 0 0 0 0 0 0 0 0 0 0 0 0 0 0 0 0 0 11478 0 0 0 0 0 0 0
11478 0 0 0 0 0 11479 0 0 0 0 0 0 0 0 0 0 0 0 0 0 0 0 0 0 0 0 0 0 0 0
11479 0 0 0 0 0 0 0 0 0 0 0 0 0 0 0 0 0 0 0 11480 0 0 0 0 0 0 0 0 0 0
11480 0 0 0 0 0 0 0 0 0 0 0 0 0 0 0 0 0 0 0 0 0 0 0 0 0 0 0 0 0 1 themselves
11481 0 0 0 0 0 0 0 0 0 0 0 0 0 0 0 0 0 0 0 0 0 0 0 0 0 0 0 0 0 1 then
11482 0 0 0 0 0 0 0 0 0 0 0 0 0 0 0 0 0 0 11483 0 0 0 0 0 0 0 0 0 0 0
11483 0 0 0 0 0 11484 0 0 0 0 0 0 0 0 0 0 0 0 0 0 0 0 0 0 0 11490 0 0 0 0
11484 0 0 0 0 0 0 0 0 0 0 0 0 0 0 0 0 0 0 0 0 11485 0 0 0 0 0 0 0 0 0
11485 0 0 0 0 0 0 0 0 0 11486 0 0 0 0 0 0 0 0 0 0 0 0 0 0 0 0 0 0 0 0
11486 0 0 0 11487 0 0 0 0 0 0 0 0 0 0 0 0 0 0 0 0 0 0 0 0 0 0 0 0 0 0
11487 0 11488 0 0 0 0 0 0 0 0 0 0 0 0 0 0 0 0 0 0 0 0 0 0 0 0 0 0 0 0
11488 0 0 0 0 0 0 0 0 0 0 0 0 11489 0 0 0 0 0 0 0 0 0 0 0 0 0 0 0 0 0
11489 0 0 0 0 0 0 0 0 0 0 0 0 0 0 0 0 0 0 0 0 0 0 0 0 0 0 0 0 0 1 theoretical
11490 0 0 0 0 0 0 0 0 0 0 0 0 0 0 0 0 0 0 0 0 0 0 0 0 0 0 0 0 0 1 theory
11491 0 0 0 0 0 11492 0 0 0 0 0 0 0 11499 0 0 0 0 0 0 0 0 0 0 0 0 0 0 0 0
11492 0 0 11493 0 0 0 11495 0 0 0 0 0 0 0 0 0 0 0 0 0 0 0 0 0 0 0 0 0 0 1 there
11493 0 0 0 0 0 0 0 0 0 0 0 0 0 0 0 0 0 0 0 0 0 0 0 0 0 11494 0 0 0 0
11494 0 0 0 0 0 0 0 0 0 0 0 0 0 0 0 0 0 0 0 0 0 0 0 0 0 0 0 0 0 1 thereby
11495 0 0 0 0 0 0 0 0 0 0 0 0 0 0 0 11496 0 0 0 0 0 0 0 0 0 0 0 0 0 0
11496 0 0 0 0 0 0 0 0 0 0 0 0 0 0 0 0 0 0 11497 0 0 0 0 0 0 0 0 0 0 0
11497 0 0 0 0 0 11498 0 0 0 0 0 0 0 0 0 0 0 0 0 0 0 0 0 0 0 0 0 0 0 0
11498 0 0 0 0 0 0 0 0 0 0 0 0 0 0 0 0 0 0 0 0 0 0 0 0 0 0 0 0 0 1 therefore
11499 0 0 0 0 0 0 0 0 0 0 0 0 0 0 0 11500 0 0 0 0 0 0 0 0 0 0 0 0 0 0
11500 0 0 0 0 0 0 0 0 0 0 0 0 0 11501 0 0 0 0 0 0 0 0 0 0 0 0 0 0 0 0
11501 0 0 0 0 0 11502 0 0 0 0 0 0 0 0 0 0 0 0 0 0 0 0 0 0 0 0 0 0 0 0
11502 0 0 0 0 0 0 0 0 0 0 0 0 0 0 0 0 0 0 0 0 11503 0 0 0 0 0 0 0 0 0
11503 0 0 0 0 0 11504 0 0 0 0 0 0 0 0 0 0 0 0 0 0 0 0 0 0 0 0 0 0 0 0
11504 0 0 0 0 0 0 0 0 0 0 0 0 0 0 0 0 0 0 11505 0 0 0 0 0 0 0 0 0 0 0
11505 0 0 0 0 0 0 0 0 0 0 0 0 0 0 0 0 0 0 0 0 0 0 0 0 0 0 0 0 0 1 thermometer
11506 0 0 0 0 0 11507 0 0 0 0 0 0 0 0 0 0 0 0 0 0 0 0 0 0 0 0 0 0 0 0
11507 0 0 0 0 0 0 0 0 0 0 0 0 0 0 0 0 0 0 0 0 0 0 0 0 0 0 0 0 0 1 these
11508 0 0 0 0 0 0 0 0 0 0 0 0 0 0 0 0 0 0 0 0 0 0 0 0 0 0 0 0 0 1 they
11509 0 0 0 11510 0 11516 0 0 0 0 0 0 0 0 11518 0 0 0 11521 11533 0 0 0 0 0 0 0 0 0 0
11510 0 0 0 0 0 0 0 0 0 0 0 11511 0 0 0 0 0 0 0 0 0 0 0 0 0 0 0 0 0 0
11511 0 0 0 0 0 0 0 0 0 0 0 0 0 0 11512 0 0 0 0 0 0 0 0 0 0 0 0 0 0 1 thick
11512 0 0 0 0 0 11513 0 0 0 0 0 0 0 0 0 0 0 0 0 0 0 0 0 0 0 0 0 0 0 0
11513 0 0 0 0 0 0 0 0 0 0 0 0 0 0 0 0 0 0 0 11514 0 0 0 0 0 0 0 0 0 0
11514 0 0 0 0 0 0 0 0 0 0 0 0 0 0 0 0 0 0 0 11515 0 0 0 0 0 0 0 0 0 0
11515 0 0 0 0 0 0 0 0 0 0 0 0 0 0 0 0 0 0 0 0 0 0 0 0 0 0 0 0 0 1 thickness
11516 0 0 0 0 0 0 11517 0 0 0 0 0 0 0 0 0 0 0 0 0 0 0 0 0 0 0 0 0 0 0
11517 0 0 0 0 0 0 0 0 0 0 0 0 0 0 0 0 0 0 0 0 0 0 0 0 0 0 0 0 0 1 thief
11518 0 0 0 0 0 0 0 11519 0 0 0 11520 0 0 0 0 0 0 0 0 0 0 0 0 0 0 0 0 0 1 thin
11519 0 0 0 0 0 0 0 0 0 0 0 0 0 0 0 0 0 0 0 0 0 0 0 0 0 0 0 0 0 1 thing
11520 0 0 0 0 0 0 0 0 0 0 0 0 0 0 0 0 0 0 0 0 0 0 0 0 0 0 0 0 0 1 think
11521 0 0 0 0 11522 0 0 0 0 0 0 0 0 0 0 0 0 0 0 11525 11528 0 0 0 0 0 0 0 0 0
11522 0 0 0 0 0 0 0 0 0 0 0 0 11523 0 0 0 0 0 0 0 0 0 0 0 0 0 0 0 0 1 third
11523 0 0 0 0 0 0 0 0 0 0 0 0 0 0 0 0 0 0 0 0 0 0 0 0 0 11524 0 0 0 0
11524 0 0 0 0 0 0 0 0 0 0 0 0 0 0 0 0 0 0 0 0 0 0 0 0 0 0 0 0 0 1 thirdly
11525 0 0 0 0 0 0 0 0 0 0 0 0 0 0 0 0 0 0 0 0 11526 0 0 0 0 0 0 0 0 0
11526 0 0 0 0 0 0 0 0 0 0 0 0 0 0 0 0 0 0 0 0 0 0 0 0 0 11527 0 0 0 1 thirst
11527 0 0 0 0 0 0 0 0 0 0 0 0 0 0 0 0 0 0 0 0 0 0 0 0 0 0 0 0 0 1 thirsty
11528 0 0 0 0 0 11529 0 0 0 0 0 0 0 0 0 0 0 0 0 0 0 0 0 0 0 11532 0 0 0 0
11529 0 0 0 0 0 11530 0 0 0 0 0 0 0 0 0 0 0 0 0 0 0 0 0 0 0 0 0 0 0 0
11530 0 0 0 0 0 0 0 0 0 0 0 0 0 0 11531 0 0 0 0 0 0 0 0 0 0 0 0 0 0 0
11531 0 0 0 0 0 0 0 0 0 0 0 0 0 0 0 0 0 0 0 0 0 0 0 0 0 0 0 0 0 1 thirteen
11532 0 0 0 0 0 0 0 0 0 0 0 0 0 0 0 0 0 0 0 0 0 0 0 0 0 0 0 0 0 1 thirty
11533 0 0 0 0 0 0 0 0 0 0 0 0 0 0 0 0 0 0 0 0 0 0 0 0 0 0 0 0 0 1 this
11534 0 0 0 0 0 0 0 0 0 0 0 0 0 0 0 0 0 0 11535 11541 0 11543 0 0 0 0 0 0 0 0
11535 0 0 0 0 0 0 0 0 0 0 0 0 0 0 11536 11537 0 0 0 0 0 0 0 0 0 0 0 0 0 0
11536 0 0 0 0 0 0 0 0 0 0 0 0 0 0 0 0 0 0 0 0 0 0 0 0 0 0 0 0 0 1 thorn
11537 0 0 0 0 0 0 0 0 0 0 0 0 0 0 0 0 0 0 0 0 0 11538 0 0 0 0 0 0 0 0
11538 0 0 0 0 0 0 0 11539 0 0 0 0 0 0 0 0 0 0 0 0 0 0 0 0 0 0 0 0 0 0
11539 0 0 0 0 0 0 0 0 11540 0 0 0 0 0 0 0 0 0 0 0 0 0 0 0 0 0 0 0 0 0
11540 0 0 0 0 0 0 0 0 0 0 0 0 0 0 0 0 0 0 0 0 0 0 0 0 0 0 0 0 0 1 thorough
11541 0 0 0 0 0 11542 0 0 0 0 0 0 0 0 0 0 0 0 0 0 0 0 0 0 0 0 0 0 0 0
11542 0 0 0 0 0 0 0 0 0 0 0 0 0 0 0 0 0 0 0 0 0 0 0 0 0 0 0 0 0 1 those
11543 0 0 0 0 0 0 0 11544 0 0 0 0 0 0 0 0 0 0 0 11550 0 0 0 0 0 0 0 0 0 0
11544 0 0 0 0 0 0 0 0 11545 0 0 0 0 0 0 0 0 0 0 0 0 0 0 0 0 0 0 0 0 0
11545 0 0 0 0 0 0 0 0 0 0 0 0 0 0 0 0 0 0 0 0 11546 0 0 0 0 0 0 0 0 1 though
11546 0 0 0 0 0 0 11547 0 0 0 0 0 0 0 0 0 0 0 0 0 0 0 0 0 0 0 0 0 0 1 thought
11547 0 0 0 0 0 0 0 0 0 0 0 0 0 0 0 0 0 0 0 0 0 11548 0 0 0 0 0 0 0 0
11548 0 0 0 0 0 0 0 0 0 0 0 0 11549 0 0 0 0 0 0 0 0 0 0 0 0 0 0 0 0 0
11549 0 0 0 0 0 0 0 0 0 0 0 0 0 0 0 0 0 0 0 0 0 0 0 0 0 0 0 0 0 1 thoughtful
11550 0 11551 0 0 0 0 0 0 0 0 0 0 0 0 0 0 0 0 0 0 0 0 0 0 0 0 0 0 0 0
11551 0 0 0 0 0 0 0 0 0 0 0 0 0 0 11552 0 0 0 0 0 0 0 0 0 0 0 0 0 0 0
11552 0 0 0 0 11553 0 0 0 0 0 0 0 0 0 0 0 0 0 0 0 0 0 0 0 0 0 0 0 0 0
11553 0 0 0 0 0 0 0 0 0 0 0 0 0 0 0 0 0 0 0 0 0 0 0 0 0 0 0 0 0 1 thousand
11554 0 0 0 0 0 11555 0 0 0 11562 0 0 0 0 0 11567 0 0 0 0 0 11580 0 0 0 0 0 0 0 0
11555 0 11556 0 0 0 11561 0 0 0 0 0 0 0 0 0 0 0 0 0 0 0 0 0 0 0 0 0 0 0 0
11556 0 0 0 0 11557 0 0 0 0 0 0 0 0 0 0 0 0 0 0 0 11558 0 0 0 0 0 0 0 0 0
11557 0 0 0 0 0 0 0 0 0 0 0 0 0 0 0 0 0 0 0 0 0 0 0 0 0 0 0 0 0 1 thread
11558 0 0 0 0 0 11559 0 0 0 0 0 0 0 0 0 0 0 0 0 0 0 0 0 0 0 0 0 0 0 1 threat
11559 0 0 0 0 0 0 0 0 0 0 0 0 0 0 11560 0 0 0 0 0 0 0 0 0 0 0 0 0 0 0
11560 0 0 0 0 0 0 0 0 0 0 0 0 0 0 0 0 0 0 0 0 0 0 0 0 0 0 0 0 0 1 threaten
11561 0 0 0 0 0 0 0 0 0 0 0 0 0 0 0 0 0 0 0 0 0 0 0 0 0 0 0 0 0 1 three
11562 0 0 0 0 0 0 0 0 0 0 0 0 11563 0 0 0 0 0 0 0 0 0 11565 0 0 0 0 0 0 0
11563 0 0 0 0 0 0 0 0 0 0 0 0 11564 0 0 0 0 0 0 0 0 0 0 0 0 0 0 0 0 0
11564 0 0 0 0 0 0 0 0 0 0 0 0 0 0 0 0 0 0 0 0 0 0 0 0 0 0 0 0 0 1 thrill
11565 0 0 0 0 0 11566 0 0 0 0 0 0 0 0 0 0 0 0 0 0 0 0 0 0 0 0 0 0 0 0
11566 0 0 0 0 0 0 0 0 0 0 0 0 0 0 0 0 0 0 0 0 0 0 0 0 0 0 0 0 0 1 thrive
11567 0 11568 0 0 0 0 0 0 0 0 0 0 0 0 11570 0 0 0 0 0 0 11573 0 11579 0 0 0 0 0 0
11568 0 0 0 0 0 0 0 0 0 0 0 0 0 0 0 0 0 0 0 0 11569 0 0 0 0 0 0 0 0 0
11569 0 0 0 0 0 0 0 0 0 0 0 0 0 0 0 0 0 0 0 0 0 0 0 0 0 0 0 0 0 1 throat
11570 0 0 0 0 0 11571 0 11572 0 0 0 0 0 0 0 0 0 0 0 0 0 0 0 0 0 0 0 0 0 0
11571 0 0 0 0 0 0 0 0 0 0 0 0 0 0 0 0 0 0 0 0 0 0 0 0 0 0 0 0 0 1 throne
11572 0 0 0 0 0 0 0 0 0 0 0 0 0 0 0 0 0 0 0 0 0 0 0 0 0 0 0 0 0 1 throng
11573 0 0 0 0 0 0 0 11574 0 0 0 0 0 0 0 0 0 0 0 0 0 0 0 0 0 0 0 0 0 0
11574 0 0 0 0 0 0 0 0 11575 0 0 0 0 0 0 0 0 0 0 0 0 0 0 0 0 0 0 0 0 0
11575 0 0 0 0 0 0 0 0 0 0 0 0 0 0 0 11576 0 0 0 0 0 0 0 0 0 0 0 0 0 1 through
11576 0 0 0 0 0 0 0 0 0 0 0 0 0 0 0 0 0 0 0 0 0 11577 0 0 0 0 0 0 0 0
11577 0 0 0 0 0 0 0 0 0 0 0 0 0 0 0 0 0 0 0 0 11578 0 0 0 0 0 0 0 0 0
11578 0 0 0 0 0 0 0 0 0 0 0 0 0 0 0 0 0 0 0 0 0 0 0 0 0 0 0 0 0 1 throughout
11579 0 0 0 0 0 0 0 0 0 0 0 0 0 0 0 0 0 0 0 0 0 0 0 0 0 0 0 0 0 1 throw
11580 0 0 0 0 0 0 0 0 0 0 0 0 0 0 0 0 0 0 0 11581 0 0 0 0 0 0 0 0 0 0
11581 0 0 0 0 0 0 0 0 0 0 0 0 0 0 0 0 0 0 0 0 11582 0 0 0 0 0 0 0 0 0
11582 0 0 0 0 0 0 0 0 0 0 0 0 0 0 0 0 0 0 0 0 0 0 0 0 0 0 0 0 0 1 thrust
11583 0 0 0 0 0 0 0 0 0 0 0 0 0 11584 11586 0 0 0 11590 11595 0 0 0 0 0 0 0 0 0 0
11584 0 0 11585 0 0 0 0 0 0 0 0 0 0 0 0 0 0 0 0 0 0 0 0 0 0 0 0 0 0 0
11585 0 0 0 0 0 0 0 0 0 0 0 0 0 0 0 0 0 0 0 0 0 0 0 0 0 0 0 0 0 1 thumb
11586 0 0 0 0 11587 0 0 0 0 0 0 0 0 0 0 0 0 0 0 0 0 0 0 0 0 0 0 0 0 0
11587 0 0 0 0 0 11588 0 0 0 0 0 0 0 0 0 0 0 0 0 0 0 0 0 0 0 0 0 0 0 0
11588 0 0 0 0 0 0 0 0 0 0 0 0 0 0 0 0 0 0 11589 0 0 0 0 0 0 0 0 0 0 0
11589 0 0 0 0 0 0 0 0 0 0 0 0 0 0 0 0 0 0 0 0 0 0 0 0 0 0 0 0 0 1 thunder
11590 0 0 0 0 0 0 0 0 0 0 0 0 0 0 0 0 0 0 0 11591 0 0 0 0 0 0 0 0 0 0
11591 0 0 0 0 11592 0 0 0 0 0 0 0 0 0 0 0 0 0 0 0 0 0 0 0 0 0 0 0 0 0
11592 0 11593 0 0 0 0 0 0 0 0 0 0 0 0 0 0 0 0 0 0 0 0 0 0 0 0 0 0 0 0
11593 0 0 0 0 0 0 0 0 0 0 0 0 0 0 0 0 0 0 0 0 0 0 0 0 0 11594 0 0 0 0
11594 0 0 0 0 0 0 0 0 0 0 0 0 0 0 0 0 0 0 0 0 0 0 0 0 0 0 0 0 0 1 Thursday
11595 0 0 0 0 0 0 0 0 0 0 0 0 0 0 0 0 0 0 0 0 0 0 0 0 0 0 0 0 0 1 thus
11596 0 0 0 11597 11601 11604 0 11605 0 0 0 0 11610 11612 11624 0 11626 0 11627 11630 11634 0 0 0 0 0 0 0 0 0
11597 0 0 0 0 0 0 0 0 0 0 0 11598 0 0 0 0 0 0 0 0 0 0 0 0 0 0 0 0 0 0
11598 0 0 0 0 0 11599 0 0 0 0 0 0 0 0 0 0 0 0 0 0 0 0 0 0 0 0 0 0 0 1 tick
11599 0 0 0 0 0 0 0 0 0 0 0 0 0 0 0 0 0 0 0 0 11600 0 0 0 0 0 0 0 0 0
11600 0 0 0 0 0 0 0 0 0 0 0 0 0 0 0 0 0 0 0 0 0 0 0 0 0 0 0 0 0 1 ticket
11601 0 0 0 0 0 11602 0 0 0 0 0 0 0 0 0 0 0 0 0 0 0 0 0 0 0 11603 0 0 0 0
11602 0 0 0 0 0 0 0 0 0 0 0 0 0 0 0 0 0 0 0 0 0 0 0 0 0 0 0 0 0 1 tide
11603 0 0 0 0 0 0 0 0 0 0 0 0 0 0 0 0 0 0 0 0 0 0 0 0 0 0 0 0 0 1 tidy
11604 0 0 0 0 0 0 0 0 0 0 0 0 0 0 0 0 0 0 0 0 0 0 0 0 0 0 0 0 0 1 tie
11605 0 0 0 0 0 11606 0 0 11608 0 0 0 0 0 0 0 0 0 0 0 0 0 0 0 0 0 0 0 0 0
11606 0 0 0 0 0 0 0 0 0 0 0 0 0 0 0 0 0 0 11607 0 0 0 0 0 0 0 0 0 0 0
11607 0 0 0 0 0 0 0 0 0 0 0 0 0 0 0 0 0 0 0 0 0 0 0 0 0 0 0 0 0 1 tiger
11608 0 0 0 0 0 0 0 0 0 0 0 0 0 0 0 0 0 0 0 0 11609 0 0 0 0 0 0 0 0 0
11609 0 0 0 0 0 0 0 0 0 0 0 0 0 0 0 0 0 0 0 0 0 0 0 0 0 0 0 0 0 1 tight
11610 0 0 0 0 0 0 0 0 0 0 0 0 11611 0 0 0 0 0 0 0 0 0 0 0 0 0 0 0 0 0
11611 0 0 0 0 0 0 0 0 0 0 0 0 0 0 0 0 0 0 0 0 0 0 0 0 0 0 0 0 0 1 till
11612 0 0 11613 0 0 11616 0 0 0 11622 0 0 0 0 0 0 0 0 0 0 0 0 0 0 0 0 0 0 0 0
11613 0 0 0 0 0 11614 0 0 0 0 0 0 0 0 0 0 0 0 0 0 0 0 0 0 0 0 0 0 0 0
11614 0 0 0 0 0 0 0 0 0 0 0 0 0 0 0 0 0 0 11615 0 0 0 0 0 0 0 0 0 0 0
11615 0 0 0 0 0 0 0 0 0 0 0 0 0 0 0 0 0 0 0 0 0 0 0 0 0 0 0 0 0 1 timber
11616 0 0 0 0 0 0 0 0 0 0 0 0 0 0 0 0 0 0 0 0 11617 0 0 0 0 0 0 0 0 1 time
11617 0 11618 0 0 0 0 0 0 0 0 0 0 0 0 0 0 0 0 0 0 0 0 0 0 0 0 0 0 0 0
11618 0 0 11619 0 0 0 0 0 0 0 0 0 0 0 0 0 0 0 0 0 0 0 0 0 0 0 0 0 0 0
11619 0 0 0 0 0 0 0 0 0 0 0 0 11620 0 0 0 0 0 0 0 0 0 0 0 0 0 0 0 0 0
11620 0 0 0 0 0 11621 0 0 0 0 0 0 0 0 0 0 0 0 0 0 0 0 0 0 0 0 0 0 0 0
11621 0 0 0 0 0 0 0 0 0 0 0 0 0 0 0 0 0 0 0 0 0 0 0 0 0 0 0 0 0 1 timetable
11622 0 0 0 0 11623 0 0 0 0 0 0 0 0 0 0 0 0 0 0 0 0 0 0 0 0 0 0 0 0 0
11623 0 0 0 0 0 0 0 0 0 0 0 0 0 0 0 0 0 0 0 0 0 0 0 0 0 0 0 0 0 1 timid
11624 0 0 0 0 0 0 0 0 0 0 0 0 0 0 0 0 0 0 0 0 0 0 0 0 0 11625 0 0 0 1 tin
11625 0 0 0 0 0 0 0 0 0 0 0 0 0 0 0 0 0 0 0 0 0 0 0 0 0 0 0 0 0 1 tiny
11626 0 0 0 0 0 0 0 0 0 0 0 0 0 0 0 0 0 0 0 0 0 0 0 0 0 0 0 0 0 1 tip
11627 0 0 0 0 0 11628 0 0 0 0 0 0 0 0 0 0 0 0 0 0 0 0 0 0 0 0 0 0 0 0
11628 0 0 0 0 11629 0 0 0 0 0 0 0 0 0 0 0 0 0 0 0 0 0 0 0 0 0 0 0 0 1 tire
11629 0 0 0 0 0 0 0 0 0 0 0 0 0 0 0 0 0 0 0 0 0 0 0 0 0 0 0 0 0 1 tired
11630 0 0 0 0 0 0 0 0 0 0 0 0 0 0 0 0 0 0 0 11631 0 0 0 0 0 0 0 0 0 0
11631 0 0 0 0 0 0 0 0 0 0 0 0 0 0 0 0 0 0 0 0 0 11632 0 0 0 0 0 0 0 0
11632 0 0 0 0 0 11633 0 0 0 0 0 0 0 0 0 0 0 0 0 0 0 0 0 0 0 0 0 0 0 0
11633 0 0 0 0 0 0 0 0 0 0 0 0 0 0 0 0 0 0 0 0 0 0 0 0 0 0 0 0 0 1 tissue
11634 0 0 0 0 0 0 0 0 0 0 0 0 11635 0 0 0 0 0 0 0 0 0 0 0 0 0 0 0 0 0
11635 0 0 0 0 0 11636 0 0 0 0 0 0 0 0 0 0 0 0 0 0 0 0 0 0 0 0 0 0 0 0
11636 0 0 0 0 0 0 0 0 0 0 0 0 0 0 0 0 0 0 0 0 0 0 0 0 0 0 0 0 0 1 title
11637 0 11638 11641 0 11646 11649 0 11650 0 11656 0 0 11660 11669 11679 11688 11692 0 11695 11710 11712 11715 0 11724 0 11732 0 0 0 1 to
11638 0 0 0 0 0 0 0 0 0 0 0 0 0 0 0 0 0 0 0 11639 0 0 0 0 0 0 0 0 0 0
11639 0 0 0 0 0 0 0 0 0 0 0 0 0 0 0 0 0 0 0 0 11640 0 0 0 0 0 0 0 0 0
11640 0 0 0 0 0 0 0 0 0 0 0 0 0 0 0 0 0 0 0 0 0 0 0 0 0 0 0 0 0 1 toast
11641 0 11642 0 0 0 0 0 0 0 0 0 0 0 0 0 0 0 0 0 0 0 0 0 0 0 0 0 0 0 0
11642 0 0 0 11643 0 0 0 0 0 0 0 0 0 0 0 0 0 0 0 0 0 0 0 0 0 0 0 0 0 0
11643 0 0 0 11644 0 0 0 0 0 0 0 0 0 0 0 0 0 0 0 0 0 0 0 0 0 0 0 0 0 0
11644 0 0 0 0 0 0 0 0 0 0 0 0 0 0 0 11645 0 0 0 0 0 0 0 0 0 0 0 0 0 0
11645 0 0 0 0 0 0 0 0 0 0 0 0 0 0 0 0 0 0 0 0 0 0 0 0 0 0 0 0 0 1 tobacco
11646 0 11647 0 0 0 0 0 0 0 0 0 0 0 0 0 0 0 0 0 0 0 0 0 0 0 0 0 0 0 0
11647 0 0 0 0 0 0 0 0 0 0 0 0 0 0 0 0 0 0 0 0 0 0 0 0 0 11648 0 0 0 0
11648 0 0 0 0 0 0 0 0 0 0 0 0 0 0 0 0 0 0 0 0 0 0 0 0 0 0 0 0 0 1 today
11649 0 0 0 0 0 0 0 0 0 0 0 0 0 0 0 0 0 0 0 0 0 0 0 0 0 0 0 0 0 1 toe
11650 0 0 0 0 0 11651 0 0 0 0 0 0 0 0 0 0 0 0 0 0 0 0 0 0 0 0 0 0 0 0
11651 0 0 0 0 0 0 0 0 0 0 0 0 0 0 0 0 0 0 0 0 11652 0 0 0 0 0 0 0 0 0
11652 0 0 0 0 0 0 0 0 11653 0 0 0 0 0 0 0 0 0 0 0 0 0 0 0 0 0 0 0 0 0
11653 0 0 0 0 0 11654 0 0 0 0 0 0 0 0 0 0 0 0 0 0 0 0 0 0 0 0 0 0 0 0
11654 0 0 0 0 0 0 0 0 0 0 0 0 0 0 0 0 0 0 11655 0 0 0 0 0 0 0 0 0 0 0
11655 0 0 0 0 0 0 0 0 0 0 0 0 0 0 0 0 0 0 0 0 0 0 0 0 0 0 0 0 0 1 together
11656 0 0 0 0 0 0 0 0 0 0 0 0 11657 0 0 0 0 0 0 0 0 0 0 0 0 0 0 0 0 0
11657 0 0 0 0 0 11658 0 0 0 0 0 0 0 0 0 0 0 0 0 0 0 0 0 0 0 0 0 0 0 0
11658 0 0 0 0 0 0 0 0 0 0 0 0 0 0 0 0 0 0 0 0 11659 0 0 0 0 0 0 0 0 0
11659 0 0 0 0 0 0 0 0 0 0 0 0 0 0 0 0 0 0 0 0 0 0 0 0 0 0 0 0 0 1 toilet
11660 0 0 0 0 0 11661 0 0 0 0 0 0 0 0 0 0 0 0 0 0 0 0 0 0 0 0 0 0 0 0
11661 0 0 0 0 0 0 0 0 0 0 0 0 0 0 0 0 0 0 11662 0 0 0 0 0 0 0 0 0 0 0
11662 0 11663 0 0 0 0 0 0 0 0 0 0 0 0 0 0 0 0 0 0 0 0 0 0 0 0 0 0 0 0
11663 0 0 0 0 0 0 0 0 0 0 0 0 0 0 11664 0 0 0 0 0 11667 0 0 0 0 0 0 0 0 0
11664 0 0 0 11665 0 0 0 0 0 0 0 0 0 0 0 0 0 0 0 0 0 0 0 0 0 0 0 0 0 0
11665 0 0 0 0 0 11666 0 0 0 0 0 0 0 0 0 0 0 0 0 0 0 0 0 0 0 0 0 0 0 0
11666 0 0 0 0 0 0 0 0 0 0 0 0 0 0 0 0 0 0 0 0 0 0 0 0 0 0 0 0 0 1 tolerance
11667 0 0 0 0 0 11668 0 0 0 0 0 0 0 0 0 0 0 0 0 0 0 0 0 0 0 0 0 0 0 0
11668 0 0 0 0 0 0 0 0 0 0 0 0 0 0 0 0 0 0 0 0 0 0 0 0 0 0 0 0 0 1 tolerate
11669 0 11670 11673 0 0 0 0 0 0 0 0 0 0 0 0 11674 0 0 0 0 0 0 0 0 0 0 0 0 0 0
11670 0 0 0 0 0 0 0 0 0 0 0 0 0 0 0 0 0 0 0 0 11671 0 0 0 0 0 0 0 0 0
11671 0 0 0 0 0 0 0 0 0 0 0 0 0 0 0 11672 0 0 0 0 0 0 0 0 0 0 0 0 0 0
11672 0 0 0 0 0 0 0 0 0 0 0 0 0 0 0 0 0 0 0 0 0 0 0 0 0 0 0 0 0 1 tomato
11673 0 0 0 0 0 0 0 0 0 0 0 0 0 0 0 0 0 0 0 0 0 0 0 0 0 0 0 0 0 1 tomb
11674 0 0 0 0 0 0 0 0 0 0 0 0 0 0 0 0 0 0 11675 0 0 0 0 0 0 0 0 0 0 0
11675 0 0 0 0 0 0 0 0 0 0 0 0 0 0 0 0 0 0 11676 0 0 0 0 0 0 0 0 0 0 0
11676 0 0 0 0 0 0 0 0 0 0 0 0 0 0 0 11677 0 0 0 0 0 0 0 0 0 0 0 0 0 0
11677 0 0 0 0 0 0 0 0 0 0 0 0 0 0 0 0 0 0 0 0 0 0 0 11678 0 0 0 0 0 0
11678 0 0 0 0 0 0 0 0 0 0 0 0 0 0 0 0 0 0 0 0 0 0 0 0 0 0 0 0 0 1 tomorrow
11679 0 0 0 0 0 11680 0 11681 0 11684 0 0 0 0 0 0 0 0 0 0 0 0 0 0 0 0 0 0 0 1 ton
11680 0 0 0 0 0 0 0 0 0 0 0 0 0 0 0 0 0 0 0 0 0 0 0 0 0 0 0 0 0 1 tone
11681 0 0 0 0 0 0 0 0 0 0 0 0 0 0 0 0 0 0 0 0 0 11682 0 0 0 0 0 0 0 0
11682 0 0 0 0 0 11683 0 0 0 0 0 0 0 0 0 0 0 0 0 0 0 0 0 0 0 0 0 0 0 0
11683 0 0 0 0 0 0 0 0 0 0 0 0 0 0 0 0 0 0 0 0 0 0 0 0 0 0 0 0 0 1 tongue
11684 0 0 0 0 0 0 0 11685 0 0 0 0 0 0 0 0 0 0 0 0 0 0 0 0 0 0 0 0 0 0
11685 0 0 0 0 0 0 0 0 11686 0 0 0 0 0 0 0 0 0 0 0 0 0 0 0 0 0 0 0 0 0
11686 0 0 0 0 0 0 0 0 0 0 0 0 0 0 0 0 0 0 0 0 11687 0 0 0 0 0 0 0 0 0
11687 0 0 0 0 0 0 0 0 0 0 0 0 0 0 0 0 0 0 0 0 0 0 0 0 0 0 0 0 0 1 tonight
11688 0 0 0 0 0 0 0 0 0 0 0 0 11689 0 0 0 0 0 0 0 11690 0 0 0 0 0 0 0 0 1 too
11689 0 0 0 0 0 0 0 0 0 0 0 0 0 0 0 0 0 0 0 0 0 0 0 0 0 0 0 0 0 1 tool
11690 0 0 0 0 0 0 0 0 11691 0 0 0 0 0 0 0 0 0 0 0 0 0 0 0 0 0 0 0 0 0
11691 0 0 0 0 0 0 0 0 0 0 0 0 0 0 0 0 0 0 0 0 0 0 0 0 0 0 0 0 0 1 tooth
11692 0 0 0 0 0 0 0 0 0 11693 0 0 0 0 0 0 0 0 0 0 0 0 0 0 0 0 0 0 0 1 top
11693 0 0 0 11694 0 0 0 0 0 0 0 0 0 0 0 0 0 0 0 0 0 0 0 0 0 0 0 0 0 0
11694 0 0 0 0 0 0 0 0 0 0 0 0 0 0 0 0 0 0 0 0 0 0 0 0 0 0 0 0 0 1 topic
11695 0 0 0 11696 0 0 0 0 0 0 0 0 0 0 0 0 0 0 11698 0 11702 0 0 0 0 0 0 0 0 0
11696 0 0 0 0 0 0 0 0 11697 0 0 0 0 0 0 0 0 0 0 0 0 0 0 0 0 0 0 0 0 0
11697 0 0 0 0 0 0 0 0 0 0 0 0 0 0 0 0 0 0 0 0 0 0 0 0 0 0 0 0 0 1 torch
11698 0 0 0 0 0 11699 0 0 0 0 0 0 0 0 0 0 0 0 0 0 0 0 0 0 0 0 0 0 0 0
11699 0 0 0 0 0 0 0 0 0 0 0 0 0 0 11700 0 0 0 0 0 0 0 0 0 0 0 0 0 0 0
11700 0 0 0 0 0 0 0 0 0 0 0 0 0 0 0 0 0 0 0 0 11701 0 0 0 0 0 0 0 0 0
11701 0 0 0 0 0 0 0 0 0 0 0 0 0 0 0 0 0 0 0 0 0 0 0 0 0 0 0 0 0 1 torrent
11702 0 0 0 0 0 0 0 0 0 0 0 0 0 0 0 11703 0 0 0 0 0 11707 0 0 0 0 0 0 0 0
11703 0 0 0 0 0 0 0 0 0 11704 0 0 0 0 0 0 0 0 0 0 0 0 0 0 0 0 0 0 0 0
11704 0 0 0 0 0 0 0 0 0 0 0 0 0 0 0 0 0 0 0 11705 0 0 0 0 0 0 0 0 0 0
11705 0 0 0 0 0 11706 0 0 0 0 0 0 0 0 0 0 0 0 0 0 0 0 0 0 0 0 0 0 0 0
11706 0 0 0 0 0 0 0 0 0 0 0 0 0 0 0 0 0 0 0 0 0 0 0 0 0 0 0 0 0 1 tortoise
11707 0 0 0 0 0 0 0 0 0 0 0 0 0 0 0 0 0 0 11708 0 0 0 0 0 0 0 0 0 0 0
11708 0 0 0 0 0 11709 0 0 0 0 0 0 0 0 0 0 0 0 0 0 0 0 0 0 0 0 0 0 0 0
11709 0 0 0 0 0 0 0 0 0 0 0 0 0 0 0 0 0 0 0 0 0 0 0 0 0 0 0 0 0 1 torture
11710 0 0 0 0 0 0 0 0 0 0 0 0 0 0 0 0 0 0 0 11711 0 0 0 0 0 0 0 0 0 0
11711 0 0 0 0 0 0 0 0 0 0 0 0 0 0 0 0 0 0 0 0 0 0 0 0 0 0 0 0 0 1 toss
11712 0 11713 0 0 0 0 0 0 0 0 0 0 0 0 0 0 0 0 0 0 0 0 0 0 0 0 0 0 0 0
11713 0 0 0 0 0 0 0 0 0 0 0 0 11714 0 0 0 0 0 0 0 0 0 0 0 0 0 0 0 0 0
11714 0 0 0 0 0 0 0 0 0 0 0 0 0 0 0 0 0 0 0 0 0 0 0 0 0 0 0 0 0 1 total
11715 0 0 0 11716 0 0 0 11718 0 0 0 0 0 0 0 0 0 0 11720 0 0 0 0 0 0 0 0 0 0 0
11716 0 0 0 0 0 0 0 0 11717 0 0 0 0 0 0 0 0 0 0 0 0 0 0 0 0 0 0 0 0 0
11717 0 0 0 0 0 0 0 0 0 0 0 0 0 0 0 0 0 0 0 0 0 0 0 0 0 0 0 0 0 1 touch
11718 0 0 0 0 0 0 0 0 11719 0 0 0 0 0 0 0 0 0 0 0 0 0 0 0 0 0 0 0 0 0
11719 0 0 0 0 0 0 0 0 0 0 0 0 0 0 0 0 0 0 0 0 0 0 0 0 0 0 0 0 0 1 tough
11720 0 0 0 0 0 0 0 0 0 11721 0 0 0 0 0 0 0 0 0 0 0 0 0 0 0 0 0 0 0 1 tour
11721 0 0 0 0 0 0 0 0 0 0 0 0 0 0 0 0 0 0 0 11722 0 0 0 0 0 0 0 0 0 0
11722 0 0 0 0 0 0 0 0 0 0 0 0 0 0 0 0 0 0 0 0 11723 0 0 0 0 0 0 0 0 0
11723 0 0 0 0 0 0 0 0 0 0 0 0 0 0 0 0 0 0 0 0 0 0 0 0 0 0 0 0 0 1 tourist
11724 0 11725 0 0 0 11728 0 0 0 0 0 0 0 0 11731 0 0 0 0 0 0 0 0 0 0 0 0 0 0 0
11725 0 0 0 0 0 0 0 0 0 0 0 0 0 0 0 0 0 0 11726 0 0 0 0 0 0 0 0 0 0 0
11726 0 0 0 0 11727 0 0 0 0 0 0 0 0 0 0 0 0 0 0 0 0 0 0 0 0 0 0 0 0 0
11727 0 0 0 0 0 0 0 0 0 0 0 0 0 0 0 0 0 0 0 0 0 0 0 0 0 0 0 0 0 1 toward
11728 0 0 0 0 0 0 0 0 0 0 0 0 11729 0 0 0 0 0 11730 0 0 0 0 0 0 0 0 0 0 0
11729 0 0 0 0 0 0 0 0 0 0 0 0 0 0 0 0 0 0 0 0 0 0 0 0 0 0 0 0 0 1 towel
11730 0 0 0 0 0 0 0 0 0 0 0 0 0 0 0 0 0 0 0 0 0 0 0 0 0 0 0 0 0 1 tower
11731 0 0 0 0 0 0 0 0 0 0 0 0 0 0 0 0 0 0 0 0 0 0 0 0 0 0 0 0 0 1 town
11732 0 0 0 0 0 0 0 0 0 0 0 0 0 0 0 0 0 0 0 0 0 0 0 0 0 0 0 0 0 1 toy
11733 0 11734 0 0 0 11823 0 0 0 11850 0 0 0 0 0 11870 0 0 0 0 0 11890 0 0 0 11906 0 0 0 0
11734 0 0 0 11735 11741 0 11750 11754 0 11758 0 0 0 11767 11769 0 11818 0 0 0 0 0 11819 0 0 11822 0 0 0 0
11735 0 0 0 0 0 11736 0 0 0 0 0 11737 0 0 0 0 0 0 0 0 11738 0 0 0 0 0 0 0 0 0
11736 0 0 0 0 0 0 0 0 0 0 0 0 0 0 0 0 0 0 0 0 0 0 0 0 0 0 0 0 0 1 trace
11737 0 0 0 0 0 0 0 0 0 0 0 0 0 0 0 0 0 0 0 0 0 0 0 0 0 0 0 0 0 1 track
11738 0 0 0 0 0 0 0 0 0 0 0 0 0 0 0 11739 0 0 0 0 0 0 0 0 0 0 0 0 0 0
11739 0 0 0 0 0 0 0 0 0 0 0 0 0 0 0 0 0 0 11740 0 0 0 0 0 0 0 0 0 0 0
11740 0 0 0 0 0 0 0 0 0 0 0 0 0 0 0 0 0 0 0 0 0 0 0 0 0 0 0 0 0 1 tractor
11741 0 0 0 0 0 11742 0 0 0 11743 0 0 0 0 0 0 0 0 0 0 0 0 0 0 0 0 0 0 0 0
11742 0 0 0 0 0 0 0 0 0 0 0 0 0 0 0 0 0 0 0 0 0 0 0 0 0 0 0 0 0 1 trade
11743 0 0 0 0 0 0 0 0 0 0 0 0 0 0 0 0 0 0 0 0 11744 0 0 0 0 0 0 0 0 0
11744 0 0 0 0 0 0 0 0 0 11745 0 0 0 0 0 0 0 0 0 0 0 0 0 0 0 0 0 0 0 0
11745 0 0 0 0 0 0 0 0 0 0 0 0 0 0 0 11746 0 0 0 0 0 0 0 0 0 0 0 0 0 0
11746 0 0 0 0 0 0 0 0 0 0 0 0 0 0 11747 0 0 0 0 0 0 0 0 0 0 0 0 0 0 0
11747 0 11748 0 0 0 0 0 0 0 0 0 0 0 0 0 0 0 0 0 0 0 0 0 0 0 0 0 0 0 1 tradition
11748 0 0 0 0 0 0 0 0 0 0 0 0 11749 0 0 0 0 0 0 0 0 0 0 0 0 0 0 0 0 0
11749 0 0 0 0 0 0 0 0 0 0 0 0 0 0 0 0 0 0 0 0 0 0 0 0 0 0 0 0 0 1 traditional
11750 0 0 0 0 0 0 11751 0 0 0 0 0 0 0 0 0 0 0 0 0 0 0 0 0 0 0 0 0 0 0
11751 0 0 0 0 0 0 0 0 0 11752 0 0 0 0 0 0 0 0 0 0 0 0 0 0 0 0 0 0 0 0
11752 0 0 0 11753 0 0 0 0 0 0 0 0 0 0 0 0 0 0 0 0 0 0 0 0 0 0 0 0 0 0
11753 0 0 0 0 0 0 0 0 0 0 0 0 0 0 0 0 0 0 0 0 0 0 0 0 0 0 0 0 0 1 traffic
11754 0 0 0 0 0 11755 0 0 0 0 0 0 0 0 0 0 0 0 0 0 0 0 0 0 0 0 0 0 0 0
11755 0 0 0 0 11756 0 0 0 0 0 0 0 0 0 0 0 0 0 0 0 0 0 0 0 0 0 0 0 0 0
11756 0 0 0 0 0 0 0 0 0 0 0 0 0 0 0 0 0 0 0 0 0 0 0 0 0 11757 0 0 0 0
11757 0 0 0 0 0 0 0 0 0 0 0 0 0 0 0 0 0 0 0 0 0 0 0 0 0 0 0 0 0 1 tragedy
11758 0 0 0 0 0 0 0 0 0 0 0 0 11759 0 11760 0 0 0 0 0 11764 0 0 0 0 0 0 0 0 0
11759 0 0 0 0 0 0 0 0 0 0 0 0 0 0 0 0 0 0 0 0 0 0 0 0 0 0 0 0 0 1 trail
11760 0 0 0 0 0 0 0 0 0 11761 0 0 0 0 0 0 0 0 0 0 0 0 0 0 0 0 0 0 0 1 train
11761 0 0 0 0 0 0 0 0 0 0 0 0 0 0 11762 0 0 0 0 0 0 0 0 0 0 0 0 0 0 0
11762 0 0 0 0 0 0 0 11763 0 0 0 0 0 0 0 0 0 0 0 0 0 0 0 0 0 0 0 0 0 0
11763 0 0 0 0 0 0 0 0 0 0 0 0 0 0 0 0 0 0 0 0 0 0 0 0 0 0 0 0 0 1 training
11764 0 0 0 0 0 0 0 0 0 0 0 0 0 0 0 11765 0 0 0 0 0 0 0 0 0 0 0 0 0 0
11765 0 0 0 0 0 0 0 0 0 0 0 0 0 0 0 0 0 0 11766 0 0 0 0 0 0 0 0 0 0 0
11766 0 0 0 0 0 0 0 0 0 0 0 0 0 0 0 0 0 0 0 0 0 0 0 0 0 0 0 0 0 1 traitor
11767 0 0 0 0 0 0 0 0 0 0 0 0 0 0 0 0 11768 0 0 0 0 0 0 0 0 0 0 0 0 1 tram
11768 0 0 0 0 0 0 0 0 0 0 0 0 0 0 0 0 0 0 0 0 0 0 0 0 0 0 0 0 0 1 tramp
11769 0 0 0 0 0 0 0 0 0 0 0 0 0 0 0 0 0 0 0 11770 0 0 0 0 0 0 0 0 0 0
11770 0 0 0 0 0 0 11771 0 0 11784 0 0 11789 11796 0 0 11804 0 0 0 0 0 0 0 0 0 0 0 0 0
11771 0 0 0 0 0 11772 0 0 0 0 0 0 0 0 0 11774 0 0 0 0 0 0 0 0 0 0 0 0 0 0
11772 0 0 0 0 0 0 0 0 0 0 0 0 0 0 0 0 0 0 11773 0 0 0 0 0 0 0 0 0 0 0
11773 0 0 0 0 0 0 0 0 0 0 0 0 0 0 0 0 0 0 0 0 0 0 0 0 0 0 0 0 0 1 transfer
11774 0 0 0 0 0 0 0 0 0 0 0 0 0 0 0 0 0 0 11775 0 0 0 0 0 0 0 0 0 0 0
11775 0 0 0 0 0 0 0 0 0 0 0 0 0 11776 0 0 0 0 0 0 0 0 0 0 0 0 0 0 0 0
11776 0 11777 0 0 0 11782 0 0 0 0 0 0 0 0 0 0 0 0 0 0 0 0 0 0 0 0 0 0 0 1 transform
11777 0 0 0 0 0 0 0 0 0 0 0 0 0 0 0 0 0 0 0 0 11778 0 0 0 0 0 0 0 0 0
11778 0 0 0 0 0 0 0 0 0 11779 0 0 0 0 0 0 0 0 0 0 0 0 0 0 0 0 0 0 0 0
11779 0 0 0 0 0 0 0 0 0 0 0 0 0 0 0 11780 0 0 0 0 0 0 0 0 0 0 0 0 0 0
11780 0 0 0 0 0 0 0 0 0 0 0 0 0 0 11781 0 0 0 0 0 0 0 0 0 0 0 0 0 0 0
11781 0 0 0 0 0 0 0 0 0 0 0 0 0 0 0 0 0 0 0 0 0 0 0 0 0 0 0 0 0 1 transformation
11782 0 0 0 0 0 0 0 0 0 0 0 0 0 0 0 0 0 0 11783 0 0 0 0 0 0 0 0 0 0 0
11783 0 0 0 0 0 0 0 0 0 0 0 0 0 0 0 0 0 0 0 0 0 0 0 0 0 0 0 0 0 1 transformer
11784 0 0 0 0 0 0 0 0 0 0 0 0 0 0 0 0 0 0 0 11785 0 0 0 0 0 0 0 0 0 0
11785 0 0 0 0 0 0 0 0 0 0 0 0 0 0 0 0 0 0 0 0 11786 0 0 0 0 0 0 0 0 0
11786 0 0 0 0 0 0 0 0 0 0 0 0 0 0 0 11787 0 0 0 0 0 0 0 0 0 0 0 0 0 0
11787 0 0 0 0 0 0 0 0 0 0 0 0 0 0 0 0 0 0 11788 0 0 0 0 0 0 0 0 0 0 0
11788 0 0 0 0 0 0 0 0 0 0 0 0 0 0 0 0 0 0 0 0 0 0 0 0 0 0 0 0 0 1 transistor
11789 0 11790 0 0 0 0 0 0 0 0 0 0 0 0 0 0 0 0 0 0 0 0 0 0 0 0 0 0 0 0
11790 0 0 0 0 0 0 0 0 0 0 0 0 0 0 0 0 0 0 0 0 11791 0 0 0 0 0 0 0 0 0
11791 0 0 0 0 0 11792 0 0 0 11793 0 0 0 0 0 0 0 0 0 0 0 0 0 0 0 0 0 0 0 0
11792 0 0 0 0 0 0 0 0 0 0 0 0 0 0 0 0 0 0 0 0 0 0 0 0 0 0 0 0 0 1 translate
11793 0 0 0 0 0 0 0 0 0 0 0 0 0 0 0 11794 0 0 0 0 0 0 0 0 0 0 0 0 0 0
11794 0 0 0 0 0 0 0 0 0 0 0 0 0 0 11795 0 0 0 0 0 0 0 0 0 0 0 0 0 0 0
11795 0 0 0 0 0 0 0 0 0 0 0 0 0 0 0 0 0 0 0 0 0 0 0 0 0 0 0 0 0 1 translation
11796 0 0 0 0 0 0 0 0 0 11797 0 0 0 0 0 0 0 0 0 0 0 0 0 0 0 0 0 0 0 0
11797 0 0 0 0 0 0 0 0 0 0 0 0 0 0 0 0 0 0 0 11798 11803 0 0 0 0 0 0 0 0 0
11798 0 0 0 0 0 0 0 0 0 0 0 0 0 0 0 0 0 0 0 11799 0 0 0 0 0 0 0 0 0 0
11799 0 0 0 0 0 0 0 0 0 11800 0 0 0 0 0 0 0 0 0 0 0 0 0 0 0 0 0 0 0 0
11800 0 0 0 0 0 0 0 0 0 0 0 0 0 0 0 11801 0 0 0 0 0 0 0 0 0 0 0 0 0 0
11801 0 0 0 0 0 0 0 0 0 0 0 0 0 0 11802 0 0 0 0 0 0 0 0 0 0 0 0 0 0 0
11802 0 0 0 0 0 0 0 0 0 0 0 0 0 0 0 0 0 0 0 0 0 0 0 0 0 0 0 0 0 1 transmission
11803 0 0 0 0 0 0 0 0 0 0 0 0 0 0 0 0 0 0 0 0 0 0 0 0 0 0 0 0 0 1 transmit
11804 0 11805 0 0 0 0 0 0 0 0 0 0 0 0 0 11810 0 0 0 0 0 0 0 0 0 0 0 0 0 0
11805 0 0 0 0 0 0 0 0 0 0 0 0 0 0 0 0 0 0 11806 0 0 0 0 0 0 0 0 0 0 0
11806 0 0 0 0 0 11807 0 0 0 0 0 0 0 0 0 0 0 0 0 0 0 0 0 0 0 0 0 0 0 0
11807 0 0 0 0 0 0 0 0 0 0 0 0 0 0 11808 0 0 0 0 0 0 0 0 0 0 0 0 0 0 0
11808 0 0 0 0 0 0 0 0 0 0 0 0 0 0 0 0 0 0 0 0 11809 0 0 0 0 0 0 0 0 0
11809 0 0 0 0 0 0 0 0 0 0 0 0 0 0 0 0 0 0 0 0 0 0 0 0 0 0 0 0 0 1 transparent
11810 0 0 0 0 0 0 0 0 0 0 0 0 0 0 0 0 0 0 11811 0 0 0 0 0 0 0 0 0 0 0
11811 0 0 0 0 0 0 0 0 0 0 0 0 0 0 0 0 0 0 0 0 11812 0 0 0 0 0 0 0 0 0
11812 0 11813 0 0 0 0 0 0 0 0 0 0 0 0 0 0 0 0 0 0 0 0 0 0 0 0 0 0 0 1 transport
11813 0 0 0 0 0 0 0 0 0 0 0 0 0 0 0 0 0 0 0 0 11814 0 0 0 0 0 0 0 0 0
11814 0 0 0 0 0 0 0 0 0 11815 0 0 0 0 0 0 0 0 0 0 0 0 0 0 0 0 0 0 0 0
11815 0 0 0 0 0 0 0 0 0 0 0 0 0 0 0 11816 0 0 0 0 0 0 0 0 0 0 0 0 0 0
11816 0 0 0 0 0 0 0 0 0 0 0 0 0 0 11817 0 0 0 0 0 0 0 0 0 0 0 0 0 0 0
11817 0 0 0 0 0 0 0 0 0 0 0 0 0 0 0 0 0 0 0 0 0 0 0 0 0 0 0 0 0 1 transportation
11818 0 0 0 0 0 0 0 0 0 0 0 0 0 0 0 0 0 0 0 0 0 0 0 0 0 0 0 0 0 1 trap
11819 0 0 0 0 0 11820 0 0 0 0 0 0 0 0 0 0 0 0 0 0 0 0 0 0 0 0 0 0 0 0
11820 0 0 0 0 0 0 0 0 0 0 0 0 11821 0 0 0 0 0 0 0 0 0 0 0 0 0 0 0 0 0
11821 0 0 0 0 0 0 0 0 0 0 0 0 0 0 0 0 0 0 0 0 0 0 0 0 0 0 0 0 0 1 travel
11822 0 0 0 0 0 0 0 0 0 0 0 0 0 0 0 0 0 0 0 0 0 0 0 0 0 0 0 0 0 1 tray
11823 0 11824 0 0 0 11837 0 0 0 0 0 0 0 11838 11848 0 0 0 0 0 0 0 0 0 0 0 0 0 0 0
11824 0 0 0 0 0 0 0 0 0 0 0 0 0 0 0 0 0 0 0 11825 11831 0 0 0 0 0 0 0 0 0
11825 0 0 0 0 0 0 0 0 0 0 0 0 0 0 0 11826 0 0 0 0 0 11828 0 0 0 0 0 0 0 0
11826 0 0 0 0 0 0 0 0 0 0 0 0 0 0 11827 0 0 0 0 0 0 0 0 0 0 0 0 0 0 0
11827 0 0 0 0 0 0 0 0 0 0 0 0 0 0 0 0 0 0 0 0 0 0 0 0 0 0 0 0 0 1 treason
11828 0 0 0 0 0 0 0 0 0 0 0 0 0 0 0 0 0 0 11829 0 0 0 0 0 0 0 0 0 0 0
11829 0 0 0 0 0 11830 0 0 0 0 0 0 0 0 0 0 0 0 0 0 0 0 0 0 0 0 0 0 0 0
11830 0 0 0 0 0 0 0 0 0 0 0 0 0 0 0 0 0 0 0 0 0 0 0 0 0 0 0 0 0 1 treasure
11831 0 0 0 0 0 0 0 0 0 0 0 0 0 11832 0 0 0 0 0 0 0 0 0 0 0 11836 0 0 0 1 treat
11832 0 0 0 0 0 11833 0 0 0 0 0 0 0 0 0 0 0 0 0 0 0 0 0 0 0 0 0 0 0 0
11833 0 0 0 0 0 0 0 0 0 0 0 0 0 0 11834 0 0 0 0 0 0 0 0 0 0 0 0 0 0 0
11834 0 0 0 0 0 0 0 0 0 0 0 0 0 0 0 0 0 0 0 0 11835 0 0 0 0 0 0 0 0 0
11835 0 0 0 0 0 0 0 0 0 0 0 0 0 0 0 0 0 0 0 0 0 0 0 0 0 0 0 0 0 1 treatment
11836 0 0 0 0 0 0 0 0 0 0 0 0 0 0 0 0 0 0 0 0 0 0 0 0 0 0 0 0 0 1 treaty
11837 0 0 0 0 0 0 0 0 0 0 0 0 0 0 0 0 0 0 0 0 0 0 0 0 0 0 0 0 0 1 tree
11838 0 0 11839 0 0 11842 0 0 0 0 0 0 0 0 0 0 0 0 0 0 0 0 0 0 0 0 0 0 0 0
11839 0 0 0 0 0 0 0 0 0 0 0 0 11840 0 0 0 0 0 0 0 0 0 0 0 0 0 0 0 0 0
11840 0 0 0 0 0 11841 0 0 0 0 0 0 0 0 0 0 0 0 0 0 0 0 0 0 0 0 0 0 0 0
11841 0 0 0 0 0 0 0 0 0 0 0 0 0 0 0 0 0 0 0 0 0 0 0 0 0 0 0 0 0 1 tremble
11842 0 0 0 0 0 0 0 0 0 0 0 0 0 0 11843 0 0 0 0 0 0 0 0 0 0 0 0 0 0 0
11843 0 0 0 0 11844 0 0 0 0 0 0 0 0 0 0 0 0 0 0 0 0 0 0 0 0 0 0 0 0 0
11844 0 0 0 0 0 0 0 0 0 0 0 0 0 0 0 11845 0 0 0 0 0 0 0 0 0 0 0 0 0 0
11845 0 0 0 0 0 0 0 0 0 0 0 0 0 0 0 0 0 0 0 0 0 11846 0 0 0 0 0 0 0 0
11846 0 0 0 0 0 0 0 0 0 0 0 0 0 0 0 0 0 0 0 11847 0 0 0 0 0 0 0 0 0 0
11847 0 0 0 0 0 0 0 0 0 0 0 0 0 0 0 0 0 0 0 0 0 0 0 0 0 0 0 0 0 1 tremendous
11848 0 0 0 0 11849 0 0 0 0 0 0 0 0 0 0 0 0 0 0 0 0 0 0 0 0 0 0 0 0 0
11849 0 0 0 0 0 0 0 0 0 0 0 0 0 0 0 0 0 0 0 0 0 0 0 0 0 0 0 0 0 1 trend
11850 0 11851 11857 11859 0 0 11861 0 0 0 0 0 0 11864 0 0 11865 0 0 0 0 11866 0 0 0 0 0 0 0 0
11851 0 0 0 0 0 0 0 0 0 0 0 0 11852 0 11853 0 0 0 0 0 0 0 0 0 0 0 0 0 0 0
11852 0 0 0 0 0 0 0 0 0 0 0 0 0 0 0 0 0 0 0 0 0 0 0 0 0 0 0 0 0 1 trial
11853 0 0 0 0 0 0 0 11854 0 0 0 0 0 0 0 0 0 0 0 0 0 0 0 0 0 0 0 0 0 0
11854 0 0 0 0 0 0 0 0 0 0 0 0 11855 0 0 0 0 0 0 0 0 0 0 0 0 0 0 0 0 0
11855 0 0 0 0 0 11856 0 0 0 0 0 0 0 0 0 0 0 0 0 0 0 0 0 0 0 0 0 0 0 0
11856 0 0 0 0 0 0 0 0 0 0 0 0 0 0 0 0 0 0 0 0 0 0 0 0 0 0 0 0 0 1 triangle
11857 0 0 0 0 0 11858 0 0 0 0 0 0 0 0 0 0 0 0 0 0 0 0 0 0 0 0 0 0 0 0
11858 0 0 0 0 0 0 0 0 0 0 0 0 0 0 0 0 0 0 0 0 0 0 0 0 0 0 0 0 0 1 tribe
11859 0 0 0 0 0 0 0 0 0 0 0 11860 0 0 0 0 0 0 0 0 0 0 0 0 0 0 0 0 0 0
11860 0 0 0 0 0 0 0 0 0 0 0 0 0 0 0 0 0 0 0 0 0 0 0 0 0 0 0 0 0 1 trick
11861 0 0 0 0 0 0 0 0 0 0 0 0 11862 0 0 0 0 0 0 0 0 0 0 0 0 0 0 0 0 0
11862 0 0 0 0 0 11863 0 0 0 0 0 0 0 0 0 0 0 0 0 0 0 0 0 0 0 0 0 0 0 0
11863 0 0 0 0 0 0 0 0 0 0 0 0 0 0 0 0 0 0 0 0 0 0 0 0 0 0 0 0 0 1 trifle
11864 0 0 0 0 0 0 0 0 0 0 0 0 0 0 0 0 0 0 0 0 0 0 0 0 0 0 0 0 0 1 trim
11865 0 0 0 0 0 0 0 0 0 0 0 0 0 0 0 0 0 0 0 0 0 0 0 0 0 0 0 0 0 1 trip
11866 0 0 0 0 0 0 0 0 0 0 0 0 0 11867 0 0 0 0 0 0 0 0 0 0 0 0 0 0 0 0
11867 0 0 0 0 0 0 0 0 0 0 0 0 0 0 0 0 11868 0 0 0 0 0 0 0 0 0 0 0 0 0
11868 0 0 0 0 0 0 0 0 11869 0 0 0 0 0 0 0 0 0 0 0 0 0 0 0 0 0 0 0 0 0
11869 0 0 0 0 0 0 0 0 0 0 0 0 0 0 0 0 0 0 0 0 0 0 0 0 0 0 0 0 0 1 triumph
11870 0 0 0 0 0 0 0 0 0 0 0 0 0 0 0 11871 11873 0 0 0 0 11878 0 0 0 0 0 0 0 0
11871 0 0 0 0 0 0 0 0 0 0 0 0 0 0 0 0 11872 0 0 0 0 0 0 0 0 0 0 0 0 0
11872 0 0 0 0 0 0 0 0 0 0 0 0 0 0 0 0 0 0 0 0 0 0 0 0 0 0 0 0 0 1 troop
11873 0 0 0 0 0 0 0 0 0 11874 0 0 0 0 0 0 0 0 0 0 0 0 0 0 0 0 0 0 0 0
11874 0 0 0 11875 0 0 0 0 0 0 0 0 0 0 0 0 0 0 0 0 0 0 0 0 0 0 0 0 0 0
11875 0 11876 0 0 0 0 0 0 0 0 0 0 0 0 0 0 0 0 0 0 0 0 0 0 0 0 0 0 0 0
11876 0 0 0 0 0 0 0 0 0 0 0 0 11877 0 0 0 0 0 0 0 0 0 0 0 0 0 0 0 0 0
11877 0 0 0 0 0 0 0 0 0 0 0 0 0 0 0 0 0 0 0 0 0 0 0 0 0 0 0 0 0 1 tropical
11878 0 0 11879 0 0 0 0 0 0 0 0 0 0 0 0 0 0 0 0 11886 0 0 0 0 0 0 0 0 0 0
11879 0 0 0 0 0 0 0 0 0 0 0 0 11880 0 0 0 0 0 0 0 0 0 0 0 0 0 0 0 0 0
11880 0 0 0 0 0 11881 0 0 0 0 0 0 0 0 0 0 0 0 0 0 0 0 0 0 0 0 0 0 0 0
11881 0 0 0 0 0 0 0 0 0 0 0 0 0 0 0 0 0 0 0 11882 0 0 0 0 0 0 0 0 0 1 trouble
11882 0 0 0 0 0 0 0 0 0 0 0 0 0 0 0 11883 0 0 0 0 0 0 0 0 0 0 0 0 0 0
11883 0 0 0 0 0 0 0 0 0 0 0 0 0 11884 0 0 0 0 0 0 0 0 0 0 0 0 0 0 0 0
11884 0 0 0 0 0 11885 0 0 0 0 0 0 0 0 0 0 0 0 0 0 0 0 0 0 0 0 0 0 0 0
11885 0 0 0 0 0 0 0 0 0 0 0 0 0 0 0 0 0 0 0 0 0 0 0 0 0 0 0 0 0 1 troublesome
11886 0 0 0 0 0 11887 0 0 0 0 0 0 0 0 0 0 0 0 0 0 0 0 0 0 0 0 0 0 0 0
11887 0 0 0 0 0 0 0 0 0 0 0 0 0 0 0 0 0 0 11888 0 0 0 0 0 0 0 0 0 0 0
11888 0 0 0 0 0 0 0 0 0 0 0 0 0 0 0 0 0 0 0 11889 0 0 0 0 0 0 0 0 0 0
11889 0 0 0 0 0 0 0 0 0 0 0 0 0 0 0 0 0 0 0 0 0 0 0 0 0 0 0 0 0 1 trousers
11890 0 0 0 11891 0 11893 0 0 0 0 0 0 11894 11896 11900 0 0 0 0 11902 11904 0 0 0 0 0 0 0 0 0
11891 0 0 0 0 0 0 0 0 0 0 0 11892 0 0 0 0 0 0 0 0 0 0 0 0 0 0 0 0 0 0
11892 0 0 0 0 0 0 0 0 0 0 0 0 0 0 0 0 0 0 0 0 0 0 0 0 0 0 0 0 0 1 truck
11893 0 0 0 0 0 0 0 0 0 0 0 0 0 0 0 0 0 0 0 0 0 0 0 0 0 0 0 0 0 1 true
11894 0 0 0 0 0 0 0 0 0 0 0 0 0 0 0 0 0 0 0 0 0 0 0 0 0 11895 0 0 0 0
11895 0 0 0 0 0 0 0 0 0 0 0 0 0 0 0 0 0 0 0 0 0 0 0 0 0 0 0 0 0 1 truly
11896 0 0 0 0 0 0 0 0 0 0 0 0 0 0 0 0 11897 0 0 0 0 0 0 0 0 0 0 0 0 0
11897 0 0 0 0 0 11898 0 0 0 0 0 0 0 0 0 0 0 0 0 0 0 0 0 0 0 0 0 0 0 0
11898 0 0 0 0 0 0 0 0 0 0 0 0 0 0 0 0 0 0 0 0 11899 0 0 0 0 0 0 0 0 0
11899 0 0 0 0 0 0 0 0 0 0 0 0 0 0 0 0 0 0 0 0 0 0 0 0 0 0 0 0 0 1 trumpet
11900 0 0 0 0 0 0 0 0 0 0 0 11901 0 0 0 0 0 0 0 0 0 0 0 0 0 0 0 0 0 0
11901 0 0 0 0 0 0 0 0 0 0 0 0 0 0 0 0 0 0 0 0 0 0 0 0 0 0 0 0 0 1 trunk
11902 0 0 0 0 0 0 0 0 0 0 0 0 0 0 0 0 0 0 0 0 11903 0 0 0 0 0 0 0 0 0
11903 0 0 0 0 0 0 0 0 0 0 0 0 0 0 0 0 0 0 0 0 0 0 0 0 0 0 0 0 0 1 trust
11904 0 0 0 0 0 0 0 0 11905 0 0 0 0 0 0 0 0 0 0 0 0 0 0 0 0 0 0 0 0 0
11905 0 0 0 0 0 0 0 0 0 0 0 0 0 0 0 0 0 0 0 0 0 0 0 0 0 0 0 0 0 1 truth
11906 0 0 0 0 0 0 0 0 0 0 0 0 0 0 0 0 0 0 0 0 0 0 0 0 0 0 0 0 0 1 try
11907 0 0 11908 11910 0 11912 0 0 0 11917 0 0 0 11922 11926 0 0 0 11931 0 11949 0 0 0 0 0 0 0 0 0
11908 0 0 0 0 0 11909 0 0 0 0 0 0 0 0 0 0 0 0 0 0 0 0 0 0 0 0 0 0 0 1 tub
11909 0 0 0 0 0 0 0 0 0 0 0 0 0 0 0 0 0 0 0 0 0 0 0 0 0 0 0 0 0 1 tube
11910 0 0 0 0 0 0 0 0 0 0 0 11911 0 0 0 0 0 0 0 0 0 0 0 0 0 0 0 0 0 0
11911 0 0 0 0 0 0 0 0 0 0 0 0 0 0 0 0 0 0 0 0 0 0 0 0 0 0 0 0 0 1 tuck
11912 0 0 0 0 0 0 0 0 0 0 0 0 0 0 0 0 0 0 0 11913 0 0 0 0 0 0 0 0 0 0
11913 0 0 0 0 11914 0 0 0 0 0 0 0 0 0 0 0 0 0 0 0 0 0 0 0 0 0 0 0 0 0
11914 0 11915 0 0 0 0 0 0 0 0 0 0 0 0 0 0 0 0 0 0 0 0 0 0 0 0 0 0 0 0
11915 0 0 0 0 0 0 0 0 0 0 0 0 0 0 0 0 0 0 0 0 0 0 0 0 0 11916 0 0 0 0
11916 0 0 0 0 0 0 0 0 0 0 0 0 0 0 0 0 0 0 0 0 0 0 0 0 0 0 0 0 0 1 Tuesday
11917 0 0 0 0 0 0 0 0 0 0 0 0 0 0 0 0 0 0 0 0 11918 0 0 0 0 0 0 0 0 0
11918 0 0 0 0 0 0 0 0 0 11919 0 0 0 0 0 0 0 0 0 0 0 0 0 0 0 0 0 0 0 0
11919 0 0 0 0 0 0 0 0 0 0 0 0 0 0 0 11920 0 0 0 0 0 0 0 0 0 0 0 0 0 0
11920 0 0 0 0 0 0 0 0 0 0 0 0 0 0 11921 0 0 0 0 0 0 0 0 0 0 0 0 0 0 0
11921 0 0 0 0 0 0 0 0 0 0 0 0 0 0 0 0 0 0 0 0 0 0 0 0 0 0 0 0 0 1 tuition
11922 0 0 11923 0 0 0 0 0 0 0 0 0 0 0 0 0 0 0 0 0 0 0 0 0 0 0 0 0 0 0
11923 0 0 0 0 0 0 0 0 0 0 0 0 11924 0 0 0 0 0 0 0 0 0 0 0 0 0 0 0 0 0
11924 0 0 0 0 0 11925 0 0 0 0 0 0 0 0 0 0 0 0 0 0 0 0 0 0 0 0 0 0 0 0
11925 0 0 0 0 0 0 0 0 0 0 0 0 0 0 0 0 0 0 0 0 0 0 0 0 0 0 0 0 0 1 tumble
11926 0 0 0 0 0 11927 0 0 0 0 0 0 0 0 11928 0 0 0 0 0 0 0 0 0 0 0 0 0 0 0
11927 0 0 0 0 0 0 0 0 0 0 0 0 0 0 0 0 0 0 0 0 0 0 0 0 0 0 0 0 0 1 tune
11928 0 0 0 0 0 11929 0 0 0 0 0 0 0 0 0 0 0 0 0 0 0 0 0 0 0 0 0 0 0 0
11929 0 0 0 0 0 0 0 0 0 0 0 0 11930 0 0 0 0 0 0 0 0 0 0 0 0 0 0 0 0 0
11930 0 0 0 0 0 0 0 0 0 0 0 0 0 0 0 0 0 0 0 0 0 0 0 0 0 0 0 0 0 1 tunnel
11931 0 0 11932 0 0 0 0 0 0 0 0 11941 0 0 11944 0 0 0 0 0 0 0 0 0 0 0 0 0 0 0
11932 0 0 0 0 0 0 0 0 0 11933 0 0 0 0 0 0 0 0 0 0 0 11936 0 0 0 0 0 0 0 0
11933 0 0 0 0 0 0 0 0 0 0 0 0 0 0 11934 0 0 0 0 0 0 0 0 0 0 0 0 0 0 0
11934 0 0 0 0 0 11935 0 0 0 0 0 0 0 0 0 0 0 0 0 0 0 0 0 0 0 0 0 0 0 0
11935 0 0 0 0 0 0 0 0 0 0 0 0 0 0 0 0 0 0 0 0 0 0 0 0 0 0 0 0 0 1 turbine
11936 0 0 0 0 0 0 0 0 0 0 0 0 11937 0 0 0 0 0 0 0 0 0 0 0 0 0 0 0 0 0
11937 0 0 0 0 0 11938 0 0 0 0 0 0 0 0 0 0 0 0 0 0 0 0 0 0 0 0 0 0 0 0
11938 0 0 0 0 0 0 0 0 0 0 0 0 0 0 11939 0 0 0 0 0 0 0 0 0 0 0 0 0 0 0
11939 0 0 0 0 0 0 0 0 0 0 0 0 0 0 0 0 0 0 0 0 11940 0 0 0 0 0 0 0 0 0
11940 0 0 0 0 0 0 0 0 0 0 0 0 0 0 0 0 0 0 0 0 0 0 0 0 0 0 0 0 0 1 turbulent
11941 0 0 0 0 0 11942 0 0 0 0 0 0 0 0 0 0 0 0 0 0 0 0 0 0 0 0 0 0 0 0
11942 0 0 0 0 0 0 0 0 0 0 0 0 0 0 0 0 0 0 0 0 0 0 0 0 0 11943 0 0 0 0
11943 0 0 0 0 0 0 0 0 0 0 0 0 0 0 0 0 0 0 0 0 0 0 0 0 0 0 0 0 0 1 turkey
11944 0 0 0 0 0 0 0 0 0 11945 0 0 0 0 0 0 0 0 0 0 0 0 0 0 0 0 0 0 0 1 turn
11945 0 0 0 0 0 0 0 0 0 0 0 0 0 0 11946 0 11948 0 0 0 0 0 0 0 0 0 0 0 0 0
11946 0 0 0 0 0 0 0 11947 0 0 0 0 0 0 0 0 0 0 0 0 0 0 0 0 0 0 0 0 0 0
11947 0 0 0 0 0 0 0 0 0 0 0 0 0 0 0 0 0 0 0 0 0 0 0 0 0 0 0 0 0 1 turning
11948 0 0 0 0 0 0 0 0 0 0 0 0 0 0 0 0 0 0 0 0 0 0 0 0 0 0 0 0 0 1 turnip
11949 0 0 0 0 0 0 0 0 0 0 0 0 0 0 0 11950 0 0 0 0 0 0 0 0 0 0 0 0 0 0
11950 0 0 0 0 0 0 0 0 0 0 0 0 0 0 0 0 0 0 11951 0 0 0 0 0 0 0 0 0 0 0
11951 0 0 0 0 0 0 0 0 0 0 0 0 0 0 0 0 0 0 0 0 0 0 0 0 0 0 0 0 0 1 tutor
11952 0 0 0 0 0 11953 0 0 0 11967 0 0 0 0 0 11976 0 0 0 0 0 0 0 0 0 0 0 0 0 0
11953 0 0 0 0 0 0 0 0 0 0 0 0 11954 0 11960 0 0 0 0 0 0 0 0 0 0 0 0 0 0 0
11954 0 0 0 0 0 0 11955 0 0 0 0 0 0 0 0 0 0 0 0 0 0 0 11958 0 0 0 0 0 0 0
11955 0 0 0 0 0 0 0 0 0 0 0 0 0 0 0 0 0 0 0 0 11956 0 0 0 0 0 0 0 0 0
11956 0 0 0 0 0 0 0 0 11957 0 0 0 0 0 0 0 0 0 0 0 0 0 0 0 0 0 0 0 0 0
11957 0 0 0 0 0 0 0 0 0 0 0 0 0 0 0 0 0 0 0 0 0 0 0 0 0 0 0 0 0 1 twelfth
11958 0 0 0 0 0 11959 0 0 0 0 0 0 0 0 0 0 0 0 0 0 0 0 0 0 0 0 0 0 0 0
11959 0 0 0 0 0 0 0 0 0 0 0 0 0 0 0 0 0 0 0 0 0 0 0 0 0 0 0 0 0 1 twelve
11960 0 0 0 0 0 0 0 0 0 0 0 0 0 0 0 0 0 0 0 0 11961 0 0 0 0 0 0 0 0 0
11961 0 0 0 0 0 0 0 0 0 11962 0 0 0 0 0 0 0 0 0 0 0 0 0 0 0 11966 0 0 0 0
11962 0 0 0 0 0 11963 0 0 0 0 0 0 0 0 0 0 0 0 0 0 0 0 0 0 0 0 0 0 0 0
11963 0 0 0 0 0 0 0 0 0 0 0 0 0 0 0 0 0 0 0 0 11964 0 0 0 0 0 0 0 0 0
11964 0 0 0 0 0 0 0 0 11965 0 0 0 0 0 0 0 0 0 0 0 0 0 0 0 0 0 0 0 0 0
11965 0 0 0 0 0 0 0 0 0 0 0 0 0 0 0 0 0 0 0 0 0 0 0 0 0 0 0 0 0 1 twentieth
11966 0 0 0 0 0 0 0 0 0 0 0 0 0 0 0 0 0 0 0 0 0 0 0 0 0 0 0 0 0 1 twenty
11967 0 0 0 11968 0 0 0 0 0 0 0 0 0 0 11970 0 0 0 0 11974 0 0 0 0 0 0 0 0 0 0
11968 0 0 0 0 0 11969 0 0 0 0 0 0 0 0 0 0 0 0 0 0 0 0 0 0 0 0 0 0 0 0
11969 0 0 0 0 0 0 0 0 0 0 0 0 0 0 0 0 0 0 0 0 0 0 0 0 0 0 0 0 0 1 twice
11970 0 0 0 0 0 0 0 0 0 0 0 11971 0 0 0 0 0 0 0 0 0 0 0 0 0 0 0 0 0 1 twin
11971 0 0 0 0 0 0 0 0 0 0 0 0 11972 0 0 0 0 0 0 0 0 0 0 0 0 0 0 0 0 0
11972 0 0 0 0 0 11973 0 0 0 0 0 0 0 0 0 0 0 0 0 0 0 0 0 0 0 0 0 0 0 0
11973 0 0 0 0 0 0 0 0 0 0 0 0 0 0 0 0 0 0 0 0 0 0 0 0 0 0 0 0 0 1 twinkle
11974 0 0 0 0 0 0 0 0 0 0 0 0 0 0 0 0 0 0 0 0 11975 0 0 0 0 0 0 0 0 0
11975 0 0 0 0 0 0 0 0 0 0 0 0 0 0 0 0 0 0 0 0 0 0 0 0 0 0 0 0 0 1 twist
11976 0 0 0 0 0 0 0 0 0 0 0 0 0 0 0 0 0 0 0 0 0 0 0 0 0 0 0 0 0 1 two
11977 0 0 0 0 0 0 0 0 0 0 0 0 0 0 0 0 11978 0 11996 0 0 0 0 0 0 0 0 0 0 0
11978 0 0 0 0 0 11979 0 0 11986 11990 0 0 0 0 0 0 0 0 0 0 0 0 0 0 0 0 0 0 0 0
11979 0 0 0 0 0 0 0 0 0 0 0 0 0 0 0 0 0 0 0 0 0 0 0 11980 0 0 0 0 0 1 type
11980 0 0 0 0 0 0 0 0 0 0 0 0 0 0 0 0 0 0 11981 0 0 0 0 0 0 0 0 0 0 0
11981 0 0 0 0 0 0 0 0 0 11982 0 0 0 0 0 0 0 0 0 0 0 0 0 0 0 0 0 0 0 0
11982 0 0 0 0 0 0 0 0 0 0 0 0 0 0 0 0 0 0 0 0 11983 0 0 0 0 0 0 0 0 0
11983 0 0 0 0 0 11984 0 0 0 0 0 0 0 0 0 0 0 0 0 0 0 0 0 0 0 0 0 0 0 0
11984 0 0 0 0 0 0 0 0 0 0 0 0 0 0 0 0 0 0 11985 0 0 0 0 0 0 0 0 0 0 0
11985 0 0 0 0 0 0 0 0 0 0 0 0 0 0 0 0 0 0 0 0 0 0 0 0 0 0 0 0 0 1 typewriter
11986 0 0 0 0 0 0 0 0 0 0 0 0 0 0 0 11987 0 0 0 0 0 0 0 0 0 0 0 0 0 0
11987 0 0 0 0 0 0 0 0 0 0 0 0 0 0 0 11988 0 0 0 0 0 0 0 0 0 0 0 0 0 0
11988 0 0 0 0 0 0 0 0 0 0 0 0 0 0 11989 0 0 0 0 0 0 0 0 0 0 0 0 0 0 0
11989 0 0 0 0 0 0 0 0 0 0 0 0 0 0 0 0 0 0 0 0 0 0 0 0 0 0 0 0 0 1 typhoon
11990 0 0 0 11991 0 0 0 0 0 0 0 0 0 0 0 0 0 0 0 11994 0 0 0 0 0 0 0 0 0 0
11991 0 11992 0 0 0 0 0 0 0 0 0 0 0 0 0 0 0 0 0 0 0 0 0 0 0 0 0 0 0 0
11992 0 0 0 0 0 0 0 0 0 0 0 0 11993 0 0 0 0 0 0 0 0 0 0 0 0 0 0 0 0 0
11993 0 0 0 0 0 0 0 0 0 0 0 0 0 0 0 0 0 0 0 0 0 0 0 0 0 0 0 0 0 1 typical
11994 0 0 0 0 0 0 0 0 0 0 0 0 0 0 0 0 0 0 0 0 11995 0 0 0 0 0 0 0 0 0
11995 0 0 0 0 0 0 0 0 0 0 0 0 0 0 0 0 0 0 0 0 0 0 0 0 0 0 0 0 0 1 typist
11996 0 0 0 0 0 11997 0 0 0 0 0 0 0 0 0 0 0 0 0 0 0 0 0 0 0 0 0 0 0 0
11997 0 0 0 0 0 0 0 0 0 0 0 0 0 0 0 0 0 0 0 0 0 0 0 0 0 0 0 0 0 1 tyre
11998 0 0 0 0 0 0 0 11999 0 0 0 0 12002 12011 12018 0 12247 0 12287 12292 12311 0 0 0 0 0 0 0 0 0
11999 0 0 0 0 0 0 0 0 0 0 0 0 12000 0 0 0 0 0 0 0 0 0 0 0 0 0 0 0 0 0
12000 0 0 0 0 0 0 0 0 0 0 0 0 0 0 0 0 0 0 0 0 0 0 0 0 0 12001 0 0 0 0
12001 0 0 0 0 0 0 0 0 0 0 0 0 0 0 0 0 0 0 0 0 0 0 0 0 0 0 0 0 0 1 ugly
12002 0 0 0 0 0 0 0 0 0 0 0 0 0 0 0 0 0 0 0 0 12003 0 0 0 0 0 0 0 0 0
12003 0 0 0 0 0 0 0 0 0 12004 0 0 0 0 0 0 0 0 0 0 0 0 0 0 0 0 0 0 0 0
12004 0 0 0 0 0 0 0 0 0 0 0 0 0 12005 0 0 0 0 0 0 0 0 0 0 0 0 0 0 0 0
12005 0 12006 0 0 0 0 0 0 0 0 0 0 0 0 0 0 0 0 0 0 0 0 0 0 0 0 0 0 0 0
12006 0 0 0 0 0 0 0 0 0 0 0 0 0 0 0 0 0 0 0 0 12007 0 0 0 0 0 0 0 0 0
12007 0 0 0 0 0 12008 0 0 0 0 0 0 0 0 0 0 0 0 0 0 0 0 0 0 0 0 0 0 0 0
12008 0 0 0 0 0 0 0 0 0 0 0 0 12009 0 0 0 0 0 0 0 0 0 0 0 0 0 0 0 0 1 ultimate
12009 0 0 0 0 0 0 0 0 0 0 0 0 0 0 0 0 0 0 0 0 0 0 0 0 0 12010 0 0 0 0
12010 0 0 0 0 0 0 0 0 0 0 0 0 0 0 0 0 0 0 0 0 0 0 0 0 0 0 0 0 0 1 ultimately
12011 0 0 12012 0 0 0 0 0 0 0 0 0 0 0 0 0 0 0 0 0 0 0 0 0 0 0 0 0 0 0
12012 0 0 0 0 0 0 0 0 0 0 0 0 0 0 0 0 0 0 12013 0 0 0 0 0 0 0 0 0 0 0
12013 0 0 0 0 0 12014 0 0 0 0 0 0 0 0 0 0 0 0 0 0 0 0 0 0 0 0 0 0 0 0
12014 0 0 0 0 0 0 0 0 0 0 0 0 12015 0 0 0 0 0 0 0 0 0 0 0 0 0 0 0 0 0
12015 0 0 0 0 0 0 0 0 0 0 0 0 12016 0 0 0 0 0 0 0 0 0 0 0 0 0 0 0 0 0
12016 0 12017 0 0 0 0 0 0 0 0 0 0 0 0 0 0 0 0 0 0 0 0 0 0 0 0 0 0 0 0
12017 0 0 0 0 0 0 0 0 0 0 0 0 0 0 0 0 0 0 0 0 0 0 0 0 0 0 0 0 0 1 umbrella
12018 0 12019 12023 12031 12060 12108 12119 0 12133 12138 12161 12165 12173 0 12189 0 12198 0 0 12206 12230 12233 0 12240 0 0 0 0 0 0
12019 0 0 12020 0 0 0 0 0 0 0 0 0 0 0 0 0 0 0 0 0 0 0 0 0 0 0 0 0 0 0
12020 0 0 0 0 0 0 0 0 0 0 0 0 12021 0 0 0 0 0 0 0 0 0 0 0 0 0 0 0 0 0
12021 0 0 0 0 0 12022 0 0 0 0 0 0 0 0 0 0 0 0 0 0 0 0 0 0 0 0 0 0 0 0
12022 0 0 0 0 0 0 0 0 0 0 0 0 0 0 0 0 0 0 0 0 0 0 0 0 0 0 0 0 0 1 unable
12023 0 0 0 0 0 12024 0 0 0 0 0 0 0 0 0 0 0 0 0 0 0 0 0 0 0 0 0 0 0 0
12024 0 12025 0 0 0 0 0 0 0 0 0 0 0 0 0 0 0 0 0 0 0 0 0 0 0 0 0 0 0 0
12025 0 0 0 0 0 0 0 0 0 0 0 0 0 0 0 0 0 0 12026 0 0 0 0 0 0 0 0 0 0 0
12026 0 12027 0 0 0 0 0 0 0 0 0 0 0 0 0 0 0 0 0 0 0 0 0 0 0 0 0 0 0 0
12027 0 0 12028 0 0 0 0 0 0 0 0 0 0 0 0 0 0 0 0 0 0 0 0 0 0 0 0 0 0 0
12028 0 0 0 0 0 0 0 0 0 0 0 0 12029 0 0 0 0 0 0 0 0 0 0 0 0 0 0 0 0 0
12029 0 0 0 0 0 12030 0 0 0 0 0 0 0 0 0 0 0 0 0 0 0 0 0 0 0 0 0 0 0 0
12030 0 0 0 0 0 0 0 0 0 0 0 0 0 0 0 0 0 0 0 0 0 0 0 0 0 0 0 0 0 1 unbearable
12031 0 0 0 0 0 12032 0 0 0 0 0 0 12038 0 0 12040 0 0 0 0 0 0 0 0 0 0 0 0 0 0
12032 0 0 0 0 0 0 0 0 0 0 0 0 0 0 0 0 0 0 12033 0 0 0 0 0 0 0 0 0 0 0
12033 0 0 0 0 0 0 0 0 0 0 0 0 0 0 0 0 0 0 0 0 12034 0 0 0 0 0 0 0 0 0
12034 0 12035 0 0 0 0 0 0 0 0 0 0 0 0 0 0 0 0 0 0 0 0 0 0 0 0 0 0 0 0
12035 0 0 0 0 0 0 0 0 0 12036 0 0 0 0 0 0 0 0 0 0 0 0 0 0 0 0 0 0 0 0
12036 0 0 0 0 0 0 0 0 0 0 0 0 0 0 12037 0 0 0 0 0 0 0 0 0 0 0 0 0 0 0
12037 0 0 0 0 0 0 0 0 0 0 0 0 0 0 0 0 0 0 0 0 0 0 0 0 0 0 0 0 0 1 uncertain
12038 0 0 0 0 0 12039 0 0 0 0 0 0 0 0 0 0 0 0 0 0 0 0 0 0 0 0 0 0 0 0
12039 0 0 0 0 0 0 0 0 0 0 0 0 0 0 0 0 0 0 0 0 0 0 0 0 0 0 0 0 0 1 uncle
12040 0 0 0 0 0 0 0 0 0 0 0 0 0 12041 12050 0 0 0 0 0 0 0 12057 0 0 0 0 0 0 0
12041 0 0 0 0 0 0 12042 0 0 0 0 0 0 0 0 0 0 0 0 0 0 0 0 0 0 0 0 0 0 0
12042 0 0 0 0 0 0 0 0 0 0 0 0 0 0 0 12043 0 0 0 0 0 0 0 0 0 0 0 0 0 0
12043 0 0 0 0 0 0 0 0 0 0 0 0 0 0 0 0 0 0 12044 0 0 0 0 0 0 0 0 0 0 0
12044 0 0 0 0 0 0 0 0 0 0 0 0 0 0 0 0 0 0 0 0 12045 0 0 0 0 0 0 0 0 0
12045 0 12046 0 0 0 0 0 0 0 0 0 0 0 0 0 0 0 0 0 0 0 0 0 0 0 0 0 0 0 0
12046 0 0 12047 0 0 0 0 0 0 0 0 0 0 0 0 0 0 0 0 0 0 0 0 0 0 0 0 0 0 0
12047 0 0 0 0 0 0 0 0 0 0 0 0 12048 0 0 0 0 0 0 0 0 0 0 0 0 0 0 0 0 0
12048 0 0 0 0 0 12049 0 0 0 0 0 0 0 0 0 0 0 0 0 0 0 0 0 0 0 0 0 0 0 0
12049 0 0 0 0 0 0 0 0 0 0 0 0 0 0 0 0 0 0 0 0 0 0 0 0 0 0 0 0 0 1 uncomfortable
12050 0 0 0 0 0 0 0 0 0 0 0 0 0 0 0 0 0 0 0 12051 0 0 0 0 0 0 0 0 0 0
12051 0 0 0 12052 0 0 0 0 0 0 0 0 0 0 0 0 0 0 0 0 0 0 0 0 0 0 0 0 0 0
12052 0 0 0 0 0 0 0 0 0 12053 0 0 0 0 0 0 0 0 0 0 0 0 0 0 0 0 0 0 0 0
12053 0 0 0 0 0 0 0 0 0 0 0 0 0 0 0 12054 0 0 0 0 0 0 0 0 0 0 0 0 0 0
12054 0 0 0 0 0 0 0 0 0 0 0 0 0 0 0 0 0 0 0 0 0 12055 0 0 0 0 0 0 0 0
12055 0 0 0 0 0 0 0 0 0 0 0 0 0 0 0 0 0 0 0 12056 0 0 0 0 0 0 0 0 0 0
12056 0 0 0 0 0 0 0 0 0 0 0 0 0 0 0 0 0 0 0 0 0 0 0 0 0 0 0 0 0 1 unconscious
12057 0 0 0 0 0 12058 0 0 0 0 0 0 0 0 0 0 0 0 0 0 0 0 0 0 0 0 0 0 0 0
12058 0 0 0 0 0 0 0 0 0 0 0 0 0 0 0 0 0 0 12059 0 0 0 0 0 0 0 0 0 0 0
12059 0 0 0 0 0 0 0 0 0 0 0 0 0 0 0 0 0 0 0 0 0 0 0 0 0 0 0 0 0 1 uncover
12060 0 0 0 0 0 12061 0 0 0 0 0 0 0 0 0 12100 0 0 0 0 0 0 0 0 0 0 0 0 0 0
12061 0 0 0 0 0 0 0 0 0 0 0 0 0 0 0 0 0 0 12062 0 0 0 0 0 0 0 0 0 0 0
12062 0 0 0 0 0 0 0 12063 0 0 0 0 12076 0 12080 0 0 0 0 12085 12093 0 0 0 0 0 0 0 0 1 under
12063 0 0 0 0 0 0 0 0 0 0 0 0 0 0 0 12064 0 0 12065 0 0 0 0 0 0 0 0 0 0 0
12064 0 0 0 0 0 0 0 0 0 0 0 0 0 0 0 0 0 0 0 0 0 0 0 0 0 0 0 0 0 1 undergo
12065 0 12066 0 0 0 0 0 0 0 0 0 0 0 0 0 12072 0 0 0 0 0 0 0 0 0 0 0 0 0 0
12066 0 0 0 0 12067 0 0 0 0 0 0 0 0 0 0 0 0 0 0 0 0 0 0 0 0 0 0 0 0 0
12067 0 0 0 0 0 0 0 0 0 0 0 0 0 0 0 0 0 0 0 0 0 12068 0 0 0 0 0 0 0 0
12068 0 12069 0 0 0 0 0 0 0 0 0 0 0 0 0 0 0 0 0 0 0 0 0 0 0 0 0 0 0 0
12069 0 0 0 0 0 0 0 0 0 0 0 0 0 0 0 0 0 0 0 0 12070 0 0 0 0 0 0 0 0 0
12070 0 0 0 0 0 12071 0 0 0 0 0 0 0 0 0 0 0 0 0 0 0 0 0 0 0 0 0 0 0 0
12071 0 0 0 0 0 0 0 0 0 0 0 0 0 0 0 0 0 0 0 0 0 0 0 0 0 0 0 0 0 1 undergraduate
12072 0 0 0 0 0 0 0 0 0 0 0 0 0 0 0 0 0 0 0 0 0 12073 0 0 0 0 0 0 0 0
12073 0 0 0 0 0 0 0 0 0 0 0 0 0 0 12074 0 0 0 0 0 0 0 0 0 0 0 0 0 0 0
12074 0 0 0 0 12075 0 0 0 0 0 0 0 0 0 0 0 0 0 0 0 0 0 0 0 0 0 0 0 0 0
12075 0 0 0 0 0 0 0 0 0 0 0 0 0 0 0 0 0 0 0 0 0 0 0 0 0 0 0 0 0 1 underground
12076 0 0 0 0 0 0 0 0 0 12077 0 0 0 0 0 0 0 0 0 0 0 0 0 0 0 0 0 0 0 0
12077 0 0 0 0 0 0 0 0 0 0 0 0 0 0 12078 0 0 0 0 0 0 0 0 0 0 0 0 0 0 0
12078 0 0 0 0 0 12079 0 0 0 0 0 0 0 0 0 0 0 0 0 0 0 0 0 0 0 0 0 0 0 0
12079 0 0 0 0 0 0 0 0 0 0 0 0 0 0 0 0 0 0 0 0 0 0 0 0 0 0 0 0 0 1 underline
12080 0 0 0 0 0 12081 0 0 0 0 0 0 0 0 0 0 0 0 0 0 0 0 0 0 0 0 0 0 0 0
12081 0 12082 0 0 0 0 0 0 0 0 0 0 0 0 0 0 0 0 0 0 0 0 0 0 0 0 0 0 0 0
12082 0 0 0 0 0 0 0 0 0 0 0 0 0 0 0 0 0 0 0 0 12083 0 0 0 0 0 0 0 0 0
12083 0 0 0 0 0 0 0 0 12084 0 0 0 0 0 0 0 0 0 0 0 0 0 0 0 0 0 0 0 0 0
12084 0 0 0 0 0 0 0 0 0 0 0 0 0 0 0 0 0 0 0 0 0 0 0 0 0 0 0 0 0 1 underneath
12085 0 0 0 0 0 0 0 0 0 0 0 0 0 0 0 0 0 0 0 0 12086 0 0 0 0 0 0 0 0 0
12086 0 12087 0 0 0 0 0 0 0 0 0 0 0 0 0 0 0 0 0 0 0 0 0 0 0 0 0 0 0 0
12087 0 0 0 0 0 0 0 0 0 0 0 0 0 0 12088 0 0 0 0 0 0 0 0 0 0 0 0 0 0 0
12088 0 0 0 0 12089 0 0 0 0 0 0 0 0 0 0 0 0 0 0 0 0 0 0 0 0 0 0 0 0 0
12089 0 0 0 0 0 0 0 0 0 12090 0 0 0 0 0 0 0 0 0 0 0 0 0 0 0 0 0 0 0 1 understand
12090 0 0 0 0 0 0 0 0 0 0 0 0 0 0 12091 0 0 0 0 0 0 0 0 0 0 0 0 0 0 0
12091 0 0 0 0 0 0 0 12092 0 0 0 0 0 0 0 0 0 0 0 0 0 0 0 0 0 0 0 0 0 0
12092 0 0 0 0 0 0 0 0 0 0 0 0 0 0 0 0 0 0 0 0 0 0 0 0 0 0 0 0 0 1 understanding
12093 0 12094 0 0 0 0 0 0 0 0 0 0 0 0 0 0 0 0 0 0 0 0 0 0 0 0 0 0 0 0
12094 0 0 0 0 0 0 0 0 0 0 0 12095 0 0 0 0 0 0 0 0 0 0 0 0 0 0 0 0 0 0
12095 0 0 0 0 0 12096 0 0 0 12097 0 0 0 0 0 0 0 0 0 0 0 0 0 0 0 0 0 0 0 0
12096 0 0 0 0 0 0 0 0 0 0 0 0 0 0 0 0 0 0 0 0 0 0 0 0 0 0 0 0 0 1 undertake
12097 0 0 0 0 0 0 0 0 0 0 0 0 0 0 12098 0 0 0 0 0 0 0 0 0 0 0 0 0 0 0
12098 0 0 0 0 0 0 0 12099 0 0 0 0 0 0 0 0 0 0 0 0 0 0 0 0 0 0 0 0 0 0
12099 0 0 0 0 0 0 0 0 0 0 0 0 0 0 0 0 0 0 0 0 0 0 0 0 0 0 0 0 0 1 undertaking
12100 0 0 0 0 0 0 0 0 0 0 0 0 0 0 0 0 0 0 0 0 0 12101 0 0 0 0 0 0 0 1 undo
12101 0 0 12102 0 0 0 0 0 0 0 0 0 0 0 0 0 0 0 0 0 0 0 0 0 0 0 0 0 0 0
12102 0 0 0 0 0 0 0 0 0 0 0 0 0 0 0 0 0 0 0 0 12103 0 0 0 0 0 0 0 0 0
12103 0 0 0 0 0 12104 0 0 0 0 0 0 0 0 0 0 0 0 0 0 0 0 0 0 0 0 0 0 0 0
12104 0 0 0 0 12105 0 0 0 0 0 0 0 0 0 0 0 0 0 0 0 0 0 0 0 0 0 0 0 0 0
12105 0 0 0 0 0 0 0 0 0 0 0 0 12106 0 0 0 0 0 0 0 0 0 0 0 0 0 0 0 0 0
12106 0 0 0 0 0 0 0 0 0 0 0 0 0 0 0 0 0 0 0 0 0 0 0 0 0 12107 0 0 0 0
12107 0 0 0 0 0 0 0 0 0 0 0 0 0 0 0 0 0 0 0 0 0 0 0 0 0 0 0 0 0 1 undoubtedly
12108 0 12109 0 0 0 0 0 0 0 0 0 0 0 0 0 0 0 0 0 0 0 0 0 0 12112 0 0 0 0 0
12109 0 0 0 0 0 0 0 0 0 0 0 0 0 0 0 0 0 0 0 12110 0 0 0 0 0 0 0 0 0 0
12110 0 0 0 0 0 0 0 0 0 0 0 0 0 0 0 0 0 0 0 0 0 0 0 0 0 12111 0 0 0 0
12111 0 0 0 0 0 0 0 0 0 0 0 0 0 0 0 0 0 0 0 0 0 0 0 0 0 0 0 0 0 1 uneasy
12112 0 0 0 0 0 0 0 0 0 0 0 0 0 0 0 0 12113 0 0 0 0 0 0 0 0 0 0 0 0 0
12113 0 0 0 0 0 12114 0 0 0 0 0 0 0 0 0 0 0 0 0 0 0 0 0 0 0 0 0 0 0 0
12114 0 0 0 12115 0 0 0 0 0 0 0 0 0 0 0 0 0 0 0 0 0 0 0 0 0 0 0 0 0 0
12115 0 0 0 0 0 0 0 0 0 0 0 0 0 0 0 0 0 0 0 0 12116 0 0 0 0 0 0 0 0 0
12116 0 0 0 0 0 12117 0 0 0 0 0 0 0 0 0 0 0 0 0 0 0 0 0 0 0 0 0 0 0 0
12117 0 0 0 0 12118 0 0 0 0 0 0 0 0 0 0 0 0 0 0 0 0 0 0 0 0 0 0 0 0 0
12118 0 0 0 0 0 0 0 0 0 0 0 0 0 0 0 0 0 0 0 0 0 0 0 0 0 0 0 0 0 1 unexpected
12119 0 12120 0 0 0 0 0 0 0 0 0 0 0 0 0 12123 0 0 0 0 0 0 0 0 0 0 0 0 0 0
12120 0 0 0 0 0 0 0 0 0 12121 0 0 0 0 0 0 0 0 0 0 0 0 0 0 0 0 0 0 0 0
12121 0 0 0 0 0 0 0 0 0 0 0 0 0 0 0 0 0 0 12122 0 0 0 0 0 0 0 0 0 0 0
12122 0 0 0 0 0 0 0 0 0 0 0 0 0 0 0 0 0 0 0 0 0 0 0 0 0 0 0 0 0 1 unfair
12123 0 0 0 0 0 0 0 0 0 0 0 0 0 0 0 0 0 0 12124 0 0 0 0 0 0 0 0 0 0 0
12124 0 0 0 0 0 0 0 0 0 0 0 0 0 0 0 0 0 0 0 0 12125 0 0 0 0 0 0 0 0 0
12125 0 0 0 0 0 0 0 0 0 0 0 0 0 0 0 0 0 0 0 0 0 12126 0 0 0 0 0 0 0 0
12126 0 0 0 0 0 0 0 0 0 0 0 0 0 0 12127 0 0 0 0 0 0 0 0 0 0 0 0 0 0 0
12127 0 12128 0 0 0 0 0 0 0 0 0 0 0 0 0 0 0 0 0 0 0 0 0 0 0 0 0 0 0 0
12128 0 0 0 0 0 0 0 0 0 0 0 0 0 0 0 0 0 0 0 0 12129 0 0 0 0 0 0 0 0 0
12129 0 0 0 0 0 12130 0 0 0 0 0 0 0 0 0 0 0 0 0 0 0 0 0 0 0 0 0 0 0 0
12130 0 0 0 0 0 0 0 0 0 0 0 0 12131 0 0 0 0 0 0 0 0 0 0 0 0 0 0 0 0 1 unfortunate
12131 0 0 0 0 0 0 0 0 0 0 0 0 0 0 0 0 0 0 0 0 0 0 0 0 0 12132 0 0 0 0
12132 0 0 0 0 0 0 0 0 0 0 0 0 0 0 0 0 0 0 0 0 0 0 0 0 0 0 0 0 0 1 unfortunately
12133 0 12134 0 0 0 0 0 0 0 0 0 0 0 0 0 0 0 0 0 0 0 0 0 0 0 0 0 0 0 0
12134 0 0 0 0 0 0 0 0 0 0 0 0 0 0 0 0 12135 0 0 0 0 0 0 0 0 0 0 0 0 0
12135 0 0 0 0 0 0 0 0 0 0 0 0 0 0 0 0 12136 0 0 0 0 0 0 0 0 0 0 0 0 0
12136 0 0 0 0 0 0 0 0 0 0 0 0 0 0 0 0 0 0 0 0 0 0 0 0 0 12137 0 0 0 0
12137 0 0 0 0 0 0 0 0 0 0 0 0 0 0 0 0 0 0 0 0 0 0 0 0 0 0 0 0 0 1 unhappy
12138 0 0 0 0 0 0 12139 0 0 0 0 0 0 0 0 12143 0 12145 0 0 12148 0 12151 0 0 0 0 0 0 0
12139 0 0 0 0 0 0 0 0 0 0 0 0 0 0 0 12140 0 0 0 0 0 0 0 0 0 0 0 0 0 0
12140 0 0 0 0 0 0 0 0 0 0 0 0 0 0 0 0 0 0 12141 0 0 0 0 0 0 0 0 0 0 0
12141 0 0 0 0 0 0 0 0 0 0 0 0 0 12142 0 0 0 0 0 0 0 0 0 0 0 0 0 0 0 0
12142 0 0 0 0 0 0 0 0 0 0 0 0 0 0 0 0 0 0 0 0 0 0 0 0 0 0 0 0 0 1 uniform
12143 0 0 0 0 0 0 0 0 0 0 0 0 0 0 12144 0 0 0 0 0 0 0 0 0 0 0 0 0 0 0
12144 0 0 0 0 0 0 0 0 0 0 0 0 0 0 0 0 0 0 0 0 0 0 0 0 0 0 0 0 0 1 union
12145 0 0 0 0 0 0 0 0 0 0 0 0 0 0 0 0 0 0 0 0 0 12146 0 0 0 0 0 0 0 0
12146 0 0 0 0 0 12147 0 0 0 0 0 0 0 0 0 0 0 0 0 0 0 0 0 0 0 0 0 0 0 0
12147 0 0 0 0 0 0 0 0 0 0 0 0 0 0 0 0 0 0 0 0 0 0 0 0 0 0 0 0 0 1 unique
12148 0 0 0 0 0 12149 0 0 0 0 0 0 0 0 0 0 0 0 0 0 0 0 0 0 0 12150 0 0 0 1 unit
12149 0 0 0 0 0 0 0 0 0 0 0 0 0 0 0 0 0 0 0 0 0 0 0 0 0 0 0 0 0 1 unite
12150 0 0 0 0 0 0 0 0 0 0 0 0 0 0 0 0 0 0 0 0 0 0 0 0 0 0 0 0 0 1 unity
12151 0 0 0 0 0 12152 0 0 0 0 0 0 0 0 0 0 0 0 0 0 0 0 0 0 0 0 0 0 0 0
12152 0 0 0 0 0 0 0 0 0 0 0 0 0 0 0 0 0 0 12153 0 0 0 0 0 0 0 0 0 0 0
12153 0 0 0 0 0 0 0 0 0 0 0 0 0 0 0 0 0 0 0 12154 0 0 0 0 0 0 0 0 0 0
12154 0 12155 0 0 0 12157 0 0 0 12158 0 0 0 0 0 0 0 0 0 0 0 0 0 0 0 0 0 0 0 0
12155 0 0 0 0 0 0 0 0 0 0 0 0 12156 0 0 0 0 0 0 0 0 0 0 0 0 0 0 0 0 0
12156 0 0 0 0 0 0 0 0 0 0 0 0 0 0 0 0 0 0 0 0 0 0 0 0 0 0 0 0 0 1 universal
12157 0 0 0 0 0 0 0 0 0 0 0 0 0 0 0 0 0 0 0 0 0 0 0 0 0 0 0 0 0 1 universe
12158 0 0 0 0 0 0 0 0 0 0 0 0 0 0 0 0 0 0 0 0 12159 0 0 0 0 0 0 0 0 0
12159 0 0 0 0 0 0 0 0 0 0 0 0 0 0 0 0 0 0 0 0 0 0 0 0 0 12160 0 0 0 0
12160 0 0 0 0 0 0 0 0 0 0 0 0 0 0 0 0 0 0 0 0 0 0 0 0 0 0 0 0 0 1 university
12161 0 0 0 0 0 0 0 0 0 0 0 0 0 0 0 0 0 0 0 0 0 12162 0 0 0 0 0 0 0 0
12162 0 0 0 0 0 0 0 0 0 0 0 0 0 0 0 0 0 0 0 12163 0 0 0 0 0 0 0 0 0 0
12163 0 0 0 0 0 0 0 0 0 0 0 0 0 0 0 0 0 0 0 0 12164 0 0 0 0 0 0 0 0 0
12164 0 0 0 0 0 0 0 0 0 0 0 0 0 0 0 0 0 0 0 0 0 0 0 0 0 0 0 0 0 1 unjust
12165 0 0 0 0 0 0 0 0 0 12166 0 0 0 0 12169 0 0 0 0 0 0 0 0 0 0 0 0 0 0 0
12166 0 0 0 0 0 0 0 0 0 0 0 0 0 0 12167 0 0 0 0 0 0 0 0 0 0 0 0 0 0 0
12167 0 0 0 0 12168 0 0 0 0 0 0 0 0 0 0 0 0 0 0 0 0 0 0 0 0 0 0 0 0 0
12168 0 0 0 0 0 0 0 0 0 0 0 0 0 0 0 0 0 0 0 0 0 0 0 0 0 0 0 0 0 1 unkind
12169 0 0 0 0 0 0 0 0 0 0 0 0 0 0 0 12170 0 0 0 0 0 0 0 0 0 0 0 0 0 0
12170 0 0 0 0 0 0 0 0 0 0 0 0 0 0 0 0 0 0 0 0 0 0 0 12171 0 0 0 0 0 0
12171 0 0 0 0 0 0 0 0 0 0 0 0 0 0 12172 0 0 0 0 0 0 0 0 0 0 0 0 0 0 0
12172 0 0 0 0 0 0 0 0 0 0 0 0 0 0 0 0 0 0 0 0 0 0 0 0 0 0 0 0 0 1 unknown
12173 0 0 0 0 0 12174 0 0 0 12177 0 0 0 0 0 12182 0 0 0 0 0 12185 0 0 0 0 0 0 0 0
12174 0 0 0 0 0 0 0 0 0 0 0 0 0 0 0 0 0 0 0 12175 0 0 0 0 0 0 0 0 0 0
12175 0 0 0 0 0 0 0 0 0 0 0 0 0 0 0 0 0 0 0 12176 0 0 0 0 0 0 0 0 0 0
12176 0 0 0 0 0 0 0 0 0 0 0 0 0 0 0 0 0 0 0 0 0 0 0 0 0 0 0 0 0 1 unless
12177 0 0 0 0 0 0 0 0 0 0 0 12178 0 0 0 0 0 0 0 0 0 0 0 0 0 0 0 0 0 0
12178 0 0 0 0 0 12179 0 0 0 0 0 0 0 0 0 0 0 0 0 0 0 0 0 0 0 0 0 0 0 0
12179 0 0 0 0 0 0 0 0 0 0 0 0 12180 0 0 0 0 0 0 0 0 0 0 0 0 0 0 0 0 1 unlike
12180 0 0 0 0 0 0 0 0 0 0 0 0 0 0 0 0 0 0 0 0 0 0 0 0 0 12181 0 0 0 0
12181 0 0 0 0 0 0 0 0 0 0 0 0 0 0 0 0 0 0 0 0 0 0 0 0 0 0 0 0 0 1 unlikely
12182 0 12183 0 0 0 0 0 0 0 0 0 0 0 0 0 0 0 0 0 0 0 0 0 0 0 0 0 0 0 0
12183 0 0 0 0 12184 0 0 0 0 0 0 0 0 0 0 0 0 0 0 0 0 0 0 0 0 0 0 0 0 0
12184 0 0 0 0 0 0 0 0 0 0 0 0 0 0 0 0 0 0 0 0 0 0 0 0 0 0 0 0 0 1 unload
12185 0 0 0 12186 0 0 0 0 0 0 0 0 0 0 0 0 0 0 0 0 0 0 0 0 0 0 0 0 0 0
12186 0 0 0 0 0 0 0 0 0 0 0 12187 0 0 0 0 0 0 0 0 0 0 0 0 0 0 0 0 0 0
12187 0 0 0 0 0 0 0 0 0 0 0 0 0 0 0 0 0 0 0 0 0 0 0 0 0 12188 0 0 0 0
12188 0 0 0 0 0 0 0 0 0 0 0 0 0 0 0 0 0 0 0 0 0 0 0 0 0 0 0 0 0 1 unlucky
12189 0 0 0 0 0 12190 0 0 0 0 0 0 0 0 0 0 0 0 0 0 0 0 0 0 0 0 0 0 0 0
12190 0 0 0 12191 0 0 0 0 0 0 0 0 0 0 0 0 0 0 0 0 0 0 0 0 0 0 0 0 0 0
12191 0 0 0 0 0 12192 0 0 0 0 0 0 0 0 0 0 0 0 0 0 0 0 0 0 0 0 0 0 0 0
12192 0 0 0 0 0 0 0 0 0 0 0 0 0 0 0 0 0 0 0 12193 0 0 0 0 0 0 0 0 0 0
12193 0 0 0 0 0 0 0 0 0 0 0 0 0 0 0 0 0 0 0 12194 0 0 0 0 0 0 0 0 0 0
12194 0 12195 0 0 0 0 0 0 0 0 0 0 0 0 0 0 0 0 0 0 0 0 0 0 0 0 0 0 0 0
12195 0 0 0 0 0 0 0 0 0 0 0 0 0 0 0 0 0 0 12196 0 0 0 0 0 0 0 0 0 0 0
12196 0 0 0 0 0 0 0 0 0 0 0 0 0 0 0 0 0 0 0 0 0 0 0 0 0 12197 0 0 0 0
12197 0 0 0 0 0 0 0 0 0 0 0 0 0 0 0 0 0 0 0 0 0 0 0 0 0 0 0 0 0 1 unnecessary
12198 0 0 0 0 0 0 0 0 0 0 0 0 12199 0 0 0 0 0 0 0 0 0 0 0 0 0 0 0 0 0
12199 0 0 0 0 0 12200 0 0 0 0 0 0 0 0 0 0 0 0 0 0 0 0 0 0 0 0 0 0 0 0
12200 0 12201 0 0 0 0 0 0 0 0 0 0 0 0 0 0 0 0 0 0 0 0 0 0 0 0 0 0 0 0
12201 0 0 0 0 0 0 0 0 0 0 0 0 0 0 0 0 0 0 0 12202 0 0 0 0 0 0 0 0 0 0
12202 0 12203 0 0 0 0 0 0 0 0 0 0 0 0 0 0 0 0 0 0 0 0 0 0 0 0 0 0 0 0
12203 0 0 0 0 0 0 0 0 0 0 0 0 0 0 12204 0 0 0 0 0 0 0 0 0 0 0 0 0 0 0
12204 0 0 0 0 0 0 0 0 0 0 0 0 0 0 0 0 0 0 0 0 12205 0 0 0 0 0 0 0 0 0
12205 0 0 0 0 0 0 0 0 0 0 0 0 0 0 0 0 0 0 0 0 0 0 0 0 0 0 0 0 0 1 unpleasant
12206 0 12207 0 0 0 0 0 0 0 0 0 0 0 0 0 0 0 0 0 0 12218 12223 0 0 0 0 0 0 0 0
12207 0 0 0 0 0 0 0 0 0 0 0 0 0 0 0 0 0 0 0 0 12208 0 0 0 0 0 0 0 0 0
12208 0 0 0 0 0 0 0 0 0 12209 0 0 0 0 0 0 0 0 0 0 0 0 0 0 0 0 0 0 0 0
12209 0 0 0 0 0 0 0 0 0 0 0 0 0 0 0 0 0 0 0 12210 0 0 0 0 0 0 0 0 0 0
12210 0 0 0 0 0 0 12211 0 0 0 0 0 0 0 0 0 0 0 0 0 0 0 0 0 0 0 0 0 0 0
12211 0 12212 0 0 0 0 0 0 0 0 0 0 0 0 0 0 0 0 0 0 0 0 0 0 0 0 0 0 0 0
12212 0 0 0 12213 0 0 0 0 0 0 0 0 0 0 0 0 0 0 0 0 0 0 0 0 0 0 0 0 0 0
12213 0 0 0 0 0 0 0 0 0 0 0 0 0 0 0 0 0 0 0 0 12214 0 0 0 0 0 0 0 0 0
12214 0 0 0 0 0 0 0 0 0 0 0 0 0 0 0 12215 0 0 0 0 0 0 0 0 0 0 0 0 0 0
12215 0 0 0 0 0 0 0 0 0 0 0 0 0 0 0 0 0 0 12216 0 0 0 0 0 0 0 0 0 0 0
12216 0 0 0 0 0 0 0 0 0 0 0 0 0 0 0 0 0 0 0 0 0 0 0 0 0 12217 0 0 0 0
12217 0 0 0 0 0 0 0 0 0 0 0 0 0 0 0 0 0 0 0 0 0 0 0 0 0 0 0 0 0 1 unsatisfactory
12218 0 12219 0 0 0 0 0 0 0 0 0 0 0 0 0 0 0 0 0 0 0 0 0 0 0 0 0 0 0 0
12219 0 0 12220 0 0 0 0 0 0 0 0 0 0 0 0 0 0 0 0 0 0 0 0 0 0 0 0 0 0 0
12220 0 0 0 0 0 0 0 0 0 0 0 0 12221 0 0 0 0 0 0 0 0 0 0 0 0 0 0 0 0 0
12221 0 0 0 0 0 12222 0 0 0 0 0 0 0 0 0 0 0 0 0 0 0 0 0 0 0 0 0 0 0 0
12222 0 0 0 0 0 0 0 0 0 0 0 0 0 0 0 0 0 0 0 0 0 0 0 0 0 0 0 0 0 1 unstable
12223 0 0 0 0 0 0 0 0 0 12224 0 0 0 0 0 0 0 0 0 0 0 0 0 0 0 0 0 0 0 0
12224 0 0 0 0 0 0 0 0 0 0 0 0 0 0 0 0 0 0 0 0 12225 0 0 0 0 0 0 0 0 0
12225 0 12226 0 0 0 0 0 0 0 0 0 0 0 0 0 0 0 0 0 0 0 0 0 0 0 0 0 0 0 0
12226 0 0 12227 0 0 0 0 0 0 0 0 0 0 0 0 0 0 0 0 0 0 0 0 0 0 0 0 0 0 0
12227 0 0 0 0 0 0 0 0 0 0 0 0 12228 0 0 0 0 0 0 0 0 0 0 0 0 0 0 0 0 0
12228 0 0 0 0 0 12229 0 0 0 0 0 0 0 0 0 0 0 0 0 0 0 0 0 0 0 0 0 0 0 0
12229 0 0 0 0 0 0 0 0 0 0 0 0 0 0 0 0 0 0 0 0 0 0 0 0 0 0 0 0 0 1 unsuitable
12230 0 0 0 0 0 0 0 0 0 12231 0 0 0 0 0 0 0 0 0 0 0 0 0 0 0 0 0 0 0 0
12231 0 0 0 0 0 0 0 0 0 0 0 0 12232 0 0 0 0 0 0 0 0 0 0 0 0 0 0 0 0 0
12232 0 0 0 0 0 0 0 0 0 0 0 0 0 0 0 0 0 0 0 0 0 0 0 0 0 0 0 0 0 1 until
12233 0 0 0 0 0 0 0 0 0 0 0 0 0 0 0 0 0 0 0 12234 0 0 0 0 0 0 0 0 0 0
12234 0 0 0 0 0 0 0 0 0 0 0 0 0 0 0 0 0 0 0 0 0 12235 0 0 0 0 0 0 0 0
12235 0 12236 0 0 0 0 0 0 0 0 0 0 0 0 0 0 0 0 0 0 0 0 0 0 0 0 0 0 0 0
12236 0 0 0 0 0 0 0 0 0 0 0 0 12237 0 0 0 0 0 0 0 0 0 0 0 0 0 0 0 0 0
12237 0 0 0 0 0 0 0 0 0 0 0 0 12238 0 0 0 0 0 0 0 0 0 0 0 0 0 0 0 0 1 unusual
12238 0 0 0 0 0 0 0 0 0 0 0 0 0 0 0 0 0 0 0 0 0 0 0 0 0 12239 0 0 0 0
12239 0 0 0 0 0 0 0 0 0 0 0 0 0 0 0 0 0 0 0 0 0 0 0 0 0 0 0 0 0 1 unusually
12240 0 0 0 0 0 0 0 0 0 12241 0 0 0 0 0 0 0 0 0 0 0 0 0 0 0 0 0 0 0 0
12241 0 0 0 0 0 0 0 0 0 0 0 0 12242 0 0 0 0 0 0 0 0 0 0 0 0 0 0 0 0 0
12242 0 0 0 0 0 0 0 0 0 0 0 0 12243 0 0 0 0 0 0 0 0 0 0 0 0 0 0 0 0 0
12243 0 0 0 0 0 0 0 0 0 12244 0 0 0 0 0 0 0 0 0 0 0 0 0 0 0 0 0 0 0 0
12244 0 0 0 0 0 0 0 0 0 0 0 0 0 0 12245 0 0 0 0 0 0 0 0 0 0 0 0 0 0 0
12245 0 0 0 0 0 0 0 12246 0 0 0 0 0 0 0 0 0 0 0 0 0 0 0 0 0 0 0 0 0 0
12246 0 0 0 0 0 0 0 0 0 0 0 0 0 0 0 0 0 0 0 0 0 0 0 0 0 0 0 0 0 1 unwilling
12247 0 0 0 0 0 0 0 0 0 0 0 0 0 0 0 12248 12250 0 12253 12258 0 0 0 12282 0 0 0 0 12274 1 up
12248 0 0 0 0 0 0 0 0 0 0 0 0 0 0 12249 0 0 0 0 0 0 0 0 0 0 0 0 0 0 0
12249 0 0 0 0 0 0 0 0 0 0 0 0 0 0 0 0 0 0 0 0 0 0 0 0 0 0 0 0 0 1 upon
12250 0 0 0 0 0 12251 0 0 0 0 0 0 0 0 0 0 0 0 0 0 0 0 0 0 0 0 0 0 0 0
12251 0 0 0 0 0 0 0 0 0 0 0 0 0 0 0 0 0 0 12252 0 0 0 0 0 0 0 0 0 0 0
12252 0 0 0 0 0 0 0 0 0 0 0 0 0 0 0 0 0 0 0 0 0 0 0 0 0 0 0 0 0 1 upper
12253 0 0 0 0 0 0 0 0 0 12254 0 0 0 0 0 0 0 0 0 0 0 0 0 0 0 0 0 0 0 0
12254 0 0 0 0 0 0 0 12255 0 0 0 0 0 0 0 0 0 0 0 0 0 0 0 0 0 0 0 0 0 0
12255 0 0 0 0 0 0 0 0 12256 0 0 0 0 0 0 0 0 0 0 0 0 0 0 0 0 0 0 0 0 0
12256 0 0 0 0 0 0 0 0 0 0 0 0 0 0 0 0 0 0 0 0 12257 0 0 0 0 0 0 0 0 0
12257 0 0 0 0 0 0 0 0 0 0 0 0 0 0 0 0 0 0 0 0 0 0 0 0 0 0 0 0 0 1 upright
12258 0 0 0 0 0 12259 0 0 0 12261 0 0 0 0 0 0 0 0 0 0 12269 0 0 0 0 0 0 0 0 0
12259 0 0 0 0 0 0 0 0 0 0 0 0 0 0 0 0 0 0 0 0 12260 0 0 0 0 0 0 0 0 0
12260 0 0 0 0 0 0 0 0 0 0 0 0 0 0 0 0 0 0 0 0 0 0 0 0 0 0 0 0 0 1 upset
12261 0 0 0 0 12262 0 0 0 0 0 0 0 0 0 0 0 0 0 0 0 0 0 0 0 0 0 0 0 0 0
12262 0 0 0 0 0 12263 0 0 0 0 0 0 0 0 0 0 0 0 0 0 0 0 0 0 0 0 0 0 0 0
12263 0 0 0 0 0 0 0 0 0 0 0 0 0 0 0 0 0 0 0 0 0 0 0 0 0 0 0 0 12264 0
12264 0 0 0 0 12265 0 0 0 0 0 0 0 0 0 0 0 0 0 0 0 0 0 0 0 0 0 0 0 0 0
12265 0 0 0 0 0 0 0 0 0 0 0 0 0 0 0 12266 0 0 0 0 0 0 0 0 0 0 0 0 0 0
12266 0 0 0 0 0 0 0 0 0 0 0 0 0 0 0 0 0 0 0 0 0 0 0 12267 0 0 0 0 0 0
12267 0 0 0 0 0 0 0 0 0 0 0 0 0 0 12268 0 0 0 0 0 0 0 0 0 0 0 0 0 0 0
12268 0 0 0 0 0 0 0 0 0 0 0 0 0 0 0 0 0 0 0 0 0 0 0 0 0 0 0 0 0 1 upside-down
12269 0 12270 0 0 0 0 0 0 0 0 0 0 0 0 0 0 0 0 0 0 0 0 0 0 0 0 0 0 0 0
12270 0 0 0 0 0 0 0 0 0 12271 0 0 0 0 0 0 0 0 0 0 0 0 0 0 0 0 0 0 0 0
12271 0 0 0 0 0 0 0 0 0 0 0 0 0 0 0 0 0 0 12272 0 0 0 0 0 0 0 0 0 0 0
12272 0 0 0 0 0 0 0 0 0 0 0 0 0 0 0 0 0 0 0 12273 0 0 0 0 0 0 0 0 0 0
12273 0 0 0 0 0 0 0 0 0 0 0 0 0 0 0 0 0 0 0 0 0 0 0 0 0 0 0 0 0 1 upstairs
12274 0 0 0 0 0 0 0 0 0 0 0 0 0 0 0 0 0 0 0 0 12275 0 0 0 0 0 0 0 0 0
12275 0 0 0 0 0 0 0 0 0 0 0 0 0 0 0 12276 0 0 0 0 0 0 0 0 0 0 0 0 0 0
12276 0 0 0 0 0 0 0 0 0 0 0 0 0 0 0 0 0 0 0 0 0 0 0 0 0 0 0 0 12277 0
12277 0 0 0 0 12278 0 0 0 0 0 0 0 0 0 0 0 0 0 0 0 0 0 0 0 0 0 0 0 0 0
12278 0 12279 0 0 0 0 0 0 0 0 0 0 0 0 0 0 0 0 0 0 0 0 0 0 0 0 0 0 0 0
12279 0 0 0 0 0 0 0 0 0 0 0 0 0 0 0 0 0 0 0 0 12280 0 0 0 0 0 0 0 0 0
12280 0 0 0 0 0 12281 0 0 0 0 0 0 0 0 0 0 0 0 0 0 0 0 0 0 0 0 0 0 0 0
12281 0 0 0 0 0 0 0 0 0 0 0 0 0 0 0 0 0 0 0 0 0 0 0 0 0 0 0 0 0 1 up-to-date
12282 0 12283 0 0 0 0 0 0 0 0 0 0 0 0 0 0 0 0 0 0 0 0 0 0 0 0 0 0 0 0
12283 0 0 0 0 0 0 0 0 0 0 0 0 0 0 0 0 0 0 12284 0 0 0 0 0 0 0 0 0 0 0
12284 0 0 0 0 12285 0 0 0 0 0 0 0 0 0 0 0 0 0 0 0 0 0 0 0 0 0 0 0 0 0
12285 0 0 0 0 0 0 0 0 0 0 0 0 0 0 0 0 0 0 0 12286 0 0 0 0 0 0 0 0 0 1 upward
12286 0 0 0 0 0 0 0 0 0 0 0 0 0 0 0 0 0 0 0 0 0 0 0 0 0 0 0 0 0 1 upwards
12287 0 0 0 0 0 0 0 12288 0 0 0 0 0 0 0 0 0 0 0 0 0 0 0 0 0 0 0 0 0 0
12288 0 0 0 0 0 12289 0 0 0 0 0 0 0 0 0 0 0 0 0 0 0 0 0 0 0 0 0 0 0 0
12289 0 0 0 0 0 0 0 0 0 0 0 0 0 0 12290 0 0 0 0 0 0 0 0 0 0 0 0 0 0 1 urge
12290 0 0 0 0 0 0 0 0 0 0 0 0 0 0 0 0 0 0 0 0 12291 0 0 0 0 0 0 0 0 0
12291 0 0 0 0 0 0 0 0 0 0 0 0 0 0 0 0 0 0 0 0 0 0 0 0 0 0 0 0 0 1 urgent
12292 0 12293 0 0 0 12296 0 0 0 0 0 0 0 0 0 0 0 0 0 0 0 12306 0 0 0 0 0 0 0 1 us
12293 0 0 0 0 0 0 0 12294 0 0 0 0 0 0 0 0 0 0 0 0 0 0 0 0 0 0 0 0 0 0
12294 0 0 0 0 0 12295 0 0 0 0 0 0 0 0 0 0 0 0 0 0 0 0 0 0 0 0 0 0 0 0
12295 0 0 0 0 0 0 0 0 0 0 0 0 0 0 0 0 0 0 0 0 0 0 0 0 0 0 0 0 0 1 usage
12296 0 0 0 0 12297 0 12298 0 0 0 0 0 12301 0 0 0 0 0 12305 0 0 0 0 0 0 0 0 0 0 1 use
12297 0 0 0 0 0 0 0 0 0 0 0 0 0 0 0 0 0 0 0 0 0 0 0 0 0 0 0 0 0 1 used
12298 0 0 0 0 0 0 0 0 0 0 0 0 0 0 0 0 0 0 0 0 0 12299 0 0 0 0 0 0 0 0
12299 0 0 0 0 0 0 0 0 0 0 0 0 12300 0 0 0 0 0 0 0 0 0 0 0 0 0 0 0 0 0
12300 0 0 0 0 0 0 0 0 0 0 0 0 0 0 0 0 0 0 0 0 0 0 0 0 0 0 0 0 0 1 useful
12301 0 0 0 0 0 12302 0 0 0 0 0 0 0 0 0 0 0 0 0 0 0 0 0 0 0 0 0 0 0 0
12302 0 0 0 0 0 0 0 0 0 0 0 0 0 0 0 0 0 0 0 12303 0 0 0 0 0 0 0 0 0 0
12303 0 0 0 0 0 0 0 0 0 0 0 0 0 0 0 0 0 0 0 12304 0 0 0 0 0 0 0 0 0 0
12304 0 0 0 0 0 0 0 0 0 0 0 0 0 0 0 0 0 0 0 0 0 0 0 0 0 0 0 0 0 1 useless
12305 0 0 0 0 0 0 0 0 0 0 0 0 0 0 0 0 0 0 0 0 0 0 0 0 0 0 0 0 0 1 user
12306 0 12307 0 0 0 0 0 0 0 0 0 0 0 0 0 0 0 0 0 0 0 0 0 0 0 0 0 0 0 0
12307 0 0 0 0 0 0 0 0 0 0 0 0 12308 0 0 0 0 0 0 0 0 0 0 0 0 0 0 0 0 0
12308 0 0 0 0 0 0 0 0 0 0 0 0 12309 0 0 0 0 0 0 0 0 0 0 0 0 0 0 0 0 1 usual
12309 0 0 0 0 0 0 0 0 0 0 0 0 0 0 0 0 0 0 0 0 0 0 0 0 0 12310 0 0 0 0
12310 0 0 0 0 0 0 0 0 0 0 0 0 0 0 0 0 0 0 0 0 0 0 0 0 0 0 0 0 0 1 usually
12311 0 0 0 0 0 0 0 0 0 12312 0 0 0 12319 0 0 0 0 0 0 12323 0 0 0 0 0 0 0 0 0
12312 0 0 0 0 0 0 0 0 0 0 0 0 12313 0 0 0 0 0 0 0 0 0 0 0 0 0 0 0 0 0
12313 0 0 0 0 0 0 0 0 0 12314 0 0 0 0 0 0 0 0 0 0 0 0 0 0 0 0 0 0 0 0
12314 0 0 0 0 0 0 0 0 0 0 0 0 0 0 0 0 0 0 0 0 12315 0 0 0 0 0 12317 0 0 0
12315 0 0 0 0 0 0 0 0 0 0 0 0 0 0 0 0 0 0 0 0 0 0 0 0 0 12316 0 0 0 0
12316 0 0 0 0 0 0 0 0 0 0 0 0 0 0 0 0 0 0 0 0 0 0 0 0 0 0 0 0 0 1 utility
12317 0 0 0 0 0 12318 0 0 0 0 0 0 0 0 0 0 0 0 0 0 0 0 0 0 0 0 0 0 0 0
12318 0 0 0 0 0 0 0 0 0 0 0 0 0 0 0 0 0 0 0 0 0 0 0 0 0 0 0 0 0 1 utilize
12319 0 0 0 0 0 0 0 0 0 0 0 0 0 0 0 12320 0 0 0 0 0 0 0 0 0 0 0 0 0 0
12320 0 0 0 0 0 0 0 0 0 0 0 0 0 0 0 0 0 0 0 12321 0 0 0 0 0 0 0 0 0 0
12321 0 0 0 0 0 0 0 0 0 0 0 0 0 0 0 0 0 0 0 0 12322 0 0 0 0 0 0 0 0 0
12322 0 0 0 0 0 0 0 0 0 0 0 0 0 0 0 0 0 0 0 0 0 0 0 0 0 0 0 0 0 1 utmost
12323 0 0 0 0 0 12324 0 0 0 0 0 0 0 0 0 0 0 0 0 0 0 0 0 0 0 0 0 0 0 0
12324 0 0 0 0 0 0 0 0 0 0 0 0 0 0 0 0 0 0 12325 0 0 0 0 0 0 0 0 0 0 0
12325 0 0 0 0 0 0 0 0 0 0 0 0 0 0 0 0 0 0 0 0 0 0 0 0 0 0 0 0 0 1 utter
12326 0 12327 0 0 0 12386 0 0 0 12441 0 0 0 0 0 12529 0 0 0 0 0 0 0 0 0 0 0 0 0 0
12327 0 0 0 12328 0 0 0 12339 0 12342 0 0 12344 0 12356 0 12362 0 12366 12383 0 0 0 0 0 0 0 0 0 0
12328 0 12329 0 0 0 0 0 0 0 0 0 0 0 0 0 0 0 0 0 0 0 12336 0 0 0 0 0 0 0 0
12329 0 0 0 0 0 0 0 0 0 0 0 0 0 0 12330 0 0 0 0 0 12332 0 0 0 0 0 0 0 0 0
12330 0 0 0 0 0 0 0 0 0 0 0 0 0 0 0 0 0 0 0 0 12331 0 0 0 0 0 0 0 0 0
12331 0 0 0 0 0 0 0 0 0 0 0 0 0 0 0 0 0 0 0 0 0 0 0 0 0 0 0 0 0 1 vacant
12332 0 0 0 0 0 0 0 0 0 12333 0 0 0 0 0 0 0 0 0 0 0 0 0 0 0 0 0 0 0 0
12333 0 0 0 0 0 0 0 0 0 0 0 0 0 0 0 12334 0 0 0 0 0 0 0 0 0 0 0 0 0 0
12334 0 0 0 0 0 0 0 0 0 0 0 0 0 0 12335 0 0 0 0 0 0 0 0 0 0 0 0 0 0 0
12335 0 0 0 0 0 0 0 0 0 0 0 0 0 0 0 0 0 0 0 0 0 0 0 0 0 0 0 0 0 1 vacation
12336 0 0 0 0 0 0 0 0 0 0 0 0 0 0 0 0 0 0 0 0 0 12337 0 0 0 0 0 0 0 0
12337 0 0 0 0 0 0 0 0 0 0 0 0 0 12338 0 0 0 0 0 0 0 0 0 0 0 0 0 0 0 0
12338 0 0 0 0 0 0 0 0 0 0 0 0 0 0 0 0 0 0 0 0 0 0 0 0 0 0 0 0 0 1 vacuum
12339 0 0 0 0 0 0 0 0 0 0 0 0 0 0 0 0 0 0 0 0 0 12340 0 0 0 0 0 0 0 0
12340 0 0 0 0 0 12341 0 0 0 0 0 0 0 0 0 0 0 0 0 0 0 0 0 0 0 0 0 0 0 0
12341 0 0 0 0 0 0 0 0 0 0 0 0 0 0 0 0 0 0 0 0 0 0 0 0 0 0 0 0 0 1 vague
12342 0 0 0 0 0 0 0 0 0 0 0 0 0 0 12343 0 0 0 0 0 0 0 0 0 0 0 0 0 0 0
12343 0 0 0 0 0 0 0 0 0 0 0 0 0 0 0 0 0 0 0 0 0 0 0 0 0 0 0 0 0 1 vain
12344 0 0 0 0 0 0 0 0 0 12345 0 0 12347 0 0 0 0 0 0 0 0 12350 0 0 0 0 0 0 0 0
12345 0 0 0 0 12346 0 0 0 0 0 0 0 0 0 0 0 0 0 0 0 0 0 0 0 0 0 0 0 0 0
12346 0 0 0 0 0 0 0 0 0 0 0 0 0 0 0 0 0 0 0 0 0 0 0 0 0 0 0 0 0 1 valid
12347 0 0 0 0 0 12348 0 0 0 0 0 0 0 0 0 0 0 0 0 0 0 0 0 0 0 0 0 0 0 0
12348 0 0 0 0 0 0 0 0 0 0 0 0 0 0 0 0 0 0 0 0 0 0 0 0 0 12349 0 0 0 0
12349 0 0 0 0 0 0 0 0 0 0 0 0 0 0 0 0 0 0 0 0 0 0 0 0 0 0 0 0 0 1 valley
12350 0 12351 0 0 0 12355 0 0 0 0 0 0 0 0 0 0 0 0 0 0 0 0 0 0 0 0 0 0 0 0
12351 0 0 12352 0 0 0 0 0 0 0 0 0 0 0 0 0 0 0 0 0 0 0 0 0 0 0 0 0 0 0
12352 0 0 0 0 0 0 0 0 0 0 0 0 12353 0 0 0 0 0 0 0 0 0 0 0 0 0 0 0 0 0
12353 0 0 0 0 0 12354 0 0 0 0 0 0 0 0 0 0 0 0 0 0 0 0 0 0 0 0 0 0 0 0
12354 0 0 0 0 0 0 0 0 0 0 0 0 0 0 0 0 0 0 0 0 0 0 0 0 0 0 0 0 0 1 valuable
12355 0 0 0 0 0 0 0 0 0 0 0 0 0 0 0 0 0 0 0 0 0 0 0 0 0 0 0 0 0 1 value
12356 0 0 0 0 0 0 0 0 0 12357 0 0 0 0 0 0 0 0 0 0 0 0 0 0 0 0 0 0 0 1 van
12357 0 0 0 0 0 0 0 0 0 0 0 0 0 0 0 0 0 0 0 12358 12360 0 0 0 0 0 0 0 0 0
12358 0 0 0 0 0 0 0 0 12359 0 0 0 0 0 0 0 0 0 0 0 0 0 0 0 0 0 0 0 0 0
12359 0 0 0 0 0 0 0 0 0 0 0 0 0 0 0 0 0 0 0 0 0 0 0 0 0 0 0 0 0 1 vanish
12360 0 0 0 0 0 0 0 0 0 0 0 0 0 0 0 0 0 0 0 0 0 0 0 0 0 12361 0 0 0 0
12361 0 0 0 0 0 0 0 0 0 0 0 0 0 0 0 0 0 0 0 0 0 0 0 0 0 0 0 0 0 1 vanity
12362 0 0 0 0 0 0 0 0 0 0 0 0 0 0 0 12363 0 0 0 0 0 0 0 0 0 0 0 0 0 0
12363 0 0 0 0 0 0 0 0 0 0 0 0 0 0 0 0 0 0 0 0 0 12364 0 0 0 0 0 0 0 0
12364 0 0 0 0 0 0 0 0 0 0 0 0 0 0 0 0 0 0 12365 0 0 0 0 0 0 0 0 0 0 0
12365 0 0 0 0 0 0 0 0 0 0 0 0 0 0 0 0 0 0 0 0 0 0 0 0 0 0 0 0 0 1 vapour
12366 0 0 0 0 0 0 0 0 0 12367 0 0 0 0 0 0 0 0 0 0 0 0 0 0 0 12382 0 0 0 0
12367 0 12368 0 0 0 12376 0 0 0 0 0 0 0 0 0 12379 0 0 0 0 0 0 0 0 0 0 0 0 0 0
12368 0 0 12369 0 0 0 0 0 0 0 0 0 0 0 0 0 0 0 0 0 12372 0 0 0 0 0 0 0 0 0
12369 0 0 0 0 0 0 0 0 0 0 0 0 12370 0 0 0 0 0 0 0 0 0 0 0 0 0 0 0 0 0
12370 0 0 0 0 0 12371 0 0 0 0 0 0 0 0 0 0 0 0 0 0 0 0 0 0 0 0 0 0 0 0
12371 0 0 0 0 0 0 0 0 0 0 0 0 0 0 0 0 0 0 0 0 0 0 0 0 0 0 0 0 0 1 variable
12372 0 0 0 0 0 0 0 0 0 12373 0 0 0 0 0 0 0 0 0 0 0 0 0 0 0 0 0 0 0 0
12373 0 0 0 0 0 0 0 0 0 0 0 0 0 0 0 12374 0 0 0 0 0 0 0 0 0 0 0 0 0 0
12374 0 0 0 0 0 0 0 0 0 0 0 0 0 0 12375 0 0 0 0 0 0 0 0 0 0 0 0 0 0 0
12375 0 0 0 0 0 0 0 0 0 0 0 0 0 0 0 0 0 0 0 0 0 0 0 0 0 0 0 0 0 1 variation
12376 0 0 0 0 0 0 0 0 0 0 0 0 0 0 0 0 0 0 0 0 12377 0 0 0 0 0 0 0 0 0
12377 0 0 0 0 0 0 0 0 0 0 0 0 0 0 0 0 0 0 0 0 0 0 0 0 0 12378 0 0 0 0
12378 0 0 0 0 0 0 0 0 0 0 0 0 0 0 0 0 0 0 0 0 0 0 0 0 0 0 0 0 0 1 variety
12379 0 0 0 0 0 0 0 0 0 0 0 0 0 0 0 0 0 0 0 0 0 12380 0 0 0 0 0 0 0 0
12380 0 0 0 0 0 0 0 0 0 0 0 0 0 0 0 0 0 0 0 12381 0 0 0 0 0 0 0 0 0 0
12381 0 0 0 0 0 0 0 0 0 0 0 0 0 0 0 0 0 0 0 0 0 0 0 0 0 0 0 0 0 1 various
12382 0 0 0 0 0 0 0 0 0 0 0 0 0 0 0 0 0 0 0 0 0 0 0 0 0 0 0 0 0 1 vary
12383 0 0 0 0 0 12384 0 0 0 0 0 0 0 0 0 0 0 0 0 0 12385 0 0 0 0 0 0 0 0 0
12384 0 0 0 0 0 0 0 0 0 0 0 0 0 0 0 0 0 0 0 0 0 0 0 0 0 0 0 0 0 1 vase
12385 0 0 0 0 0 0 0 0 0 0 0 0 0 0 0 0 0 0 0 0 0 0 0 0 0 0 0 0 0 1 vast
12386 0 0 0 0 0 0 0 12387 12394 12399 0 0 12401 0 12410 0 0 0 12415 12430 12435 0 0 0 12440 0 0 0 0 0
12387 0 0 0 0 0 12388 0 0 0 0 0 0 0 0 0 0 0 0 0 0 0 0 0 0 0 0 0 0 0 0
12388 0 0 0 0 0 0 0 0 0 0 0 0 0 0 0 0 0 0 0 0 12389 0 0 0 0 0 0 0 0 0
12389 0 12390 0 0 0 0 0 0 0 0 0 0 0 0 0 0 0 0 0 0 0 0 0 0 0 0 0 0 0 0
12390 0 0 12391 0 0 0 0 0 0 0 0 0 0 0 0 0 0 0 0 0 0 0 0 0 0 0 0 0 0 0
12391 0 0 0 0 0 0 0 0 0 0 0 0 12392 0 0 0 0 0 0 0 0 0 0 0 0 0 0 0 0 0
12392 0 0 0 0 0 12393 0 0 0 0 0 0 0 0 0 0 0 0 0 0 0 0 0 0 0 0 0 0 0 0
12393 0 0 0 0 0 0 0 0 0 0 0 0 0 0 0 0 0 0 0 0 0 0 0 0 0 0 0 0 0 1 vegetable
12394 0 0 0 0 0 0 0 0 0 12395 0 0 0 0 0 0 0 0 0 0 0 0 0 0 0 0 0 0 0 0
12395 0 0 0 12396 0 0 0 0 0 0 0 0 0 0 0 0 0 0 0 0 0 0 0 0 0 0 0 0 0 0
12396 0 0 0 0 0 0 0 0 0 0 0 0 12397 0 0 0 0 0 0 0 0 0 0 0 0 0 0 0 0 0
12397 0 0 0 0 0 12398 0 0 0 0 0 0 0 0 0 0 0 0 0 0 0 0 0 0 0 0 0 0 0 0
12398 0 0 0 0 0 0 0 0 0 0 0 0 0 0 0 0 0 0 0 0 0 0 0 0 0 0 0 0 0 1 vehicle
12399 0 0 0 0 0 0 0 0 0 0 0 0 12400 0 0 0 0 0 0 0 0 0 0 0 0 0 0 0 0 0
12400 0 0 0 0 0 0 0 0 0 0 0 0 0 0 0 0 0 0 0 0 0 0 0 0 0 0 0 0 0 1 veil
12401 0 0 0 0 0 0 0 0 0 0 0 0 0 0 0 12402 0 0 0 0 0 0 12407 0 0 0 0 0 0 0
12402 0 0 0 12403 0 0 0 0 0 0 0 0 0 0 0 0 0 0 0 0 0 0 0 0 0 0 0 0 0 0
12403 0 0 0 0 0 0 0 0 0 12404 0 0 0 0 0 0 0 0 0 0 0 0 0 0 0 0 0 0 0 0
12404 0 0 0 0 0 0 0 0 0 0 0 0 0 0 0 0 0 0 0 0 12405 0 0 0 0 0 0 0 0 0
12405 0 0 0 0 0 0 0 0 0 0 0 0 0 0 0 0 0 0 0 0 0 0 0 0 0 12406 0 0 0 0
12406 0 0 0 0 0 0 0 0 0 0 0 0 0 0 0 0 0 0 0 0 0 0 0 0 0 0 0 0 0 1 velocity
12407 0 0 0 0 0 12408 0 0 0 0 0 0 0 0 0 0 0 0 0 0 0 0 0 0 0 0 0 0 0 0
12408 0 0 0 0 0 0 0 0 0 0 0 0 0 0 0 0 0 0 0 0 12409 0 0 0 0 0 0 0 0 0
12409 0 0 0 0 0 0 0 0 0 0 0 0 0 0 0 0 0 0 0 0 0 0 0 0 0 0 0 0 0 1 velvet
12410 0 0 0 0 0 0 0 0 0 0 0 0 0 0 0 0 0 0 0 0 12411 0 0 0 0 0 0 0 0 0
12411 0 0 0 0 0 0 0 0 0 0 0 0 0 0 0 0 0 0 0 0 0 12412 0 0 0 0 0 0 0 0
12412 0 0 0 0 0 0 0 0 0 0 0 0 0 0 0 0 0 0 12413 0 0 0 0 0 0 0 0 0 0 0
12413 0 0 0 0 0 12414 0 0 0 0 0 0 0 0 0 0 0 0 0 0 0 0 0 0 0 0 0 0 0 0
12414 0 0 0 0 0 0 0 0 0 0 0 0 0 0 0 0 0 0 0 0 0 0 0 0 0 0 0 0 0 1 venture
12415 0 0 12416 0 0 0 0 0 0 12417 0 0 0 0 0 0 0 0 0 12420 12424 0 0 0 0 12429 0 0 0 0
12416 0 0 0 0 0 0 0 0 0 0 0 0 0 0 0 0 0 0 0 0 0 0 0 0 0 0 0 0 0 1 verb
12417 0 0 0 0 0 0 12418 0 0 0 0 0 0 0 0 0 0 0 0 0 0 0 0 0 0 0 0 0 0 0
12418 0 0 0 0 0 0 0 0 0 0 0 0 0 0 0 0 0 0 0 0 0 0 0 0 0 12419 0 0 0 0
12419 0 0 0 0 0 0 0 0 0 0 0 0 0 0 0 0 0 0 0 0 0 0 0 0 0 0 0 0 0 1 verify
12420 0 0 0 0 0 0 0 0 0 12421 0 0 0 0 0 0 0 0 0 0 0 0 0 0 0 0 0 0 0 0
12421 0 0 0 0 0 0 0 0 0 0 0 0 0 0 0 12422 0 0 0 0 0 0 0 0 0 0 0 0 0 0
12422 0 0 0 0 0 0 0 0 0 0 0 0 0 0 12423 0 0 0 0 0 0 0 0 0 0 0 0 0 0 0
12423 0 0 0 0 0 0 0 0 0 0 0 0 0 0 0 0 0 0 0 0 0 0 0 0 0 0 0 0 0 1 version
12424 0 0 0 0 0 0 0 0 0 12425 0 0 0 0 0 0 0 0 0 0 0 0 0 0 0 0 0 0 0 0
12425 0 0 0 12426 0 0 0 0 0 0 0 0 0 0 0 0 0 0 0 0 0 0 0 0 0 0 0 0 0 0
12426 0 12427 0 0 0 0 0 0 0 0 0 0 0 0 0 0 0 0 0 0 0 0 0 0 0 0 0 0 0 0
12427 0 0 0 0 0 0 0 0 0 0 0 0 12428 0 0 0 0 0 0 0 0 0 0 0 0 0 0 0 0 0
12428 0 0 0 0 0 0 0 0 0 0 0 0 0 0 0 0 0 0 0 0 0 0 0 0 0 0 0 0 0 1 vertical
12429 0 0 0 0 0 0 0 0 0 0 0 0 0 0 0 0 0 0 0 0 0 0 0 0 0 0 0 0 0 1 very
12430 0 0 0 0 0 0 0 0 0 0 0 0 0 0 0 0 0 0 0 12431 12434 0 0 0 0 0 0 0 0 0
12431 0 0 0 0 0 12432 0 0 0 0 0 0 0 0 0 0 0 0 0 0 0 0 0 0 0 0 0 0 0 0
12432 0 0 0 0 0 0 0 0 0 0 0 0 12433 0 0 0 0 0 0 0 0 0 0 0 0 0 0 0 0 0
12433 0 0 0 0 0 0 0 0 0 0 0 0 0 0 0 0 0 0 0 0 0 0 0 0 0 0 0 0 0 1 vessel
12434 0 0 0 0 0 0 0 0 0 0 0 0 0 0 0 0 0 0 0 0 0 0 0 0 0 0 0 0 0 1 vest
12435 0 0 0 0 0 12436 0 0 0 0 0 0 0 0 0 0 0 0 0 0 0 0 0 0 0 0 0 0 0 0
12436 0 0 0 0 0 0 0 0 0 0 0 0 0 0 0 0 0 0 12437 0 0 0 0 0 0 0 0 0 0 0
12437 0 12438 0 0 0 0 0 0 0 0 0 0 0 0 0 0 0 0 0 0 0 0 0 0 0 0 0 0 0 0
12438 0 0 0 0 0 0 0 0 0 0 0 0 0 0 12439 0 0 0 0 0 0 0 0 0 0 0 0 0 0 0
12439 0 0 0 0 0 0 0 0 0 0 0 0 0 0 0 0 0 0 0 0 0 0 0 0 0 0 0 0 0 1 veteran
12440 0 0 0 0 0 0 0 0 0 0 0 0 0 0 0 0 0 0 0 0 0 0 0 0 0 0 0 0 0 1 vex
12441 0 12442 12443 12451 12463 12466 0 12473 0 0 0 0 12479 0 12484 12489 0 0 12499 12507 12520 0 12526 0 0 0 0 0 0 0
12442 0 0 0 0 0 0 0 0 0 0 0 0 0 0 0 0 0 0 0 0 0 0 0 0 0 0 0 0 0 1 via
12443 0 0 0 0 0 0 0 0 0 0 0 0 0 0 0 0 0 0 12444 0 0 0 0 0 0 0 0 0 0 0
12444 0 12445 0 0 0 0 0 0 0 0 0 0 0 0 0 0 0 0 0 0 0 0 0 0 0 0 0 0 0 0
12445 0 0 0 0 0 0 0 0 0 0 0 0 0 0 0 0 0 0 0 0 12446 0 0 0 0 0 0 0 0 0
12446 0 0 0 0 0 12447 0 0 0 12448 0 0 0 0 0 0 0 0 0 0 0 0 0 0 0 0 0 0 0 0
12447 0 0 0 0 0 0 0 0 0 0 0 0 0 0 0 0 0 0 0 0 0 0 0 0 0 0 0 0 0 1 vibrate
12448 0 0 0 0 0 0 0 0 0 0 0 0 0 0 0 12449 0 0 0 0 0 0 0 0 0 0 0 0 0 0
12449 0 0 0 0 0 0 0 0 0 0 0 0 0 0 12450 0 0 0 0 0 0 0 0 0 0 0 0 0 0 0
12450 0 0 0 0 0 0 0 0 0 0 0 0 0 0 0 0 0 0 0 0 0 0 0 0 0 0 0 0 0 1 vibration
12451 0 0 0 0 0 12452 0 0 0 0 0 0 0 0 0 0 0 0 0 0 12453 0 0 0 0 0 0 0 0 0
12452 0 0 0 0 0 0 0 0 0 0 0 0 0 0 0 0 0 0 0 0 0 0 0 0 0 0 0 0 0 1 vice
12453 0 0 0 0 0 0 0 0 0 12454 0 0 0 0 0 12456 0 0 0 0 0 0 0 0 0 0 0 0 0 0
12454 0 0 0 0 0 0 0 0 0 0 0 0 0 12455 0 0 0 0 0 0 0 0 0 0 0 0 0 0 0 0
12455 0 0 0 0 0 0 0 0 0 0 0 0 0 0 0 0 0 0 0 0 0 0 0 0 0 0 0 0 0 1 victim
12456 0 0 0 0 0 0 0 0 0 0 0 0 0 0 0 0 0 0 12457 0 0 0 0 0 0 0 0 0 0 0
12457 0 0 0 0 0 0 0 0 0 12458 0 0 0 0 0 0 0 0 0 0 0 0 0 0 0 12462 0 0 0 0
12458 0 0 0 0 0 0 0 0 0 0 0 0 0 0 0 12459 0 0 0 0 0 0 0 0 0 0 0 0 0 0
12459 0 0 0 0 0 0 0 0 0 0 0 0 0 0 0 0 0 0 0 0 0 12460 0 0 0 0 0 0 0 0
12460 0 0 0 0 0 0 0 0 0 0 0 0 0 0 0 0 0 0 0 12461 0 0 0 0 0 0 0 0 0 0
12461 0 0 0 0 0 0 0 0 0 0 0 0 0 0 0 0 0 0 0 0 0 0 0 0 0 0 0 0 0 1 victorious
12462 0 0 0 0 0 0 0 0 0 0 0 0 0 0 0 0 0 0 0 0 0 0 0 0 0 0 0 0 0 1 victory
12463 0 0 0 0 0 12464 0 0 0 0 0 0 0 0 0 0 0 0 0 0 0 0 0 0 0 0 0 0 0 0
12464 0 0 0 0 0 0 0 0 0 0 0 0 0 0 0 12465 0 0 0 0 0 0 0 0 0 0 0 0 0 0
12465 0 0 0 0 0 0 0 0 0 0 0 0 0 0 0 0 0 0 0 0 0 0 0 0 0 0 0 0 0 1 video
12466 0 0 0 0 0 0 0 0 0 0 0 0 0 0 0 0 0 0 0 0 0 0 0 12467 0 0 0 0 0 0
12467 0 0 0 0 0 0 0 0 0 0 0 0 0 0 0 0 12468 0 0 0 0 0 0 0 0 0 0 0 0 1 view
12468 0 0 0 0 0 0 0 0 0 0 0 0 0 0 0 12469 0 0 0 0 0 0 0 0 0 0 0 0 0 0
12469 0 0 0 0 0 0 0 0 0 12470 0 0 0 0 0 0 0 0 0 0 0 0 0 0 0 0 0 0 0 0
12470 0 0 0 0 0 0 0 0 0 0 0 0 0 0 12471 0 0 0 0 0 0 0 0 0 0 0 0 0 0 0
12471 0 0 0 0 0 0 0 0 0 0 0 0 0 0 0 0 0 0 0 0 12472 0 0 0 0 0 0 0 0 0
12472 0 0 0 0 0 0 0 0 0 0 0 0 0 0 0 0 0 0 0 0 0 0 0 0 0 0 0 0 0 1 viewpoint
12473 0 0 0 0 0 0 0 0 0 0 0 0 0 0 0 12474 0 0 0 0 0 0 0 0 0 0 0 0 0 0
12474 0 0 0 0 0 0 0 0 0 0 0 0 0 0 0 0 0 0 12475 0 0 0 0 0 0 0 0 0 0 0
12475 0 0 0 0 0 0 0 0 0 0 0 0 0 0 0 12476 0 0 0 0 0 0 0 0 0 0 0 0 0 0
12476 0 0 0 0 0 0 0 0 0 0 0 0 0 0 0 0 0 0 0 0 0 12477 0 0 0 0 0 0 0 0
12477 0 0 0 0 0 0 0 0 0 0 0 0 0 0 0 0 0 0 0 12478 0 0 0 0 0 0 0 0 0 0
12478 0 0 0 0 0 0 0 0 0 0 0 0 0 0 0 0 0 0 0 0 0 0 0 0 0 0 0 0 0 1 vigorous
12479 0 0 0 0 0 0 0 0 0 0 0 0 12480 0 0 0 0 0 0 0 0 0 0 0 0 0 0 0 0 0
12480 0 12481 0 0 0 0 0 0 0 0 0 0 0 0 0 0 0 0 0 0 0 0 0 0 0 0 0 0 0 0
12481 0 0 0 0 0 0 0 12482 0 0 0 0 0 0 0 0 0 0 0 0 0 0 0 0 0 0 0 0 0 0
12482 0 0 0 0 0 12483 0 0 0 0 0 0 0 0 0 0 0 0 0 0 0 0 0 0 0 0 0 0 0 0
12483 0 0 0 0 0 0 0 0 0 0 0 0 0 0 0 0 0 0 0 0 0 0 0 0 0 0 0 0 0 1 village
12484 0 0 0 0 0 12485 0 0 0 0 0 0 0 0 0 0 0 0 0 0 0 0 0 0 0 0 0 0 0 0
12485 0 0 0 0 0 0 0 12486 0 0 0 0 0 0 0 0 0 0 0 0 0 0 0 0 0 0 0 0 0 1 vine
12486 0 12487 0 0 0 0 0 0 0 0 0 0 0 0 0 0 0 0 0 0 0 0 0 0 0 0 0 0 0 0
12487 0 0 0 0 0 0 0 0 0 0 0 0 0 0 0 0 0 0 12488 0 0 0 0 0 0 0 0 0 0 0
12488 0 0 0 0 0 0 0 0 0 0 0 0 0 0 0 0 0 0 0 0 0 0 0 0 0 0 0 0 0 1 vinegar
12489 0 0 0 0 0 0 0 0 0 0 0 0 12490 0 0 0 0 0 0 0 0 0 0 0 0 0 0 0 0 0
12490 0 0 0 0 0 12491 0 0 0 12497 0 0 0 0 0 0 0 0 0 0 0 0 0 0 0 0 0 0 0 0
12491 0 0 0 0 0 0 0 0 0 0 0 0 0 0 12492 0 0 0 0 0 12496 0 0 0 0 0 0 0 0 0
12492 0 0 0 12493 0 0 0 0 0 0 0 0 0 0 0 0 0 0 0 0 12495 0 0 0 0 0 0 0 0 0
12493 0 0 0 0 0 12494 0 0 0 0 0 0 0 0 0 0 0 0 0 0 0 0 0 0 0 0 0 0 0 0
12494 0 0 0 0 0 0 0 0 0 0 0 0 0 0 0 0 0 0 0 0 0 0 0 0 0 0 0 0 0 1 violence
12495 0 0 0 0 0 0 0 0 0 0 0 0 0 0 0 0 0 0 0 0 0 0 0 0 0 0 0 0 0 1 violent
12496 0 0 0 0 0 0 0 0 0 0 0 0 0 0 0 0 0 0 0 0 0 0 0 0 0 0 0 0 0 1 violet
12497 0 0 0 0 0 0 0 0 0 0 0 0 0 0 12498 0 0 0 0 0 0 0 0 0 0 0 0 0 0 0
12498 0 0 0 0 0 0 0 0 0 0 0 0 0 0 0 0 0 0 0 0 0 0 0 0 0 0 0 0 0 1 violin
12499 0 0 0 0 0 0 0 0 0 0 0 0 0 0 0 0 0 0 0 0 12500 0 0 0 0 0 0 0 0 0
12500 0 0 0 0 0 0 0 0 0 0 0 0 0 0 0 0 0 0 0 0 0 12501 0 0 0 0 0 0 0 0
12501 0 12502 0 0 0 12506 0 0 0 0 0 0 0 0 0 0 0 0 0 0 0 0 0 0 0 0 0 0 0 0
12502 0 0 0 0 0 0 0 0 0 0 0 0 12503 0 0 0 0 0 0 0 0 0 0 0 0 0 0 0 0 0
12503 0 0 0 0 0 0 0 0 0 0 0 0 12504 0 0 0 0 0 0 0 0 0 0 0 0 0 0 0 0 0
12504 0 0 0 0 0 0 0 0 0 0 0 0 0 0 0 0 0 0 0 0 0 0 0 0 0 12505 0 0 0 0
12505 0 0 0 0 0 0 0 0 0 0 0 0 0 0 0 0 0 0 0 0 0 0 0 0 0 0 0 0 0 1 virtually
12506 0 0 0 0 0 0 0 0 0 0 0 0 0 0 0 0 0 0 0 0 0 0 0 0 0 0 0 0 0 1 virtue
12507 0 0 0 0 0 0 0 0 0 12508 0 0 0 0 0 0 0 0 0 0 0 12517 0 0 0 0 0 0 0 0
12508 0 0 12509 0 0 0 0 0 0 0 0 0 0 0 0 12512 0 0 0 0 12514 0 0 0 0 0 0 0 0 0
12509 0 0 0 0 0 0 0 0 0 0 0 0 12510 0 0 0 0 0 0 0 0 0 0 0 0 0 0 0 0 0
12510 0 0 0 0 0 12511 0 0 0 0 0 0 0 0 0 0 0 0 0 0 0 0 0 0 0 0 0 0 0 0
12511 0 0 0 0 0 0 0 0 0 0 0 0 0 0 0 0 0 0 0 0 0 0 0 0 0 0 0 0 0 1 visible
12512 0 0 0 0 0 0 0 0 0 0 0 0 0 0 12513 0 0 0 0 0 0 0 0 0 0 0 0 0 0 0
12513 0 0 0 0 0 0 0 0 0 0 0 0 0 0 0 0 0 0 0 0 0 0 0 0 0 0 0 0 0 1 vision
12514 0 0 0 0 0 0 0 0 0 0 0 0 0 0 0 12515 0 0 0 0 0 0 0 0 0 0 0 0 0 1 visit
12515 0 0 0 0 0 0 0 0 0 0 0 0 0 0 0 0 0 0 12516 0 0 0 0 0 0 0 0 0 0 0
12516 0 0 0 0 0 0 0 0 0 0 0 0 0 0 0 0 0 0 0 0 0 0 0 0 0 0 0 0 0 1 visitor
12517 0 12518 0 0 0 0 0 0 0 0 0 0 0 0 0 0 0 0 0 0 0 0 0 0 0 0 0 0 0 0
12518 0 0 0 0 0 0 0 0 0 0 0 0 12519 0 0 0 0 0 0 0 0 0 0 0 0 0 0 0 0 0
12519 0 0 0 0 0 0 0 0 0 0 0 0 0 0 0 0 0 0 0 0 0 0 0 0 0 0 0 0 0 1 visual
12520 0 12521 0 0 0 0 0 0 0 0 0 0 0 0 0 0 0 0 0 0 0 0 0 0 0 0 0 0 0 0
12521 0 0 0 0 0 0 0 0 0 0 0 0 12522 12523 0 0 0 0 0 0 0 0 0 0 0 0 0 0 0 0
12522 0 0 0 0 0 0 0 0 0 0 0 0 0 0 0 0 0 0 0 0 0 0 0 0 0 0 0 0 0 1 vital
12523 0 0 0 0 0 0 0 0 0 12524 0 0 0 0 0 0 0 0 0 0 0 0 0 0 0 0 0 0 0 0
12524 0 0 0 0 0 0 0 0 0 0 0 0 0 0 12525 0 0 0 0 0 0 0 0 0 0 0 0 0 0 0
12525 0 0 0 0 0 0 0 0 0 0 0 0 0 0 0 0 0 0 0 0 0 0 0 0 0 0 0 0 0 1 vitamin
12526 0 0 0 0 0 0 0 0 0 12527 0 0 0 0 0 0 0 0 0 0 0 0 0 0 0 0 0 0 0 0
12527 0 0 0 0 12528 0 0 0 0 0 0 0 0 0 0 0 0 0 0 0 0 0 0 0 0 0 0 0 0 0
12528 0 0 0 0 0 0 0 0 0 0 0 0 0 0 0 0 0 0 0 0 0 0 0 0 0 0 0 0 0 1 vivid
12529 0 0 0 12530 0 0 0 0 0 12538 0 0 12541 0 0 0 0 0 0 0 12565 0 0 0 0 12567 0 0 0 0
12530 0 12531 0 0 0 0 0 0 0 0 0 0 0 0 0 0 0 0 0 0 0 0 0 0 0 0 0 0 0 0
12531 0 0 12532 0 0 0 0 0 0 0 0 0 0 0 0 0 0 0 0 0 0 0 0 0 0 0 0 0 0 0
12532 0 0 0 0 0 0 0 0 0 0 0 0 0 0 0 0 0 0 0 0 0 12533 0 0 0 0 0 0 0 0
12533 0 0 0 0 0 0 0 0 0 0 0 0 12534 0 0 0 0 0 0 0 0 0 0 0 0 0 0 0 0 0
12534 0 12535 0 0 0 0 0 0 0 0 0 0 0 0 0 0 0 0 0 0 0 0 0 0 0 0 0 0 0 0
12535 0 0 0 0 0 0 0 0 0 0 0 0 0 0 0 0 0 0 12536 0 0 0 0 0 0 0 0 0 0 0
12536 0 0 0 0 0 0 0 0 0 0 0 0 0 0 0 0 0 0 0 0 0 0 0 0 0 12537 0 0 0 0
12537 0 0 0 0 0 0 0 0 0 0 0 0 0 0 0 0 0 0 0 0 0 0 0 0 0 0 0 0 0 1 vocabulary
12538 0 0 0 12539 0 0 0 0 0 0 0 0 0 0 0 0 0 0 0 0 0 0 0 0 0 0 0 0 0 0
12539 0 0 0 0 0 12540 0 0 0 0 0 0 0 0 0 0 0 0 0 0 0 0 0 0 0 0 0 0 0 0
12540 0 0 0 0 0 0 0 0 0 0 0 0 0 0 0 0 0 0 0 0 0 0 0 0 0 0 0 0 0 1 voice
12541 0 0 0 12542 0 0 0 0 0 0 0 0 12546 0 0 0 0 0 0 0 12553 12557 0 0 0 0 0 0 0 0
12542 0 12543 0 0 0 0 0 0 0 0 0 0 0 0 0 0 0 0 0 0 0 0 0 0 0 0 0 0 0 0
12543 0 0 0 0 0 0 0 0 0 0 0 0 0 0 12544 0 0 0 0 0 0 0 0 0 0 0 0 0 0 0
12544 0 0 0 0 0 0 0 0 0 0 0 0 0 0 0 12545 0 0 0 0 0 0 0 0 0 0 0 0 0 0
12545 0 0 0 0 0 0 0 0 0 0 0 0 0 0 0 0 0 0 0 0 0 0 0 0 0 0 0 0 0 1 volcano
12546 0 0 0 0 0 12547 0 0 0 0 0 0 0 0 0 0 0 0 0 0 0 0 0 0 0 0 0 0 0 0
12547 0 0 0 0 0 0 0 0 0 0 0 0 0 0 0 0 0 0 0 0 0 0 0 0 0 12548 0 0 0 0
12548 0 0 12549 0 0 0 0 0 0 0 0 0 0 0 0 0 0 0 0 0 0 0 0 0 0 0 0 0 0 0
12549 0 12550 0 0 0 0 0 0 0 0 0 0 0 0 0 0 0 0 0 0 0 0 0 0 0 0 0 0 0 0
12550 0 0 0 0 0 0 0 0 0 0 0 0 12551 0 0 0 0 0 0 0 0 0 0 0 0 0 0 0 0 0
12551 0 0 0 0 0 0 0 0 0 0 0 0 12552 0 0 0 0 0 0 0 0 0 0 0 0 0 0 0 0 0
12552 0 0 0 0 0 0 0 0 0 0 0 0 0 0 0 0 0 0 0 0 0 0 0 0 0 0 0 0 0 1 volleyball
12553 0 12554 0 0 0 0 0 0 0 0 0 0 0 0 0 0 0 0 0 0 0 0 0 0 0 0 0 0 0 1 volt
12554 0 0 0 0 0 0 0 12555 0 0 0 0 0 0 0 0 0 0 0 0 0 0 0 0 0 0 0 0 0 0
12555 0 0 0 0 0 12556 0 0 0 0 0 0 0 0 0 0 0 0 0 0 0 0 0 0 0 0 0 0 0 0
12556 0 0 0 0 0 0 0 0 0 0 0 0 0 0 0 0 0 0 0 0 0 0 0 0 0 0 0 0 0 1 voltage
12557 0 0 0 0 0 0 0 0 0 0 0 0 0 12558 12560 0 0 0 0 0 0 0 0 0 0 0 0 0 0 0
12558 0 0 0 0 0 12559 0 0 0 0 0 0 0 0 0 0 0 0 0 0 0 0 0 0 0 0 0 0 0 0
12559 0 0 0 0 0 0 0 0 0 0 0 0 0 0 0 0 0 0 0 0 0 0 0 0 0 0 0 0 0 1 volume
12560 0 0 0 0 0 0 0 0 0 0 0 0 0 0 0 0 0 0 0 0 12561 0 0 0 0 0 0 0 0 0
12561 0 12562 0 0 0 0 0 0 0 0 0 0 0 0 0 0 0 0 0 0 0 0 0 0 0 0 0 0 0 0
12562 0 0 0 0 0 0 0 0 0 0 0 0 0 0 0 0 0 0 12563 0 0 0 0 0 0 0 0 0 0 0
12563 0 0 0 0 0 0 0 0 0 0 0 0 0 0 0 0 0 0 0 0 0 0 0 0 0 12564 0 0 0 0
12564 0 0 0 0 0 0 0 0 0 0 0 0 0 0 0 0 0 0 0 0 0 0 0 0 0 0 0 0 0 1 voluntary
12565 0 0 0 0 0 12566 0 0 0 0 0 0 0 0 0 0 0 0 0 0 0 0 0 0 0 0 0 0 0 0
12566 0 0 0 0 0 0 0 0 0 0 0 0 0 0 0 0 0 0 0 0 0 0 0 0 0 0 0 0 0 1 vote
12567 0 12568 0 0 0 0 0 0 0 0 0 0 0 0 0 0 0 0 0 0 0 0 0 0 0 0 0 0 0 0
12568 0 0 0 0 0 0 0 12569 0 0 0 0 0 0 0 0 0 0 0 0 0 0 0 0 0 0 0 0 0 0
12569 0 0 0 0 0 12570 0 0 0 0 0 0 0 0 0 0 0 0 0 0 0 0 0 0 0 0 0 0 0 0
12570 0 0 0 0 0 0 0 0 0 0 0 0 0 0 0 0 0 0 0 0 0 0 0 0 0 0 0 0 0 1 voyage
12571 0 12572 0 0 0 12630 0 0 12708 12776 0 0 0 0 0 12850 0 0 12916 0 0 0 0 0 0 0 0 0 0 0
12572 0 0 0 0 0 0 0 12573 0 12578 0 12584 12587 0 12592 0 0 0 12597 12602 12606 0 12620 0 12628 12629 0 0 0 0
12573 0 0 0 0 0 12574 0 12575 0 0 0 0 0 0 0 0 0 0 0 0 0 0 0 0 0 0 0 0 0 0
12574 0 0 0 0 0 0 0 0 0 0 0 0 0 0 0 0 0 0 0 0 0 0 0 0 0 0 0 0 0 1 wage
12575 0 0 0 0 0 0 0 0 0 0 0 0 0 0 0 12576 0 0 0 0 0 0 0 0 0 0 0 0 0 0
12576 0 0 0 0 0 0 0 0 0 0 0 0 0 0 12577 0 0 0 0 0 0 0 0 0 0 0 0 0 0 0
12577 0 0 0 0 0 0 0 0 0 0 0 0 0 0 0 0 0 0 0 0 0 0 0 0 0 0 0 0 0 1 waggon
12578 0 0 0 0 0 0 0 0 0 0 0 0 0 0 0 0 0 0 0 12579 12581 0 0 0 0 0 0 0 0 0
12579 0 0 0 0 0 0 0 0 0 0 0 0 0 0 0 0 0 0 0 0 12580 0 0 0 0 0 0 0 0 0
12580 0 0 0 0 0 0 0 0 0 0 0 0 0 0 0 0 0 0 0 0 0 0 0 0 0 0 0 0 0 1 waist
12581 0 0 0 0 0 12582 0 0 0 0 0 0 0 0 0 0 0 0 0 0 0 0 0 0 0 0 0 0 0 1 wait
12582 0 0 0 0 0 0 0 0 0 0 0 0 0 0 0 0 0 0 12583 0 0 0 0 0 0 0 0 0 0 0
12583 0 0 0 0 0 0 0 0 0 0 0 0 0 0 0 0 0 0 0 0 0 0 0 0 0 0 0 0 0 1 waiter
12584 0 0 0 0 0 12585 0 0 0 0 0 0 0 0 0 0 0 0 0 0 0 0 0 0 0 0 0 0 0 0
12585 0 0 0 0 0 0 0 0 0 0 0 0 0 0 12586 0 0 0 0 0 0 0 0 0 0 0 0 0 0 1 wake
12586 0 0 0 0 0 0 0 0 0 0 0 0 0 0 0 0 0 0 0 0 0 0 0 0 0 0 0 0 0 1 waken
12587 0 0 0 0 0 0 0 0 0 0 0 12588 12589 0 0 0 0 0 0 0 0 0 0 0 0 0 0 0 0 0
12588 0 0 0 0 0 0 0 0 0 0 0 0 0 0 0 0 0 0 0 0 0 0 0 0 0 0 0 0 0 1 walk
12589 0 0 0 0 0 12590 0 0 0 0 0 0 0 0 0 0 0 0 0 0 0 0 0 0 0 0 0 0 0 1 wall
12590 0 0 0 0 0 0 0 0 0 0 0 0 0 0 0 0 0 0 0 0 12591 0 0 0 0 0 0 0 0 0
12591 0 0 0 0 0 0 0 0 0 0 0 0 0 0 0 0 0 0 0 0 0 0 0 0 0 0 0 0 0 1 wallet
12592 0 0 0 0 12593 0 0 0 0 0 0 0 0 0 0 0 0 0 0 0 12596 0 0 0 0 0 0 0 0 0
12593 0 0 0 0 0 12594 0 0 0 0 0 0 0 0 0 0 0 0 0 0 0 0 0 0 0 0 0 0 0 0
12594 0 0 0 0 0 0 0 0 0 0 0 0 0 0 0 0 0 0 12595 0 0 0 0 0 0 0 0 0 0 0
12595 0 0 0 0 0 0 0 0 0 0 0 0 0 0 0 0 0 0 0 0 0 0 0 0 0 0 0 0 0 1 wander
12596 0 0 0 0 0 0 0 0 0 0 0 0 0 0 0 0 0 0 0 0 0 0 0 0 0 0 0 0 0 1 want
12597 0 0 0 0 0 0 0 0 0 0 0 0 0 12598 12601 0 0 0 0 0 0 0 0 0 0 0 0 0 0 1 war
12598 0 0 0 0 0 0 0 0 0 0 0 0 0 0 0 0 0 0 0 0 12599 0 0 0 0 0 0 0 0 1 warm
12599 0 0 0 0 0 0 0 0 12600 0 0 0 0 0 0 0 0 0 0 0 0 0 0 0 0 0 0 0 0 0
12600 0 0 0 0 0 0 0 0 0 0 0 0 0 0 0 0 0 0 0 0 0 0 0 0 0 0 0 0 0 1 warmth
12601 0 0 0 0 0 0 0 0 0 0 0 0 0 0 0 0 0 0 0 0 0 0 0 0 0 0 0 0 0 1 warn
12602 0 0 0 0 0 0 0 0 12603 0 0 0 0 0 0 0 0 0 0 0 12604 0 0 0 0 0 0 0 0 0
12603 0 0 0 0 0 0 0 0 0 0 0 0 0 0 0 0 0 0 0 0 0 0 0 0 0 0 0 0 0 1 wash
12604 0 0 0 0 0 12605 0 0 0 0 0 0 0 0 0 0 0 0 0 0 0 0 0 0 0 0 0 0 0 0
12605 0 0 0 0 0 0 0 0 0 0 0 0 0 0 0 0 0 0 0 0 0 0 0 0 0 0 0 0 0 1 waste
12606 0 0 0 12607 0 12609 0 0 0 0 0 0 0 0 0 0 0 0 0 0 0 0 0 0 0 0 0 0 0 0
12607 0 0 0 0 0 0 0 0 12608 0 0 0 0 0 0 0 0 0 0 0 0 0 0 0 0 0 0 0 0 0
12608 0 0 0 0 0 0 0 0 0 0 0 0 0 0 0 0 0 0 0 0 0 0 0 0 0 0 0 0 0 1 watch
12609 0 0 0 0 0 0 0 0 0 0 0 0 0 0 0 0 0 0 12610 0 0 0 0 0 0 0 0 0 0 0
12610 0 0 0 0 0 0 12611 0 0 0 0 0 0 0 0 0 12615 0 0 0 0 0 0 0 0 0 0 0 0 1 water
12611 0 12612 0 0 0 0 0 0 0 0 0 0 0 0 0 0 0 0 0 0 0 0 0 0 0 0 0 0 0 0
12612 0 0 0 0 0 0 0 0 0 0 0 0 12613 0 0 0 0 0 0 0 0 0 0 0 0 0 0 0 0 0
12613 0 0 0 0 0 0 0 0 0 0 0 0 12614 0 0 0 0 0 0 0 0 0 0 0 0 0 0 0 0 0
12614 0 0 0 0 0 0 0 0 0 0 0 0 0 0 0 0 0 0 0 0 0 0 0 0 0 0 0 0 0 1 waterfall
12615 0 0 0 0 0 0 0 0 0 0 0 0 0 0 0 0 0 0 12616 0 0 0 0 0 0 0 0 0 0 0
12616 0 0 0 0 0 0 0 0 0 0 0 0 0 0 0 12617 0 0 0 0 0 0 0 0 0 0 0 0 0 0
12617 0 0 0 0 0 0 0 0 0 0 0 0 0 0 0 12618 0 0 0 0 0 0 0 0 0 0 0 0 0 0
12618 0 0 0 0 0 0 12619 0 0 0 0 0 0 0 0 0 0 0 0 0 0 0 0 0 0 0 0 0 0 0
12619 0 0 0 0 0 0 0 0 0 0 0 0 0 0 0 0 0 0 0 0 0 0 0 0 0 0 0 0 0 1 waterproof
12620 0 0 0 0 0 12621 0 0 0 0 0 0 0 0 0 0 0 0 0 0 0 0 0 0 0 0 0 0 0 0
12621 0 0 0 0 0 0 0 0 0 0 0 0 12622 0 0 0 0 0 0 0 0 0 0 0 0 0 0 0 0 1 wave
12622 0 0 0 0 0 12623 0 0 0 0 0 0 0 0 0 0 0 0 0 0 0 0 0 0 0 0 0 0 0 0
12623 0 0 0 0 0 0 0 0 0 0 0 0 0 0 12624 0 0 0 0 0 0 0 0 0 0 0 0 0 0 0
12624 0 0 0 0 0 0 0 12625 0 0 0 0 0 0 0 0 0 0 0 0 0 0 0 0 0 0 0 0 0 0
12625 0 0 0 0 0 0 0 0 0 0 0 0 0 0 0 0 0 0 0 0 12626 0 0 0 0 0 0 0 0 0
12626 0 0 0 0 0 0 0 0 12627 0 0 0 0 0 0 0 0 0 0 0 0 0 0 0 0 0 0 0 0 0
12627 0 0 0 0 0 0 0 0 0 0 0 0 0 0 0 0 0 0 0 0 0 0 0 0 0 0 0 0 0 1 wavelength
12628 0 0 0 0 0 0 0 0 0 0 0 0 0 0 0 0 0 0 0 0 0 0 0 0 0 0 0 0 0 1 wax
12629 0 0 0 0 0 0 0 0 0 0 0 0 0 0 0 0 0 0 0 0 0 0 0 0 0 0 0 0 0 1 way
12630 0 12631 0 0 12654 12665 0 0 0 12677 0 0 12681 0 0 0 0 0 0 12698 12707 0 0 0 0 0 0 0 0 1 we
12631 0 0 0 0 0 0 0 0 0 0 0 12632 12639 0 0 0 12643 0 12646 0 12648 0 12652 0 0 0 0 0 0 0
12632 0 0 0 0 0 12633 0 0 0 0 0 0 0 0 12635 0 0 0 0 0 0 0 0 0 0 0 0 0 0 1 weak
12633 0 0 0 0 0 0 0 0 0 0 0 0 0 0 12634 0 0 0 0 0 0 0 0 0 0 0 0 0 0 0
12634 0 0 0 0 0 0 0 0 0 0 0 0 0 0 0 0 0 0 0 0 0 0 0 0 0 0 0 0 0 1 weaken
12635 0 0 0 0 0 12636 0 0 0 0 0 0 0 0 0 0 0 0 0 0 0 0 0 0 0 0 0 0 0 0
12636 0 0 0 0 0 0 0 0 0 0 0 0 0 0 0 0 0 0 0 12637 0 0 0 0 0 0 0 0 0 0
12637 0 0 0 0 0 0 0 0 0 0 0 0 0 0 0 0 0 0 0 12638 0 0 0 0 0 0 0 0 0 0
12638 0 0 0 0 0 0 0 0 0 0 0 0 0 0 0 0 0 0 0 0 0 0 0 0 0 0 0 0 0 1 weakness
12639 0 0 0 0 0 0 0 0 0 0 0 0 0 0 0 0 0 0 0 0 12640 0 0 0 0 0 0 0 0 0
12640 0 0 0 0 0 0 0 0 12641 0 0 0 0 0 0 0 0 0 0 0 0 0 0 0 0 0 0 0 0 0
12641 0 0 0 0 0 0 0 0 0 0 0 0 0 0 0 0 0 0 0 0 0 0 0 0 0 12642 0 0 0 1 wealth
12642 0 0 0 0 0 0 0 0 0 0 0 0 0 0 0 0 0 0 0 0 0 0 0 0 0 0 0 0 0 1 wealthy
12643 0 0 0 0 0 0 0 0 0 0 0 0 0 0 0 12644 0 0 0 0 0 0 0 0 0 0 0 0 0 0
12644 0 0 0 0 0 0 0 0 0 0 0 0 0 0 12645 0 0 0 0 0 0 0 0 0 0 0 0 0 0 0
12645 0 0 0 0 0 0 0 0 0 0 0 0 0 0 0 0 0 0 0 0 0 0 0 0 0 0 0 0 0 1 weapon
12646 0 0 0 0 0 0 0 0 0 0 0 0 0 0 0 0 0 0 0 0 0 0 0 0 0 12647 0 0 0 1 wear
12647 0 0 0 0 0 0 0 0 0 0 0 0 0 0 0 0 0 0 0 0 0 0 0 0 0 0 0 0 0 1 weary
12648 0 0 0 0 0 0 0 0 12649 0 0 0 0 0 0 0 0 0 0 0 0 0 0 0 0 0 0 0 0 0
12649 0 0 0 0 0 12650 0 0 0 0 0 0 0 0 0 0 0 0 0 0 0 0 0 0 0 0 0 0 0 0
12650 0 0 0 0 0 0 0 0 0 0 0 0 0 0 0 0 0 0 12651 0 0 0 0 0 0 0 0 0 0 0
12651 0 0 0 0 0 0 0 0 0 0 0 0 0 0 0 0 0 0 0 0 0 0 0 0 0 0 0 0 0 1 weather
12652 0 0 0 0 0 12653 0 0 0 0 0 0 0 0 0 0 0 0 0 0 0 0 0 0 0 0 0 0 0 0
12653 0 0 0 0 0 0 0 0 0 0 0 0 0 0 0 0 0 0 0 0 0 0 0 0 0 0 0 0 0 1 weave
12654 0 0 0 0 12655 0 0 0 0 0 0 0 0 0 12659 0 0 0 0 0 0 0 0 0 0 0 0 0 0 0
12655 0 0 0 0 0 0 0 0 0 12656 0 0 0 0 0 0 0 0 0 0 0 0 0 0 0 0 0 0 0 0
12656 0 0 0 0 0 0 0 0 0 0 0 0 0 0 12657 0 0 0 0 0 0 0 0 0 0 0 0 0 0 0
12657 0 0 0 0 0 0 0 12658 0 0 0 0 0 0 0 0 0 0 0 0 0 0 0 0 0 0 0 0 0 0
12658 0 0 0 0 0 0 0 0 0 0 0 0 0 0 0 0 0 0 0 0 0 0 0 0 0 0 0 0 0 1 wedding
12659 0 0 0 0 0 12660 0 0 0 0 0 0 0 0 0 0 0 0 0 0 0 0 0 0 0 0 0 0 0 0
12660 0 0 0 0 0 0 0 0 0 0 0 0 0 0 0 0 0 0 0 12661 0 0 0 0 0 0 0 0 0 0
12661 0 0 0 0 12662 0 0 0 0 0 0 0 0 0 0 0 0 0 0 0 0 0 0 0 0 0 0 0 0 0
12662 0 12663 0 0 0 0 0 0 0 0 0 0 0 0 0 0 0 0 0 0 0 0 0 0 0 0 0 0 0 0
12663 0 0 0 0 0 0 0 0 0 0 0 0 0 0 0 0 0 0 0 0 0 0 0 0 0 12664 0 0 0 0
12664 0 0 0 0 0 0 0 0 0 0 0 0 0 0 0 0 0 0 0 0 0 0 0 0 0 0 0 0 0 1 Wednesday
12665 0 0 0 0 12666 0 0 0 0 0 0 12667 0 0 0 0 12676 0 0 0 0 0 0 0 0 0 0 0 0 0
12666 0 0 0 0 0 0 0 0 0 0 0 0 0 0 0 0 0 0 0 0 0 0 0 0 0 0 0 0 0 1 weed
12667 0 0 0 0 12668 12671 0 0 0 0 0 0 12674 0 0 0 0 0 0 0 0 0 0 0 0 0 0 0 0 1 week
12668 0 12669 0 0 0 0 0 0 0 0 0 0 0 0 0 0 0 0 0 0 0 0 0 0 0 0 0 0 0 0
12669 0 0 0 0 0 0 0 0 0 0 0 0 0 0 0 0 0 0 0 0 0 0 0 0 0 12670 0 0 0 0
12670 0 0 0 0 0 0 0 0 0 0 0 0 0 0 0 0 0 0 0 0 0 0 0 0 0 0 0 0 0 1 weekday
12671 0 0 0 0 0 0 0 0 0 0 0 0 0 0 12672 0 0 0 0 0 0 0 0 0 0 0 0 0 0 0
12672 0 0 0 0 12673 0 0 0 0 0 0 0 0 0 0 0 0 0 0 0 0 0 0 0 0 0 0 0 0 0
12673 0 0 0 0 0 0 0 0 0 0 0 0 0 0 0 0 0 0 0 0 0 0 0 0 0 0 0 0 0 1 weekend
12674 0 0 0 0 0 0 0 0 0 0 0 0 0 0 0 0 0 0 0 0 0 0 0 0 0 12675 0 0 0 0
12675 0 0 0 0 0 0 0 0 0 0 0 0 0 0 0 0 0 0 0 0 0 0 0 0 0 0 0 0 0 1 weekly
12676 0 0 0 0 0 0 0 0 0 0 0 0 0 0 0 0 0 0 0 0 0 0 0 0 0 0 0 0 0 1 weep
12677 0 0 0 0 0 0 0 12678 0 0 0 0 0 0 0 0 0 0 0 0 0 0 0 0 0 0 0 0 0 0
12678 0 0 0 0 0 0 0 0 12679 0 0 0 0 0 0 0 0 0 0 0 0 0 0 0 0 0 0 0 0 0
12679 0 0 0 0 0 0 0 0 0 0 0 0 0 0 0 0 0 0 0 0 12680 0 0 0 0 0 0 0 0 1 weigh
12680 0 0 0 0 0 0 0 0 0 0 0 0 0 0 0 0 0 0 0 0 0 0 0 0 0 0 0 0 0 1 weight
12681 0 0 0 12682 12686 0 12687 0 0 0 0 0 12691 0 0 0 0 0 0 0 0 0 0 0 0 0 0 0 0 0
12682 0 0 0 0 0 0 0 0 0 0 0 0 0 0 0 12683 0 0 0 0 0 0 0 0 0 0 0 0 0 0
12683 0 0 0 0 0 0 0 0 0 0 0 0 0 12684 0 0 0 0 0 0 0 0 0 0 0 0 0 0 0 0
12684 0 0 0 0 0 12685 0 0 0 0 0 0 0 0 0 0 0 0 0 0 0 0 0 0 0 0 0 0 0 0
12685 0 0 0 0 0 0 0 0 0 0 0 0 0 0 0 0 0 0 0 0 0 0 0 0 0 0 0 0 0 1 welcome
12686 0 0 0 0 0 0 0 0 0 0 0 0 0 0 0 0 0 0 0 0 0 0 0 0 0 0 0 0 0 1 weld
12687 0 12688 0 0 0 0 0 0 0 0 0 0 0 0 0 0 0 0 0 0 0 0 0 0 0 0 0 0 0 0
12688 0 0 0 0 0 0 0 0 0 0 0 0 0 0 0 0 0 0 12689 0 0 0 0 0 0 0 0 0 0 0
12689 0 0 0 0 0 12690 0 0 0 0 0 0 0 0 0 0 0 0 0 0 0 0 0 0 0 0 0 0 0 0
12690 0 0 0 0 0 0 0 0 0 0 0 0 0 0 0 0 0 0 0 0 0 0 0 0 0 0 0 0 0 1 welfare
12691 0 0 0 0 0 0 0 0 0 0 0 0 0 0 0 0 0 0 0 0 0 0 0 0 0 0 0 0 12692 1 well
12692 0 0 0 0 0 0 0 0 0 0 0 12693 0 0 0 0 0 0 0 0 0 0 0 0 0 0 0 0 0 0
12693 0 0 0 0 0 0 0 0 0 0 0 0 0 0 12694 0 0 0 0 0 0 0 0 0 0 0 0 0 0 0
12694 0 0 0 0 0 0 0 0 0 0 0 0 0 0 0 12695 0 0 0 0 0 0 0 0 0 0 0 0 0 0
12695 0 0 0 0 0 0 0 0 0 0 0 0 0 0 0 0 0 0 0 0 0 0 0 12696 0 0 0 0 0 0
12696 0 0 0 0 0 0 0 0 0 0 0 0 0 0 12697 0 0 0 0 0 0 0 0 0 0 0 0 0 0 0
12697 0 0 0 0 0 0 0 0 0 0 0 0 0 0 0 0 0 0 0 0 0 0 0 0 0 0 0 0 0 1 well-known
12698 0 0 0 0 0 0 0 0 0 0 0 0 0 0 0 0 0 0 0 0 12699 0 0 0 0 0 0 0 0 0
12699 0 0 0 0 0 12700 0 0 0 0 0 0 0 0 0 0 0 0 0 0 0 0 0 12703 0 0 0 0 0 1 west
12700 0 0 0 0 0 0 0 0 0 0 0 0 0 0 0 0 0 0 12701 0 0 0 0 0 0 0 0 0 0 0
12701 0 0 0 0 0 0 0 0 0 0 0 0 0 0 12702 0 0 0 0 0 0 0 0 0 0 0 0 0 0 0
12702 0 0 0 0 0 0 0 0 0 0 0 0 0 0 0 0 0 0 0 0 0 0 0 0 0 0 0 0 0 1 western
12703 0 12704 0 0 0 0 0 0 0 0 0 0 0 0 0 0 0 0 0 0 0 0 0 0 0 0 0 0 0 0
12704 0 0 0 0 0 0 0 0 0 0 0 0 0 0 0 0 0 0 12705 0 0 0 0 0 0 0 0 0 0 0
12705 0 0 0 0 12706 0 0 0 0 0 0 0 0 0 0 0 0 0 0 0 0 0 0 0 0 0 0 0 0 0
12706 0 0 0 0 0 0 0 0 0 0 0 0 0 0 0 0 0 0 0 0 0 0 0 0 0 0 0 0 0 1 westward
12707 0 0 0 0 0 0 0 0 0 0 0 0 0 0 0 0 0 0 0 0 0 0 0 0 0 0 0 0 0 1 wet
12708 0 12709 0 0 0 12715 0 0 0 12734 0 0 0 0 0 12763 0 0 0 0 0 0 0 0 0 12775 0 0 0 0
12709 0 0 0 0 0 0 0 0 0 0 0 0 0 0 0 0 0 0 0 0 12710 0 0 0 0 0 0 0 0 0
12710 0 0 0 0 0 12711 0 0 0 0 0 0 0 0 0 0 0 0 0 0 0 0 0 0 0 0 0 0 0 1 what
12711 0 0 0 0 0 0 0 0 0 0 0 0 0 0 0 0 0 0 0 0 0 0 12712 0 0 0 0 0 0 0
12712 0 0 0 0 0 12713 0 0 0 0 0 0 0 0 0 0 0 0 0 0 0 0 0 0 0 0 0 0 0 0
12713 0 0 0 0 0 0 0 0 0 0 0 0 0 0 0 0 0 0 12714 0 0 0 0 0 0 0 0 0 0 0
12714 0 0 0 0 0 0 0 0 0 0 0 0 0 0 0 0 0 0 0 0 0 0 0 0 0 0 0 0 0 1 whatever
12715 0 12716 0 0 0 12718 0 0 0 0 0 0 0 0 12720 0 0 0 12725 0 12730 0 0 0 0 0 0 0 0 0
12716 0 0 0 0 0 0 0 0 0 0 0 0 0 0 0 0 0 0 0 0 12717 0 0 0 0 0 0 0 0 0
12717 0 0 0 0 0 0 0 0 0 0 0 0 0 0 0 0 0 0 0 0 0 0 0 0 0 0 0 0 0 1 wheat
12718 0 0 0 0 0 0 0 0 0 0 0 0 12719 0 0 0 0 0 0 0 0 0 0 0 0 0 0 0 0 0
12719 0 0 0 0 0 0 0 0 0 0 0 0 0 0 0 0 0 0 0 0 0 0 0 0 0 0 0 0 0 1 wheel
12720 0 0 0 0 0 12721 0 0 0 0 0 0 0 0 0 0 0 0 0 0 0 0 0 0 0 0 0 0 0 1 when
12721 0 0 0 0 0 0 0 0 0 0 0 0 0 0 0 0 0 0 0 0 0 0 12722 0 0 0 0 0 0 0
12722 0 0 0 0 0 12723 0 0 0 0 0 0 0 0 0 0 0 0 0 0 0 0 0 0 0 0 0 0 0 0
12723 0 0 0 0 0 0 0 0 0 0 0 0 0 0 0 0 0 0 12724 0 0 0 0 0 0 0 0 0 0 0
12724 0 0 0 0 0 0 0 0 0 0 0 0 0 0 0 0 0 0 0 0 0 0 0 0 0 0 0 0 0 1 whenever
12725 0 0 0 0 0 12726 0 0 0 0 0 0 0 0 0 0 0 0 0 0 0 0 0 0 0 0 0 0 0 0
12726 0 0 0 0 0 0 0 0 0 0 0 0 0 0 0 0 0 0 0 0 0 0 12727 0 0 0 0 0 0 1 where
12727 0 0 0 0 0 12728 0 0 0 0 0 0 0 0 0 0 0 0 0 0 0 0 0 0 0 0 0 0 0 0
12728 0 0 0 0 0 0 0 0 0 0 0 0 0 0 0 0 0 0 12729 0 0 0 0 0 0 0 0 0 0 0
12729 0 0 0 0 0 0 0 0 0 0 0 0 0 0 0 0 0 0 0 0 0 0 0 0 0 0 0 0 0 1 wherever
12730 0 0 0 0 0 0 0 0 12731 0 0 0 0 0 0 0 0 0 0 0 0 0 0 0 0 0 0 0 0 0
12731 0 0 0 0 0 12732 0 0 0 0 0 0 0 0 0 0 0 0 0 0 0 0 0 0 0 0 0 0 0 0
12732 0 0 0 0 0 0 0 0 0 0 0 0 0 0 0 0 0 0 12733 0 0 0 0 0 0 0 0 0 0 0
12733 0 0 0 0 0 0 0 0 0 0 0 0 0 0 0 0 0 0 0 0 0 0 0 0 0 0 0 0 0 1 whether
12734 0 0 0 12735 0 0 0 0 0 0 0 0 12741 0 0 0 12745 0 12746 12748 12757 0 0 0 0 0 0 0 0 0
12735 0 0 0 0 0 0 0 0 12736 0 0 0 0 0 0 0 0 0 0 0 0 0 0 0 0 0 0 0 0 0
12736 0 0 0 0 0 12737 0 0 0 0 0 0 0 0 0 0 0 0 0 0 0 0 0 0 0 0 0 0 0 1 which
12737 0 0 0 0 0 0 0 0 0 0 0 0 0 0 0 0 0 0 0 0 0 0 12738 0 0 0 0 0 0 0
12738 0 0 0 0 0 12739 0 0 0 0 0 0 0 0 0 0 0 0 0 0 0 0 0 0 0 0 0 0 0 0
12739 0 0 0 0 0 0 0 0 0 0 0 0 0 0 0 0 0 0 12740 0 0 0 0 0 0 0 0 0 0 0
12740 0 0 0 0 0 0 0 0 0 0 0 0 0 0 0 0 0 0 0 0 0 0 0 0 0 0 0 0 0 1 whichever
12741 0 0 0 0 0 12742 0 0 0 0 0 0 0 0 0 0 0 0 0 12743 0 0 0 0 0 0 0 0 0 0
12742 0 0 0 0 0 0 0 0 0 0 0 0 0 0 0 0 0 0 0 0 0 0 0 0 0 0 0 0 0 1 while
12743 0 0 0 0 0 0 0 0 0 0 0 0 0 0 0 0 0 0 0 0 12744 0 0 0 0 0 0 0 0 0
12744 0 0 0 0 0 0 0 0 0 0 0 0 0 0 0 0 0 0 0 0 0 0 0 0 0 0 0 0 0 1 whilst
12745 0 0 0 0 0 0 0 0 0 0 0 0 0 0 0 0 0 0 0 0 0 0 0 0 0 0 0 0 0 1 whip
12746 0 0 0 0 0 0 0 0 0 0 0 0 12747 0 0 0 0 0 0 0 0 0 0 0 0 0 0 0 0 0
12747 0 0 0 0 0 0 0 0 0 0 0 0 0 0 0 0 0 0 0 0 0 0 0 0 0 0 0 0 0 1 whirl
12748 0 0 0 0 0 0 0 0 0 0 0 12749 0 0 0 0 12751 0 0 0 12754 0 0 0 0 0 0 0 0 0
12749 0 0 0 0 0 0 0 0 0 0 0 0 0 0 0 0 0 0 0 0 0 0 0 0 0 12750 0 0 0 0
12750 0 0 0 0 0 0 0 0 0 0 0 0 0 0 0 0 0 0 0 0 0 0 0 0 0 0 0 0 0 1 whisky
12751 0 0 0 0 0 12752 0 0 0 0 0 0 0 0 0 0 0 0 0 0 0 0 0 0 0 0 0 0 0 0
12752 0 0 0 0 0 0 0 0 0 0 0 0 0 0 0 0 0 0 12753 0 0 0 0 0 0 0 0 0 0 0
12753 0 0 0 0 0 0 0 0 0 0 0 0 0 0 0 0 0 0 0 0 0 0 0 0 0 0 0 0 0 1 whisper
12754 0 0 0 0 0 0 0 0 0 0 0 0 12755 0 0 0 0 0 0 0 0 0 0 0 0 0 0 0 0 0
12755 0 0 0 0 0 12756 0 0 0 0 0 0 0 0 0 0 0 0 0 0 0 0 0 0 0 0 0 0 0 0
12756 0 0 0 0 0 0 0 0 0 0 0 0 0 0 0 0 0 0 0 0 0 0 0 0 0 0 0 0 0 1 whistle
12757 0 0 0 0 0 12758 0 0 0 0 0 0 0 0 0 0 0 0 0 0 0 0 0 0 0 0 0 0 0 0
12758 0 0 0 0 0 0 0 0 0 0 0 0 0 0 0 0 0 0 0 0 0 0 0 12759 0 0 0 0 0 1 white
12759 0 12760 0 0 0 0 0 0 0 0 0 0 0 0 0 0 0 0 0 0 0 0 0 0 0 0 0 0 0 0
12760 0 0 0 0 0 0 0 0 0 0 0 0 0 0 0 0 0 0 0 12761 0 0 0 0 0 0 0 0 0 0
12761 0 0 0 0 0 0 0 0 12762 0 0 0 0 0 0 0 0 0 0 0 0 0 0 0 0 0 0 0 0 0
12762 0 0 0 0 0 0 0 0 0 0 0 0 0 0 0 0 0 0 0 0 0 0 0 0 0 0 0 0 0 1 whitewash
12763 0 0 0 0 0 12764 0 0 0 0 0 0 12768 12772 0 0 0 0 0 12773 0 0 0 0 0 0 0 0 0 1 who
12764 0 0 0 0 0 0 0 0 0 0 0 0 0 0 0 0 0 0 0 0 0 0 12765 0 0 0 0 0 0 0
12765 0 0 0 0 0 12766 0 0 0 0 0 0 0 0 0 0 0 0 0 0 0 0 0 0 0 0 0 0 0 0
12766 0 0 0 0 0 0 0 0 0 0 0 0 0 0 0 0 0 0 12767 0 0 0 0 0 0 0 0 0 0 0
12767 0 0 0 0 0 0 0 0 0 0 0 0 0 0 0 0 0 0 0 0 0 0 0 0 0 0 0 0 0 1 whoever
12768 0 0 0 0 0 12769 0 0 0 0 0 0 12770 0 0 0 0 0 0 0 0 0 0 0 0 0 0 0 0 0
12769 0 0 0 0 0 0 0 0 0 0 0 0 0 0 0 0 0 0 0 0 0 0 0 0 0 0 0 0 0 1 whole
12770 0 0 0 0 0 0 0 0 0 0 0 0 0 0 0 0 0 0 0 0 0 0 0 0 0 12771 0 0 0 0
12771 0 0 0 0 0 0 0 0 0 0 0 0 0 0 0 0 0 0 0 0 0 0 0 0 0 0 0 0 0 1 wholly
12772 0 0 0 0 0 0 0 0 0 0 0 0 0 0 0 0 0 0 0 0 0 0 0 0 0 0 0 0 0 1 whom
12773 0 0 0 0 0 12774 0 0 0 0 0 0 0 0 0 0 0 0 0 0 0 0 0 0 0 0 0 0 0 0
12774 0 0 0 0 0 0 0 0 0 0 0 0 0 0 0 0 0 0 0 0 0 0 0 0 0 0 0 0 0 1 whose
12775 0 0 0 0 0 0 0 0 0 0 0 0 0 0 0 0 0 0 0 0 0 0 0 0 0 0 0 0 0 1 why
12776 0 0 0 12777 12781 0 12796 0 0 0 0 0 12798 0 12804 0 12816 0 12818 12824 12830 0 0 0 0 0 0 0 0 0
12777 0 0 0 0 0 0 0 0 0 0 0 12778 0 0 0 0 0 0 0 0 0 0 0 0 0 0 0 0 0 0
12778 0 0 0 0 0 12779 0 0 0 0 0 0 0 0 0 0 0 0 0 0 0 0 0 0 0 0 0 0 0 0
12779 0 0 0 0 12780 0 0 0 0 0 0 0 0 0 0 0 0 0 0 0 0 0 0 0 0 0 0 0 0 0
12780 0 0 0 0 0 0 0 0 0 0 0 0 0 0 0 0 0 0 0 0 0 0 0 0 0 0 0 0 0 1 wicked
12781 0 0 0 0 0 12782 0 0 0 0 0 0 0 0 0 12792 0 0 0 0 12794 0 0 0 0 0 0 0 0 0
12782 0 0 0 0 0 0 0 0 0 0 0 0 12783 0 12785 0 0 0 0 12786 0 0 0 0 0 0 0 0 0 1 wide
12783 0 0 0 0 0 0 0 0 0 0 0 0 0 0 0 0 0 0 0 0 0 0 0 0 0 12784 0 0 0 0
12784 0 0 0 0 0 0 0 0 0 0 0 0 0 0 0 0 0 0 0 0 0 0 0 0 0 0 0 0 0 1 widely
12785 0 0 0 0 0 0 0 0 0 0 0 0 0 0 0 0 0 0 0 0 0 0 0 0 0 0 0 0 0 1 widen
12786 0 0 0 0 0 0 0 0 0 0 0 0 0 0 0 0 12787 0 0 0 0 0 0 0 0 0 0 0 0 0
12787 0 0 0 0 0 0 0 0 0 0 0 0 0 0 0 0 0 0 12788 0 0 0 0 0 0 0 0 0 0 0
12788 0 0 0 0 0 12789 0 0 0 0 0 0 0 0 0 0 0 0 0 0 0 0 0 0 0 0 0 0 0 0
12789 0 12790 0 0 0 0 0 0 0 0 0 0 0 0 0 0 0 0 0 0 0 0 0 0 0 0 0 0 0 0
12790 0 0 0 0 12791 0 0 0 0 0 0 0 0 0 0 0 0 0 0 0 0 0 0 0 0 0 0 0 0 0
12791 0 0 0 0 0 0 0 0 0 0 0 0 0 0 0 0 0 0 0 0 0 0 0 0 0 0 0 0 0 1 widespread
12792 0 0 0 0 0 0 0 0 0 0 0 0 0 0 0 0 0 0 0 0 0 0 0 12793 0 0 0 0 0 0
12793 0 0 0 0 0 0 0 0 0 0 0 0 0 0 0 0 0 0 0 0 0 0 0 0 0 0 0 0 0 1 widow
12794 0 0 0 0 0 0 0 0 12795 0 0 0 0 0 0 0 0 0 0 0 0 0 0 0 0 0 0 0 0 0
12795 0 0 0 0 0 0 0 0 0 0 0 0 0 0 0 0 0 0 0 0 0 0 0 0 0 0 0 0 0 1 width
12796 0 0 0 0 0 12797 0 0 0 0 0 0 0 0 0 0 0 0 0 0 0 0 0 0 0 0 0 0 0 0
12797 0 0 0 0 0 0 0 0 0 0 0 0 0 0 0 0 0 0 0 0 0 0 0 0 0 0 0 0 0 1 wife
12798 0 0 0 0 12799 0 0 0 0 0 0 0 12800 0 0 0 0 0 0 0 0 0 0 0 0 0 0 0 0 0
12799 0 0 0 0 0 0 0 0 0 0 0 0 0 0 0 0 0 0 0 0 0 0 0 0 0 0 0 0 0 1 wild
12800 0 0 0 0 0 0 0 0 0 12801 0 0 0 0 0 0 0 0 0 0 0 0 0 0 0 0 0 0 0 1 will
12801 0 0 0 0 0 0 0 0 0 0 0 0 0 0 12802 0 0 0 0 0 0 0 0 0 0 0 0 0 0 0
12802 0 0 0 0 0 0 0 12803 0 0 0 0 0 0 0 0 0 0 0 0 0 0 0 0 0 0 0 0 0 0
12803 0 0 0 0 0 0 0 0 0 0 0 0 0 0 0 0 0 0 0 0 0 0 0 0 0 0 0 0 0 1 willing
12804 0 0 0 0 12805 12808 0 12809 0 0 0 0 0 0 12810 0 0 0 0 0 12813 0 0 0 0 0 0 0 0 1 win
12805 0 0 0 0 0 0 0 0 0 0 0 0 0 0 0 12806 0 0 0 0 0 0 0 0 0 0 0 0 0 1 wind
12806 0 0 0 0 0 0 0 0 0 0 0 0 0 0 0 0 0 0 0 0 0 0 0 12807 0 0 0 0 0 0
12807 0 0 0 0 0 0 0 0 0 0 0 0 0 0 0 0 0 0 0 0 0 0 0 0 0 0 0 0 0 1 window
12808 0 0 0 0 0 0 0 0 0 0 0 0 0 0 0 0 0 0 0 0 0 0 0 0 0 0 0 0 0 1 wine
12809 0 0 0 0 0 0 0 0 0 0 0 0 0 0 0 0 0 0 0 0 0 0 0 0 0 0 0 0 0 1 wing
12810 0 0 0 0 0 12811 0 0 0 0 0 0 0 0 0 0 0 0 0 0 0 0 0 0 0 0 0 0 0 0
12811 0 0 0 0 0 0 0 0 0 0 0 0 0 0 0 0 0 0 12812 0 0 0 0 0 0 0 0 0 0 0
12812 0 0 0 0 0 0 0 0 0 0 0 0 0 0 0 0 0 0 0 0 0 0 0 0 0 0 0 0 0 1 winner
12813 0 0 0 0 0 12814 0 0 0 0 0 0 0 0 0 0 0 0 0 0 0 0 0 0 0 0 0 0 0 0
12814 0 0 0 0 0 0 0 0 0 0 0 0 0 0 0 0 0 0 12815 0 0 0 0 0 0 0 0 0 0 0
12815 0 0 0 0 0 0 0 0 0 0 0 0 0 0 0 0 0 0 0 0 0 0 0 0 0 0 0 0 0 1 winter
12816 0 0 0 0 0 12817 0 0 0 0 0 0 0 0 0 0 0 0 0 0 0 0 0 0 0 0 0 0 0 0
12817 0 0 0 0 0 0 0 0 0 0 0 0 0 0 0 0 0 0 0 0 0 0 0 0 0 0 0 0 0 1 wipe
12818 0 0 0 0 0 12819 0 0 0 0 0 0 0 0 0 0 0 0 0 0 0 0 0 0 0 0 0 0 0 0
12819 0 0 0 0 0 0 0 0 0 0 0 0 12820 0 0 0 0 0 0 0 0 0 0 0 0 0 0 0 0 1 wire
12820 0 0 0 0 0 12821 0 0 0 0 0 0 0 0 0 0 0 0 0 0 0 0 0 0 0 0 0 0 0 0
12821 0 0 0 0 0 0 0 0 0 0 0 0 0 0 0 0 0 0 0 12822 0 0 0 0 0 0 0 0 0 0
12822 0 0 0 0 0 0 0 0 0 0 0 0 0 0 0 0 0 0 0 12823 0 0 0 0 0 0 0 0 0 0
12823 0 0 0 0 0 0 0 0 0 0 0 0 0 0 0 0 0 0 0 0 0 0 0 0 0 0 0 0 0 1 wireless
12824 0 0 0 0 12825 12828 0 0 12829 0 0 0 0 0 0 0 0 0 0 0 0 0 0 0 0 0 0 0 0 0
12825 0 0 0 0 0 0 0 0 0 0 0 0 0 0 0 12826 0 0 0 0 0 0 0 0 0 0 0 0 0 0
12826 0 0 0 0 0 0 0 0 0 0 0 0 0 12827 0 0 0 0 0 0 0 0 0 0 0 0 0 0 0 0
12827 0 0 0 0 0 0 0 0 0 0 0 0 0 0 0 0 0 0 0 0 0 0 0 0 0 0 0 0 0 1 wisdom
12828 0 0 0 0 0 0 0 0 0 0 0 0 0 0 0 0 0 0 0 0 0 0 0 0 0 0 0 0 0 1 wise
12829 0 0 0 0 0 0 0 0 0 0 0 0 0 0 0 0 0 0 0 0 0 0 0 0 0 0 0 0 0 1 wish
12830 0 0 0 0 0 0 0 0 12831 0 0 0 0 0 12846 0 0 0 0 0 0 0 0 0 0 0 0 0 0 1 wit
12831 0 0 0 0 12832 0 0 0 0 12836 0 0 0 0 0 12838 0 0 0 12841 0 0 0 0 0 0 0 0 0 1 with
12832 0 0 0 0 0 0 0 0 0 0 0 0 0 0 0 0 0 0 12833 0 0 0 0 0 0 0 0 0 0 0
12833 0 12834 0 0 0 0 0 0 0 0 0 0 0 0 0 0 0 0 0 0 0 0 0 0 0 0 0 0 0 0
12834 0 0 0 0 0 0 0 0 0 0 0 0 0 0 0 0 0 0 0 0 0 0 0 12835 0 0 0 0 0 0
12835 0 0 0 0 0 0 0 0 0 0 0 0 0 0 0 0 0 0 0 0 0 0 0 0 0 0 0 0 0 1 withdraw
12836 0 0 0 0 0 0 0 0 0 0 0 0 0 0 12837 0 0 0 0 0 0 0 0 0 0 0 0 0 0 0
12837 0 0 0 0 0 0 0 0 0 0 0 0 0 0 0 0 0 0 0 0 0 0 0 0 0 0 0 0 0 1 within
12838 0 0 0 0 0 0 0 0 0 0 0 0 0 0 0 0 0 0 0 0 0 12839 0 0 0 0 0 0 0 0
12839 0 0 0 0 0 0 0 0 0 0 0 0 0 0 0 0 0 0 0 0 12840 0 0 0 0 0 0 0 0 0
12840 0 0 0 0 0 0 0 0 0 0 0 0 0 0 0 0 0 0 0 0 0 0 0 0 0 0 0 0 0 1 without
12841 0 0 0 0 0 0 0 0 0 0 0 0 0 0 0 0 0 0 0 0 12842 0 0 0 0 0 0 0 0 0
12842 0 12843 0 0 0 0 0 0 0 0 0 0 0 0 0 0 0 0 0 0 0 0 0 0 0 0 0 0 0 0
12843 0 0 0 0 0 0 0 0 0 0 0 0 0 0 12844 0 0 0 0 0 0 0 0 0 0 0 0 0 0 0
12844 0 0 0 0 12845 0 0 0 0 0 0 0 0 0 0 0 0 0 0 0 0 0 0 0 0 0 0 0 0 0
12845 0 0 0 0 0 0 0 0 0 0 0 0 0 0 0 0 0 0 0 0 0 0 0 0 0 0 0 0 0 1 withstand
12846 0 0 0 0 0 12847 0 0 0 0 0 0 0 0 0 0 0 0 0 0 0 0 0 0 0 0 0 0 0 0
12847 0 0 0 0 0 0 0 0 0 0 0 0 0 0 0 0 0 0 0 12848 0 0 0 0 0 0 0 0 0 0
12848 0 0 0 0 0 0 0 0 0 0 0 0 0 0 0 0 0 0 0 12849 0 0 0 0 0 0 0 0 0 0
12849 0 0 0 0 0 0 0 0 0 0 0 0 0 0 0 0 0 0 0 0 0 0 0 0 0 0 0 0 0 1 witness
12850 0 0 0 0 0 0 0 0 0 0 0 0 12851 12853 12856 12863 0 0 12871 0 0 12911 0 0 0 0 0 0 0 0
12851 0 0 0 0 0 0 12852 0 0 0 0 0 0 0 0 0 0 0 0 0 0 0 0 0 0 0 0 0 0 0
12852 0 0 0 0 0 0 0 0 0 0 0 0 0 0 0 0 0 0 0 0 0 0 0 0 0 0 0 0 0 1 wolf
12853 0 12854 0 0 0 0 0 0 0 0 0 0 0 0 0 0 0 0 0 0 0 0 0 0 0 0 0 0 0 0
12854 0 0 0 0 0 0 0 0 0 0 0 0 0 0 12855 0 0 0 0 0 0 0 0 0 0 0 0 0 0 0
12855 0 0 0 0 0 0 0 0 0 0 0 0 0 0 0 0 0 0 0 0 0 0 0 0 0 0 0 0 0 1 woman
12856 0 0 0 0 12857 0 0 0 0 0 0 0 0 0 0 0 0 0 0 0 0 0 0 0 0 0 0 0 0 0
12857 0 0 0 0 0 12858 0 0 0 0 0 0 0 0 0 0 0 0 0 0 0 0 0 0 0 0 0 0 0 0
12858 0 0 0 0 0 0 0 0 0 0 0 0 0 0 0 0 0 0 12859 0 0 0 0 0 0 0 0 0 0 0
12859 0 0 0 0 0 0 12860 0 0 0 0 0 0 0 0 0 0 0 0 0 0 0 0 0 0 0 0 0 0 1 wonder
12860 0 0 0 0 0 0 0 0 0 0 0 0 0 0 0 0 0 0 0 0 0 12861 0 0 0 0 0 0 0 0
12861 0 0 0 0 0 0 0 0 0 0 0 0 12862 0 0 0 0 0 0 0 0 0 0 0 0 0 0 0 0 0
12862 0 0 0 0 0 0 0 0 0 0 0 0 0 0 0 0 0 0 0 0 0 0 0 0 0 0 0 0 0 1 wonderful
12863 0 0 0 0 12864 0 0 0 0 0 0 0 12867 0 0 0 0 0 0 0 0 0 0 0 0 0 0 0 0 0
12864 0 0 0 0 0 12865 0 0 0 0 0 0 0 0 0 0 0 0 0 0 0 0 0 0 0 0 0 0 0 1 wood
12865 0 0 0 0 0 0 0 0 0 0 0 0 0 0 12866 0 0 0 0 0 0 0 0 0 0 0 0 0 0 0
12866 0 0 0 0 0 0 0 0 0 0 0 0 0 0 0 0 0 0 0 0 0 0 0 0 0 0 0 0 0 1 wooden
12867 0 0 0 0 0 0 0 0 0 0 0 0 12868 0 0 0 0 0 0 0 0 0 0 0 0 0 0 0 0 1 wool
12868 0 0 0 0 0 12869 0 0 0 0 0 0 0 0 0 0 0 0 0 0 0 0 0 0 0 0 0 0 0 0
12869 0 0 0 0 0 0 0 0 0 0 0 0 0 0 12870 0 0 0 0 0 0 0 0 0 0 0 0 0 0 0
12870 0 0 0 0 0 0 0 0 0 0 0 0 0 0 0 0 0 0 0 0 0 0 0 0 0 0 0 0 0 1 woollen
12871 0 0 0 0 12872 0 0 0 0 0 0 12873 12883 12890 0 0 0 0 12891 12893 12899 0 0 0 0 0 0 0 0 0
12872 0 0 0 0 0 0 0 0 0 0 0 0 0 0 0 0 0 0 0 0 0 0 0 0 0 0 0 0 0 1 word
12873 0 0 0 0 0 12874 0 0 0 0 0 0 0 12876 0 0 0 0 0 12879 0 0 0 0 0 0 0 0 0 1 work
12874 0 0 0 0 0 0 0 0 0 0 0 0 0 0 0 0 0 0 12875 0 0 0 0 0 0 0 0 0 0 0
12875 0 0 0 0 0 0 0 0 0 0 0 0 0 0 0 0 0 0 0 0 0 0 0 0 0 0 0 0 0 1 worker
12876 0 12877 0 0 0 0 0 0 0 0 0 0 0 0 0 0 0 0 0 0 0 0 0 0 0 0 0 0 0 0
12877 0 0 0 0 0 0 0 0 0 0 0 0 0 0 12878 0 0 0 0 0 0 0 0 0 0 0 0 0 0 0
12878 0 0 0 0 0 0 0 0 0 0 0 0 0 0 0 0 0 0 0 0 0 0 0 0 0 0 0 0 0 1 workman
12879 0 0 0 0 0 0 0 0 12880 0 0 0 0 0 0 0 0 0 0 0 0 0 0 0 0 0 0 0 0 0
12880 0 0 0 0 0 0 0 0 0 0 0 0 0 0 0 12881 0 0 0 0 0 0 0 0 0 0 0 0 0 0
12881 0 0 0 0 0 0 0 0 0 0 0 0 0 0 0 0 12882 0 0 0 0 0 0 0 0 0 0 0 0 0
12882 0 0 0 0 0 0 0 0 0 0 0 0 0 0 0 0 0 0 0 0 0 0 0 0 0 0 0 0 0 1 workshop
12883 0 0 0 0 12884 0 0 0 0 0 0 0 0 0 0 0 0 0 0 0 0 0 0 0 0 0 0 0 0 0
12884 0 0 0 0 0 0 0 0 0 0 0 0 0 0 0 0 0 0 0 0 0 0 0 0 0 0 0 0 12885 1 world
12885 0 0 0 0 0 0 0 0 0 0 0 0 0 0 0 0 0 0 0 0 0 0 0 12886 0 0 0 0 0 0
12886 0 0 0 0 0 0 0 0 0 12887 0 0 0 0 0 0 0 0 0 0 0 0 0 0 0 0 0 0 0 0
12887 0 0 0 0 12888 0 0 0 0 0 0 0 0 0 0 0 0 0 0 0 0 0 0 0 0 0 0 0 0 0
12888 0 0 0 0 0 12889 0 0 0 0 0 0 0 0 0 0 0 0 0 0 0 0 0 0 0 0 0 0 0 0
12889 0 0 0 0 0 0 0 0 0 0 0 0 0 0 0 0 0 0 0 0 0 0 0 0 0 0 0 0 0 1 world-wide
12890 0 0 0 0 0 0 0 0 0 0 0 0 0 0 0 0 0 0 0 0 0 0 0 0 0 0 0 0 0 1 worm
12891 0 0 0 0 0 0 0 0 0 0 0 0 0 0 0 0 0 0 0 0 0 0 0 0 0 12892 0 0 0 0
12892 0 0 0 0 0 0 0 0 0 0 0 0 0 0 0 0 0 0 0 0 0 0 0 0 0 0 0 0 0 1 worry
12893 0 0 0 0 0 12894 0 0 12895 0 0 0 0 0 0 0 0 0 0 0 12898 0 0 0 0 0 0 0 0 0
12894 0 0 0 0 0 0 0 0 0 0 0 0 0 0 0 0 0 0 0 0 0 0 0 0 0 0 0 0 0 1 worse
12895 0 0 0 0 0 0 0 0 0 12896 0 0 0 0 0 0 0 0 0 0 0 0 0 0 0 0 0 0 0 0
12896 0 0 0 0 0 0 0 0 0 0 0 0 0 0 0 0 12897 0 0 0 0 0 0 0 0 0 0 0 0 0
12897 0 0 0 0 0 0 0 0 0 0 0 0 0 0 0 0 0 0 0 0 0 0 0 0 0 0 0 0 0 1 worship
12898 0 0 0 0 0 0 0 0 0 0 0 0 0 0 0 0 0 0 0 0 0 0 0 0 0 0 0 0 0 1 worst
12899 0 0 0 0 0 0 0 0 12900 0 0 0 0 0 0 0 0 0 0 0 0 0 0 0 0 0 0 0 0 0
12900 0 0 0 0 0 0 0 0 0 0 0 0 12901 0 0 0 0 0 0 0 0 0 0 12905 0 12910 0 0 0 1 worth
12901 0 0 0 0 0 12902 0 0 0 0 0 0 0 0 0 0 0 0 0 0 0 0 0 0 0 0 0 0 0 0
12902 0 0 0 0 0 0 0 0 0 0 0 0 0 0 0 0 0 0 0 12903 0 0 0 0 0 0 0 0 0 0
12903 0 0 0 0 0 0 0 0 0 0 0 0 0 0 0 0 0 0 0 12904 0 0 0 0 0 0 0 0 0 0
12904 0 0 0 0 0 0 0 0 0 0 0 0 0 0 0 0 0 0 0 0 0 0 0 0 0 0 0 0 0 1 worthless
12905 0 0 0 0 0 0 0 0 12906 0 0 0 0 0 0 0 0 0 0 0 0 0 0 0 0 0 0 0 0 0
12906 0 0 0 0 0 0 0 0 0 12907 0 0 0 0 0 0 0 0 0 0 0 0 0 0 0 0 0 0 0 0
12907 0 0 0 0 0 0 0 0 0 0 0 0 12908 0 0 0 0 0 0 0 0 0 0 0 0 0 0 0 0 0
12908 0 0 0 0 0 12909 0 0 0 0 0 0 0 0 0 0 0 0 0 0 0 0 0 0 0 0 0 0 0 0
12909 0 0 0 0 0 0 0 0 0 0 0 0 0 0 0 0 0 0 0 0 0 0 0 0 0 0 0 0 0 1 worthwhile
12910 0 0 0 0 0 0 0 0 0 0 0 0 0 0 0 0 0 0 0 0 0 0 0 0 0 0 0 0 0 1 worthy
12911 0 0 0 0 0 0 0 0 0 0 0 0 12912 0 12914 0 0 0 0 0 0 0 0 0 0 0 0 0 0 0
12912 0 0 0 0 12913 0 0 0 0 0 0 0 0 0 0 0 0 0 0 0 0 0 0 0 0 0 0 0 0 0
12913 0 0 0 0 0 0 0 0 0 0 0 0 0 0 0 0 0 0 0 0 0 0 0 0 0 0 0 0 0 1 would
12914 0 0 0 0 12915 0 0 0 0 0 0 0 0 0 0 0 0 0 0 0 0 0 0 0 0 0 0 0 0 0
12915 0 0 0 0 0 0 0 0 0 0 0 0 0 0 0 0 0 0 0 0 0 0 0 0 0 0 0 0 0 1 wound
12916 0 12917 0 0 0 12919 0 0 0 12925 0 0 0 0 0 12934 0 0 0 0 0 0 0 0 0 0 0 0 0 0
12917 0 0 0 0 0 0 0 0 0 0 0 0 0 0 0 0 12918 0 0 0 0 0 0 0 0 0 0 0 0 0
12918 0 0 0 0 0 0 0 0 0 0 0 0 0 0 0 0 0 0 0 0 0 0 0 0 0 0 0 0 0 1 wrap
12919 0 12920 0 12923 0 0 0 0 0 0 0 0 0 0 0 0 0 0 0 0 0 0 0 0 0 0 0 0 0 0
12920 0 0 0 0 0 0 0 0 0 0 0 0 0 0 0 0 0 0 0 0 12921 0 0 0 0 0 0 0 0 0
12921 0 0 0 0 0 0 0 0 12922 0 0 0 0 0 0 0 0 0 0 0 0 0 0 0 0 0 0 0 0 0
12922 0 0 0 0 0 0 0 0 0 0 0 0 0 0 0 0 0 0 0 0 0 0 0 0 0 0 0 0 0 1 wreath
12923 0 0 0 0 0 0 0 0 0 0 0 12924 0 0 0 0 0 0 0 0 0 0 0 0 0 0 0 0 0 0
12924 0 0 0 0 0 0 0 0 0 0 0 0 0 0 0 0 0 0 0 0 0 0 0 0 0 0 0 0 0 1 wreck
12925 0 0 0 0 0 0 0 0 0 0 0 0 0 0 0 0 0 0 0 12926 12928 0 0 0 0 0 0 0 0 0
12926 0 0 0 0 0 0 0 0 0 0 0 0 0 0 0 0 0 0 0 0 12927 0 0 0 0 0 0 0 0 0
12927 0 0 0 0 0 0 0 0 0 0 0 0 0 0 0 0 0 0 0 0 0 0 0 0 0 0 0 0 0 1 wrist
12928 0 0 0 0 0 12929 0 0 0 12931 0 0 0 0 0 0 0 0 0 0 0 0 0 0 0 0 0 0 0 0
12929 0 0 0 0 0 0 0 0 0 0 0 0 0 0 0 0 0 0 12930 0 0 0 0 0 0 0 0 0 0 1 write
12930 0 0 0 0 0 0 0 0 0 0 0 0 0 0 0 0 0 0 0 0 0 0 0 0 0 0 0 0 0 1 writer
12931 0 0 0 0 0 0 0 0 0 0 0 0 0 0 12932 0 0 0 0 0 0 0 0 0 0 0 0 0 0 0
12932 0 0 0 0 0 0 0 12933 0 0 0 0 0 0 0 0 0 0 0 0 0 0 0 0 0 0 0 0 0 0
12933 0 0 0 0 0 0 0 0 0 0 0 0 0 0 0 0 0 0 0 0 0 0 0 0 0 0 0 0 0 1 writing
12934 0 0 0 0 0 0 0 0 0 0 0 0 0 0 12935 0 0 0 0 0 0 0 0 0 0 0 0 0 0 0
12935 0 0 0 0 0 0 0 12936 0 0 0 0 0 0 0 0 0 0 0 0 0 0 0 0 0 0 0 0 0 0
12936 0 0 0 0 0 0 0 0 0 0 0 0 0 0 0 0 0 0 0 0 0 0 0 0 0 0 0 0 0 1 wrong
12937 0 0 0 0 0 0 0 0 0 0 0 0 0 0 0 0 0 0 0 0 0 0 0 0 0 0 0 0 12938 0
12938 0 0 0 0 0 0 0 0 0 0 0 0 0 0 0 0 0 0 12939 0 0 0 0 0 0 0 0 0 0 0
12939 0 12940 0 0 0 0 0 0 0 0 0 0 0 0 0 0 0 0 0 0 0 0 0 0 0 0 0 0 0 0
12940 0 0 0 0 0 0 0 0 0 0 0 0 0 0 0 0 0 0 0 0 0 0 0 0 0 12941 0 0 0 0
12941 0 0 0 0 0 0 0 0 0 0 0 0 0 0 0 0 0 0 0 0 0 0 0 0 0 0 0 0 0 1 X-ray
12942 0 12943 0 0 0 12948 0 0 0 12965 0 0 0 0 0 12969 0 0 0 0 0 0 0 0 0 0 0 0 0 0
12943 0 0 0 0 0 0 0 0 0 0 0 0 0 0 0 0 0 0 12944 0 0 0 0 12946 0 0 0 0 0 0
12944 0 0 0 0 12945 0 0 0 0 0 0 0 0 0 0 0 0 0 0 0 0 0 0 0 0 0 0 0 0 0
12945 0 0 0 0 0 0 0 0 0 0 0 0 0 0 0 0 0 0 0 0 0 0 0 0 0 0 0 0 0 1 yard
12946 0 0 0 0 0 0 0 0 0 0 0 0 0 0 12947 0 0 0 0 0 0 0 0 0 0 0 0 0 0 0
12947 0 0 0 0 0 0 0 0 0 0 0 0 0 0 0 0 0 0 0 0 0 0 0 0 0 0 0 0 0 1 yawn
12948 0 12949 0 0 0 0 0 0 0 0 0 0 12953 0 0 0 0 0 0 12957 12964 0 0 0 0 0 0 0 0 0
12949 0 0 0 0 0 0 0 0 0 0 0 0 0 0 0 0 0 0 12950 0 0 0 0 0 0 0 0 0 0 0
12950 0 0 0 0 0 0 0 0 0 0 0 0 12951 0 0 0 0 0 0 0 0 0 0 0 0 0 0 0 0 1 year
12951 0 0 0 0 0 0 0 0 0 0 0 0 0 0 0 0 0 0 0 0 0 0 0 0 0 12952 0 0 0 0
12952 0 0 0 0 0 0 0 0 0 0 0 0 0 0 0 0 0 0 0 0 0 0 0 0 0 0 0 0 0 1 yearly
12953 0 0 0 0 0 0 0 0 0 0 0 0 12954 0 0 0 0 0 0 0 0 0 0 0 0 0 0 0 0 0
12954 0 0 0 0 0 0 0 0 0 0 0 0 0 0 0 12955 0 0 0 0 0 0 0 0 0 0 0 0 0 1 yell
12955 0 0 0 0 0 0 0 0 0 0 0 0 0 0 0 0 0 0 0 0 0 0 0 12956 0 0 0 0 0 0
12956 0 0 0 0 0 0 0 0 0 0 0 0 0 0 0 0 0 0 0 0 0 0 0 0 0 0 0 0 0 1 yellow
12957 0 0 0 0 0 0 0 0 0 0 0 0 0 0 0 0 0 0 0 0 12958 0 0 0 0 0 0 0 0 1 yes
12958 0 0 0 0 0 12959 0 0 0 0 0 0 0 0 0 0 0 0 0 0 0 0 0 0 0 0 0 0 0 0
12959 0 0 0 0 0 0 0 0 0 0 0 0 0 0 0 0 0 0 12960 0 0 0 0 0 0 0 0 0 0 0
12960 0 0 0 0 12961 0 0 0 0 0 0 0 0 0 0 0 0 0 0 0 0 0 0 0 0 0 0 0 0 0
12961 0 12962 0 0 0 0 0 0 0 0 0 0 0 0 0 0 0 0 0 0 0 0 0 0 0 0 0 0 0 0
12962 0 0 0 0 0 0 0 0 0 0 0 0 0 0 0 0 0 0 0 0 0 0 0 0 0 12963 0 0 0 0
12963 0 0 0 0 0 0 0 0 0 0 0 0 0 0 0 0 0 0 0 0 0 0 0 0 0 0 0 0 0 1 yesterday
12964 0 0 0 0 0 0 0 0 0 0 0 0 0 0 0 0 0 0 0 0 0 0 0 0 0 0 0 0 0 1 yet
12965 0 0 0 0 0 12966 0 0 0 0 0 0 0 0 0 0 0 0 0 0 0 0 0 0 0 0 0 0 0 0
12966 0 0 0 0 0 0 0 0 0 0 0 0 12967 0 0 0 0 0 0 0 0 0 0 0 0 0 0 0 0 0
12967 0 0 0 0 12968 0 0 0 0 0 0 0 0 0 0 0 0 0 0 0 0 0 0 0 0 0 0 0 0 0
12968 0 0 0 0 0 0 0 0 0 0 0 0 0 0 0 0 0 0 0 0 0 0 0 0 0 0 0 0 0 1 yield
12969 0 0 0 0 0 0 0 0 0 0 0 0 0 0 0 0 0 0 0 0 0 12970 0 0 0 0 0 0 0 0
12970 0 0 0 0 0 0 0 0 0 0 0 0 0 0 12971 0 0 0 12973 0 12978 0 0 0 0 0 0 0 0 1 you
12971 0 0 0 0 0 0 0 12972 0 0 0 0 0 0 0 0 0 0 0 0 0 0 0 0 0 0 0 0 0 0
12972 0 0 0 0 0 0 0 0 0 0 0 0 0 0 0 0 0 0 0 0 0 0 0 0 0 0 0 0 0 1 young
12973 0 0 0 0 0 0 0 0 0 0 0 0 0 0 0 0 0 0 0 12974 0 0 0 0 0 0 0 0 0 1 your
12974 0 0 0 0 0 12975 0 0 0 0 0 0 0 0 0 0 0 0 0 0 0 0 0 0 0 0 0 0 0 1 yours
12975 0 0 0 0 0 0 0 0 0 0 0 0 12976 0 0 0 0 0 0 0 0 0 0 0 0 0 0 0 0 0
12976 0 0 0 0 0 0 12977 0 0 0 0 0 0 0 0 0 0 0 0 0 0 0 0 0 0 0 0 0 0 0
12977 0 0 0 0 0 0 0 0 0 0 0 0 0 0 0 0 0 0 0 0 0 0 0 0 0 0 0 0 0 1 yourself
12978 0 0 0 0 0 0 0 0 12979 0 0 0 0 0 0 0 0 0 0 0 0 0 0 0 0 0 0 0 0 0
12979 0 0 0 0 0 0 12980 0 0 0 0 0 0 0 0 0 0 0 0 0 0 0 0 0 0 0 0 0 0 1 youth
12980 0 0 0 0 0 0 0 0 0 0 0 0 0 0 0 0 0 0 0 0 0 12981 0 0 0 0 0 0 0 0
12981 0 0 0 0 0 0 0 0 0 0 0 0 12982 0 0 0 0 0 0 0 0 0 0 0 0 0 0 0 0 0
12982 0 0 0 0 0 0 0 0 0 0 0 0 0 0 0 0 0 0 0 0 0 0 0 0 0 0 0 0 0 1 youthful
12983 0 0 0 0 0 12984 0 0 0 0 0 0 0 0 0 12995 0 0 0 0 0 0 0 0 0 0 0 0 0 0
12984 0 12985 12990 0 0 0 0 0 0 0 0 0 0 0 0 0 0 0 12993 0 0 0 0 0 0 0 0 0 0 0
12985 0 0 0 0 0 0 0 0 0 0 0 0 12986 0 0 0 0 0 0 0 0 0 0 0 0 0 0 0 0 0
12986 0 0 0 0 0 0 0 0 0 0 0 0 0 0 0 12987 0 0 0 0 0 0 0 0 0 0 0 0 0 1 zeal
12987 0 0 0 0 0 0 0 0 0 0 0 0 0 0 0 0 0 0 0 0 0 12988 0 0 0 0 0 0 0 0
12988 0 0 0 0 0 0 0 0 0 0 0 0 0 0 0 0 0 0 0 12989 0 0 0 0 0 0 0 0 0 0
12989 0 0 0 0 0 0 0 0 0 0 0 0 0 0 0 0 0 0 0 0 0 0 0 0 0 0 0 0 0 1 zealous
12990 0 0 0 0 0 0 0 0 0 0 0 0 0 0 0 0 0 0 12991 0 0 0 0 0 0 0 0 0 0 0
12991 0 12992 0 0 0 0 0 0 0 0 0 0 0 0 0 0 0 0 0 0 0 0 0 0 0 0 0 0 0 0
12992 0 0 0 0 0 0 0 0 0 0 0 0 0 0 0 0 0 0 0 0 0 0 0 0 0 0 0 0 0 1 zebra
12993 0 0 0 0 0 0 0 0 0 0 0 0 0 0 0 12994 0 0 0 0 0 0 0 0 0 0 0 0 0 0
12994 0 0 0 0 0 0 0 0 0 0 0 0 0 0 0 0 0 0 0 0 0 0 0 0 0 0 0 0 0 1 zero
12995 0 0 0 0 0 0 0 0 0 0 0 0 0 0 12996 12998 0 0 0 0 0 0 0 0 0 0 0 0 0 0
12996 0 0 0 0 0 12997 0 0 0 0 0 0 0 0 0 0 0 0 0 0 0 0 0 0 0 0 0 0 0 0
12997 0 0 0 0 0 0 0 0 0 0 0 0 0 0 0 0 0 0 0 0 0 0 0 0 0 0 0 0 0 1 zone
12998 0 0 0 0 0 0 0 0 0 0 0 0 0 0 0 0 0 0 0 0 0 0 0 0 0 0 0 0 0 1 zoo
12999 1 0 0 0 0 0 13000 0 0 0 0 0 0 0 0 0 0 0 0 0 0 0 0 0 0 0 0 0 0 0
13000 1 0 0 0 0 0 0 0 0 0 0 0 0 0 0 0 0 0 0 0 0 0 0 0 0 0 0 0 0 1 adsf
